BILLNO,DATE,NAME,MOBILE,CASH,CARD/UPI,TOTAL,CGST,SGST,IGST,GRAND TOTAL
1,2026-01-01,CARD,,0,350,333,8.5,8.5,0,350
2,2026-01-01,,,1550,0,1475,37.5,37.5,0,1550
3,2026-01-01,,,1250,0,1190,30.0,30.0,0,1250
4,2026-01-01,,,500,0,476,12.0,12.0,0,500
5,2026-01-01,,,0,50,48,1.0,1.0,0,50
6,2026-01-01,,,0,1650,1571,39.5,39.5,0,1650
7,2026-01-01,,,0,1300,1238,31.0,31.0,0,1300
8,2026-01-01,,,0,120,114,3.0,3.0,0,120
9,2026-01-01,,,0,240,229,5.5,5.5,0,240
10,2026-01-01,,,0,250,238,6.0,6.0,0,250
11,2026-01-01,,,200,0,190,5.0,5.0,0,200
12,2026-01-01,,,0,250,238,6.0,6.0,0,250
13,2026-01-01,PPP,,0,440,419,10.5,10.5,0,440
14,2026-01-01,PPP,,0,2990,2848,71.0,71.0,0,2990
15,2026-01-01,PPP,,0,600,572,14.0,14.0,0,600
16,2026-01-01,PPP,,0,900,857,21.5,21.5,0,900
17,2026-01-01,CASH,,650,0,619,15.5,15.5,0,650
18,2026-01-01,PPP,,0,960,915,22.5,22.5,0,960
19,2026-01-01,CARD,,0,3150,3000,75.0,75.0,0,3150
20,2026-01-01,CASH,,300,0,286,7.0,7.0,0,300
21,2026-01-01,CASH,,2500,0,2380,60.0,60.0,0,2500
22,2026-01-01,CASH,,240,0,229,5.5,5.5,0,240
23,2026-01-01,PPP,,0,2400,2286,57.0,57.0,0,2400
24,2026-01-01,PPP,,0,2200,2095,52.5,52.5,0,2200
25,2026-01-01,PPP,,0,1050,1000,25.0,25.0,0,1050
26,2026-01-01,,,0,360,343,8.5,8.5,0,360
27,2026-01-01,,,0,350,333,8.5,8.5,0,350
28,2026-01-01,,,0,1000,952,24.0,24.0,0,1000
29,2026-01-01,CASH,,1500,0,1428,36.0,36.0,0,1500
30,2026-01-01,PPP,,0,1050,1000,25.0,25.0,0,1050
31,2026-01-01,,,550,0,524,13.0,13.0,0,550
32,2026-01-01,PPP,,0,400,381,9.5,9.5,0,400
33,2026-01-01,,,0,300,286,7.0,7.0,0,300
34,2026-01-01,,,0,550,523,13.5,13.5,0,550
35,2026-01-01,,,600,0,571,14.5,14.5,0,600
36,2026-01-01,,,0,500,476,12.0,12.0,0,500
37,2026-01-01,,,0,1100,1048,26.0,26.0,0,1100
38,2026-01-01,,,50,0,48,1.0,1.0,0,50
39,2026-01-01,,,0,500,476,12.0,12.0,0,500
40,2026-01-01,,,0,500,476,12.0,12.0,0,500
41,2026-01-01,,,150,0,143,3.5,3.5,0,150
42,2026-01-01,PPP,,0,350,333,8.5,8.5,0,350
43,2026-01-01,PPP,,0,600,571,14.5,14.5,0,600
44,2026-01-01,CASH,,200,0,190,5.0,5.0,0,200
45,2026-01-01,PPP,,0,1600,1524,38.0,38.0,0,1600
46,2026-01-01,PPP,,0,800,761,19.5,19.5,0,800
47,2026-01-01,CASH,,800,0,762,19.0,19.0,0,800
48,2026-01-01,CASH,,750,0,714,18.0,18.0,0,750
49,2026-01-01,PPP,,0,720,686,17.0,17.0,0,720
50,2026-01-01,PPP,,0,450,429,10.5,10.5,0,450
51,2026-01-01,PPPP,,0,350,333,8.5,8.5,0,350
52,2026-01-01,PPP,,0,1550,1477,36.5,36.5,0,1550
53,2026-01-01,PPP,,0,100,95,2.5,2.5,0,100
54,2026-01-01,PPP,,0,250,238,6.0,6.0,0,250
55,2026-01-01,PPP,,0,1100,1048,26.0,26.0,0,1100
56,2026-01-01,PPP,,0,560,533,13.5,13.5,0,560
57,2026-01-01,CASH,,500,0,476,12.0,12.0,0,500
58,2026-01-01,PPP,,0,700,667,16.5,16.5,0,700
59,2026-01-01,PPP,,0,5370,5115,127.5,127.5,0,5370
60,2026-01-01,PPP,,0,850,809,20.5,20.5,0,850
61,2026-01-01,PPP,,0,500,476,12.0,12.0,0,500
62,2026-01-01,PPP,,0,1400,1333,33.5,33.5,0,1400
63,2026-01-01,PPP,,0,150,143,3.5,3.5,0,150
64,2026-01-01,PPP,,0,100,95,2.5,2.5,0,100
65,2026-01-01,PPP,,0,1080,1028,26.0,26.0,0,1080
66,2026-01-01,,,0,200,190,5.0,5.0,0,200
67,2026-01-01,,,0,150,143,3.5,3.5,0,150
68,2026-01-01,PP,,0,750,714,18.0,18.0,0,750
69,2026-01-01,PPP,,0,3200,3048,76.0,76.0,0,3200
70,2026-01-01,CASH,,500,0,476,12.0,12.0,0,500
71,2026-01-02,PPP,,0,150,143,3.5,3.5,0,150
72,2026-01-02,PPP,,0,950,904,23.0,23.0,0,950
73,2026-01-02,CASH,,300,0,286,7.0,7.0,0,300
74,2026-01-02,PPP,,0,640,610,15.0,15.0,0,640
75,2026-01-02,PPP,,0,400,381,9.5,9.5,0,400
76,2026-01-02,PPP,,0,250,238,6.0,6.0,0,250
77,2026-01-02,PPP,,0,500,476,12.0,12.0,0,500
78,2026-01-02,PPP,,0,150,143,3.5,3.5,0,150
79,2026-01-02,,,0,250,238,6.0,6.0,0,250
80,2026-01-02,,,0,300,286,7.0,7.0,0,300
81,2026-01-02,,,0,100,95,2.5,2.5,0,100
82,2026-01-02,CASH,,4250,0,4046,102.0,102.0,0,4250
83,2026-01-02,,,650,0,619,15.5,15.5,0,650
84,2026-01-02,CASH,,390,0,372,9.0,9.0,0,390
85,2026-01-02,PPP,,0,100,95,2.5,2.5,0,100
86,2026-01-02,PPP,,0,910,867,21.5,21.5,0,910
87,2026-01-02,PPP,,0,120,114,3.0,3.0,0,120
88,2026-01-02,CASH,,2850,0,2715,67.5,67.5,0,2850
89,2026-01-02,PPP,,0,5200,4951,124.5,124.5,0,5200
90,2026-01-02,,,200,0,190,5.0,5.0,0,200
91,2026-01-02,,,250,0,238,6.0,6.0,0,250
92,2026-01-02,,,150,0,143,3.5,3.5,0,150
93,2026-01-02,,,0,500,476,12.0,12.0,0,500
94,2026-01-02,CASH,,350,0,333,8.5,8.5,0,350
95,2026-01-02,PPP,,0,300,286,7.0,7.0,0,300
96,2026-01-02,CASH,,2450,0,2332,59.0,59.0,0,2450
97,2026-01-02,CASH,,150,0,143,3.5,3.5,0,150
98,2026-01-02,CASH,,500,0,476,12.0,12.0,0,500
99,2026-01-02,PPP,,0,250,238,6.0,6.0,0,250
100,2026-01-02,PPP,,0,2800,2667,66.5,66.5,0,2800
101,2026-01-02,CASH,,750,0,714,18.0,18.0,0,750
102,2026-01-02,CASH,,1000,0,952,24.0,24.0,0,1000
103,2026-01-02,PPP,,0,250,238,6.0,6.0,0,250
104,2026-01-02,PPP,,0,790,753,18.5,18.5,0,790
105,2026-01-02,PPP,,0,200,190,5.0,5.0,0,200
106,2026-01-02,PPP,,0,160,152,4.0,4.0,0,160
107,2026-01-02,MIXX,,0,1900,1809,45.5,45.5,0,1900
108,2026-01-02,PPP,,0,650,619,15.5,15.5,0,650
109,2026-01-02,CASH,,300,0,286,7.0,7.0,0,300
110,2026-01-02,PPP,,0,1150,1094,28.0,28.0,0,1150
111,2026-01-02,CASH,,1800,0,1715,42.5,42.5,0,1800
112,2026-01-02,PPP,,0,600,571,14.5,14.5,0,600
113,2026-01-02,PPP,,0,3420,3257,81.5,81.5,0,3420
114,2026-01-02,PPP,,0,350,333,8.5,8.5,0,350
115,2026-01-02,PPP,,0,1390,1323,33.5,33.5,0,1390
116,2026-01-02,PPP,,0,160,152,4.0,4.0,0,160
117,2026-01-02,PPP,,0,1100,1047,26.5,26.5,0,1100
118,2026-01-02,PPP,,0,1900,1810,45.0,45.0,0,1900
119,2026-01-02,CASH,,400,0,381,9.5,9.5,0,400
120,2026-01-02,MIXXX,,1100,0,1047,26.5,26.5,0,1100
121,2026-01-02,CARD,,0,300,286,7.0,7.0,0,300
122,2026-01-02,PPP,,0,1600,1524,38.0,38.0,0,1600
123,2026-01-02,PPP,,0,650,619,15.5,15.5,0,650
124,2026-01-02,PPP,,0,550,524,13.0,13.0,0,550
125,2026-01-02,PPP,,0,500,476,12.0,12.0,0,500
126,2026-01-02,PPP,,0,500,476,12.0,12.0,0,500
127,2026-01-02,PPP,,0,1000,952,24.0,24.0,0,1000
128,2026-01-02,PPP,,0,1100,1047,26.5,26.5,0,1100
129,2026-01-02,CARD,,0,12180,11600,290.0,290.0,0,12180
130,2026-01-02,PPP,,0,450,429,10.5,10.5,0,450
131,2026-01-02,PPP,,0,10330,9839,245.5,245.5,0,10330
132,2026-01-02,PPP,,0,3110,2962,74.0,74.0,0,3110
133,2026-01-02,CASH,,120,0,114,3.0,3.0,0,120
134,2026-01-02,PPP,,0,400,381,9.5,9.5,0,400
135,2026-01-02,PPP,,0,3010,2866,72.0,72.0,0,3010
136,2026-01-02,PPP,,0,620,590,15.0,15.0,0,620
137,2026-01-03,CASH,,100,0,95,2.5,2.5,0,100
138,2026-01-03,,,0,250,238,6.0,6.0,0,250
139,2026-01-03,PPP,,0,750,714,18.0,18.0,0,750
140,2026-01-03,CASH,,1330,0,1267,31.5,31.5,0,1330
141,2026-01-03,CARD,,0,3470,3306,82.0,82.0,0,3470
142,2026-01-03,,,480,0,457,11.5,11.5,0,480
143,2026-01-03,PPP,,0,850,809,20.5,20.5,0,850
144,2026-01-03,PPP,,0,350,333,8.5,8.5,0,350
145,2026-01-03,CARD,,0,3650,3475,87.5,87.5,0,3650
146,2026-01-03,PPP,,0,350,333,8.5,8.5,0,350
147,2026-01-03,PPP,,0,500,476,12.0,12.0,0,500
148,2026-01-03,CASH,,2800,0,2666,67.0,67.0,0,2800
149,2026-01-03,CARD,,0,1250,1190,30.0,30.0,0,1250
150,2026-01-03,PPP,,0,1000,952,24.0,24.0,0,1000
151,2026-01-03,CASH,,500,0,476,12.0,12.0,0,500
152,2026-01-03,CASH,,450,0,428,11.0,11.0,0,450
153,2026-01-03,CARD,,0,2600,2477,61.5,61.5,0,2600
154,2026-01-03,,,0,400,381,9.5,9.5,0,400
155,2026-01-03,CASH,,1650,0,1571,39.5,39.5,0,1650
156,2026-01-03,PPP,,0,550,523,13.5,13.5,0,550
157,2026-01-03,PPP,,0,600,572,14.0,14.0,0,600
158,2026-01-03,PPP,,0,700,666,17.0,17.0,0,700
159,2026-01-03,,,0,420,400,10.0,10.0,0,420
160,2026-01-03,PPP,,0,350,333,8.5,8.5,0,350
161,2026-01-03,PPP,,0,600,571,14.5,14.5,0,600
162,2026-01-03,CARD,,0,800,762,19.0,19.0,0,800
163,2026-01-03,PPP,,0,400,380,10.0,10.0,0,400
164,2026-01-03,PPP,,0,350,333,8.5,8.5,0,350
165,2026-01-03,,,0,150,143,3.5,3.5,0,150
166,2026-01-03,PPP,,0,850,809,20.5,20.5,0,850
167,2026-01-03,,,0,130,124,3.0,3.0,0,130
168,2026-01-03,CASH,,740,0,705,17.5,17.5,0,740
169,2026-01-03,PPP,,0,780,743,18.5,18.5,0,780
170,2026-01-03,CASH,,1400,0,1333,33.5,33.5,0,1400
171,2026-01-03,CASH,,360,0,343,8.5,8.5,0,360
172,2026-01-03,CASH,,1100,0,1048,26.0,26.0,0,1100
173,2026-01-03,CASH,,1110,0,1058,26.0,26.0,0,1110
174,2026-01-03,PPP,,0,200,190,5.0,5.0,0,200
175,2026-01-03,PPP,,0,1550,1475,37.5,37.5,0,1550
176,2026-01-03,PPP,,0,500,476,12.0,12.0,0,500
177,2026-01-03,PPP,,0,300,286,7.0,7.0,0,300
178,2026-01-03,CASH,,120,0,114,3.0,3.0,0,120
179,2026-01-03,PPP,,0,1000,952,24.0,24.0,0,1000
180,2026-01-03,PPP,,0,50,48,1.0,1.0,0,50
181,2026-01-03,PPP,,0,580,552,14.0,14.0,0,580
182,2026-01-03,PPP,,0,150,143,3.5,3.5,0,150
183,2026-01-03,PP,,0,200,190,5.0,5.0,0,200
184,2026-01-03,CASH,,200,0,190,5.0,5.0,0,200
185,2026-01-03,CASH,,550,0,524,13.0,13.0,0,550
186,2026-01-03,CASH,,300,0,286,7.0,7.0,0,300
187,2026-01-03,PPP,,0,100,95,2.5,2.5,0,100
188,2026-01-03,PPP,,0,1950,1857,46.5,46.5,0,1950
189,2026-01-03,MIXXX,,1310,0,1247,31.5,31.5,0,1310
190,2026-01-03,PPP,,0,160,152,4.0,4.0,0,160
191,2026-01-03,PPP,,0,150,143,3.5,3.5,0,150
192,2026-01-03,PPP,,0,1100,1047,26.5,26.5,0,1100
193,2026-01-03,,,400,0,381,9.5,9.5,0,400
194,2026-01-03,PPP,,0,300,286,7.0,7.0,0,300
195,2026-01-03,PPP,,0,400,381,9.5,9.5,0,400
196,2026-01-03,PPP,,0,100,95,2.5,2.5,0,100
197,2026-01-03,CASH,,300,0,286,7.0,7.0,0,300
198,2026-01-03,CASH,,450,0,429,10.5,10.5,0,450
199,2026-01-03,PPP,,0,1250,1190,30.0,30.0,0,1250
200,2026-01-03,CASH,,400,0,381,9.5,9.5,0,400
201,2026-01-04,PPP,,0,200,190,5.0,5.0,0,200
202,2026-01-04,PPP,,0,150,143,3.5,3.5,0,150
203,2026-01-04,PPP,,0,800,762,19.0,19.0,0,800
204,2026-01-04,PPP,,0,560,533,13.5,13.5,0,560
205,2026-01-04,[PPP],,0,300,285,7.5,7.5,0,300
206,2026-01-04,CASH,,550,0,523,13.5,13.5,0,550
207,2026-01-04,,,1320,0,1258,31.0,31.0,0,1320
208,2026-01-04,,,150,0,143,3.5,3.5,0,150
209,2026-01-04,,,0,1250,1190,30.0,30.0,0,1250
210,2026-01-04,PPP,,0,850,809,20.5,20.5,0,850
211,2026-01-04,,,1700,0,1618,41.0,41.0,0,1700
212,2026-01-04,PPP,,0,200,190,5.0,5.0,0,200
213,2026-01-04,PPP,,0,400,380,10.0,10.0,0,400
214,2026-01-04,PPPP,,0,2520,2400,60.0,60.0,0,2520
215,2026-01-04,PPPP,,0,400,381,9.5,9.5,0,400
216,2026-01-04,PPP,,0,200,190,5.0,5.0,0,200
217,2026-01-04,PPP,,0,400,381,9.5,9.5,0,400
218,2026-01-04,CASH,,120,0,114,3.0,3.0,0,120
219,2026-01-04,PPP,,0,450,429,10.5,10.5,0,450
220,2026-01-04,PPP,,0,1250,1190,30.0,30.0,0,1250
221,2026-01-04,CARD,,0,2180,2077,51.5,51.5,0,2180
222,2026-01-04,PPP,,0,1050,1000,25.0,25.0,0,1050
223,2026-01-04,PPP,,0,1100,1047,26.5,26.5,0,1100
224,2026-01-04,CASH,,1860,0,1771,44.5,44.5,0,1860
225,2026-01-04,PPP,,0,170,162,4.0,4.0,0,170
226,2026-01-04,CASH,,1820,0,1734,43.0,43.0,0,1820
227,2026-01-04,PPP,,0,730,695,17.5,17.5,0,730
228,2026-01-04,PP,,0,120,114,3.0,3.0,0,120
229,2026-01-04,PPP,,0,160,152,4.0,4.0,0,160
230,2026-01-04,PPP,,0,1810,1723,43.5,43.5,0,1810
231,2026-01-04,PPP,,0,220,210,5.0,5.0,0,220
232,2026-01-04,PPP,,0,240,229,5.5,5.5,0,240
233,2026-01-04,[PPP],,0,80,76,2.0,2.0,0,80
234,2026-01-04,PPP,,0,450,429,10.5,10.5,0,450
235,2026-01-04,PPP,,0,510,486,12.0,12.0,0,510
236,2026-01-04,,,0,500,476,12.0,12.0,0,500
237,2026-01-04,,,0,250,238,6.0,6.0,0,250
238,2026-01-04,,,100,0,95,2.5,2.5,0,100
239,2026-01-04,,,100,0,95,2.5,2.5,0,100
240,2026-01-04,,,100,0,95,2.5,2.5,0,100
241,2026-01-04,CARD,,0,2200,2095,52.5,52.5,0,2200
242,2026-01-04,,,0,1100,1047,26.5,26.5,0,1100
243,2026-01-04,PPP,,0,1450,1381,34.5,34.5,0,1450
244,2026-01-04,,,0,150,143,3.5,3.5,0,150
245,2026-01-04,,,0,950,905,22.5,22.5,0,950
246,2026-01-04,,,550,0,524,13.0,13.0,0,550
247,2026-01-04,PPP,,0,250,238,6.0,6.0,0,250
248,2026-01-04,,,700,0,667,16.5,16.5,0,700
249,2026-01-04,,,200,0,190,5.0,5.0,0,200
250,2026-01-04,PPP,,0,750,714,18.0,18.0,0,750
251,2026-01-04,PPP,,0,650,619,15.5,15.5,0,650
252,2026-01-04,CASH,,350,0,333,8.5,8.5,0,350
253,2026-01-04,,,1500,0,1428,36.0,36.0,0,1500
254,2026-01-04,,,1400,0,1334,33.0,33.0,0,1400
255,2026-01-04,,,0,800,762,19.0,19.0,0,800
256,2026-01-04,PPP,,0,1220,1161,29.5,29.5,0,1220
257,2026-01-04,PPP,,0,200,190,5.0,5.0,0,200
258,2026-01-04,PPP,,0,3900,3713,93.5,93.5,0,3900
259,2026-01-04,PPP,,0,500,476,12.0,12.0,0,500
260,2026-01-04,PPP,,0,150,143,3.5,3.5,0,150
261,2026-01-04,PPP,,0,400,381,9.5,9.5,0,400
262,2026-01-04,CASH,,450,0,429,10.5,10.5,0,450
263,2026-01-04,PPP,,0,2250,2143,53.5,53.5,0,2250
264,2026-01-04,CASH,,250,0,238,6.0,6.0,0,250
265,2026-01-04,,,0,400,381,9.5,9.5,0,400
266,2026-01-04,CASH,,250,0,238,6.0,6.0,0,250
267,2026-01-04,,,0,1530,1455,37.5,37.5,0,1530
268,2026-01-04,CASH,,150,0,143,3.5,3.5,0,150
269,2026-01-04,CASH,,120,0,114,3.0,3.0,0,120
270,2026-01-04,PPP,,0,970,923,23.5,23.5,0,970
271,2026-01-04,CASH,,100,0,95,2.5,2.5,0,100
272,2026-01-04,PPP,,0,780,743,18.5,18.5,0,780
273,2026-01-04,PPP,,0,150,143,3.5,3.5,0,150
274,2026-01-04,PPP,,0,1300,1238,31.0,31.0,0,1300
275,2026-01-04,PPP,,0,50,48,1.0,1.0,0,50
276,2026-01-04,CASH,,500,0,476,12.0,12.0,0,500
277,2026-01-04,,,1400,0,1333,33.5,33.5,0,1400
278,2026-01-04,CASH,,600,0,572,14.0,14.0,0,600
279,2026-01-04,,,400,0,381,9.5,9.5,0,400
280,2026-01-04,PPP,,0,350,333,8.5,8.5,0,350
281,2026-01-04,CASH,,1550,0,1476,37.0,37.0,0,1550
282,2026-01-04,PPP,,0,350,333,8.5,8.5,0,350
283,2026-01-04,PPP,,0,50,48,1.0,1.0,0,50
284,2026-01-05,PPP,,0,400,381,9.5,9.5,0,400
285,2026-01-05,CASH,,1230,0,1171,29.5,29.5,0,1230
286,2026-01-05,PPP,,0,1480,1410,35.0,35.0,0,1480
287,2026-01-05,CASH,,980,0,933,23.5,23.5,0,980
288,2026-01-05,CASH,,200,0,190,5.0,5.0,0,200
289,2026-01-05,CASH,,410,0,391,9.5,9.5,0,410
290,2026-01-05,PPP,,0,400,381,9.5,9.5,0,400
291,2026-01-05,CASH,,150,0,143,3.5,3.5,0,150
292,2026-01-05,,,200,0,190,5.0,5.0,0,200
293,2026-01-05,,,630,0,600,15.0,15.0,0,630
294,2026-01-05,,,1360,0,1295,32.5,32.5,0,1360
295,2026-01-05,,,200,0,190,5.0,5.0,0,200
296,2026-01-05,,,250,0,238,6.0,6.0,0,250
297,2026-01-05,,,0,160,152,4.0,4.0,0,160
298,2026-01-05,CARD,,0,300,286,7.0,7.0,0,300
299,2026-01-05,PPP,,0,160,152,4.0,4.0,0,160
300,2026-01-05,PPP,,0,180,171,4.5,4.5,0,180
301,2026-01-05,PPP,,0,100,95,2.5,2.5,0,100
302,2026-01-05,,,50,0,48,1.0,1.0,0,50
303,2026-01-05,,,600,0,572,14.0,14.0,0,600
304,2026-01-05,PPP,,0,1000,952,24.0,24.0,0,1000
305,2026-01-05,CASH,,1050,0,1000,25.0,25.0,0,1050
306,2026-01-05,,,0,120,114,3.0,3.0,0,120
307,2026-01-05,,,0,220,210,5.0,5.0,0,220
308,2026-01-05,PPP,,0,120,114,3.0,3.0,0,120
309,2026-01-05,PPP,,0,1050,1000,25.0,25.0,0,1050
310,2026-01-05,PPP,,0,550,524,13.0,13.0,0,550
311,2026-01-05,PPP,,0,1000,952,24.0,24.0,0,1000
312,2026-01-05,,,0,400,381,9.5,9.5,0,400
313,2026-01-05,PPP,,0,1060,1010,25.0,25.0,0,1060
314,2026-01-05,,,0,550,524,13.0,13.0,0,550
315,2026-01-05,PPP,,0,240,229,5.5,5.5,0,240
316,2026-01-05,PPP,,0,1800,1714,43.0,43.0,0,1800
317,2026-01-05,,,0,200,190,5.0,5.0,0,200
318,2026-01-05,PPP,,0,1100,1047,26.5,26.5,0,1100
319,2026-01-05,,,120,0,114,3.0,3.0,0,120
320,2026-01-05,,,80,0,76,2.0,2.0,0,80
321,2026-01-05,PPP,,0,220,209,5.5,5.5,0,220
322,2026-01-05,CASH,,200,0,190,5.0,5.0,0,200
323,2026-01-05,PPP,,0,700,667,16.5,16.5,0,700
324,2026-01-05,PPP,,0,400,381,9.5,9.5,0,400
325,2026-01-05,PPP,,0,150,143,3.5,3.5,0,150
326,2026-01-05,PPP,,0,550,524,13.0,13.0,0,550
327,2026-01-05,CASH,,250,0,238,6.0,6.0,0,250
328,2026-01-05,PPP,,0,120,114,3.0,3.0,0,120
329,2026-01-05,PPP,,0,2000,1905,47.5,47.5,0,2000
330,2026-01-05,CASH,,590,0,562,14.0,14.0,0,590
331,2026-01-05,PPP,,0,500,476,12.0,12.0,0,500
332,2026-01-06,CARD,,0,4000,3810,95.0,95.0,0,4000
333,2026-01-06,,,300,0,286,7.0,7.0,0,300
334,2026-01-06,PPP,,0,500,476,12.0,12.0,0,500
335,2026-01-06,,,0,400,381,9.5,9.5,0,400
336,2026-01-06,,,150,0,143,3.5,3.5,0,150
337,2026-01-06,PPP,,0,1200,1142,29.0,29.0,0,1200
338,2026-01-06,PPP,,0,1770,1685,42.5,42.5,0,1770
339,2026-01-06,CASH,,400,0,381,9.5,9.5,0,400
340,2026-01-06,PPP,,0,1690,1610,40.0,40.0,0,1690
341,2026-01-06,PPP,,0,700,667,16.5,16.5,0,700
342,2026-01-06,PPP,,0,300,286,7.0,7.0,0,300
343,2026-01-06,CASH,,2000,0,1905,47.5,47.5,0,2000
344,2026-01-06,CASH,,1390,0,1323,33.5,33.5,0,1390
345,2026-01-06,PPP,,0,550,524,13.0,13.0,0,550
346,2026-01-06,PPP,,0,2000,1904,48.0,48.0,0,2000
347,2026-01-06,CASH,,990,0,942,24.0,24.0,0,990
348,2026-01-06,CASH,,300,0,286,7.0,7.0,0,300
349,2026-01-06,CCC,,400,0,381,9.5,9.5,0,400
350,2026-01-06,CCC,,200,0,190,5.0,5.0,0,200
351,2026-01-06,CCC,,450,0,429,10.5,10.5,0,450
352,2026-01-06,PPP,,0,80,76,2.0,2.0,0,80
353,2026-01-06,CASH,,750,0,714,18.0,18.0,0,750
354,2026-01-06,CASH,,500,0,476,12.0,12.0,0,500
355,2026-01-06,CASH,,50,0,48,1.0,1.0,0,50
356,2026-01-06,CCC,,2000,0,1905,47.5,47.5,0,2000
357,2026-01-06,PPP,,0,840,801,19.5,19.5,0,840
358,2026-01-06,PPP,,0,240,229,5.5,5.5,0,240
359,2026-01-06,CCC,,1300,0,1238,31.0,31.0,0,1300
360,2026-01-06,PPP,,0,150,143,3.5,3.5,0,150
361,2026-01-06,PPP,,0,180,171,4.5,4.5,0,180
362,2026-01-06,PPP,,0,100,95,2.5,2.5,0,100
363,2026-01-06,PPP,,0,2440,2323,58.5,58.5,0,2440
364,2026-01-06,PPP,,0,250,238,6.0,6.0,0,250
365,2026-01-06,CASH,,320,0,305,7.5,7.5,0,320
366,2026-01-06,PPP,,0,1550,1476,37.0,37.0,0,1550
367,2026-01-06,CASH,,300,0,286,7.0,7.0,0,300
368,2026-01-06,PPP,,0,500,476,12.0,12.0,0,500
369,2026-01-06,PPP,,0,350,333,8.5,8.5,0,350
370,2026-01-06,PPP,,0,1250,1190,30.0,30.0,0,1250
371,2026-01-06,PPP,,0,150,143,3.5,3.5,0,150
372,2026-01-06,CASH,,650,0,619,15.5,15.5,0,650
373,2026-01-06,CASH,,390,0,371,9.5,9.5,0,390
374,2026-01-06,CASH,,50,0,48,1.0,1.0,0,50
375,2026-01-06,CASH,,800,0,761,19.5,19.5,0,800
376,2026-01-06,PPP,,0,350,333,8.5,8.5,0,350
377,2026-01-06,PPP,,0,150,143,3.5,3.5,0,150
378,2026-01-06,PPP,,0,900,857,21.5,21.5,0,900
379,2026-01-06,PPP,,0,300,286,7.0,7.0,0,300
380,2026-01-06,PPP,,0,2450,2333,58.5,58.5,0,2450
381,2026-01-06,PPP,,0,800,762,19.0,19.0,0,800
382,2026-01-06,PPP,,0,600,571,14.5,14.5,0,600
383,2026-01-06,PPP,,0,240,229,5.5,5.5,0,240
384,2026-01-06,CASH,,0,340,324,8.0,8.0,0,340
385,2026-01-06,PPP,,0,150,143,3.5,3.5,0,150
386,2026-01-07,,,0,350,333,8.5,8.5,0,350
387,2026-01-07,,,120,0,114,3.0,3.0,0,120
388,2026-01-07,CASH,,300,0,286,7.0,7.0,0,300
389,2026-01-07,,,200,0,190,5.0,5.0,0,200
390,2026-01-07,,,200,0,190,5.0,5.0,0,200
391,2026-01-07,PPP,,0,250,238,6.0,6.0,0,250
392,2026-01-07,,,0,200,190,5.0,5.0,0,200
393,2026-01-07,PPP,,0,540,515,12.5,12.5,0,540
394,2026-01-07,CASH,,150,0,143,3.5,3.5,0,150
395,2026-01-07,,,220,0,209,5.5,5.5,0,220
396,2026-01-07,,,150,0,143,3.5,3.5,0,150
397,2026-01-07,,,930,0,885,22.5,22.5,0,930
398,2026-01-07,,,860,0,820,20.0,20.0,0,860
399,2026-01-07,,,1850,0,1762,44.0,44.0,0,1850
400,2026-01-07,,,250,0,238,6.0,6.0,0,250
401,2026-01-07,,,100,0,95,2.5,2.5,0,100
402,2026-01-07,,,670,0,638,16.0,16.0,0,670
403,2026-01-07,,,550,0,524,13.0,13.0,0,550
404,2026-01-07,,,150,0,143,3.5,3.5,0,150
405,2026-01-07,,,180,0,172,4.0,4.0,0,180
406,2026-01-07,PPP,,0,200,190,5.0,5.0,0,200
407,2026-01-07,PPP,,0,150,143,3.5,3.5,0,150
408,2026-01-07,CASH,,50,0,48,1.0,1.0,0,50
409,2026-01-07,,,800,0,762,19.0,19.0,0,800
410,2026-01-07,,,300,0,286,7.0,7.0,0,300
411,2026-01-07,,,850,0,810,20.0,20.0,0,850
412,2026-01-07,,,750,0,714,18.0,18.0,0,750
413,2026-01-07,,,200,0,190,5.0,5.0,0,200
414,2026-01-07,,,150,0,143,3.5,3.5,0,150
415,2026-01-07,,,200,0,190,5.0,5.0,0,200
416,2026-01-07,,,120,0,114,3.0,3.0,0,120
417,2026-01-07,,,270,0,257,6.5,6.5,0,270
418,2026-01-07,,,50,0,48,1.0,1.0,0,50
419,2026-01-07,,,600,0,571,14.5,14.5,0,600
420,2026-01-07,,,190,0,181,4.5,4.5,0,190
421,2026-01-07,,,650,0,619,15.5,15.5,0,650
422,2026-01-07,,,2100,0,2001,49.5,49.5,0,2100
423,2026-01-07,,,350,0,333,8.5,8.5,0,350
424,2026-01-07,,,350,0,333,8.5,8.5,0,350
425,2026-01-07,,,120,0,114,3.0,3.0,0,120
426,2026-01-07,,,500,0,476,12.0,12.0,0,500
427,2026-01-07,,,120,0,114,3.0,3.0,0,120
428,2026-01-07,PPP,,0,370,352,9.0,9.0,0,370
429,2026-01-07,CASH,,800,0,762,19.0,19.0,0,800
430,2026-01-07,CASH,,1180,0,1124,28.0,28.0,0,1180
431,2026-01-07,PPP,,0,200,190,5.0,5.0,0,200
432,2026-01-07,,,0,200,190,5.0,5.0,0,200
433,2026-01-07,,,0,860,819,20.5,20.5,0,860
434,2026-01-07,,,0,350,333,8.5,8.5,0,350
435,2026-01-07,,,600,0,571,14.5,14.5,0,600
436,2026-01-07,,,320,0,305,7.5,7.5,0,320
437,2026-01-07,CASH,,500,0,476,12.0,12.0,0,500
438,2026-01-08,CASH,,120,0,114,3.0,3.0,0,120
439,2026-01-08,,,200,0,190,5.0,5.0,0,200
440,2026-01-08,CASH,,120,0,114,3.0,3.0,0,120
441,2026-01-08,PP,,0,30,29,0.5,0.5,0,30
442,2026-01-08,CASH,,420,0,400,10.0,10.0,0,420
443,2026-01-08,[PPP,,0,400,380,10.0,10.0,0,400
444,2026-01-08,PPP,,0,200,190,5.0,5.0,0,200
445,2026-01-08,PPP,,0,550,524,13.0,13.0,0,550
446,2026-01-08,,,840,0,800,20.0,20.0,0,840
447,2026-01-08,PPP,,0,450,429,10.5,10.5,0,450
448,2026-01-08,PPP,,0,950,905,22.5,22.5,0,950
449,2026-01-08,CCC,,120,0,114,3.0,3.0,0,120
450,2026-01-08,,,0,200,191,4.5,4.5,0,200
451,2026-01-08,,,0,200,190,5.0,5.0,0,200
452,2026-01-08,,,0,1050,1000,25.0,25.0,0,1050
453,2026-01-08,,,500,0,477,11.5,11.5,0,500
454,2026-01-08,,,200,0,190,5.0,5.0,0,200
455,2026-01-08,,,0,2520,2400,60.0,60.0,0,2520
456,2026-01-08,,,550,0,524,13.0,13.0,0,550
457,2026-01-08,PPP,,0,100,95,2.5,2.5,0,100
458,2026-01-08,PPP,,0,970,924,23.0,23.0,0,970
459,2026-01-08,CASH,,2550,0,2429,60.5,60.5,0,2550
460,2026-01-08,PPP,,0,120,114,3.0,3.0,0,120
461,2026-01-08,PPP,,0,200,190,5.0,5.0,0,200
462,2026-01-08,CARD,,0,350,333,8.5,8.5,0,350
463,2026-01-08,PPP,,0,300,286,7.0,7.0,0,300
464,2026-01-08,CASH,,100,0,95,2.5,2.5,0,100
465,2026-01-08,CASH,,300,0,286,7.0,7.0,0,300
466,2026-01-08,CASH,,250,0,238,6.0,6.0,0,250
467,2026-01-08,PPP,,0,150,143,3.5,3.5,0,150
468,2026-01-08,CASH,,240,0,229,5.5,5.5,0,240
469,2026-01-08,PPP,,0,60,57,1.5,1.5,0,60
470,2026-01-08,CASH,,100,0,95,2.5,2.5,0,100
471,2026-01-08,PPP,,0,240,229,5.5,5.5,0,240
472,2026-01-08,PPP,,0,500,476,12.0,12.0,0,500
473,2026-01-08,PPP,,0,400,381,9.5,9.5,0,400
474,2026-01-08,,,0,50,48,1.0,1.0,0,50
475,2026-01-08,CASH,,4170,0,3971,99.5,99.5,0,4170
476,2026-01-08,PPP,,0,880,837,21.5,21.5,0,880
477,2026-01-08,CASH,,0,120,114,3.0,3.0,0,120
478,2026-01-08,PPP,,0,600,571,14.5,14.5,0,600
479,2026-01-08,PPP,,0,1120,1066,27.0,27.0,0,1120
480,2026-01-08,PPP,,0,560,534,13.0,13.0,0,560
481,2026-01-08,,,0,150,143,3.5,3.5,0,150
482,2026-01-08,PPP,,0,370,352,9.0,9.0,0,370
483,2026-01-08,,,0,200,191,4.5,4.5,0,200
484,2026-01-08,,,0,120,114,3.0,3.0,0,120
485,2026-01-08,,,0,250,238,6.0,6.0,0,250
486,2026-01-08,,,0,1000,952,24.0,24.0,0,1000
487,2026-01-08,PPP,,0,240,229,5.5,5.5,0,240
488,2026-01-08,CASH,,350,0,333,8.5,8.5,0,350
489,2026-01-08,,,400,0,381,9.5,9.5,0,400
490,2026-01-08,PPP,,0,800,761,19.5,19.5,0,800
491,2026-01-08,,,1800,0,1714,43.0,43.0,0,1800
492,2026-01-08,,,0,200,190,5.0,5.0,0,200
493,2026-01-08,,,0,300,286,7.0,7.0,0,300
494,2026-01-08,PPP,,0,1870,1781,44.5,44.5,0,1870
495,2026-01-08,PPP,,0,150,143,3.5,3.5,0,150
496,2026-01-08,PPP,,0,140,134,3.0,3.0,0,140
497,2026-01-08,,,0,1390,1324,33.0,33.0,0,1390
498,2026-01-08,PPP,,0,200,190,5.0,5.0,0,200
499,2026-01-08,CASH,,1350,0,1286,32.0,32.0,0,1350
500,2026-01-08,,,0,30,29,0.5,0.5,0,30
501,2026-01-08,CASH,,120,0,114,3.0,3.0,0,120
502,2026-01-08,,,150,0,143,3.5,3.5,0,150
503,2026-01-08,CASH,,580,0,552,14.0,14.0,0,580
504,2026-01-08,PPP,,0,120,114,3.0,3.0,0,120
505,2026-01-08,CASH,,1830,0,1742,44.0,44.0,0,1830
506,2026-01-08,PPP,,0,2260,2153,53.5,53.5,0,2260
507,2026-01-08,PPP,,0,250,238,6.0,6.0,0,250
508,2026-01-09,,,500,0,476,12.0,12.0,0,500
509,2026-01-09,,,150,0,143,3.5,3.5,0,150
510,2026-01-09,PPP,,0,100,95,2.5,2.5,0,100
511,2026-01-09,PPP,,0,1100,1047,26.5,26.5,0,1100
512,2026-01-09,PPP,,0,1120,1066,27.0,27.0,0,1120
513,2026-01-09,PPP,,0,300,286,7.0,7.0,0,300
514,2026-01-09,PPP,,0,180,171,4.5,4.5,0,180
515,2026-01-09,,,0,100,95,2.5,2.5,0,100
516,2026-01-09,CASH,,600,0,571,14.5,14.5,0,600
517,2026-01-09,,,0,2300,2191,54.5,54.5,0,2300
518,2026-01-09,,,600,0,571,14.5,14.5,0,600
519,2026-01-09,,,0,550,524,13.0,13.0,0,550
520,2026-01-09,PPP,,0,600,571,14.5,14.5,0,600
521,2026-01-09,PPP,,0,420,400,10.0,10.0,0,420
522,2026-01-09,,,0,300,286,7.0,7.0,0,300
523,2026-01-09,,,0,250,238,6.0,6.0,0,250
524,2026-01-09,PPP,,0,2940,2800,70.0,70.0,0,2940
525,2026-01-09,,,100,0,95,2.5,2.5,0,100
526,2026-01-09,PPP,,0,2000,1905,47.5,47.5,0,2000
527,2026-01-09,CASH,,550,0,524,13.0,13.0,0,550
528,2026-01-09,CASH,,500,0,476,12.0,12.0,0,500
529,2026-01-09,CASH,,120,0,114,3.0,3.0,0,120
530,2026-01-09,CASH,,450,0,429,10.5,10.5,0,450
531,2026-01-09,CASH,,250,0,238,6.0,6.0,0,250
532,2026-01-09,PPP,,0,600,571,14.5,14.5,0,600
533,2026-01-09,PPP,,0,1600,1523,38.5,38.5,0,1600
534,2026-01-09,CASH,,180,0,171,4.5,4.5,0,180
535,2026-01-09,PPP,,0,1400,1333,33.5,33.5,0,1400
536,2026-01-09,,,1600,0,1524,38.0,38.0,0,1600
537,2026-01-09,PPP,,0,1340,1276,32.0,32.0,0,1340
538,2026-01-09,PPP,,0,350,333,8.5,8.5,0,350
539,2026-01-09,CASH,,0,150,143,3.5,3.5,0,150
540,2026-01-09,,,600,0,572,14.0,14.0,0,600
541,2026-01-09,CASH,,150,0,143,3.5,3.5,0,150
542,2026-01-09,PPP,,0,200,190,5.0,5.0,0,200
543,2026-01-09,,,0,1500,1429,35.5,35.5,0,1500
544,2026-01-09,CASH,,300,0,286,7.0,7.0,0,300
545,2026-01-09,PPP,,0,410,391,9.5,9.5,0,410
546,2026-01-09,PPP,,0,2960,2818,71.0,71.0,0,2960
547,2026-01-09,PPP,,0,150,143,3.5,3.5,0,150
548,2026-01-09,PPP,,0,950,905,22.5,22.5,0,950
549,2026-01-09,PPP,,0,1100,1047,26.5,26.5,0,1100
550,2026-01-09,PPP,,0,550,524,13.0,13.0,0,550
551,2026-01-09,PPP,,0,1050,999,25.5,25.5,0,1050
552,2026-01-09,PPP,,0,40,38,1.0,1.0,0,40
553,2026-01-09,PPP,,0,260,248,6.0,6.0,0,260
554,2026-01-09,PPP,,0,620,591,14.5,14.5,0,620
555,2026-01-09,PPP,,0,700,667,16.5,16.5,0,700
556,2026-01-09,CASH,,100,0,95,2.5,2.5,0,100
557,2026-01-09,PPP,,0,550,524,13.0,13.0,0,550
558,2026-01-09,CASH,,850,0,809,20.5,20.5,0,850
559,2026-01-09,PPP,,0,200,190,5.0,5.0,0,200
560,2026-01-09,PPP,,0,150,143,3.5,3.5,0,150
561,2026-01-09,PPP1,,0,580,551,14.5,14.5,0,580
562,2026-01-09,PPP,,0,1150,1095,27.5,27.5,0,1150
563,2026-01-09,PPP,,0,810,772,19.0,19.0,0,810
564,2026-01-09,PPP,,0,1990,1895,47.5,47.5,0,1990
565,2026-01-09,,,0,550,524,13.0,13.0,0,550
566,2026-01-09,,,200,0,190,5.0,5.0,0,200
567,2026-01-09,PPP,,0,800,762,19.0,19.0,0,800
568,2026-01-09,CASH,,500,0,477,11.5,11.5,0,500
569,2026-01-09,PPP,,0,3300,3143,78.5,78.5,0,3300
570,2026-01-09,,,0,120,114,3.0,3.0,0,120
571,2026-01-09,PPP,,0,350,333,8.5,8.5,0,350
572,2026-01-09,,,150,0,143,3.5,3.5,0,150
573,2026-01-09,PPP,,0,1350,1286,32.0,32.0,0,1350
574,2026-01-09,CARD,,0,2000,1905,47.5,47.5,0,2000
575,2026-01-09,,,0,1000,952,24.0,24.0,0,1000
576,2026-01-09,,,200,0,190,5.0,5.0,0,200
577,2026-01-09,,,0,100,95,2.5,2.5,0,100
578,2026-01-09,PPP,,0,200,190,5.0,5.0,0,200
579,2026-01-09,PPP,,0,2600,2476,62.0,62.0,0,2600
580,2026-01-09,PPPP,,0,150,143,3.5,3.5,0,150
581,2026-01-10,CASH,,350,0,333,8.5,8.5,0,350
582,2026-01-10,,,0,240,229,5.5,5.5,0,240
583,2026-01-10,,,0,350,333,8.5,8.5,0,350
584,2026-01-10,PPP,,0,240,229,5.5,5.5,0,240
585,2026-01-10,PPP,,0,1100,1048,26.0,26.0,0,1100
586,2026-01-10,,,0,650,619,15.5,15.5,0,650
587,2026-01-10,,,0,650,619,15.5,15.5,0,650
588,2026-01-10,,,0,200,190,5.0,5.0,0,200
589,2026-01-10,PPP,,0,1140,1086,27.0,27.0,0,1140
590,2026-01-10,,,0,650,619,15.5,15.5,0,650
591,2026-01-10,,,120,0,114,3.0,3.0,0,120
592,2026-01-10,CARD,,0,700,667,16.5,16.5,0,700
593,2026-01-10,PPP,,0,350,333,8.5,8.5,0,350
594,2026-01-10,CASH,,150,0,143,3.5,3.5,0,150
595,2026-01-10,CASH,,50,0,48,1.0,1.0,0,50
596,2026-01-10,PPP,,0,1400,1333,33.5,33.5,0,1400
597,2026-01-10,PPP,,0,3540,3372,84.0,84.0,0,3540
598,2026-01-10,CASH,,550,0,524,13.0,13.0,0,550
599,2026-01-10,,,0,770,733,18.5,18.5,0,770
600,2026-01-10,PPP,,0,1890,1800,45.0,45.0,0,1890
601,2026-01-10,,,0,360,343,8.5,8.5,0,360
602,2026-01-10,PPP,,0,250,238,6.0,6.0,0,250
603,2026-01-10,,,0,350,333,8.5,8.5,0,350
604,2026-01-10,,,2650,0,2524,63.0,63.0,0,2650
605,2026-01-10,PPP,,0,40,38,1.0,1.0,0,40
606,2026-01-10,CASH,,200,0,190,5.0,5.0,0,200
607,2026-01-10,PPP,,0,150,143,3.5,3.5,0,150
608,2026-01-10,,,0,160,152,4.0,4.0,0,160
609,2026-01-10,,,200,0,190,5.0,5.0,0,200
610,2026-01-10,,,800,0,762,19.0,19.0,0,800
611,2026-01-10,,,0,900,857,21.5,21.5,0,900
612,2026-01-10,,,50,0,48,1.0,1.0,0,50
613,2026-01-10,,,0,250,238,6.0,6.0,0,250
614,2026-01-10,,,2370,0,2257,56.5,56.5,0,2370
615,2026-01-10,PPP,,0,1200,1143,28.5,28.5,0,1200
616,2026-01-10,PPP,,0,150,143,3.5,3.5,0,150
617,2026-01-10,CASH,,300,0,286,7.0,7.0,0,300
618,2026-01-10,CASH,,500,0,476,12.0,12.0,0,500
619,2026-01-10,,,0,150,143,3.5,3.5,0,150
620,2026-01-10,,,300,0,286,7.0,7.0,0,300
621,2026-01-10,,,400,0,381,9.5,9.5,0,400
622,2026-01-10,PPP,,0,700,667,16.5,16.5,0,700
623,2026-01-10,PPP,,0,1740,1657,41.5,41.5,0,1740
624,2026-01-10,,,1600,0,1524,38.0,38.0,0,1600
625,2026-01-10,,,0,220,209,5.5,5.5,0,220
626,2026-01-10,,,120,0,114,3.0,3.0,0,120
627,2026-01-10,PPP,,0,450,429,10.5,10.5,0,450
628,2026-01-10,,,0,150,143,3.5,3.5,0,150
629,2026-01-10,PPP,,0,200,190,5.0,5.0,0,200
630,2026-01-10,PPP,,0,620,590,15.0,15.0,0,620
631,2026-01-10,,,200,0,190,5.0,5.0,0,200
632,2026-01-10,,,0,450,429,10.5,10.5,0,450
633,2026-01-10,,,0,150,143,3.5,3.5,0,150
634,2026-01-10,PPP,,0,1100,1047,26.5,26.5,0,1100
635,2026-01-10,PPP,,0,500,476,12.0,12.0,0,500
636,2026-01-10,PPP,,0,360,343,8.5,8.5,0,360
637,2026-01-10,CASH,,1000,0,952,24.0,24.0,0,1000
638,2026-01-10,PPP,,0,2270,2162,54.0,54.0,0,2270
639,2026-01-10,PPP,,0,200,190,5.0,5.0,0,200
640,2026-01-10,PPP,,0,80,76,2.0,2.0,0,80
641,2026-01-10,CASH,,620,0,590,15.0,15.0,0,620
642,2026-01-10,CASH,,700,0,667,16.5,16.5,0,700
643,2026-01-10,PPP,,0,1270,1210,30.0,30.0,0,1270
644,2026-01-11,PPP,,0,150,143,3.5,3.5,0,150
645,2026-01-11,CASH,,2000,0,1905,47.5,47.5,0,2000
646,2026-01-11,,,0,200,190,5.0,5.0,0,200
647,2026-01-11,PPP,,0,50,48,1.0,1.0,0,50
648,2026-01-11,,,0,1050,1000,25.0,25.0,0,1050
649,2026-01-11,,,370,0,352,9.0,9.0,0,370
650,2026-01-11,,,110,0,105,2.5,2.5,0,110
651,2026-01-11,PPP,,0,1600,1523,38.5,38.5,0,1600
652,2026-01-11,,,0,500,476,12.0,12.0,0,500
653,2026-01-11,PPP,,0,150,143,3.5,3.5,0,150
654,2026-01-11,,,250,0,238,6.0,6.0,0,250
655,2026-01-11,,,800,0,762,19.0,19.0,0,800
656,2026-01-11,PPP,,0,450,429,10.5,10.5,0,450
657,2026-01-11,,,0,240,229,5.5,5.5,0,240
658,2026-01-11,,,450,0,429,10.5,10.5,0,450
659,2026-01-11,,,400,0,381,9.5,9.5,0,400
660,2026-01-11,CASH,,350,0,333,8.5,8.5,0,350
661,2026-01-11,PPP,,0,100,95,2.5,2.5,0,100
662,2026-01-11,CASH,,450,0,428,11.0,11.0,0,450
663,2026-01-11,CASH,,350,0,333,8.5,8.5,0,350
664,2026-01-11,CASH,,100,0,95,2.5,2.5,0,100
665,2026-01-11,PPP,,0,1500,1428,36.0,36.0,0,1500
666,2026-01-11,PP,,0,100,95,2.5,2.5,0,100
667,2026-01-11,CASH,,1000,0,952,24.0,24.0,0,1000
668,2026-01-11,PPP,,0,1560,1485,37.5,37.5,0,1560
669,2026-01-11,PPP,,0,3100,2952,74.0,74.0,0,3100
670,2026-01-11,PPP,,0,700,667,16.5,16.5,0,700
671,2026-01-11,CASH,,300,0,286,7.0,7.0,0,300
672,2026-01-11,[PPP,,0,800,762,19.0,19.0,0,800
673,2026-01-11,,,0,1010,962,24.0,24.0,0,1010
674,2026-01-11,PPP,,0,530,504,13.0,13.0,0,530
675,2026-01-11,,,500,0,476,12.0,12.0,0,500
676,2026-01-11,,,0,100,95,2.5,2.5,0,100
677,2026-01-11,,,2480,0,2362,59.0,59.0,0,2480
678,2026-01-11,,,250,0,238,6.0,6.0,0,250
679,2026-01-11,PPP,,0,2150,2048,51.0,51.0,0,2150
680,2026-01-11,,,0,800,762,19.0,19.0,0,800
681,2026-01-11,,,0,300,286,7.0,7.0,0,300
682,2026-01-11,,,0,350,333,8.5,8.5,0,350
683,2026-01-11,,,0,200,190,5.0,5.0,0,200
684,2026-01-11,PPP,,0,150,143,3.5,3.5,0,150
685,2026-01-11,PPP,,0,3510,3343,83.5,83.5,0,3510
686,2026-01-11,PPP,,0,2000,1905,47.5,47.5,0,2000
687,2026-01-11,PPP,,0,600,571,14.5,14.5,0,600
688,2026-01-11,PPP,,0,1380,1314,33.0,33.0,0,1380
689,2026-01-11,PPP,,0,1440,1371,34.5,34.5,0,1440
690,2026-01-11,PPP,,0,410,391,9.5,9.5,0,410
691,2026-01-11,,,100,0,95,2.5,2.5,0,100
692,2026-01-11,PPP,,0,1960,1866,47.0,47.0,0,1960
693,2026-01-11,,,0,420,400,10.0,10.0,0,420
694,2026-01-11,PPP,,0,800,762,19.0,19.0,0,800
695,2026-01-11,PPP,,0,1690,1610,40.0,40.0,0,1690
696,2026-01-11,CARD,,0,450,429,10.5,10.5,0,450
697,2026-01-11,PPP,,0,240,229,5.5,5.5,0,240
698,2026-01-11,CASH,,1100,0,1048,26.0,26.0,0,1100
699,2026-01-11,PPP,,0,1200,1143,28.5,28.5,0,1200
700,2026-01-11,MIXX,,1170,0,1114,28.0,28.0,0,1170
701,2026-01-11,CASH,,300,0,286,7.0,7.0,0,300
702,2026-01-11,CARD,,0,400,381,9.5,9.5,0,400
703,2026-01-11,PPP,,0,250,238,6.0,6.0,0,250
704,2026-01-11,PPP,,0,240,229,5.5,5.5,0,240
705,2026-01-11,PPP,,0,350,333,8.5,8.5,0,350
706,2026-01-11,CASH,,800,0,762,19.0,19.0,0,800
707,2026-01-11,CASH,,350,0,333,8.5,8.5,0,350
708,2026-01-11,CASH,,500,0,476,12.0,12.0,0,500
709,2026-01-11,PPP,,0,500,476,12.0,12.0,0,500
710,2026-01-11,PPP,,0,550,524,13.0,13.0,0,550
711,2026-01-11,PPP,,0,300,286,7.0,7.0,0,300
712,2026-01-11,PPP,,0,80,76,2.0,2.0,0,80
713,2026-01-11,PPP,,0,80,76,2.0,2.0,0,80
714,2026-01-11,PPP,,0,600,572,14.0,14.0,0,600
715,2026-01-11,PPP,,0,450,429,10.5,10.5,0,450
716,2026-01-11,PPP,,0,600,571,14.5,14.5,0,600
717,2026-01-11,CASH,,970,0,924,23.0,23.0,0,970
718,2026-01-11,MIXX,,0,1700,1619,40.5,40.5,0,1700
719,2026-01-11,PPP,,0,460,439,10.5,10.5,0,460
720,2026-01-11,PPP,,0,840,800,20.0,20.0,0,840
721,2026-01-11,CASH,,1450,0,1381,34.5,34.5,0,1450
722,2026-01-11,PPP,,0,700,667,16.5,16.5,0,700
723,2026-01-11,PPP,,0,1500,1427,36.5,36.5,0,1500
724,2026-01-11,PPP,,0,350,334,8.0,8.0,0,350
725,2026-01-11,PPP,,0,400,381,9.5,9.5,0,400
726,2026-01-11,PPP,,0,1750,1666,42.0,42.0,0,1750
727,2026-01-11,,,0,150,143,3.5,3.5,0,150
728,2026-01-11,PPP,,0,800,762,19.0,19.0,0,800
729,2026-01-11,PPP,,0,1510,1438,36.0,36.0,0,1510
730,2026-01-11,,,0,900,857,21.5,21.5,0,900
731,2026-01-11,PPP,,0,300,285,7.5,7.5,0,300
732,2026-01-11,PPP,,0,250,238,6.0,6.0,0,250
733,2026-01-11,PPP,,0,180,171,4.5,4.5,0,180
734,2026-01-11,PPP,,0,200,190,5.0,5.0,0,200
735,2026-01-11,CASH,,30,0,29,0.5,0.5,0,30
736,2026-01-11,PPP,,0,80,76,2.0,2.0,0,80
737,2026-01-11,PPP,,0,200,190,5.0,5.0,0,200
738,2026-01-11,PPP,,0,350,333,8.5,8.5,0,350
739,2026-01-11,PPP,,0,350,333,8.5,8.5,0,350
740,2026-01-11,PPP,,0,1250,1190,30.0,30.0,0,1250
741,2026-01-11,PPP,,0,600,571,14.5,14.5,0,600
742,2026-01-11,CASH,,800,0,762,19.0,19.0,0,800
743,2026-01-11,CARD,,0,1330,1267,31.5,31.5,0,1330
744,2026-01-11,,,0,250,238,6.0,6.0,0,250
745,2026-01-11,PPP,,0,800,762,19.0,19.0,0,800
746,2026-01-11,,,0,150,143,3.5,3.5,0,150
747,2026-01-11,PPP,,0,700,666,17.0,17.0,0,700
748,2026-01-11,,,650,0,619,15.5,15.5,0,650
749,2026-01-11,,,750,0,714,18.0,18.0,0,750
750,2026-01-11,,,0,240,229,5.5,5.5,0,240
751,2026-01-11,,,0,100,96,2.0,2.0,0,100
752,2026-01-12,PPP,,0,150,143,3.5,3.5,0,150
753,2026-01-12,PPP,,0,530,504,13.0,13.0,0,530
754,2026-01-12,PPP,,0,350,333,8.5,8.5,0,350
755,2026-01-12,PPP,,0,400,381,9.5,9.5,0,400
756,2026-01-12,,,200,0,190,5.0,5.0,0,200
757,2026-01-12,,,550,0,524,13.0,13.0,0,550
758,2026-01-12,CASH,,340,0,323,8.5,8.5,0,340
759,2026-01-12,CASH,,150,0,143,3.5,3.5,0,150
760,2026-01-12,,,450,0,428,11.0,11.0,0,450
761,2026-01-12,,,470,0,447,11.5,11.5,0,470
762,2026-01-12,PPP,,0,470,448,11.0,11.0,0,470
763,2026-01-12,PPP,,0,60,57,1.5,1.5,0,60
764,2026-01-12,PPP,,0,150,143,3.5,3.5,0,150
765,2026-01-12,PPP,,0,200,190,5.0,5.0,0,200
766,2026-01-12,CASH,,850,0,810,20.0,20.0,0,850
767,2026-01-12,CASH,,750,0,715,17.5,17.5,0,750
768,2026-01-12,CASH,,150,0,143,3.5,3.5,0,150
769,2026-01-12,PPP,,0,3910,3724,93.0,93.0,0,3910
770,2026-01-12,,,460,0,438,11.0,11.0,0,460
771,2026-01-12,,,0,200,190,5.0,5.0,0,200
772,2026-01-12,,,0,550,524,13.0,13.0,0,550
773,2026-01-12,,,1050,0,1000,25.0,25.0,0,1050
774,2026-01-12,PPP,,0,200,190,5.0,5.0,0,200
775,2026-01-12,,,100,0,95,2.5,2.5,0,100
776,2026-01-12,CASH,,750,0,715,17.5,17.5,0,750
777,2026-01-12,PPP,,0,600,571,14.5,14.5,0,600
778,2026-01-12,CASH,,360,0,343,8.5,8.5,0,360
779,2026-01-12,CASH,,250,0,238,6.0,6.0,0,250
780,2026-01-12,CASH,,400,0,381,9.5,9.5,0,400
781,2026-01-12,PPP,,0,2200,2095,52.5,52.5,0,2200
782,2026-01-12,CARD,,0,2950,2809,70.5,70.5,0,2950
783,2026-01-12,CASH,,300,0,286,7.0,7.0,0,300
784,2026-01-12,CASH,,1000,0,952,24.0,24.0,0,1000
785,2026-01-12,CASH,,550,0,524,13.0,13.0,0,550
786,2026-01-12,PPP,,0,300,286,7.0,7.0,0,300
787,2026-01-12,PPP,,0,150,143,3.5,3.5,0,150
788,2026-01-12,,,940,0,896,22.0,22.0,0,940
789,2026-01-12,,,0,700,667,16.5,16.5,0,700
790,2026-01-12,PPP,,0,2270,2162,54.0,54.0,0,2270
791,2026-01-12,,,0,50,48,1.0,1.0,0,50
792,2026-01-12,,,100,0,95,2.5,2.5,0,100
793,2026-01-12,,,0,900,857,21.5,21.5,0,900
794,2026-01-12,PPP,,0,1150,1095,27.5,27.5,0,1150
795,2026-01-12,,,0,350,333,8.5,8.5,0,350
796,2026-01-12,CARD,,0,3320,3161,79.5,79.5,0,3320
797,2026-01-12,,,0,690,658,16.0,16.0,0,690
798,2026-01-12,,,0,310,295,7.5,7.5,0,310
799,2026-01-12,,,0,590,562,14.0,14.0,0,590
800,2026-01-12,,,0,400,381,9.5,9.5,0,400
801,2026-01-12,,,150,0,143,3.5,3.5,0,150
802,2026-01-12,,,0,150,143,3.5,3.5,0,150
803,2026-01-12,PPP,,0,300,286,7.0,7.0,0,300
804,2026-01-12,CASH,,300,0,286,7.0,7.0,0,300
805,2026-01-12,CASH,,150,0,143,3.5,3.5,0,150
806,2026-01-12,MIXXX,,1030,0,981,24.5,24.5,0,1030
807,2026-01-12,PPP,,0,1150,1095,27.5,27.5,0,1150
808,2026-01-12,PPP,,0,50,48,1.0,1.0,0,50
809,2026-01-12,PPP,,0,490,467,11.5,11.5,0,490
810,2026-01-12,CASH,,120,0,114,3.0,3.0,0,120
811,2026-01-12,PPP,,0,380,362,9.0,9.0,0,380
812,2026-01-12,CASH,,300,0,285,7.5,7.5,0,300
813,2026-01-12,PPP,,0,600,571,14.5,14.5,0,600
814,2026-01-12,PPP,,0,800,761,19.5,19.5,0,800
815,2026-01-12,CASH,,600,0,571,14.5,14.5,0,600
816,2026-01-12,PPP,,0,500,476,12.0,12.0,0,500
817,2026-01-12,PPP,,0,1000,952,24.0,24.0,0,1000
818,2026-01-12,PPP,,0,200,190,5.0,5.0,0,200
819,2026-01-12,CASH,,700,0,667,16.5,16.5,0,700
820,2026-01-12,PPP,,0,1100,1048,26.0,26.0,0,1100
821,2026-01-12,MIXXX,,1250,0,1190,30.0,30.0,0,1250
822,2026-01-12,PPP,,0,200,190,5.0,5.0,0,200
823,2026-01-13,,,0,500,476,12.0,12.0,0,500
824,2026-01-13,,,0,1100,1048,26.0,26.0,0,1100
825,2026-01-13,PPP,,0,500,476,12.0,12.0,0,500
826,2026-01-13,PPP,,0,700,666,17.0,17.0,0,700
827,2026-01-13,PPP,,0,40,38,1.0,1.0,0,40
828,2026-01-13,CASH,,1100,0,1048,26.0,26.0,0,1100
829,2026-01-13,PPP,,0,250,238,6.0,6.0,0,250
830,2026-01-13,PPP,,0,250,238,6.0,6.0,0,250
831,2026-01-13,CASH,,190,0,181,4.5,4.5,0,190
832,2026-01-13,,,1700,0,1619,40.5,40.5,0,1700
833,2026-01-13,,,120,0,114,3.0,3.0,0,120
834,2026-01-13,,,150,0,143,3.5,3.5,0,150
835,2026-01-13,CASH,,600,0,571,14.5,14.5,0,600
836,2026-01-13,PPP,,0,550,524,13.0,13.0,0,550
837,2026-01-13,CASH,,120,0,114,3.0,3.0,0,120
838,2026-01-13,CARD,,0,2100,2000,50.0,50.0,0,2100
839,2026-01-13,CARD,,0,930,886,22.0,22.0,0,930
840,2026-01-13,PPP,,0,800,762,19.0,19.0,0,800
841,2026-01-13,CASH,,100,0,95,2.5,2.5,0,100
842,2026-01-13,PPP,,0,200,190,5.0,5.0,0,200
843,2026-01-13,PPP,,0,800,761,19.5,19.5,0,800
844,2026-01-13,CASH,,80,0,76,2.0,2.0,0,80
845,2026-01-13,PPP,,0,1440,1371,34.5,34.5,0,1440
846,2026-01-13,PPP,,0,440,419,10.5,10.5,0,440
847,2026-01-13,,,0,1710,1629,40.5,40.5,0,1710
848,2026-01-13,,,0,350,333,8.5,8.5,0,350
849,2026-01-13,PPP,,0,1100,1048,26.0,26.0,0,1100
850,2026-01-13,,,150,0,143,3.5,3.5,0,150
851,2026-01-13,PPP,,0,2450,2332,59.0,59.0,0,2450
852,2026-01-13,,,0,150,143,3.5,3.5,0,150
853,2026-01-13,,,0,1200,1143,28.5,28.5,0,1200
854,2026-01-13,PPP,,0,4490,4277,106.5,106.5,0,4490
855,2026-01-13,,,0,350,333,8.5,8.5,0,350
856,2026-01-13,,,0,150,143,3.5,3.5,0,150
857,2026-01-13,CARD,,0,900,857,21.5,21.5,0,900
858,2026-01-13,,,250,0,238,6.0,6.0,0,250
859,2026-01-13,,,100,0,95,2.5,2.5,0,100
860,2026-01-13,,,150,0,143,3.5,3.5,0,150
861,2026-01-13,,,0,750,714,18.0,18.0,0,750
862,2026-01-13,,,150,0,143,3.5,3.5,0,150
863,2026-01-13,,,0,450,429,10.5,10.5,0,450
864,2026-01-13,,,1000,0,952,24.0,24.0,0,1000
865,2026-01-13,,,0,300,286,7.0,7.0,0,300
866,2026-01-13,,,800,0,762,19.0,19.0,0,800
867,2026-01-13,,,0,450,429,10.5,10.5,0,450
868,2026-01-13,,,0,300,286,7.0,7.0,0,300
869,2026-01-13,,,0,550,523,13.5,13.5,0,550
870,2026-01-13,,,0,700,667,16.5,16.5,0,700
871,2026-01-13,PPP,,0,250,238,6.0,6.0,0,250
872,2026-01-13,,,960,0,914,23.0,23.0,0,960
873,2026-01-13,PPP,,0,1250,1190,30.0,30.0,0,1250
874,2026-01-13,PPP,,0,1000,952,24.0,24.0,0,1000
875,2026-01-13,,,1000,0,953,23.5,23.5,0,1000
876,2026-01-13,,,400,0,381,9.5,9.5,0,400
877,2026-01-13,PPP,,0,490,467,11.5,11.5,0,490
878,2026-01-13,PPP,,0,3390,3228,81.0,81.0,0,3390
879,2026-01-13,,,0,200,190,5.0,5.0,0,200
880,2026-01-13,CASH,,700,0,667,16.5,16.5,0,700
881,2026-01-13,CARD,,0,900,857,21.5,21.5,0,900
882,2026-01-13,CASH,,550,0,523,13.5,13.5,0,550
883,2026-01-13,PPP,,0,350,333,8.5,8.5,0,350
884,2026-01-13,PPP,,0,250,238,6.0,6.0,0,250
885,2026-01-13,PPP,,0,1000,952,24.0,24.0,0,1000
886,2026-01-13,,,540,0,514,13.0,13.0,0,540
887,2026-01-13,PPP,,0,580,552,14.0,14.0,0,580
888,2026-01-14,CASH,,650,0,619,15.5,15.5,0,650
889,2026-01-14,PPP,,0,250,238,6.0,6.0,0,250
890,2026-01-14,PPP,,0,220,209,5.5,5.5,0,220
891,2026-01-14,,,150,0,143,3.5,3.5,0,150
892,2026-01-14,,,0,550,524,13.0,13.0,0,550
893,2026-01-14,CASSH,,1240,0,1181,29.5,29.5,0,1240
894,2026-01-14,PPP,,0,450,429,10.5,10.5,0,450
895,2026-01-14,PPP,,0,1200,1143,28.5,28.5,0,1200
896,2026-01-14,PPP,,0,300,286,7.0,7.0,0,300
897,2026-01-14,,,350,0,333,8.5,8.5,0,350
898,2026-01-14,MIXX,,0,360,342,9.0,9.0,0,360
899,2026-01-14,PPP,,0,450,428,11.0,11.0,0,450
900,2026-01-14,PPP,,0,650,619,15.5,15.5,0,650
901,2026-01-14,PPP,,0,550,524,13.0,13.0,0,550
902,2026-01-14,PPP,,0,500,476,12.0,12.0,0,500
903,2026-01-14,PPP,,0,300,286,7.0,7.0,0,300
904,2026-01-14,PPP,,0,500,476,12.0,12.0,0,500
905,2026-01-14,,,0,430,410,10.0,10.0,0,430
906,2026-01-14,,,300,0,286,7.0,7.0,0,300
907,2026-01-14,CASH,,220,0,209,5.5,5.5,0,220
908,2026-01-14,,,0,500,476,12.0,12.0,0,500
909,2026-01-14,,,0,1200,1143,28.5,28.5,0,1200
910,2026-01-14,,,0,1930,1839,45.5,45.5,0,1930
911,2026-01-14,,,0,250,238,6.0,6.0,0,250
912,2026-01-14,PPP,,0,2150,2048,51.0,51.0,0,2150
913,2026-01-14,PPP,,0,3400,3239,80.5,80.5,0,3400
914,2026-01-14,PPP,,0,1120,1066,27.0,27.0,0,1120
915,2026-01-14,CASH,,7100,0,6761,169.5,169.5,0,7100
916,2026-01-14,CASH,,500,0,476,12.0,12.0,0,500
917,2026-01-14,CASH,,500,0,476,12.0,12.0,0,500
918,2026-01-14,,,0,460,438,11.0,11.0,0,460
919,2026-01-14,PPP,,0,1750,1667,41.5,41.5,0,1750
920,2026-01-14,PPP,,0,700,667,16.5,16.5,0,700
921,2026-01-14,PPP,,0,650,619,15.5,15.5,0,650
922,2026-01-14,PPP,,0,50,48,1.0,1.0,0,50
923,2026-01-14,CASH,,200,0,190,5.0,5.0,0,200
924,2026-01-14,PPP,,0,500,476,12.0,12.0,0,500
925,2026-01-14,PPP,,0,450,428,11.0,11.0,0,450
926,2026-01-14,PPP,,0,150,143,3.5,3.5,0,150
927,2026-01-14,CARD,,0,450,429,10.5,10.5,0,450
928,2026-01-14,CARD,,0,440,419,10.5,10.5,0,440
929,2026-01-14,PPP,,0,3400,3238,81.0,81.0,0,3400
930,2026-01-14,MIXX,,820,0,781,19.5,19.5,0,820
931,2026-01-14,CARD,,0,2040,1942,49.0,49.0,0,2040
932,2026-01-14,CARD,,0,800,761,19.5,19.5,0,800
933,2026-01-14,PPP,,0,1270,1209,30.5,30.5,0,1270
934,2026-01-14,CASH,,50,0,48,1.0,1.0,0,50
935,2026-01-14,PPP,,0,150,143,3.5,3.5,0,150
936,2026-01-14,CASS,,50,0,48,1.0,1.0,0,50
937,2026-01-14,PPP,,0,350,333,8.5,8.5,0,350
938,2026-01-14,PPP,,0,50,48,1.0,1.0,0,50
939,2026-01-14,CASH,,550,0,524,13.0,13.0,0,550
940,2026-01-14,CARD,,0,1150,1096,27.0,27.0,0,1150
941,2026-01-15,CASH,,250,0,238,6.0,6.0,0,250
942,2026-01-15,PPP,,0,350,333,8.5,8.5,0,350
943,2026-01-15,PPP,,0,450,429,10.5,10.5,0,450
944,2026-01-15,CASH,,1170,0,1114,28.0,28.0,0,1170
945,2026-01-15,PPP,,0,60,57,1.5,1.5,0,60
946,2026-01-15,PPP,,0,600,571,14.5,14.5,0,600
947,2026-01-15,,,970,0,923,23.5,23.5,0,970
948,2026-01-15,CASH,,350,0,333,8.5,8.5,0,350
949,2026-01-15,CASH,,360,0,343,8.5,8.5,0,360
950,2026-01-15,CARD,,0,850,810,20.0,20.0,0,850
951,2026-01-15,MIXX,,970,0,924,23.0,23.0,0,970
952,2026-01-15,CASH,,1500,0,1428,36.0,36.0,0,1500
953,2026-01-15,PPP,,0,720,685,17.5,17.5,0,720
954,2026-01-15,PPP,,0,350,333,8.5,8.5,0,350
955,2026-01-15,PPPPP,,0,1460,1389,35.5,35.5,0,1460
956,2026-01-15,PPP,,0,3400,3239,80.5,80.5,0,3400
957,2026-01-15,CASH,,160,0,152,4.0,4.0,0,160
958,2026-01-15,PPP,,0,200,190,5.0,5.0,0,200
959,2026-01-15,CASH,,1370,0,1305,32.5,32.5,0,1370
960,2026-01-15,PPP,,0,400,381,9.5,9.5,0,400
961,2026-01-15,CASH,,340,0,324,8.0,8.0,0,340
962,2026-01-15,CASH,,700,0,667,16.5,16.5,0,700
963,2026-01-15,PPP,,0,120,114,3.0,3.0,0,120
964,2026-01-15,,,0,260,248,6.0,6.0,0,260
965,2026-01-15,,,0,150,143,3.5,3.5,0,150
966,2026-01-15,CASH,,0,150,143,3.5,3.5,0,150
967,2026-01-15,CASH,,2560,0,2439,60.5,60.5,0,2560
968,2026-01-15,,,200,0,190,5.0,5.0,0,200
969,2026-01-15,PPP,,0,1620,1542,39.0,39.0,0,1620
970,2026-01-15,,,50,0,48,1.0,1.0,0,50
971,2026-01-15,PPP,,0,1920,1829,45.5,45.5,0,1920
972,2026-01-15,PPP,,0,500,476,12.0,12.0,0,500
973,2026-01-15,PPP,,0,360,343,8.5,8.5,0,360
974,2026-01-15,PPP,,0,110,105,2.5,2.5,0,110
975,2026-01-15,PPP,,0,1200,1143,28.5,28.5,0,1200
976,2026-01-15,PPP,,0,150,143,3.5,3.5,0,150
977,2026-01-15,PPP,,0,300,286,7.0,7.0,0,300
978,2026-01-15,CASH,,100,0,95,2.5,2.5,0,100
979,2026-01-15,CASH,,500,0,476,12.0,12.0,0,500
980,2026-01-15,PPP,,0,700,667,16.5,16.5,0,700
981,2026-01-15,PPP,,0,870,828,21.0,21.0,0,870
982,2026-01-15,,,300,0,286,7.0,7.0,0,300
983,2026-01-15,,,0,300,286,7.0,7.0,0,300
984,2026-01-15,PPP,,0,550,523,13.5,13.5,0,550
985,2026-01-15,PPP,,0,2100,2000,50.0,50.0,0,2100
986,2026-01-15,PPP,,0,360,343,8.5,8.5,0,360
987,2026-01-15,PPP,,0,1850,1762,44.0,44.0,0,1850
988,2026-01-15,,,0,150,143,3.5,3.5,0,150
989,2026-01-15,,,0,750,714,18.0,18.0,0,750
990,2026-01-15,,,150,0,143,3.5,3.5,0,150
991,2026-01-15,,,0,1070,1019,25.5,25.5,0,1070
992,2026-01-15,CASH,,150,0,143,3.5,3.5,0,150
993,2026-01-15,PPP,,0,2110,2010,50.0,50.0,0,2110
994,2026-01-15,PPP,,0,1060,1010,25.0,25.0,0,1060
995,2026-01-15,CASH,,400,0,381,9.5,9.5,0,400
996,2026-01-15,PPP,,0,2550,2429,60.5,60.5,0,2550
997,2026-01-15,CASH,,1050,0,1001,24.5,24.5,0,1050
998,2026-01-15,PPP,,0,150,143,3.5,3.5,0,150
999,2026-01-15,PPP,,0,600,571,14.5,14.5,0,600
1000,2026-01-15,PPP,,0,550,524,13.0,13.0,0,550
1001,2026-01-15,CASH,,120,0,114,3.0,3.0,0,120
1002,2026-01-15,PPP,,0,1300,1238,31.0,31.0,0,1300
1003,2026-01-15,PPP,,0,560,534,13.0,13.0,0,560
1004,2026-01-15,PPPP,,0,800,762,19.0,19.0,0,800
1005,2026-01-16,CASH,,120,0,114,3.0,3.0,0,120
1006,2026-01-16,CASH,,100,0,95,2.5,2.5,0,100
1007,2026-01-16,PPP,,0,200,190,5.0,5.0,0,200
1008,2026-01-16,PPP,,0,1500,1428,36.0,36.0,0,1500
1009,2026-01-16,PPP,,0,50,48,1.0,1.0,0,50
1010,2026-01-16,CASH,,50,0,48,1.0,1.0,0,50
1011,2026-01-16,CASH,,350,0,333,8.5,8.5,0,350
1012,2026-01-16,PPP,,0,1590,1515,37.5,37.5,0,1590
1013,2026-01-16,PPP,,0,630,600,15.0,15.0,0,630
1014,2026-01-16,CARD,,0,2280,2172,54.0,54.0,0,2280
1015,2026-01-16,PPP,,0,530,504,13.0,13.0,0,530
1016,2026-01-16,PPP,,0,300,286,7.0,7.0,0,300
1017,2026-01-16,PPP,,0,1170,1114,28.0,28.0,0,1170
1018,2026-01-16,PPP,,0,500,476,12.0,12.0,0,500
1019,2026-01-16,PPP,,0,350,333,8.5,8.5,0,350
1020,2026-01-16,PPP,,0,30,29,0.5,0.5,0,30
1021,2026-01-16,CASH,,270,0,257,6.5,6.5,0,270
1022,2026-01-16,CARD,,0,630,600,15.0,15.0,0,630
1023,2026-01-16,PPP,,0,150,143,3.5,3.5,0,150
1024,2026-01-16,PPP,,0,240,229,5.5,5.5,0,240
1025,2026-01-16,,,0,30,29,0.5,0.5,0,30
1026,2026-01-16,PPP,,0,1050,999,25.5,25.5,0,1050
1027,2026-01-16,,,0,40,38,1.0,1.0,0,40
1028,2026-01-16,,,0,200,190,5.0,5.0,0,200
1029,2026-01-16,PPP,,0,300,286,7.0,7.0,0,300
1030,2026-01-16,,,0,400,381,9.5,9.5,0,400
1031,2026-01-16,,,0,550,524,13.0,13.0,0,550
1032,2026-01-16,,,200,0,190,5.0,5.0,0,200
1033,2026-01-16,CASH,,650,0,619,15.5,15.5,0,650
1034,2026-01-16,PPP,,0,120,114,3.0,3.0,0,120
1035,2026-01-16,CASH,,700,0,666,17.0,17.0,0,700
1036,2026-01-16,CASH,,1050,0,999,25.5,25.5,0,1050
1037,2026-01-16,PPP,,0,160,152,4.0,4.0,0,160
1038,2026-01-16,PPP,,0,850,810,20.0,20.0,0,850
1039,2026-01-16,PPP,,0,150,143,3.5,3.5,0,150
1040,2026-01-16,CASH,,200,0,190,5.0,5.0,0,200
1041,2026-01-16,,,40,0,38,1.0,1.0,0,40
1042,2026-01-16,PPP,,0,260,248,6.0,6.0,0,260
1043,2026-01-16,,,0,350,333,8.5,8.5,0,350
1044,2026-01-16,PPP,,0,400,381,9.5,9.5,0,400
1045,2026-01-16,CASH,,800,0,762,19.0,19.0,0,800
1046,2026-01-16,,,390,0,372,9.0,9.0,0,390
1047,2026-01-16,PPP,,0,350,333,8.5,8.5,0,350
1048,2026-01-16,,,0,550,524,13.0,13.0,0,550
1049,2026-01-16,PPP,,0,750,714,18.0,18.0,0,750
1050,2026-01-16,PPP,,0,100,95,2.5,2.5,0,100
1051,2026-01-16,PPP,,0,350,333,8.5,8.5,0,350
1052,2026-01-16,PPP,,0,700,667,16.5,16.5,0,700
1053,2026-01-16,PPP,,0,900,857,21.5,21.5,0,900
1054,2026-01-16,PPP,,0,200,191,4.5,4.5,0,200
1055,2026-01-16,PPP,,0,150,143,3.5,3.5,0,150
1056,2026-01-16,CARD,,0,1700,1619,40.5,40.5,0,1700
1057,2026-01-16,PPP,,0,700,666,17.0,17.0,0,700
1058,2026-01-16,CASH,,820,0,781,19.5,19.5,0,820
1059,2026-01-16,PPP,,0,240,229,5.5,5.5,0,240
1060,2026-01-16,PPPP,,0,840,800,20.0,20.0,0,840
1061,2026-01-16,PPP,,0,600,571,14.5,14.5,0,600
1062,2026-01-16,MIXX,,0,1550,1477,36.5,36.5,0,1550
1063,2026-01-16,-PPP,,0,80,76,2.0,2.0,0,80
1064,2026-01-16,CASH,,80,0,76,2.0,2.0,0,80
1065,2026-01-17,CARD,,0,1000,953,23.5,23.5,0,1000
1066,2026-01-17,,,530,0,504,13.0,13.0,0,530
1067,2026-01-17,PPP,,0,3550,3380,85.0,85.0,0,3550
1068,2026-01-17,,,0,150,143,3.5,3.5,0,150
1069,2026-01-17,,,1300,0,1238,31.0,31.0,0,1300
1070,2026-01-17,,,0,800,762,19.0,19.0,0,800
1071,2026-01-17,PPP,,0,770,733,18.5,18.5,0,770
1072,2026-01-17,CASH,,180,0,172,4.0,4.0,0,180
1073,2026-01-17,PPP,,0,1400,1333,33.5,33.5,0,1400
1074,2026-01-17,PPP,,0,1050,1000,25.0,25.0,0,1050
1075,2026-01-17,CASH,,120,0,114,3.0,3.0,0,120
1076,2026-01-17,PPP,,0,100,95,2.5,2.5,0,100
1077,2026-01-17,PPP,,0,600,571,14.5,14.5,0,600
1078,2026-01-17,,,400,0,381,9.5,9.5,0,400
1079,2026-01-17,CASH,,750,0,714,18.0,18.0,0,750
1080,2026-01-17,,,1550,0,1476,37.0,37.0,0,1550
1081,2026-01-17,,,518,0,493,12.5,12.5,0,518
1082,2026-01-17,,,630,0,600,15.0,15.0,0,630
1083,2026-01-17,,,160,0,152,4.0,4.0,0,160
1084,2026-01-17,CASH,,650,0,619,15.5,15.5,0,650
1085,2026-01-17,CASH,,200,0,190,5.0,5.0,0,200
1086,2026-01-17,PPP,,0,700,666,17.0,17.0,0,700
1087,2026-01-17,PPP,,0,360,343,8.5,8.5,0,360
1088,2026-01-17,PPP,,0,250,238,6.0,6.0,0,250
1089,2026-01-17,PPP,,0,1800,1715,42.5,42.5,0,1800
1090,2026-01-17,CASH,,300,0,286,7.0,7.0,0,300
1091,2026-01-17,CARD,,0,400,381,9.5,9.5,0,400
1092,2026-01-17,PPPP,,0,200,190,5.0,5.0,0,200
1093,2026-01-17,PPP,,0,500,476,12.0,12.0,0,500
1094,2026-01-17,PPP,,0,350,333,8.5,8.5,0,350
1095,2026-01-17,CASH,,710,0,677,16.5,16.5,0,710
1096,2026-01-17,CASH,,120,0,114,3.0,3.0,0,120
1097,2026-01-17,CASH,,650,0,619,15.5,15.5,0,650
1098,2026-01-17,PPP,,0,170,162,4.0,4.0,0,170
1099,2026-01-17,,,720,0,686,17.0,17.0,0,720
1100,2026-01-17,,,350,0,333,8.5,8.5,0,350
1101,2026-01-17,PPP,,0,1700,1619,40.5,40.5,0,1700
1102,2026-01-17,CASH,,970,0,924,23.0,23.0,0,970
1103,2026-01-17,,,0,120,114,3.0,3.0,0,120
1104,2026-01-17,CASH,,400,0,381,9.5,9.5,0,400
1105,2026-01-17,PPP,,0,1700,1619,40.5,40.5,0,1700
1106,2026-01-17,PPP,,0,1800,1715,42.5,42.5,0,1800
1107,2026-01-17,PPP,,0,450,429,10.5,10.5,0,450
1108,2026-01-17,,,0,360,343,8.5,8.5,0,360
1109,2026-01-17,PPP,,0,1050,999,25.5,25.5,0,1050
1110,2026-01-17,PPP,,0,4010,3819,95.5,95.5,0,4010
1111,2026-01-17,MIXXX,,0,200,190,5.0,5.0,0,200
1112,2026-01-17,PPP,,0,350,333,8.5,8.5,0,350
1113,2026-01-17,,,0,300,286,7.0,7.0,0,300
1114,2026-01-17,,,9290,0,8846,222.0,222.0,0,9290
1115,2026-01-17,,,150,0,143,3.5,3.5,0,150
1116,2026-01-17,PPP,,0,800,762,19.0,19.0,0,800
1117,2026-01-17,,,0,980,933,23.5,23.5,0,980
1118,2026-01-17,,,0,1400,1333,33.5,33.5,0,1400
1119,2026-01-17,,,500,0,476,12.0,12.0,0,500
1120,2026-01-17,PPP,,0,3420,3256,82.0,82.0,0,3420
1121,2026-01-17,CARD,,0,1380,1315,32.5,32.5,0,1380
1122,2026-01-17,PPPP,,0,1520,1448,36.0,36.0,0,1520
1123,2026-01-17,PPP,,0,240,229,5.5,5.5,0,240
1124,2026-01-17,PPP,,0,200,190,5.0,5.0,0,200
1125,2026-01-17,PPPP,,0,750,715,17.5,17.5,0,750
1126,2026-01-17,PPP,,0,50,48,1.0,1.0,0,50
1127,2026-01-17,CASH,,602,0,573,14.5,14.5,0,602
1128,2026-01-17,PPP,,0,400,381,9.5,9.5,0,400
1129,2026-01-18,CASH,,120,0,114,3.0,3.0,0,120
1130,2026-01-18,PPP,,0,300,286,7.0,7.0,0,300
1131,2026-01-18,PPP,,0,160,152,4.0,4.0,0,160
1132,2026-01-18,CASH,,100,0,95,2.5,2.5,0,100
1133,2026-01-18,CASH,,500,0,476,12.0,12.0,0,500
1134,2026-01-18,CASH,,1100,0,1048,26.0,26.0,0,1100
1135,2026-01-18,CARD,,0,150,143,3.5,3.5,0,150
1136,2026-01-18,PPP,,0,50,48,1.0,1.0,0,50
1137,2026-01-18,PPP,,0,200,190,5.0,5.0,0,200
1138,2026-01-18,CASH,,150,0,143,3.5,3.5,0,150
1139,2026-01-18,PPP,,0,350,333,8.5,8.5,0,350
1140,2026-01-18,PPP,,0,520,495,12.5,12.5,0,520
1141,2026-01-18,CASH,,150,0,143,3.5,3.5,0,150
1142,2026-01-18,PPP,,0,390,372,9.0,9.0,0,390
1143,2026-01-18,PPP,,0,60,57,1.5,1.5,0,60
1144,2026-01-18,PPP,,0,240,229,5.5,5.5,0,240
1145,2026-01-18,CASH,,450,0,429,10.5,10.5,0,450
1146,2026-01-18,PPP,,0,150,143,3.5,3.5,0,150
1147,2026-01-18,,,0,350,333,8.5,8.5,0,350
1148,2026-01-18,,,0,450,429,10.5,10.5,0,450
1149,2026-01-18,CARD,,0,2500,2381,59.5,59.5,0,2500
1150,2026-01-18,PPP,,0,540,515,12.5,12.5,0,540
1151,2026-01-18,CASH,,1270,0,1210,30.0,30.0,0,1270
1152,2026-01-18,PPP,,0,800,762,19.0,19.0,0,800
1153,2026-01-18,CARD,,0,4140,3945,97.5,97.5,0,4140
1154,2026-01-18,,,250,0,238,6.0,6.0,0,250
1155,2026-01-18,PPP,,0,1310,1247,31.5,31.5,0,1310
1156,2026-01-18,PPP,,0,400,381,9.5,9.5,0,400
1157,2026-01-18,PPP,,0,1450,1381,34.5,34.5,0,1450
1158,2026-01-18,PPP,,0,1540,1467,36.5,36.5,0,1540
1159,2026-01-18,,,0,3360,3201,79.5,79.5,0,3360
1160,2026-01-18,PPP,,0,400,381,9.5,9.5,0,400
1161,2026-01-18,CASH,,100,0,95,2.5,2.5,0,100
1162,2026-01-18,CARD,,0,1110,1057,26.5,26.5,0,1110
1163,2026-01-18,CASH,,150,0,143,3.5,3.5,0,150
1164,2026-01-18,,,100,0,95,2.5,2.5,0,100
1165,2026-01-18,PPP,,0,3250,3094,78.0,78.0,0,3250
1166,2026-01-18,,,300,0,286,7.0,7.0,0,300
1167,2026-01-18,CASH,,1000,0,952,24.0,24.0,0,1000
1168,2026-01-18,,,200,0,190,5.0,5.0,0,200
1169,2026-01-18,CASH,,1270,0,1209,30.5,30.5,0,1270
1170,2026-01-18,CASH,,600,0,571,14.5,14.5,0,600
1171,2026-01-18,PPP,,0,120,114,3.0,3.0,0,120
1172,2026-01-18,PPP,,0,150,143,3.5,3.5,0,150
1173,2026-01-18,CASH,,240,0,229,5.5,5.5,0,240
1174,2026-01-18,CASH,,110,0,105,2.5,2.5,0,110
1175,2026-01-18,PPP,,0,900,857,21.5,21.5,0,900
1176,2026-01-18,PPP,,0,450,429,10.5,10.5,0,450
1177,2026-01-18,PPP,,0,400,381,9.5,9.5,0,400
1178,2026-01-18,CASH,,7730,0,7362,184.0,184.0,0,7730
1179,2026-01-18,CASH,,1600,0,1524,38.0,38.0,0,1600
1180,2026-01-18,PPP,,0,1100,1048,26.0,26.0,0,1100
1181,2026-01-18,CASH,,2070,0,1971,49.5,49.5,0,2070
1182,2026-01-18,CASH,,240,0,229,5.5,5.5,0,240
1183,2026-01-18,CASH,,1100,0,1048,26.0,26.0,0,1100
1184,2026-01-18,CASH,,50,0,48,1.0,1.0,0,50
1185,2026-01-18,PPP,,0,50,48,1.0,1.0,0,50
1186,2026-01-18,PPP,,0,450,429,10.5,10.5,0,450
1187,2026-01-18,PPP,,0,800,762,19.0,19.0,0,800
1188,2026-01-18,CASH,,2260,0,2153,53.5,53.5,0,2260
1189,2026-01-18,PPPP,,0,360,343,8.5,8.5,0,360
1190,2026-01-18,,,790,0,753,18.5,18.5,0,790
1191,2026-01-18,,,200,0,190,5.0,5.0,0,200
1192,2026-01-18,,,0,900,857,21.5,21.5,0,900
1193,2026-01-18,,,800,0,762,19.0,19.0,0,800
1194,2026-01-18,,,0,200,190,5.0,5.0,0,200
1195,2026-01-18,PPP,,0,120,114,3.0,3.0,0,120
1196,2026-01-18,PPP,,0,1600,1524,38.0,38.0,0,1600
1197,2026-01-18,,,0,1300,1238,31.0,31.0,0,1300
1198,2026-01-18,PPP,,0,480,457,11.5,11.5,0,480
1199,2026-01-18,PPP,,0,150,143,3.5,3.5,0,150
1200,2026-01-18,CASH,,250,0,238,6.0,6.0,0,250
1201,2026-01-18,CASH,,1870,0,1781,44.5,44.5,0,1870
1202,2026-01-19,CASH,,350,0,333,8.5,8.5,0,350
1203,2026-01-19,CASH,,100,0,95,2.5,2.5,0,100
1204,2026-01-19,PPP,,0,350,333,8.5,8.5,0,350
1205,2026-01-19,CASH,,500,0,476,12.0,12.0,0,500
1206,2026-01-19,PPP,,0,300,286,7.0,7.0,0,300
1207,2026-01-19,PPP,,0,880,837,21.5,21.5,0,880
1208,2026-01-19,CASH,,1190,0,1134,28.0,28.0,0,1190
1209,2026-01-19,PPP,,0,150,143,3.5,3.5,0,150
1210,2026-01-19,PPP,,0,1000,952,24.0,24.0,0,1000
1211,2026-01-19,CASH,,970,0,924,23.0,23.0,0,970
1212,2026-01-19,PPP,,0,400,381,9.5,9.5,0,400
1213,2026-01-19,PPP,,0,2230,2124,53.0,53.0,0,2230
1214,2026-01-19,PPP,,0,3150,3000,75.0,75.0,0,3150
1215,2026-01-19,PPP,,0,30,29,0.5,0.5,0,30
1216,2026-01-19,PPP,,0,1250,1191,29.5,29.5,0,1250
1217,2026-01-19,,,3120,0,2972,74.0,74.0,0,3120
1218,2026-01-19,CASH,,190,0,181,4.5,4.5,0,190
1219,2026-01-19,PPP,,0,2200,2094,53.0,53.0,0,2200
1220,2026-01-19,CASH,,620,0,590,15.0,15.0,0,620
1221,2026-01-19,CASH,,550,0,523,13.5,13.5,0,550
1222,2026-01-19,CASH,,800,0,762,19.0,19.0,0,800
1223,2026-01-19,PPP,,0,1150,1096,27.0,27.0,0,1150
1224,2026-01-19,CASH,,40,0,38,1.0,1.0,0,40
1225,2026-01-19,PPP,,0,350,333,8.5,8.5,0,350
1226,2026-01-19,CASH,,600,0,571,14.5,14.5,0,600
1227,2026-01-19,,,240,0,229,5.5,5.5,0,240
1228,2026-01-19,,,50,0,48,1.0,1.0,0,50
1229,2026-01-19,,,30,0,29,0.5,0.5,0,30
1230,2026-01-19,PPP,,0,500,476,12.0,12.0,0,500
1231,2026-01-19,PPP,,0,340,324,8.0,8.0,0,340
1232,2026-01-19,,,300,0,286,7.0,7.0,0,300
1233,2026-01-19,,,0,350,333,8.5,8.5,0,350
1234,2026-01-19,CASH,,320,0,305,7.5,7.5,0,320
1235,2026-01-19,CASH,,120,0,114,3.0,3.0,0,120
1236,2026-01-19,PPP,,0,120,114,3.0,3.0,0,120
1237,2026-01-19,PPP,,0,800,762,19.0,19.0,0,800
1238,2026-01-19,CASH,,1100,0,1048,26.0,26.0,0,1100
1239,2026-01-19,PPP,,0,200,190,5.0,5.0,0,200
1240,2026-01-19,PPP,,0,30,29,0.5,0.5,0,30
1241,2026-01-19,,,0,1800,1714,43.0,43.0,0,1800
1242,2026-01-19,SWAMI SIR BILL,,2400,0,2286,57.0,57.0,0,2400
1243,2026-01-19,PPP,,0,600,571,14.5,14.5,0,600
1244,2026-01-19,,,0,540,515,12.5,12.5,0,540
1245,2026-01-19,PPP,,0,3950,3761,94.5,94.5,0,3950
1246,2026-01-19,PPP,,0,1500,1429,35.5,35.5,0,1500
1247,2026-01-19,,,1000,0,953,23.5,23.5,0,1000
1248,2026-01-19,PPP,,0,350,333,8.5,8.5,0,350
1249,2026-01-19,CASH,,300,0,286,7.0,7.0,0,300
1250,2026-01-19,PPP,,0,700,667,16.5,16.5,0,700
1251,2026-01-19,PPP,,0,800,762,19.0,19.0,0,800
1252,2026-01-19,CASH,,1450,0,1380,35.0,35.0,0,1450
1253,2026-01-19,PPP,,0,150,143,3.5,3.5,0,150
1254,2026-01-19,PPP,,0,250,238,6.0,6.0,0,250
1255,2026-01-20,,,0,560,533,13.5,13.5,0,560
1256,2026-01-20,CASH,,1520,0,1447,36.5,36.5,0,1520
1257,2026-01-20,PP,,0,150,143,3.5,3.5,0,150
1258,2026-01-20,CASH,,1600,0,1524,38.0,38.0,0,1600
1259,2026-01-20,PPP,,0,1350,1285,32.5,32.5,0,1350
1260,2026-01-20,CASH,,740,0,705,17.5,17.5,0,740
1261,2026-01-20,6,,500,0,476,12.0,12.0,0,500
1262,2026-01-20,,,160,0,152,4.0,4.0,0,160
1263,2026-01-20,CASH,,700,0,667,16.5,16.5,0,700
1264,2026-01-20,,,220,0,210,5.0,5.0,0,220
1265,2026-01-20,PPP,,0,900,857,21.5,21.5,0,900
1266,2026-01-20,PPP,,3840,0,3656,92.0,92.0,0,3840
1267,2026-01-20,PPP,,0,3220,3068,76.0,76.0,0,3220
1268,2026-01-20,,,0,340,324,8.0,8.0,0,340
1269,2026-01-20,,,0,200,190,5.0,5.0,0,200
1270,2026-01-20,PPP,,0,790,753,18.5,18.5,0,790
1271,2026-01-20,CASH,,1770,0,1685,42.5,42.5,0,1770
1272,2026-01-20,,,0,450,429,10.5,10.5,0,450
1273,2026-01-20,CASH,,0,210,200,5.0,5.0,0,210
1274,2026-01-20,PPP,,0,300,286,7.0,7.0,0,300
1275,2026-01-20,CASH,,640,0,610,15.0,15.0,0,640
1276,2026-01-20,,,0,300,285,7.5,7.5,0,300
1277,2026-01-20,,,950,0,905,22.5,22.5,0,950
1278,2026-01-20,,,4500,0,4286,107.0,107.0,0,4500
1279,2026-01-20,,,1900,0,1809,45.5,45.5,0,1900
1280,2026-01-20,,,0,800,762,19.0,19.0,0,800
1281,2026-01-20,,,120,0,114,3.0,3.0,0,120
1282,2026-01-20,,,0,480,457,11.5,11.5,0,480
1283,2026-01-20,,,120,0,114,3.0,3.0,0,120
1284,2026-01-20,,,0,200,190,5.0,5.0,0,200
1285,2026-01-20,,,0,120,114,3.0,3.0,0,120
1286,2026-01-20,,,0,270,257,6.5,6.5,0,270
1287,2026-01-20,,,0,420,400,10.0,10.0,0,420
1288,2026-01-20,PPP,,0,1700,1619,40.5,40.5,0,1700
1289,2026-01-20,,,180,0,171,4.5,4.5,0,180
1290,2026-01-20,CASH,,1100,0,1048,26.0,26.0,0,1100
1291,2026-01-20,,,660,0,628,16.0,16.0,0,660
1292,2026-01-20,PPP,,0,1000,953,23.5,23.5,0,1000
1293,2026-01-20,,,0,650,619,15.5,15.5,0,650
1294,2026-01-20,PPP,,0,1250,1191,29.5,29.5,0,1250
1295,2026-01-20,PPP,,0,300,286,7.0,7.0,0,300
1296,2026-01-20,,,1450,0,1380,35.0,35.0,0,1450
1297,2026-01-20,CASH,,1190,0,1134,28.0,28.0,0,1190
1298,2026-01-20,,,1000,0,952,24.0,24.0,0,1000
1299,2026-01-20,,,450,0,429,10.5,10.5,0,450
1300,2026-01-20,,,350,0,333,8.5,8.5,0,350
1301,2026-01-20,CARD,,0,750,714,18.0,18.0,0,750
1302,2026-01-20,CASH,,550,0,524,13.0,13.0,0,550
1303,2026-01-20,CASH,,1620,0,1543,38.5,38.5,0,1620
1304,2026-01-20,PPP,,0,850,810,20.0,20.0,0,850
1305,2026-01-20,PPP,,0,200,190,5.0,5.0,0,200
1306,2026-01-20,PPP,,0,250,238,6.0,6.0,0,250
1307,2026-01-20,PPP,,0,600,572,14.0,14.0,0,600
1308,2026-01-20,PPP,,0,350,333,8.5,8.5,0,350
1309,2026-01-20,PPP,,0,500,476,12.0,12.0,0,500
1310,2026-01-20,PPP,,0,300,286,7.0,7.0,0,300
1311,2026-01-20,PPP,,0,500,476,12.0,12.0,0,500
1312,2026-01-20,CARD,,0,1840,1752,44.0,44.0,0,1840
1313,2026-01-20,CASH,,150,0,143,3.5,3.5,0,150
1314,2026-01-20,,,650,0,619,15.5,15.5,0,650
1315,2026-01-20,CASH,,550,0,524,13.0,13.0,0,550
1316,2026-01-20,PPP,,0,1100,1048,26.0,26.0,0,1100
1317,2026-01-21,CASH,,350,0,333,8.5,8.5,0,350
1318,2026-01-21,CASH,,50,0,48,1.0,1.0,0,50
1319,2026-01-21,CASH,,250,0,238,6.0,6.0,0,250
1320,2026-01-21,PPP,,0,100,95,2.5,2.5,0,100
1321,2026-01-21,CASH,,250,0,238,6.0,6.0,0,250
1322,2026-01-21,,,0,750,715,17.5,17.5,0,750
1323,2026-01-21,CASH,,300,0,286,7.0,7.0,0,300
1324,2026-01-21,,,0,240,229,5.5,5.5,0,240
1325,2026-01-21,,,450,0,429,10.5,10.5,0,450
1326,2026-01-21,PPP,,0,700,666,17.0,17.0,0,700
1327,2026-01-21,CASH,,850,0,810,20.0,20.0,0,850
1328,2026-01-21,PPP,,0,150,143,3.5,3.5,0,150
1329,2026-01-21,PPP,,0,1500,1428,36.0,36.0,0,1500
1330,2026-01-21,PPP,,0,2240,2132,54.0,54.0,0,2240
1331,2026-01-21,,,120,0,114,3.0,3.0,0,120
1332,2026-01-21,CASH,,70,0,67,1.5,1.5,0,70
1333,2026-01-21,,,0,1000,952,24.0,24.0,0,1000
1334,2026-01-21,,,0,400,381,9.5,9.5,0,400
1335,2026-01-21,,,1400,0,1333,33.5,33.5,0,1400
1336,2026-01-21,PPP,,0,400,381,9.5,9.5,0,400
1337,2026-01-21,PPP,,0,1050,1000,25.0,25.0,0,1050
1338,2026-01-21,CASH,,80,0,76,2.0,2.0,0,80
1339,2026-01-21,CASH,,450,0,429,10.5,10.5,0,450
1340,2026-01-21,,,0,50,48,1.0,1.0,0,50
1341,2026-01-21,CASH,,200,0,190,5.0,5.0,0,200
1342,2026-01-21,PPP,,0,250,238,6.0,6.0,0,250
1343,2026-01-21,CASH,,370,0,353,8.5,8.5,0,370
1344,2026-01-21,[PPP,,0,650,619,15.5,15.5,0,650
1345,2026-01-21,CASH,,1200,0,1142,29.0,29.0,0,1200
1346,2026-01-21,[PPP,,0,150,143,3.5,3.5,0,150
1347,2026-01-21,CASH,,500,0,476,12.0,12.0,0,500
1348,2026-01-21,PPP,,0,480,457,11.5,11.5,0,480
1349,2026-01-21,PPP,,0,1700,1619,40.5,40.5,0,1700
1350,2026-01-21,CASH,,300,0,286,7.0,7.0,0,300
1351,2026-01-21,PPP,,0,180,172,4.0,4.0,0,180
1352,2026-01-21,PPP,,0,1570,1495,37.5,37.5,0,1570
1353,2026-01-21,CASH,,370,0,352,9.0,9.0,0,370
1354,2026-01-21,CASH,,2300,0,2190,55.0,55.0,0,2300
1355,2026-01-21,CASH,,840,0,800,20.0,20.0,0,840
1356,2026-01-21,,,380,0,362,9.0,9.0,0,380
1357,2026-01-21,PPP,,0,150,143,3.5,3.5,0,150
1358,2026-01-21,,,150,0,143,3.5,3.5,0,150
1359,2026-01-21,,,650,0,619,15.5,15.5,0,650
1360,2026-01-21,PPP,,0,1400,1333,33.5,33.5,0,1400
1361,2026-01-21,PPP,,0,1400,1333,33.5,33.5,0,1400
1362,2026-01-21,PPPP,,0,1000,952,24.0,24.0,0,1000
1363,2026-01-21,PPP,,0,1200,1142,29.0,29.0,0,1200
1364,2026-01-21,PPP,,0,2150,2047,51.5,51.5,0,2150
1365,2026-01-21,CASH,,1800,0,1715,42.5,42.5,0,1800
1366,2026-01-22,PPP,,0,550,524,13.0,13.0,0,550
1367,2026-01-22,CASH,,110,0,105,2.5,2.5,0,110
1368,2026-01-22,PPP,,0,30,29,0.5,0.5,0,30
1369,2026-01-22,CASH,,250,0,238,6.0,6.0,0,250
1370,2026-01-22,CASH,,250,0,238,6.0,6.0,0,250
1371,2026-01-22,,,400,0,381,9.5,9.5,0,400
1372,2026-01-22,,,0,1310,1247,31.5,31.5,0,1310
1373,2026-01-22,CASH,,120,0,114,3.0,3.0,0,120
1374,2026-01-22,PPP,,0,450,429,10.5,10.5,0,450
1375,2026-01-22,,,320,0,304,8.0,8.0,0,320
1376,2026-01-22,,,60,0,57,1.5,1.5,0,60
1377,2026-01-22,PPP,,0,450,429,10.5,10.5,0,450
1378,2026-01-22,PPP,,0,1070,1019,25.5,25.5,0,1070
1379,2026-01-22,PPP,,0,160,152,4.0,4.0,0,160
1380,2026-01-22,,,650,0,619,15.5,15.5,0,650
1381,2026-01-22,,,300,0,286,7.0,7.0,0,300
1382,2026-01-22,,,0,150,143,3.5,3.5,0,150
1383,2026-01-22,PPP,,0,1230,1171,29.5,29.5,0,1230
1384,2026-01-22,,,150,0,143,3.5,3.5,0,150
1385,2026-01-22,,,0,1100,1048,26.0,26.0,0,1100
1386,2026-01-22,CASH,,0,100,95,2.5,2.5,0,100
1387,2026-01-22,CASH,,1800,0,1715,42.5,42.5,0,1800
1388,2026-01-22,,,300,0,286,7.0,7.0,0,300
1389,2026-01-22,PPP,,0,750,715,17.5,17.5,0,750
1390,2026-01-22,,,0,590,562,14.0,14.0,0,590
1391,2026-01-22,,,0,520,495,12.5,12.5,0,520
1392,2026-01-22,,,0,800,762,19.0,19.0,0,800
1393,2026-01-22,,,0,100,95,2.5,2.5,0,100
1394,2026-01-22,,,0,450,429,10.5,10.5,0,450
1395,2026-01-22,,,0,450,429,10.5,10.5,0,450
1396,2026-01-22,,,0,1000,952,24.0,24.0,0,1000
1397,2026-01-22,PPP,,0,670,638,16.0,16.0,0,670
1398,2026-01-22,,,0,150,143,3.5,3.5,0,150
1399,2026-01-22,,,0,300,286,7.0,7.0,0,300
1400,2026-01-22,,,0,120,114,3.0,3.0,0,120
1401,2026-01-22,PPP,,0,510,485,12.5,12.5,0,510
1402,2026-01-22,CASH,,500,0,476,12.0,12.0,0,500
1403,2026-01-22,PPP,,0,900,857,21.5,21.5,0,900
1404,2026-01-22,CASH,,1420,0,1352,34.0,34.0,0,1420
1405,2026-01-22,CASH,,350,0,333,8.5,8.5,0,350
1406,2026-01-22,CASH,,1800,0,1714,43.0,43.0,0,1800
1407,2026-01-22,PPP,,0,80,76,2.0,2.0,0,80
1408,2026-01-22,PPP,,0,400,381,9.5,9.5,0,400
1409,2026-01-22,PPP,,0,470,447,11.5,11.5,0,470
1410,2026-01-22,PPP,,0,750,714,18.0,18.0,0,750
1411,2026-01-22,CASH,,120,0,114,3.0,3.0,0,120
1412,2026-01-22,CASH,,800,0,762,19.0,19.0,0,800
1413,2026-01-22,PPP,,0,150,143,3.5,3.5,0,150
1414,2026-01-22,CASH,,1600,0,1524,38.0,38.0,0,1600
1415,2026-01-22,[PPP,,0,250,238,6.0,6.0,0,250
1416,2026-01-22,PPPP,,0,150,143,3.5,3.5,0,150
1417,2026-01-23,CASH,,1210,0,1153,28.5,28.5,0,1210
1418,2026-01-23,,,150,0,143,3.5,3.5,0,150
1419,2026-01-23,,,370,0,352,9.0,9.0,0,370
1420,2026-01-23,CARD,,0,600,571,14.5,14.5,0,600
1421,2026-01-23,CASH,,500,0,476,12.0,12.0,0,500
1422,2026-01-23,PPP\,,0,3350,3190,80.0,80.0,0,3350
1423,2026-01-23,PPP,,0,480,457,11.5,11.5,0,480
1424,2026-01-23,,,0,350,333,8.5,8.5,0,350
1425,2026-01-23,PPP,,0,700,667,16.5,16.5,0,700
1426,2026-01-23,,,120,0,114,3.0,3.0,0,120
1427,2026-01-23,,,0,650,619,15.5,15.5,0,650
1428,2026-01-23,,,0,960,914,23.0,23.0,0,960
1429,2026-01-23,,,0,240,229,5.5,5.5,0,240
1430,2026-01-23,,,0,350,333,8.5,8.5,0,350
1431,2026-01-23,CASH,,350,0,333,8.5,8.5,0,350
1432,2026-01-23,PPP,,0,120,114,3.0,3.0,0,120
1433,2026-01-23,PPP,,0,80,76,2.0,2.0,0,80
1434,2026-01-23,CASH,,880,0,838,21.0,21.0,0,880
1435,2026-01-23,PPP,,0,150,143,3.5,3.5,0,150
1436,2026-01-23,CASH,,150,0,143,3.5,3.5,0,150
1437,2026-01-23,,,480,0,458,11.0,11.0,0,480
1438,2026-01-23,,,1200,0,1143,28.5,28.5,0,1200
1439,2026-01-23,,,1650,0,1571,39.5,39.5,0,1650
1440,2026-01-23,,,1370,0,1305,32.5,32.5,0,1370
1441,2026-01-23,,,1530,0,1457,36.5,36.5,0,1530
1442,2026-01-23,,,450,0,429,10.5,10.5,0,450
1443,2026-01-23,CASH,,360,0,343,8.5,8.5,0,360
1444,2026-01-23,CASH,,120,0,114,3.0,3.0,0,120
1445,2026-01-23,CASH,,170,0,162,4.0,4.0,0,170
1446,2026-01-23,,,0,200,190,5.0,5.0,0,200
1447,2026-01-23,,,150,0,143,3.5,3.5,0,150
1448,2026-01-23,,,550,0,524,13.0,13.0,0,550
1449,2026-01-23,,,0,1350,1286,32.0,32.0,0,1350
1450,2026-01-23,,,240,0,229,5.5,5.5,0,240
1451,2026-01-23,,,300,0,286,7.0,7.0,0,300
1452,2026-01-23,CASH,,350,0,333,8.5,8.5,0,350
1453,2026-01-23,,,350,0,333,8.5,8.5,0,350
1454,2026-01-23,,,1880,0,1790,45.0,45.0,0,1880
1455,2026-01-23,,,0,100,95,2.5,2.5,0,100
1456,2026-01-23,,,100,0,95,2.5,2.5,0,100
1457,2026-01-23,,,200,0,190,5.0,5.0,0,200
1458,2026-01-23,PPP,,0,200,190,5.0,5.0,0,200
1459,2026-01-23,,,400,0,380,10.0,10.0,0,400
1460,2026-01-23,,,850,0,810,20.0,20.0,0,850
1461,2026-01-23,,,300,0,286,7.0,7.0,0,300
1462,2026-01-23,,,1450,0,1381,34.5,34.5,0,1450
1463,2026-01-23,,,850,0,810,20.0,20.0,0,850
1464,2026-01-23,CASH,,100,0,96,2.0,2.0,0,100
1465,2026-01-23,PPP,,0,550,523,13.5,13.5,0,550
1466,2026-01-23,CASH,,850,0,810,20.0,20.0,0,850
1467,2026-01-23,PPP,,0,3500,3333,83.5,83.5,0,3500
1468,2026-01-23,PPP,,0,870,829,20.5,20.5,0,870
1469,2026-01-23,PPP,,0,1110,1057,26.5,26.5,0,1110
1470,2026-01-23,MIXXX,,2200,0,2095,52.5,52.5,0,2200
1471,2026-01-24,PPP,,0,240,229,5.5,5.5,0,240
1472,2026-01-24,CASH,,150,0,143,3.5,3.5,0,150
1473,2026-01-24,PPP,,0,800,762,19.0,19.0,0,800
1474,2026-01-24,PPP,,0,300,286,7.0,7.0,0,300
1475,2026-01-24,PPP,,0,100,95,2.5,2.5,0,100
1476,2026-01-24,PPP,,0,500,476,12.0,12.0,0,500
1477,2026-01-24,MIXX,,1500,0,1429,35.5,35.5,0,1500
1478,2026-01-24,,,500,0,476,12.0,12.0,0,500
1479,2026-01-24,CASH,,930,0,885,22.5,22.5,0,930
1480,2026-01-24,CASH,,1100,0,1047,26.5,26.5,0,1100
1481,2026-01-24,PPP,,0,1000,952,24.0,24.0,0,1000
1482,2026-01-24,CASH,,500,0,476,12.0,12.0,0,500
1483,2026-01-24,PPP,,0,120,114,3.0,3.0,0,120
1484,2026-01-24,CASH,,750,0,714,18.0,18.0,0,750
1485,2026-01-24,,,850,0,810,20.0,20.0,0,850
1486,2026-01-24,CASH,,350,0,333,8.5,8.5,0,350
1487,2026-01-24,PPP,,0,50,48,1.0,1.0,0,50
1488,2026-01-24,PPP,,0,150,143,3.5,3.5,0,150
1489,2026-01-24,CASH,,320,0,304,8.0,8.0,0,320
1490,2026-01-24,PPP,,0,150,143,3.5,3.5,0,150
1491,2026-01-24,PPP,,0,400,381,9.5,9.5,0,400
1492,2026-01-24,,,0,1210,1153,28.5,28.5,0,1210
1493,2026-01-24,PPP,,0,300,285,7.5,7.5,0,300
1494,2026-01-24,PPP,,0,450,429,10.5,10.5,0,450
1495,2026-01-24,PPP,,0,120,114,3.0,3.0,0,120
1496,2026-01-24,,,0,500,476,12.0,12.0,0,500
1497,2026-01-24,,,0,600,571,14.5,14.5,0,600
1498,2026-01-24,,,0,80,76,2.0,2.0,0,80
1499,2026-01-24,,,0,780,742,19.0,19.0,0,780
1500,2026-01-24,PPP,,0,1140,1085,27.5,27.5,0,1140
1501,2026-01-24,,,300,0,286,7.0,7.0,0,300
1502,2026-01-24,,,0,930,886,22.0,22.0,0,930
1503,2026-01-24,CACH,,450,0,429,10.5,10.5,0,450
1504,2026-01-24,PPP,,0,960,913,23.5,23.5,0,960
1505,2026-01-24,,,1150,0,1095,27.5,27.5,0,1150
1506,2026-01-24,,,0,500,476,12.0,12.0,0,500
1507,2026-01-24,,,0,960,914,23.0,23.0,0,960
1508,2026-01-24,,,0,300,286,7.0,7.0,0,300
1509,2026-01-24,PPP,,0,2070,1973,48.5,48.5,0,2070
1510,2026-01-24,,,100,0,95,2.5,2.5,0,100
1511,2026-01-24,PPP,,0,2200,2095,52.5,52.5,0,2200
1512,2026-01-24,CASH,,380,0,362,9.0,9.0,0,380
1513,2026-01-24,CASH,,500,0,476,12.0,12.0,0,500
1514,2026-01-24,CASH,,250,0,238,6.0,6.0,0,250
1515,2026-01-24,,,0,180,171,4.5,4.5,0,180
1516,2026-01-24,,,0,770,733,18.5,18.5,0,770
1517,2026-01-24,PPP,,0,750,715,17.5,17.5,0,750
1518,2026-01-24,CASH,,250,0,238,6.0,6.0,0,250
1519,2026-01-24,CASH,,350,0,333,8.5,8.5,0,350
1520,2026-01-24,PPP,,0,1310,1248,31.0,31.0,0,1310
1521,2026-01-24,CASH,,150,0,143,3.5,3.5,0,150
1522,2026-01-24,PPP,,0,350,333,8.5,8.5,0,350
1523,2026-01-24,PPP,,0,450,429,10.5,10.5,0,450
1524,2026-01-24,,,0,310,295,7.5,7.5,0,310
1525,2026-01-24,PPP,,0,870,828,21.0,21.0,0,870
1526,2026-01-25,,,0,420,400,10.0,10.0,0,420
1527,2026-01-25,,,60,0,57,1.5,1.5,0,60
1528,2026-01-25,,,550,0,524,13.0,13.0,0,550
1529,2026-01-25,,,150,0,143,3.5,3.5,0,150
1530,2026-01-25,CASH,,620,0,590,15.0,15.0,0,620
1531,2026-01-25,,,300,0,285,7.5,7.5,0,300
1532,2026-01-25,CASH,,0,1150,1095,27.5,27.5,0,1150
1533,2026-01-25,,,0,200,190,5.0,5.0,0,200
1534,2026-01-25,,,0,200,190,5.0,5.0,0,200
1535,2026-01-25,,,200,0,190,5.0,5.0,0,200
1536,2026-01-25,,,470,0,448,11.0,11.0,0,470
1537,2026-01-25,,,0,160,152,4.0,4.0,0,160
1538,2026-01-25,,,450,0,429,10.5,10.5,0,450
1539,2026-01-25,,,0,1100,1048,26.0,26.0,0,1100
1540,2026-01-25,,,0,300,286,7.0,7.0,0,300
1541,2026-01-25,,,0,1000,952,24.0,24.0,0,1000
1542,2026-01-25,,,100,0,95,2.5,2.5,0,100
1543,2026-01-25,,,310,0,295,7.5,7.5,0,310
1544,2026-01-25,,,150,0,143,3.5,3.5,0,150
1545,2026-01-25,,,0,580,552,14.0,14.0,0,580
1546,2026-01-25,PPP,,0,300,286,7.0,7.0,0,300
1547,2026-01-25,PPP,,0,250,238,6.0,6.0,0,250
1548,2026-01-25,,,0,530,505,12.5,12.5,0,530
1549,2026-01-25,,,0,150,143,3.5,3.5,0,150
1550,2026-01-25,,,1000,0,952,24.0,24.0,0,1000
1551,2026-01-25,,,0,2160,2057,51.5,51.5,0,2160
1552,2026-01-25,CASH,,0,500,476,12.0,12.0,0,500
1553,2026-01-25,,,0,1170,1114,28.0,28.0,0,1170
1554,2026-01-25,,,2240,0,2133,53.5,53.5,0,2240
1555,2026-01-25,CASH,,500,0,476,12.0,12.0,0,500
1556,2026-01-25,,,0,1520,1447,36.5,36.5,0,1520
1557,2026-01-25,,,0,400,381,9.5,9.5,0,400
1558,2026-01-25,,,0,390,372,9.0,9.0,0,390
1559,2026-01-25,CASH,,1700,0,1620,40.0,40.0,0,1700
1560,2026-01-25,,,0,120,114,3.0,3.0,0,120
1561,2026-01-25,,,0,60,57,1.5,1.5,0,60
1562,2026-01-25,,,0,150,143,3.5,3.5,0,150
1563,2026-01-25,,,500,0,476,12.0,12.0,0,500
1564,2026-01-25,,,0,730,696,17.0,17.0,0,730
1565,2026-01-25,CASH,,0,480,457,11.5,11.5,0,480
1566,2026-01-25,,,120,0,114,3.0,3.0,0,120
1567,2026-01-25,,,620,0,591,14.5,14.5,0,620
1568,2026-01-25,,,190,0,181,4.5,4.5,0,190
1569,2026-01-25,,,250,0,238,6.0,6.0,0,250
1570,2026-01-25,,,50,0,48,1.0,1.0,0,50
1571,2026-01-25,,,0,350,333,8.5,8.5,0,350
1572,2026-01-25,,,0,1100,1047,26.5,26.5,0,1100
1573,2026-01-25,,,100,0,95,2.5,2.5,0,100
1574,2026-01-25,,,0,1400,1333,33.5,33.5,0,1400
1575,2026-01-25,,,0,950,905,22.5,22.5,0,950
1576,2026-01-25,,,0,150,143,3.5,3.5,0,150
1577,2026-01-25,,,0,750,714,18.0,18.0,0,750
1578,2026-01-25,,,0,600,571,14.5,14.5,0,600
1579,2026-01-25,,,0,730,695,17.5,17.5,0,730
1580,2026-01-25,,,120,0,114,3.0,3.0,0,120
1581,2026-01-25,,,0,2430,2312,59.0,59.0,0,2430
1582,2026-01-25,,,50,0,48,1.0,1.0,0,50
1583,2026-01-25,,,0,4980,4743,118.5,118.5,0,4980
1584,2026-01-25,,,0,540,515,12.5,12.5,0,540
1585,2026-01-25,,,240,0,229,5.5,5.5,0,240
1586,2026-01-25,,,120,0,114,3.0,3.0,0,120
1587,2026-01-25,,,250,0,238,6.0,6.0,0,250
1588,2026-01-25,,,250,0,238,6.0,6.0,0,250
1589,2026-01-25,,,50,0,48,1.0,1.0,0,50
1590,2026-01-25,,,0,300,286,7.0,7.0,0,300
1591,2026-01-25,,,150,0,143,3.5,3.5,0,150
1592,2026-01-25,,,240,0,229,5.5,5.5,0,240
1593,2026-01-25,,,700,0,666,17.0,17.0,0,700
1594,2026-01-25,,,90,0,86,2.0,2.0,0,90
1595,2026-01-25,,,720,0,686,17.0,17.0,0,720
1596,2026-01-25,,,1680,0,1600,40.0,40.0,0,1680
1597,2026-01-25,,,0,1180,1123,28.5,28.5,0,1180
1598,2026-01-25,,,0,1450,1381,34.5,34.5,0,1450
1599,2026-01-25,,,350,0,333,8.5,8.5,0,350
1600,2026-01-25,,,0,50,48,1.0,1.0,0,50
1601,2026-01-25,[[PPPP,,0,100,95,2.5,2.5,0,100
1602,2026-01-25,CASH,,250,0,238,6.0,6.0,0,250
1603,2026-01-25,,,180,0,171,4.5,4.5,0,180
1604,2026-01-25,CASH,,240,0,229,5.5,5.5,0,240
1605,2026-01-25,CASH,,1350,0,1286,32.0,32.0,0,1350
1606,2026-01-25,,,2200,0,2095,52.5,52.5,0,2200
1607,2026-01-25,,,50,0,48,1.0,1.0,0,50
1608,2026-01-25,,,500,0,476,12.0,12.0,0,500
1609,2026-01-25,,,1600,0,1523,38.5,38.5,0,1600
1610,2026-01-25,,,0,1200,1142,29.0,29.0,0,1200
1611,2026-01-25,,,500,0,476,12.0,12.0,0,500
1612,2026-01-25,,,350,0,333,8.5,8.5,0,350
1613,2026-01-25,,,0,850,809,20.5,20.5,0,850
1614,2026-01-25,,,200,0,190,5.0,5.0,0,200
1615,2026-01-26,CASH,,650,0,619,15.5,15.5,0,650
1616,2026-01-26,,,240,0,229,5.5,5.5,0,240
1617,2026-01-26,,,0,2200,2095,52.5,52.5,0,2200
1618,2026-01-26,,,0,150,143,3.5,3.5,0,150
1619,2026-01-26,,,100,0,95,2.5,2.5,0,100
1620,2026-01-26,,,350,0,333,8.5,8.5,0,350
1621,2026-01-26,,,0,1100,1048,26.0,26.0,0,1100
1622,2026-01-26,,,0,1220,1162,29.0,29.0,0,1220
1623,2026-01-26,,,620,0,591,14.5,14.5,0,620
1624,2026-01-26,,,260,0,247,6.5,6.5,0,260
1625,2026-01-26,,,330,0,315,7.5,7.5,0,330
1626,2026-01-26,7,,0,360,342,9.0,9.0,0,360
1627,2026-01-26,,,100,0,95,2.5,2.5,0,100
1628,2026-01-26,,,0,350,333,8.5,8.5,0,350
1629,2026-01-26,,,1000,0,952,24.0,24.0,0,1000
1630,2026-01-26,,,0,590,562,14.0,14.0,0,590
1631,2026-01-26,,,340,0,324,8.0,8.0,0,340
1632,2026-01-26,,,330,0,314,8.0,8.0,0,330
1633,2026-01-26,,,1790,0,1704,43.0,43.0,0,1790
1634,2026-01-26,,,400,0,381,9.5,9.5,0,400
1635,2026-01-26,CASH,,120,0,114,3.0,3.0,0,120
1636,2026-01-26,,,0,300,286,7.0,7.0,0,300
1637,2026-01-26,,,0,550,524,13.0,13.0,0,550
1638,2026-01-26,,,0,300,286,7.0,7.0,0,300
1639,2026-01-26,,,300,0,286,7.0,7.0,0,300
1640,2026-01-26,,,0,7040,6706,167.0,167.0,0,7040
1641,2026-01-26,,,450,0,429,10.5,10.5,0,450
1642,2026-01-26,,,0,190,181,4.5,4.5,0,190
1643,2026-01-26,,,360,0,343,8.5,8.5,0,360
1644,2026-01-26,,,600,0,571,14.5,14.5,0,600
1645,2026-01-26,,,450,0,429,10.5,10.5,0,450
1646,2026-01-26,,,350,0,333,8.5,8.5,0,350
1647,2026-01-26,,,0,300,285,7.5,7.5,0,300
1648,2026-01-26,,,0,550,524,13.0,13.0,0,550
1649,2026-01-26,,,0,600,571,14.5,14.5,0,600
1650,2026-01-26,,,0,230,219,5.5,5.5,0,230
1651,2026-01-26,,,160,0,152,4.0,4.0,0,160
1652,2026-01-26,,,0,120,114,3.0,3.0,0,120
1653,2026-01-26,,,420,0,400,10.0,10.0,0,420
1654,2026-01-26,,,0,700,667,16.5,16.5,0,700
1655,2026-01-26,,,0,300,286,7.0,7.0,0,300
1656,2026-01-26,,,0,1520,1448,36.0,36.0,0,1520
1657,2026-01-26,,,0,570,543,13.5,13.5,0,570
1658,2026-01-26,CASH,,720,0,685,17.5,17.5,0,720
1659,2026-01-26,,,0,500,476,12.0,12.0,0,500
1660,2026-01-26,,,2670,0,2542,64.0,64.0,0,2670
1661,2026-01-26,PPP,,0,350,333,8.5,8.5,0,350
1662,2026-01-26,,,60,0,57,1.5,1.5,0,60
1663,2026-01-26,,,0,850,809,20.5,20.5,0,850
1664,2026-01-26,,,0,120,114,3.0,3.0,0,120
1665,2026-01-26,,,0,500,476,12.0,12.0,0,500
1666,2026-01-26,,,0,250,238,6.0,6.0,0,250
1667,2026-01-26,,,0,1460,1391,34.5,34.5,0,1460
1668,2026-01-26,,,0,1000,952,24.0,24.0,0,1000
1669,2026-01-27,,,30,0,29,0.5,0.5,0,30
1670,2026-01-27,PPP,,0,450,429,10.5,10.5,0,450
1671,2026-01-27,,,480,0,457,11.5,11.5,0,480
1672,2026-01-27,,,360,0,342,9.0,9.0,0,360
1673,2026-01-27,CASH,,280,0,266,7.0,7.0,0,280
1674,2026-01-27,PPP,,0,900,857,21.5,21.5,0,900
1675,2026-01-27,CASH,,150,0,143,3.5,3.5,0,150
1676,2026-01-27,,,0,1400,1332,34.0,34.0,0,1400
1677,2026-01-27,PPP,,0,1400,1333,33.5,33.5,0,1400
1678,2026-01-27,33,,300,0,286,7.0,7.0,0,300
1679,2026-01-27,,,470,0,448,11.0,11.0,0,470
1680,2026-01-27,PPP,,0,600,571,14.5,14.5,0,600
1681,2026-01-27,,,0,1250,1190,30.0,30.0,0,1250
1682,2026-01-27,,,80,0,76,2.0,2.0,0,80
1683,2026-01-27,CASH,,650,0,619,15.5,15.5,0,650
1684,2026-01-27,CASH,,300,0,286,7.0,7.0,0,300
1685,2026-01-27,PPP,,0,350,333,8.5,8.5,0,350
1686,2026-01-27,CASH,,80,0,76,2.0,2.0,0,80
1687,2026-01-27,,,30,0,29,0.5,0.5,0,30
1688,2026-01-27,PPP,,0,200,190,5.0,5.0,0,200
1689,2026-01-27,,,0,150,143,3.5,3.5,0,150
1690,2026-01-27,,,300,0,286,7.0,7.0,0,300
1691,2026-01-27,,,360,0,343,8.5,8.5,0,360
1692,2026-01-27,CASH,,280,0,267,6.5,6.5,0,280
1693,2026-01-27,MIXXX,,3900,0,3713,93.5,93.5,0,3900
1694,2026-01-27,PPP,,0,700,666,17.0,17.0,0,700
1695,2026-01-27,PPP,,0,1200,1143,28.5,28.5,0,1200
1696,2026-01-27,CASH,,350,0,333,8.5,8.5,0,350
1697,2026-01-27,PPP,,0,200,190,5.0,5.0,0,200
1698,2026-01-27,PPP,,0,890,847,21.5,21.5,0,890
1699,2026-01-28,,,350,0,333,8.5,8.5,0,350
1700,2026-01-28,,,300,0,286,7.0,7.0,0,300
1701,2026-01-28,PPP,,0,4040,3848,96.0,96.0,0,4040
1702,2026-01-28,PPP,,0,550,524,13.0,13.0,0,550
1703,2026-01-28,CASH,,100,0,95,2.5,2.5,0,100
1704,2026-01-28,PP,,0,150,143,3.5,3.5,0,150
1705,2026-01-28,CASH,,2760,0,2628,66.0,66.0,0,2760
1706,2026-01-28,PPP,,0,300,286,7.0,7.0,0,300
1707,2026-01-28,PPP,,0,850,810,20.0,20.0,0,850
1708,2026-01-28,PPP,,0,1400,1333,33.5,33.5,0,1400
1709,2026-01-28,PPP,,0,1400,1334,33.0,33.0,0,1400
1710,2026-01-28,PPP,,0,900,857,21.5,21.5,0,900
1711,2026-01-28,CASH,,1100,0,1048,26.0,26.0,0,1100
1712,2026-01-28,,,0,420,400,10.0,10.0,0,420
1713,2026-01-28,CASH,,240,0,229,5.5,5.5,0,240
1714,2026-01-28,,,620,0,590,15.0,15.0,0,620
1715,2026-01-28,,,0,900,857,21.5,21.5,0,900
1716,2026-01-28,,,100,0,95,2.5,2.5,0,100
1717,2026-01-28,,,100,0,95,2.5,2.5,0,100
1718,2026-01-28,,,200,0,190,5.0,5.0,0,200
1719,2026-01-28,,,120,0,114,3.0,3.0,0,120
1720,2026-01-28,PPP,,0,920,876,22.0,22.0,0,920
1721,2026-01-28,PPP,,0,400,381,9.5,9.5,0,400
1722,2026-01-28,CASH,,0,650,619,15.5,15.5,0,650
1723,2026-01-28,,,0,250,238,6.0,6.0,0,250
1724,2026-01-28,,,1210,0,1152,29.0,29.0,0,1210
1725,2026-01-28,,,0,460,438,11.0,11.0,0,460
1726,2026-01-28,,,250,0,238,6.0,6.0,0,250
1727,2026-01-28,,,0,850,809,20.5,20.5,0,850
1728,2026-01-28,,,0,2360,2248,56.0,56.0,0,2360
1729,2026-01-28,,,0,230,219,5.5,5.5,0,230
1730,2026-01-28,,,0,430,409,10.5,10.5,0,430
1731,2026-01-28,,,800,0,762,19.0,19.0,0,800
1732,2026-01-28,,,100,0,96,2.0,2.0,0,100
1733,2026-01-28,,,0,300,286,7.0,7.0,0,300
1734,2026-01-28,,,0,5670,5400,135.0,135.0,0,5670
1735,2026-01-28,CASH,,750,0,714,18.0,18.0,0,750
1736,2026-01-28,PPP,,0,150,143,3.5,3.5,0,150
1737,2026-01-28,CASH,,240,0,228,6.0,6.0,0,240
1738,2026-01-28,PPP,,0,700,666,17.0,17.0,0,700
1739,2026-01-28,CASH,,300,0,286,7.0,7.0,0,300
1740,2026-01-28,CASH,,300,0,286,7.0,7.0,0,300
1741,2026-01-28,CASH,,150,0,143,3.5,3.5,0,150
1742,2026-01-28,PP,,0,900,858,21.0,21.0,0,900
1743,2026-01-28,,,480,0,457,11.5,11.5,0,480
1744,2026-01-28,,,1250,0,1191,29.5,29.5,0,1250
1745,2026-01-28,,,0,600,572,14.0,14.0,0,600
1746,2026-01-28,CASH,,970,0,923,23.5,23.5,0,970
1747,2026-01-28,,,0,200,190,5.0,5.0,0,200
1748,2026-01-28,,,0,1620,1542,39.0,39.0,0,1620
1749,2026-01-28,,,0,1600,1522,39.0,39.0,0,1600
1750,2026-01-28,,,0,380,362,9.0,9.0,0,380
1751,2026-01-28,,,30,0,29,0.5,0.5,0,30
1752,2026-01-28,PPP,,0,1400,1333,33.5,33.5,0,1400
1753,2026-01-28,,,420,0,400,10.0,10.0,0,420
1754,2026-01-29,PPP,,0,480,458,11.0,11.0,0,480
1755,2026-01-29,,,450,0,429,10.5,10.5,0,450
1756,2026-01-29,CASH,,200,0,190,5.0,5.0,0,200
1757,2026-01-29,PPP,,0,450,429,10.5,10.5,0,450
1758,2026-01-29,CARD,,0,120,114,3.0,3.0,0,120
1759,2026-01-29,CASH,,300,0,286,7.0,7.0,0,300
1760,2026-01-29,PPP,,0,1750,1667,41.5,41.5,0,1750
1761,2026-01-29,,,150,0,143,3.5,3.5,0,150
1762,2026-01-29,PPP,,0,3750,3570,90.0,90.0,0,3750
1763,2026-01-29,,,0,320,305,7.5,7.5,0,320
1764,2026-01-29,,,80,0,76,2.0,2.0,0,80
1765,2026-01-29,,,2140,0,2039,50.5,50.5,0,2140
1766,2026-01-29,CASH,,1520,0,1448,36.0,36.0,0,1520
1767,2026-01-29,PPP,,0,350,333,8.5,8.5,0,350
1768,2026-01-29,PPP,,0,360,343,8.5,8.5,0,360
1769,2026-01-29,,,100,0,95,2.5,2.5,0,100
1770,2026-01-29,CASH,,400,0,381,9.5,9.5,0,400
1771,2026-01-29,PPP,,0,400,381,9.5,9.5,0,400
1772,2026-01-29,PPP,,0,1050,1000,25.0,25.0,0,1050
1773,2026-01-29,CASH,,300,0,286,7.0,7.0,0,300
1774,2026-01-29,PPP,,0,1250,1191,29.5,29.5,0,1250
1775,2026-01-29,PPP,,0,500,476,12.0,12.0,0,500
1776,2026-01-29,,,1750,0,1666,42.0,42.0,0,1750
1777,2026-01-29,,,830,0,791,19.5,19.5,0,830
1778,2026-01-29,,,200,0,191,4.5,4.5,0,200
1779,2026-01-29,,,300,0,285,7.5,7.5,0,300
1780,2026-01-29,,,350,0,333,8.5,8.5,0,350
1781,2026-01-29,,,800,0,762,19.0,19.0,0,800
1782,2026-01-29,,,250,0,238,6.0,6.0,0,250
1783,2026-01-29,PPP,,0,1480,1408,36.0,36.0,0,1480
1784,2026-01-29,PPP,,0,920,875,22.5,22.5,0,920
1785,2026-01-29,,,600,0,572,14.0,14.0,0,600
1786,2026-01-29,PPP,,0,300,286,7.0,7.0,0,300
1787,2026-01-29,PPP,,0,300,286,7.0,7.0,0,300
1788,2026-01-29,CASH,,530,0,505,12.5,12.5,0,530
1789,2026-01-29,PPP,,0,770,733,18.5,18.5,0,770
1790,2026-01-29,PPP,,0,450,428,11.0,11.0,0,450
1791,2026-01-29,PPP,,0,1500,1429,35.5,35.5,0,1500
1792,2026-01-29,CASH,,250,0,238,6.0,6.0,0,250
1793,2026-01-29,,,0,650,619,15.5,15.5,0,650
1794,2026-01-29,,,0,350,333,8.5,8.5,0,350
1795,2026-01-29,CASH,,350,0,333,8.5,8.5,0,350
1796,2026-01-29,CASH,,1210,0,1153,28.5,28.5,0,1210
1797,2026-01-29,,,150,0,143,3.5,3.5,0,150
1798,2026-01-29,PPP,,0,1300,1238,31.0,31.0,0,1300
1799,2026-01-29,CASH,,980,0,933,23.5,23.5,0,980
1800,2026-01-29,,,1000,0,952,24.0,24.0,0,1000
1801,2026-01-29,,,50,0,48,1.0,1.0,0,50
1802,2026-01-29,,,120,0,114,3.0,3.0,0,120
1803,2026-01-30,PPP,,0,400,381,9.5,9.5,0,400
1804,2026-01-30,PPP,,0,150,143,3.5,3.5,0,150
1805,2026-01-30,PPP,,0,250,238,6.0,6.0,0,250
1806,2026-01-30,PPP,,0,800,762,19.0,19.0,0,800
1807,2026-01-30,PPP,,0,700,667,16.5,16.5,0,700
1808,2026-01-30,PPP,,0,370,352,9.0,9.0,0,370
1809,2026-01-30,PPP,,0,100,95,2.5,2.5,0,100
1810,2026-01-30,,,0,100,95,2.5,2.5,0,100
1811,2026-01-30,,,0,900,857,21.5,21.5,0,900
1812,2026-01-30,PPP,,0,550,523,13.5,13.5,0,550
1813,2026-01-30,CASH,,150,0,143,3.5,3.5,0,150
1814,2026-01-30,,,0,860,819,20.5,20.5,0,860
1815,2026-01-30,CASH,,1200,0,1142,29.0,29.0,0,1200
1816,2026-01-30,PPP,,0,230,219,5.5,5.5,0,230
1817,2026-01-30,,,100,0,95,2.5,2.5,0,100
1818,2026-01-30,,,250,0,238,6.0,6.0,0,250
1819,2026-01-30,PPP,,0,300,286,7.0,7.0,0,300
1820,2026-01-30,CASH,,50,0,48,1.0,1.0,0,50
1821,2026-01-30,PPP,,0,120,114,3.0,3.0,0,120
1822,2026-01-30,CASH,,550,0,524,13.0,13.0,0,550
1823,2026-01-30,CASH,,550,0,524,13.0,13.0,0,550
1824,2026-01-30,CASH,,100,0,95,2.5,2.5,0,100
1825,2026-01-30,PPP,,0,1000,953,23.5,23.5,0,1000
1826,2026-01-30,PPP,,0,600,571,14.5,14.5,0,600
1827,2026-01-30,PPP,,0,650,619,15.5,15.5,0,650
1828,2026-01-30,CASH,,140,0,133,3.5,3.5,0,140
1829,2026-01-30,,,500,0,476,12.0,12.0,0,500
1830,2026-01-30,CASH,,800,0,763,18.5,18.5,0,800
1831,2026-01-30,CASH,,0,550,524,13.0,13.0,0,550
1832,2026-01-30,,,100,0,95,2.5,2.5,0,100
1833,2026-01-30,CASH,,200,0,190,5.0,5.0,0,200
1834,2026-01-30,,,0,150,143,3.5,3.5,0,150
1835,2026-01-30,,,300,0,286,7.0,7.0,0,300
1836,2026-01-30,,,240,0,229,5.5,5.5,0,240
1837,2026-01-30,PPP,,0,200,190,5.0,5.0,0,200
1838,2026-01-30,,,0,500,476,12.0,12.0,0,500
1839,2026-01-30,CASH,,200,0,190,5.0,5.0,0,200
1840,2026-01-30,CASH,,50,0,48,1.0,1.0,0,50
1841,2026-01-30,,,120,0,114,3.0,3.0,0,120
1842,2026-01-30,PPPP,,0,900,857,21.5,21.5,0,900
1843,2026-01-30,CARD,,0,750,714,18.0,18.0,0,750
1844,2026-01-30,PPP,,0,820,781,19.5,19.5,0,820
1845,2026-01-30,PPP,,0,250,238,6.0,6.0,0,250
1846,2026-01-30,CASH,,900,0,857,21.5,21.5,0,900
1847,2026-01-30,PPP,,0,700,667,16.5,16.5,0,700
1848,2026-01-30,PPP,,0,700,666,17.0,17.0,0,700
1849,2026-01-30,PPP,,0,350,333,8.5,8.5,0,350
1850,2026-01-30,CARD,,0,2600,2476,62.0,62.0,0,2600
1851,2026-01-30,PPP,,0,120,114,3.0,3.0,0,120
1852,2026-01-30,CARD,,0,300,286,7.0,7.0,0,300
1853,2026-01-30,PPP,,0,1380,1314,33.0,33.0,0,1380
1854,2026-01-30,CASH,,500,0,476,12.0,12.0,0,500
1855,2026-01-31,PPP,,0,1470,1399,35.5,35.5,0,1470
1856,2026-01-31,PPP,,0,650,619,15.5,15.5,0,650
1857,2026-01-31,CASH,,150,0,143,3.5,3.5,0,150
1858,2026-01-31,CASH,,850,0,810,20.0,20.0,0,850
1859,2026-01-31,,,1240,0,1181,29.5,29.5,0,1240
1860,2026-01-31,,,0,150,143,3.5,3.5,0,150
1861,2026-01-31,CARD,,0,1700,1619,40.5,40.5,0,1700
1862,2026-01-31,,,550,0,524,13.0,13.0,0,550
1863,2026-01-31,CASH,,400,0,381,9.5,9.5,0,400
1864,2026-01-31,,,100,0,95,2.5,2.5,0,100
1865,2026-01-31,CASH,,300,0,286,7.0,7.0,0,300
1866,2026-01-31,PPP,,0,1380,1314,33.0,33.0,0,1380
1867,2026-01-31,PPP,,0,250,238,6.0,6.0,0,250
1868,2026-01-31,,,0,150,143,3.5,3.5,0,150
1869,2026-01-31,,,100,0,95,2.5,2.5,0,100
1870,2026-01-31,PPP,,0,100,95,2.5,2.5,0,100
1871,2026-01-31,PPP,,0,1650,1572,39.0,39.0,0,1650
1872,2026-01-31,CASH,,80,0,76,2.0,2.0,0,80
1873,2026-01-31,PPP,,0,800,762,19.0,19.0,0,800
1874,2026-01-31,,,650,0,619,15.5,15.5,0,650
1875,2026-01-31,,,350,0,333,8.5,8.5,0,350
1876,2026-01-31,,,240,0,229,5.5,5.5,0,240
1877,2026-01-31,,,750,0,714,18.0,18.0,0,750
1878,2026-01-31,PPP,,0,2990,2847,71.5,71.5,0,2990
1879,2026-01-31,,,0,300,286,7.0,7.0,0,300
1880,2026-01-31,PPP,,0,120,114,3.0,3.0,0,120
1881,2026-01-31,,,150,0,143,3.5,3.5,0,150
1882,2026-01-31,,,0,100,95,2.5,2.5,0,100
1883,2026-01-31,,,200,0,190,5.0,5.0,0,200
1884,2026-01-31,PPP,,0,1600,1524,38.0,38.0,0,1600
1885,2026-01-31,,,640,0,609,15.5,15.5,0,640
1886,2026-01-31,PPP,,0,600,571,14.5,14.5,0,600
1887,2026-01-31,PPP,,0,50,48,1.0,1.0,0,50
1888,2026-01-31,CASH,,150,0,143,3.5,3.5,0,150
1889,2026-01-31,,,150,0,143,3.5,3.5,0,150
1890,2026-01-31,,,850,0,810,20.0,20.0,0,850
1891,2026-01-31,,,180,0,171,4.5,4.5,0,180
1892,2026-01-31,CASH,,950,0,905,22.5,22.5,0,950
1893,2026-01-31,CASH,,150,0,143,3.5,3.5,0,150
1894,2026-01-31,PPP,,0,440,419,10.5,10.5,0,440
1895,2026-01-31,CASH,,650,0,619,15.5,15.5,0,650
1896,2026-01-31,,,120,0,114,3.0,3.0,0,120
1897,2026-01-31,PPP,,0,2370,2257,56.5,56.5,0,2370
1898,2026-01-31,PPP,,0,240,229,5.5,5.5,0,240
1899,2026-01-31,CASH,,600,0,571,14.5,14.5,0,600
1900,2026-01-31,PPP,,0,620,591,14.5,14.5,0,620
1901,2026-01-31,PPP,,0,100,95,2.5,2.5,0,100
1902,2026-01-31,PPP,,0,30,29,0.5,0.5,0,30
1903,2026-01-31,PPP,,0,50,48,1.0,1.0,0,50
1904,2026-01-31,PPP,,0,330,314,8.0,8.0,0,330
1905,2026-01-31,PPP,,0,590,562,14.0,14.0,0,590
1906,2026-01-31,CASH,,300,0,286,7.0,7.0,0,300
1907,2026-01-31,PPP,,0,350,333,8.5,8.5,0,350
1908,2026-01-31,PPP,,0,300,286,7.0,7.0,0,300
1909,2026-01-31,CASH,,500,0,476,12.0,12.0,0,500
1910,2026-01-31,PPP,,0,650,619,15.5,15.5,0,650
1911,2026-01-31,,,500,0,476,12.0,12.0,0,500
1912,2026-01-31,,,100,0,95,2.5,2.5,0,100
1913,2026-01-31,PPP,,0,600,571,14.5,14.5,0,600
1914,2026-01-31,,,100,0,95,2.5,2.5,0,100
1915,2026-01-31,,,1280,0,1219,30.5,30.5,0,1280
1916,2026-01-31,,,100,0,95,2.5,2.5,0,100
1917,2026-01-31,PPP,,0,450,428,11.0,11.0,0,450
1918,2026-01-31,CASH,,740,0,705,17.5,17.5,0,740
1919,2026-01-31,CASH,,160,0,152,4.0,4.0,0,160
1920,2026-01-31,PPP,,0,270,257,6.5,6.5,0,270
1921,2026-01-31,PPP,,0,850,810,20.0,20.0,0,850
1922,2026-02-01,,,0,50,48,1.0,1.0,0,50
1923,2026-02-01,,,0,850,809,20.5,20.5,0,850
1924,2026-02-01,,,600,0,571,14.5,14.5,0,600
1925,2026-02-01,,,150,0,143,3.5,3.5,0,150
1926,2026-02-01,PPP,,0,250,238,6.0,6.0,0,250
1927,2026-02-01,,,500,0,476,12.0,12.0,0,500
1928,2026-02-01,CARD,,0,640,610,15.0,15.0,0,640
1929,2026-02-01,PPP,,0,600,571,14.5,14.5,0,600
1930,2026-02-01,,,0,1150,1095,27.5,27.5,0,1150
1931,2026-02-01,,,0,50,48,1.0,1.0,0,50
1932,2026-02-01,,,0,550,524,13.0,13.0,0,550
1933,2026-02-01,PPP,,0,660,629,15.5,15.5,0,660
1934,2026-02-01,,,270,0,257,6.5,6.5,0,270
1935,2026-02-01,,,700,0,667,16.5,16.5,0,700
1936,2026-02-01,PPP,,0,200,190,5.0,5.0,0,200
1937,2026-02-01,CASH,,980,0,933,23.5,23.5,0,980
1938,2026-02-01,PPP,,0,120,114,3.0,3.0,0,120
1939,2026-02-01,PPP,,0,850,809,20.5,20.5,0,850
1940,2026-02-01,PPP,,0,600,571,14.5,14.5,0,600
1941,2026-02-01,PPP,,0,1150,1096,27.0,27.0,0,1150
1942,2026-02-01,,,0,350,333,8.5,8.5,0,350
1943,2026-02-01,,,100,0,95,2.5,2.5,0,100
1944,2026-02-01,,,250,0,238,6.0,6.0,0,250
1945,2026-02-01,PPP,,0,30,29,0.5,0.5,0,30
1946,2026-02-01,PPP,,0,2050,1952,49.0,49.0,0,2050
1947,2026-02-01,PP,,0,200,190,5.0,5.0,0,200
1948,2026-02-01,PPP,,0,1280,1218,31.0,31.0,0,1280
1949,2026-02-01,PPP,,0,750,714,18.0,18.0,0,750
1950,2026-02-01,PPP,,0,750,714,18.0,18.0,0,750
1951,2026-02-01,PPP,,0,120,114,3.0,3.0,0,120
1952,2026-02-01,,,100,0,95,2.5,2.5,0,100
1953,2026-02-01,,,300,0,285,7.5,7.5,0,300
1954,2026-02-01,,,500,0,476,12.0,12.0,0,500
1955,2026-02-01,,,0,1100,1047,26.5,26.5,0,1100
1956,2026-02-01,CASH,,1670,0,1590,40.0,40.0,0,1670
1957,2026-02-01,,,500,0,476,12.0,12.0,0,500
1958,2026-02-01,CASH,,200,0,190,5.0,5.0,0,200
1959,2026-02-01,PPP,,0,310,295,7.5,7.5,0,310
1960,2026-02-01,PPP,,0,400,380,10.0,10.0,0,400
1961,2026-02-01,PPP,,0,150,143,3.5,3.5,0,150
1962,2026-02-01,PPP,,0,2070,1971,49.5,49.5,0,2070
1963,2026-02-01,PPP,,0,650,619,15.5,15.5,0,650
1964,2026-02-01,,,350,0,333,8.5,8.5,0,350
1965,2026-02-01,PPP,,0,240,229,5.5,5.5,0,240
1966,2026-02-01,CASH,,450,0,429,10.5,10.5,0,450
1967,2026-02-01,,,0,800,762,19.0,19.0,0,800
1968,2026-02-01,PPP,,0,750,715,17.5,17.5,0,750
1969,2026-02-01,,,350,0,333,8.5,8.5,0,350
1970,2026-02-01,,,350,0,333,8.5,8.5,0,350
1971,2026-02-01,,,100,0,95,2.5,2.5,0,100
1972,2026-02-01,,,250,0,238,6.0,6.0,0,250
1973,2026-02-01,[PPP,,0,350,333,8.5,8.5,0,350
1974,2026-02-01,PPP,,0,770,733,18.5,18.5,0,770
1975,2026-02-01,CASH,,1200,0,1144,28.0,28.0,0,1200
1976,2026-02-01,CASGH,,50,0,48,1.0,1.0,0,50
1977,2026-02-01,CASH,,700,0,667,16.5,16.5,0,700
1978,2026-02-01,PPP,,0,1380,1314,33.0,33.0,0,1380
1979,2026-02-01,,,0,240,229,5.5,5.5,0,240
1980,2026-02-01,,,0,990,943,23.5,23.5,0,990
1981,2026-02-01,PPP,,0,760,724,18.0,18.0,0,760
1982,2026-02-01,PPP,,0,1200,1143,28.5,28.5,0,1200
1983,2026-02-01,PPP,,0,2400,2287,56.5,56.5,0,2400
1984,2026-02-01,CASHH,,700,0,667,16.5,16.5,0,700
1985,2026-02-01,CASH,,1090,0,1039,25.5,25.5,0,1090
1986,2026-02-01,PPP,,0,800,762,19.0,19.0,0,800
1987,2026-02-01,PPP,,0,120,114,3.0,3.0,0,120
1988,2026-02-01,PPP,,0,350,333,8.5,8.5,0,350
1989,2026-02-01,PPP,,0,80,76,2.0,2.0,0,80
1990,2026-02-01,CASH,,150,0,143,3.5,3.5,0,150
1991,2026-02-01,PPP,,0,510,486,12.0,12.0,0,510
1992,2026-02-01,PPP,,0,350,333,8.5,8.5,0,350
1993,2026-02-01,CASH,,50,0,48,1.0,1.0,0,50
1994,2026-02-02,PPP,,0,600,571,14.5,14.5,0,600
1995,2026-02-02,PPP,,0,300,286,7.0,7.0,0,300
1996,2026-02-02,,,1000,0,952,24.0,24.0,0,1000
1997,2026-02-02,PPP,,0,120,114,3.0,3.0,0,120
1998,2026-02-02,,,200,0,190,5.0,5.0,0,200
1999,2026-02-02,,,0,470,447,11.5,11.5,0,470
2000,2026-02-02,CASH,,4500,0,4286,107.0,107.0,0,4500
2001,2026-02-02,,,900,0,857,21.5,21.5,0,900
2002,2026-02-02,,,550,0,523,13.5,13.5,0,550
2003,2026-02-02,PPP,,0,80,77,1.5,1.5,0,80
2004,2026-02-02,,,1410,0,1342,34.0,34.0,0,1410
2005,2026-02-02,,,0,250,238,6.0,6.0,0,250
2006,2026-02-02,CASH,,250,0,238,6.0,6.0,0,250
2007,2026-02-02,PPP,,0,440,419,10.5,10.5,0,440
2008,2026-02-02,CASH,,200,0,190,5.0,5.0,0,200
2009,2026-02-02,CASH,,600,0,571,14.5,14.5,0,600
2010,2026-02-02,,,300,0,285,7.5,7.5,0,300
2011,2026-02-02,PPP,,0,730,696,17.0,17.0,0,730
2012,2026-02-02,PPP,,0,250,238,6.0,6.0,0,250
2013,2026-02-02,CASH,,3540,0,3371,84.5,84.5,0,3540
2014,2026-02-02,PPP,,0,550,524,13.0,13.0,0,550
2015,2026-02-02,CSH,,150,0,143,3.5,3.5,0,150
2016,2026-02-02,PPP,,0,630,600,15.0,15.0,0,630
2017,2026-02-02,CASH,,120,0,114,3.0,3.0,0,120
2018,2026-02-02,PPP,,0,500,476,12.0,12.0,0,500
2019,2026-02-02,CASH,,300,0,286,7.0,7.0,0,300
2020,2026-02-02,CARD,,0,1600,1524,38.0,38.0,0,1600
2021,2026-02-02,PPP,,0,700,667,16.5,16.5,0,700
2022,2026-02-02,PPP,,0,210,200,5.0,5.0,0,210
2023,2026-02-02,CASH,,300,0,286,7.0,7.0,0,300
2024,2026-02-02,PPP,,0,1000,952,24.0,24.0,0,1000
2025,2026-02-02,PPP,,0,400,381,9.5,9.5,0,400
2026,2026-02-02,PPP,,0,180,171,4.5,4.5,0,180
2027,2026-02-02,PPP,,0,250,238,6.0,6.0,0,250
2028,2026-02-02,PPP,,0,400,380,10.0,10.0,0,400
2029,2026-02-02,PPP,,0,350,333,8.5,8.5,0,350
2030,2026-02-02,PPP,,0,1590,1515,37.5,37.5,0,1590
2031,2026-02-02,CASH,,50,0,48,1.0,1.0,0,50
2032,2026-02-02,CASH,,300,0,286,7.0,7.0,0,300
2033,2026-02-02,PPP,,0,300,285,7.5,7.5,0,300
2034,2026-02-02,,,120,0,114,3.0,3.0,0,120
2035,2026-02-02,,,120,0,114,3.0,3.0,0,120
2036,2026-02-02,,,480,0,457,11.5,11.5,0,480
2037,2026-02-02,,,0,1100,1047,26.5,26.5,0,1100
2038,2026-02-02,,,1750,0,1667,41.5,41.5,0,1750
2039,2026-02-02,,,450,0,429,10.5,10.5,0,450
2040,2026-02-02,CASH,,900,0,857,21.5,21.5,0,900
2041,2026-02-03,PPP,,0,1520,1448,36.0,36.0,0,1520
2042,2026-02-03,PPP,,0,650,619,15.5,15.5,0,650
2043,2026-02-03,CASH,,800,0,761,19.5,19.5,0,800
2044,2026-02-03,,,2950,0,2809,70.5,70.5,0,2950
2045,2026-02-03,,,300,0,286,7.0,7.0,0,300
2046,2026-02-03,,,1610,0,1533,38.5,38.5,0,1610
2047,2026-02-03,,,950,0,905,22.5,22.5,0,950
2048,2026-02-03,PPP,,0,850,810,20.0,20.0,0,850
2049,2026-02-03,,,3750,0,3572,89.0,89.0,0,3750
2050,2026-02-03,CASH,,1650,0,1571,39.5,39.5,0,1650
2051,2026-02-03,PPP,,0,700,667,16.5,16.5,0,700
2052,2026-02-03,CASH,,870,0,828,21.0,21.0,0,870
2053,2026-02-03,PPP,,0,500,476,12.0,12.0,0,500
2054,2026-02-03,PPP,,0,1500,1429,35.5,35.5,0,1500
2055,2026-02-03,PPP,,1100,0,1047,26.5,26.5,0,1100
2056,2026-02-03,,,300,0,286,7.0,7.0,0,300
2057,2026-02-03,CASH,,350,0,333,8.5,8.5,0,350
2058,2026-02-03,,,800,0,761,19.5,19.5,0,800
2059,2026-02-03,,,250,0,238,6.0,6.0,0,250
2060,2026-02-03,CARD,,0,1860,1772,44.0,44.0,0,1860
2061,2026-02-03,,,250,0,238,6.0,6.0,0,250
2062,2026-02-03,CASH,,1050,0,1000,25.0,25.0,0,1050
2063,2026-02-03,CASH,,460,0,438,11.0,11.0,0,460
2064,2026-02-03,PPP,,0,1250,1190,30.0,30.0,0,1250
2065,2026-02-03,,,0,500,476,12.0,12.0,0,500
2066,2026-02-03,,,0,2520,2399,60.5,60.5,0,2520
2067,2026-02-03,,,0,100,95,2.5,2.5,0,100
2068,2026-02-03,PPP,,0,4050,3857,96.5,96.5,0,4050
2069,2026-02-03,CASH,,850,0,810,20.0,20.0,0,850
2070,2026-02-03,PPP,650,0,650,619,15.5,15.5,0,650
2071,2026-02-03,CASH,,50,0,48,1.0,1.0,0,50
2072,2026-02-03,PPP,,0,150,143,3.5,3.5,0,150
2073,2026-02-03,,,350,0,333,8.5,8.5,0,350
2074,2026-02-03,PPP,,0,1370,1304,33.0,33.0,0,1370
2075,2026-02-03,PPP,,0,1800,1715,42.5,42.5,0,1800
2076,2026-02-03,PPP,,0,300,286,7.0,7.0,0,300
2077,2026-02-03,PPP,,0,240,228,6.0,6.0,0,240
2078,2026-02-03,PPP,,0,700,666,17.0,17.0,0,700
2079,2026-02-03,PPP,,0,1700,1619,40.5,40.5,0,1700
2080,2026-02-03,CASH,,550,0,524,13.0,13.0,0,550
2081,2026-02-03,CASH,,50,0,48,1.0,1.0,0,50
2082,2026-02-03,PPP,,0,350,333,8.5,8.5,0,350
2083,2026-02-03,CASH,,180,0,172,4.0,4.0,0,180
2084,2026-02-03,PPP,,0,120,114,3.0,3.0,0,120
2085,2026-02-03,PPP,,0,820,781,19.5,19.5,0,820
2086,2026-02-03,PPP,,0,300,286,7.0,7.0,0,300
2087,2026-02-03,PPP,,0,1050,1000,25.0,25.0,0,1050
2088,2026-02-03,CASH,,500,0,476,12.0,12.0,0,500
2089,2026-02-04,CASH,,270,0,257,6.5,6.5,0,270
2090,2026-02-04,CARD,,0,500,476,12.0,12.0,0,500
2091,2026-02-04,CASH,,700,0,667,16.5,16.5,0,700
2092,2026-02-04,CASH,,200,0,190,5.0,5.0,0,200
2093,2026-02-04,PPP,,0,600,572,14.0,14.0,0,600
2094,2026-02-04,MIXX,,120,0,114,3.0,3.0,0,120
2095,2026-02-04,PPP,,0,350,333,8.5,8.5,0,350
2096,2026-02-04,PPP,,0,750,714,18.0,18.0,0,750
2097,2026-02-04,PPP,,0,600,572,14.0,14.0,0,600
2098,2026-02-04,,,120,0,114,3.0,3.0,0,120
2099,2026-02-04,,,0,150,143,3.5,3.5,0,150
2100,2026-02-04,CASH,,1750,0,1666,42.0,42.0,0,1750
2101,2026-02-04,,,0,50,48,1.0,1.0,0,50
2102,2026-02-04,,,50,0,48,1.0,1.0,0,50
2103,2026-02-04,PPP,,0,300,286,7.0,7.0,0,300
2104,2026-02-04,PPP,,0,100,95,2.5,2.5,0,100
2105,2026-02-04,PPP,,0,350,333,8.5,8.5,0,350
2106,2026-02-04,PPP,,0,120,114,3.0,3.0,0,120
2107,2026-02-04,PPP,,0,1500,1428,36.0,36.0,0,1500
2108,2026-02-04,PPP,,0,300,286,7.0,7.0,0,300
2109,2026-02-04,PPP,,0,950,904,23.0,23.0,0,950
2110,2026-02-04,,,0,80,76,2.0,2.0,0,80
2111,2026-02-04,PPP,,0,1100,1048,26.0,26.0,0,1100
2112,2026-02-04,CASH,,100,0,95,2.5,2.5,0,100
2113,2026-02-04,,,500,0,476,12.0,12.0,0,500
2114,2026-02-04,CASH,,350,0,333,8.5,8.5,0,350
2115,2026-02-04,CASH,,1100,0,1047,26.5,26.5,0,1100
2116,2026-02-04,CASH,,600,0,571,14.5,14.5,0,600
2117,2026-02-04,,,870,0,829,20.5,20.5,0,870
2118,2026-02-04,PPP,,0,1070,1019,25.5,25.5,0,1070
2119,2026-02-04,CASH,,1570,0,1495,37.5,37.5,0,1570
2120,2026-02-04,CASH,,520,0,495,12.5,12.5,0,520
2121,2026-02-04,CASH,,490,0,467,11.5,11.5,0,490
2122,2026-02-04,CASH,,150,0,143,3.5,3.5,0,150
2123,2026-02-04,PPP,,0,200,190,5.0,5.0,0,200
2124,2026-02-04,PPP,,0,80,76,2.0,2.0,0,80
2125,2026-02-04,CASH,,100,0,95,2.5,2.5,0,100
2126,2026-02-04,CASH,,500,0,476,12.0,12.0,0,500
2127,2026-02-04,CASH,,920,0,877,21.5,21.5,0,920
2128,2026-02-04,CASH,,250,0,238,6.0,6.0,0,250
2129,2026-02-04,CASH,,120,0,114,3.0,3.0,0,120
2130,2026-02-04,PPP,,0,600,571,14.5,14.5,0,600
2131,2026-02-04,,,0,150,143,3.5,3.5,0,150
2132,2026-02-04,,,0,300,286,7.0,7.0,0,300
2133,2026-02-04,,,320,0,305,7.5,7.5,0,320
2134,2026-02-04,CASH,,880,0,838,21.0,21.0,0,880
2135,2026-02-04,CASH,,2150,0,2048,51.0,51.0,0,2150
2136,2026-02-04,CASH,,150,0,143,3.5,3.5,0,150
2137,2026-02-04,CARD,,0,720,686,17.0,17.0,0,720
2138,2026-02-04,CASH,,150,0,143,3.5,3.5,0,150
2139,2026-02-04,,,420,0,400,10.0,10.0,0,420
2140,2026-02-04,,,240,0,229,5.5,5.5,0,240
2141,2026-02-04,,,200,0,190,5.0,5.0,0,200
2142,2026-02-04,CASH,,30,0,29,0.5,0.5,0,30
2143,2026-02-04,PPP,,0,350,333,8.5,8.5,0,350
2144,2026-02-04,,,120,0,114,3.0,3.0,0,120
2145,2026-02-04,PPP,,0,300,286,7.0,7.0,0,300
2146,2026-02-04,,,0,600,571,14.5,14.5,0,600
2147,2026-02-04,,,0,600,571,14.5,14.5,0,600
2148,2026-02-04,,,120,0,114,3.0,3.0,0,120
2149,2026-02-04,,,380,0,362,9.0,9.0,0,380
2150,2026-02-04,,,0,360,343,8.5,8.5,0,360
2151,2026-02-04,PPP,,0,150,143,3.5,3.5,0,150
2152,2026-02-05,CASH,,350,0,333,8.5,8.5,0,350
2153,2026-02-05,PPP,,0,4420,4210,105.0,105.0,0,4420
2154,2026-02-05,,,0,250,238,6.0,6.0,0,250
2155,2026-02-05,PPP,,0,450,429,10.5,10.5,0,450
2156,2026-02-05,PPP,,0,1590,1514,38.0,38.0,0,1590
2157,2026-02-05,CASH,,950,0,905,22.5,22.5,0,950
2158,2026-02-05,CASH,,350,0,333,8.5,8.5,0,350
2159,2026-02-05,CASH,,1200,0,1143,28.5,28.5,0,1200
2160,2026-02-05,CASH,,1320,0,1256,32.0,32.0,0,1320
2161,2026-02-05,PPP,,0,1370,1304,33.0,33.0,0,1370
2162,2026-02-05,CASH,,120,0,114,3.0,3.0,0,120
2163,2026-02-05,CASH,,350,0,333,8.5,8.5,0,350
2164,2026-02-05,CASH,,150,0,143,3.5,3.5,0,150
2165,2026-02-05,PPP,,0,2270,2161,54.5,54.5,0,2270
2166,2026-02-05,CASH,,200,0,190,5.0,5.0,0,200
2167,2026-02-05,CASH,,400,0,381,9.5,9.5,0,400
2168,2026-02-05,CASH,,350,0,333,8.5,8.5,0,350
2169,2026-02-05,CASH,,420,0,400,10.0,10.0,0,420
2170,2026-02-05,PPP,,0,300,286,7.0,7.0,0,300
2171,2026-02-05,CASH,,100,0,95,2.5,2.5,0,100
2172,2026-02-05,,,600,0,571,14.5,14.5,0,600
2173,2026-02-05,,,800,0,762,19.0,19.0,0,800
2174,2026-02-05,PPP,,0,2000,1905,47.5,47.5,0,2000
2175,2026-02-05,,,0,200,191,4.5,4.5,0,200
2176,2026-02-05,,,970,0,924,23.0,23.0,0,970
2177,2026-02-05,PPP,,0,150,143,3.5,3.5,0,150
2178,2026-02-05,PPP,,0,30,29,0.5,0.5,0,30
2179,2026-02-05,,,100,0,95,2.5,2.5,0,100
2180,2026-02-05,,,0,50,48,1.0,1.0,0,50
2181,2026-02-05,PPP,,0,50,48,1.0,1.0,0,50
2182,2026-02-05,,,0,150,143,3.5,3.5,0,150
2183,2026-02-05,,,120,0,114,3.0,3.0,0,120
2184,2026-02-05,PPP,,0,900,857,21.5,21.5,0,900
2185,2026-02-05,,,500,0,476,12.0,12.0,0,500
2186,2026-02-05,,,100,0,95,2.5,2.5,0,100
2187,2026-02-05,CARD,,0,1360,1295,32.5,32.5,0,1360
2188,2026-02-05,CASH,,300,0,286,7.0,7.0,0,300
2189,2026-02-05,CASH,,200,0,190,5.0,5.0,0,200
2190,2026-02-05,,,100,0,95,2.5,2.5,0,100
2191,2026-02-05,,,0,250,238,6.0,6.0,0,250
2192,2026-02-05,,,200,0,190,5.0,5.0,0,200
2193,2026-02-05,,,100,0,95,2.5,2.5,0,100
2194,2026-02-05,,,0,240,229,5.5,5.5,0,240
2195,2026-02-05,,,1100,0,1047,26.5,26.5,0,1100
2196,2026-02-05,[PPP,,0,270,257,6.5,6.5,0,270
2197,2026-02-05,,,0,150,143,3.5,3.5,0,150
2198,2026-02-05,,,600,0,571,14.5,14.5,0,600
2199,2026-02-05,PPP,,0,2010,1913,48.5,48.5,0,2010
2200,2026-02-05,,,1100,0,1048,26.0,26.0,0,1100
2201,2026-02-05,PPP,,0,300,286,7.0,7.0,0,300
2202,2026-02-06,PPP,,0,1100,1048,26.0,26.0,0,1100
2203,2026-02-06,PPP,,0,240,229,5.5,5.5,0,240
2204,2026-02-06,[PPP,,0,100,95,2.5,2.5,0,100
2205,2026-02-06,PPP,,0,900,857,21.5,21.5,0,900
2206,2026-02-06,CASH,,500,0,476,12.0,12.0,0,500
2207,2026-02-06,CASH,,2220,0,2113,53.5,53.5,0,2220
2208,2026-02-06,,,0,150,143,3.5,3.5,0,150
2209,2026-02-06,,,500,0,476,12.0,12.0,0,500
2210,2026-02-06,,,350,0,333,8.5,8.5,0,350
2211,2026-02-06,,,450,0,429,10.5,10.5,0,450
2212,2026-02-06,,,1350,0,1285,32.5,32.5,0,1350
2213,2026-02-06,,,100,0,95,2.5,2.5,0,100
2214,2026-02-06,CASH,,2600,0,2476,62.0,62.0,0,2600
2215,2026-02-06,,,0,2840,2705,67.5,67.5,0,2840
2216,2026-02-06,MIXX,,0,2600,2476,62.0,62.0,0,2600
2217,2026-02-06,CASH,,350,0,333,8.5,8.5,0,350
2218,2026-02-06,,,240,0,229,5.5,5.5,0,240
2219,2026-02-06,CASH,,340,0,324,8.0,8.0,0,340
2220,2026-02-06,CASH,,120,0,114,3.0,3.0,0,120
2221,2026-02-06,CASH,,1800,0,1713,43.5,43.5,0,1800
2222,2026-02-06,CASH,,160,0,152,4.0,4.0,0,160
2223,2026-02-06,CASH,,30,0,29,0.5,0.5,0,30
2224,2026-02-06,CASH,,100,0,95,2.5,2.5,0,100
2225,2026-02-06,PPP,,0,2200,2095,52.5,52.5,0,2200
2226,2026-02-06,,,100,0,95,2.5,2.5,0,100
2227,2026-02-06,,,0,250,238,6.0,6.0,0,250
2228,2026-02-06,,,240,0,229,5.5,5.5,0,240
2229,2026-02-06,PPP,,0,570,543,13.5,13.5,0,570
2230,2026-02-06,PPP,,0,700,666,17.0,17.0,0,700
2231,2026-02-06,,,200,0,190,5.0,5.0,0,200
2232,2026-02-06,,,0,50,48,1.0,1.0,0,50
2233,2026-02-06,,,0,100,95,2.5,2.5,0,100
2234,2026-02-06,,,550,0,524,13.0,13.0,0,550
2235,2026-02-06,,,120,0,114,3.0,3.0,0,120
2236,2026-02-06,,,400,0,381,9.5,9.5,0,400
2237,2026-02-06,,,0,120,114,3.0,3.0,0,120
2238,2026-02-06,,,110,0,105,2.5,2.5,0,110
2239,2026-02-06,,,350,0,333,8.5,8.5,0,350
2240,2026-02-06,CASH,,50,0,48,1.0,1.0,0,50
2241,2026-02-06,,,350,0,333,8.5,8.5,0,350
2242,2026-02-06,,,120,0,114,3.0,3.0,0,120
2243,2026-02-06,PPP,,0,200,190,5.0,5.0,0,200
2244,2026-02-06,,,50,0,48,1.0,1.0,0,50
2245,2026-02-06,CASH,,50,0,48,1.0,1.0,0,50
2246,2026-02-06,CASH,,50,0,48,1.0,1.0,0,50
2247,2026-02-06,PPP,,0,420,400,10.0,10.0,0,420
2248,2026-02-06,CASH,,5010,0,4771,119.5,119.5,0,5010
2249,2026-02-06,CASH,,300,0,286,7.0,7.0,0,300
2250,2026-02-06,CASH,,480,0,457,11.5,11.5,0,480
2251,2026-02-06,CASH,,1050,0,1000,25.0,25.0,0,1050
2252,2026-02-06,PPP,,0,370,352,9.0,9.0,0,370
2253,2026-02-06,[PPP],,0,250,238,6.0,6.0,0,250
2254,2026-02-06,,,50,0,48,1.0,1.0,0,50
2255,2026-02-06,,,600,0,571,14.5,14.5,0,600
2256,2026-02-06,,,0,1550,1476,37.0,37.0,0,1550
2257,2026-02-06,CASH,,1310,0,1247,31.5,31.5,0,1310
2258,2026-02-06,CARD,,0,1270,1209,30.5,30.5,0,1270
2259,2026-02-06,,,150,0,143,3.5,3.5,0,150
2260,2026-02-06,,,0,1410,1343,33.5,33.5,0,1410
2261,2026-02-06,,,0,1350,1286,32.0,32.0,0,1350
2262,2026-02-06,CASH,,150,0,143,3.5,3.5,0,150
2263,2026-02-06,PPP,,0,300,285,7.5,7.5,0,300
2264,2026-02-06,PPP,,0,600,572,14.0,14.0,0,600
2265,2026-02-06,,,1150,0,1095,27.5,27.5,0,1150
2266,2026-02-06,,,510,0,486,12.0,12.0,0,510
2267,2026-02-07,,,550,0,524,13.0,13.0,0,550
2268,2026-02-07,PPP,,0,800,761,19.5,19.5,0,800
2269,2026-02-07,CASH,,150,0,143,3.5,3.5,0,150
2270,2026-02-07,CASH,,2000,0,1904,48.0,48.0,0,2000
2271,2026-02-07,PPP,,0,1730,1646,42.0,42.0,0,1730
2272,2026-02-07,,,600,0,572,14.0,14.0,0,600
2273,2026-02-07,,,100,0,95,2.5,2.5,0,100
2274,2026-02-07,PPP,,0,120,114,3.0,3.0,0,120
2275,2026-02-07,CASH,,120,0,114,3.0,3.0,0,120
2276,2026-02-07,PPP,,0,350,333,8.5,8.5,0,350
2277,2026-02-07,PPP,,0,970,924,23.0,23.0,0,970
2278,2026-02-07,,,0,800,761,19.5,19.5,0,800
2279,2026-02-07,,,240,0,229,5.5,5.5,0,240
2280,2026-02-07,CASH,,500,0,476,12.0,12.0,0,500
2281,2026-02-07,[[PPPP,,0,1400,1334,33.0,33.0,0,1400
2282,2026-02-07,PPP,,0,1500,1429,35.5,35.5,0,1500
2283,2026-02-07,PPP,,0,50,48,1.0,1.0,0,50
2284,2026-02-07,PPP,,0,200,190,5.0,5.0,0,200
2285,2026-02-07,PPP,,0,150,143,3.5,3.5,0,150
2286,2026-02-07,CASH,,100,0,95,2.5,2.5,0,100
2287,2026-02-07,PPP,,0,200,190,5.0,5.0,0,200
2288,2026-02-07,PPP,,0,440,419,10.5,10.5,0,440
2289,2026-02-07,PPP,,0,790,753,18.5,18.5,0,790
2290,2026-02-07,PPP,,0,1320,1257,31.5,31.5,0,1320
2291,2026-02-07,CASH,,1000,0,951,24.5,24.5,0,1000
2292,2026-02-07,CASH,,1000,0,952,24.0,24.0,0,1000
2293,2026-02-07,CASH,,3160,0,3009,75.5,75.5,0,3160
2294,2026-02-07,CASH,,50,0,48,1.0,1.0,0,50
2295,2026-02-07,CASH,,500,0,476,12.0,12.0,0,500
2296,2026-02-07,CASH,,50,0,48,1.0,1.0,0,50
2297,2026-02-07,,,150,0,143,3.5,3.5,0,150
2298,2026-02-07,,,100,0,95,2.5,2.5,0,100
2299,2026-02-07,,,140,0,133,3.5,3.5,0,140
2300,2026-02-07,,,850,0,809,20.5,20.5,0,850
2301,2026-02-07,,,0,300,286,7.0,7.0,0,300
2302,2026-02-07,,,450,0,429,10.5,10.5,0,450
2303,2026-02-07,,,0,1400,1333,33.5,33.5,0,1400
2304,2026-02-07,,,100,0,95,2.5,2.5,0,100
2305,2026-02-07,PPP,,0,1280,1220,30.0,30.0,0,1280
2306,2026-02-07,,,0,50,48,1.0,1.0,0,50
2307,2026-02-07,,,0,2600,2476,62.0,62.0,0,2600
2308,2026-02-07,,,300,0,286,7.0,7.0,0,300
2309,2026-02-07,,,460,0,438,11.0,11.0,0,460
2310,2026-02-07,CARD,,0,410,391,9.5,9.5,0,410
2311,2026-02-07,PPP,,0,1180,1123,28.5,28.5,0,1180
2312,2026-02-07,CASH,,150,0,143,3.5,3.5,0,150
2313,2026-02-07,,,0,300,286,7.0,7.0,0,300
2314,2026-02-07,CARD,,250,0,238,6.0,6.0,0,250
2315,2026-02-07,,,300,0,286,7.0,7.0,0,300
2316,2026-02-07,,,200,0,190,5.0,5.0,0,200
2317,2026-02-07,,,100,0,95,2.5,2.5,0,100
2318,2026-02-07,CASH,,240,0,229,5.5,5.5,0,240
2319,2026-02-07,CASH,,300,0,286,7.0,7.0,0,300
2320,2026-02-07,PPP,,660,0,628,16.0,16.0,0,660
2321,2026-02-07,PPP,,875,0,833,21.0,21.0,0,875
2322,2026-02-07,,,0,240,229,5.5,5.5,0,240
2323,2026-02-07,CASH,,80,0,76,2.0,2.0,0,80
2324,2026-02-07,PPP,,0,100,95,2.5,2.5,0,100
2325,2026-02-07,,,80,0,76,2.0,2.0,0,80
2326,2026-02-07,,,60,0,57,1.5,1.5,0,60
2327,2026-02-07,PPP,,0,850,810,20.0,20.0,0,850
2328,2026-02-07,PPP,,0,1150,1095,27.5,27.5,0,1150
2329,2026-02-07,,,220,0,209,5.5,5.5,0,220
2330,2026-02-07,,,2150,0,2048,51.0,51.0,0,2150
2331,2026-02-07,CASH,,3350,0,3190,80.0,80.0,0,3350
2332,2026-02-07,PPP,,0,1300,1239,30.5,30.5,0,1300
2333,2026-02-07,PPP,,0,120,114,3.0,3.0,0,120
2334,2026-02-07,PPP,,0,360,343,8.5,8.5,0,360
2335,2026-02-07,,,0,240,229,5.5,5.5,0,240
2336,2026-02-08,PPP,,0,360,343,8.5,8.5,0,360
2337,2026-02-08,PPP,,0,800,762,19.0,19.0,0,800
2338,2026-02-08,PPP,,0,1880,1790,45.0,45.0,0,1880
2339,2026-02-08,PPP,,0,450,428,11.0,11.0,0,450
2340,2026-02-08,PPP,,0,350,333,8.5,8.5,0,350
2341,2026-02-08,PPP,,0,150,143,3.5,3.5,0,150
2342,2026-02-08,PPP,,850,0,809,20.5,20.5,0,850
2343,2026-02-08,CASH,,1160,0,1104,28.0,28.0,0,1160
2344,2026-02-08,CASH,,790,0,752,19.0,19.0,0,790
2345,2026-02-08,CASH,,30,0,29,0.5,0.5,0,30
2346,2026-02-08,CASH,,240,0,229,5.5,5.5,0,240
2347,2026-02-08,CASH,,500,0,476,12.0,12.0,0,500
2348,2026-02-08,CASH,,250,0,238,6.0,6.0,0,250
2349,2026-02-08,PPP,,0,950,905,22.5,22.5,0,950
2350,2026-02-08,PPP,,0,2680,2552,64.0,64.0,0,2680
2351,2026-02-08,PPP,,0,1100,1048,26.0,26.0,0,1100
2352,2026-02-08,CASH,,300,0,286,7.0,7.0,0,300
2353,2026-02-08,PP,,0,150,143,3.5,3.5,0,150
2354,2026-02-08,,,200,0,190,5.0,5.0,0,200
2355,2026-02-08,CASH,,450,0,429,10.5,10.5,0,450
2356,2026-02-08,CASH,,30,0,29,0.5,0.5,0,30
2357,2026-02-08,CASH,,120,0,114,3.0,3.0,0,120
2358,2026-02-08,CASH,,150,0,143,3.5,3.5,0,150
2359,2026-02-08,PPP,,0,240,229,5.5,5.5,0,240
2360,2026-02-08,PPP,,0,350,333,8.5,8.5,0,350
2361,2026-02-08,CASH\,,120,0,114,3.0,3.0,0,120
2362,2026-02-08,PPP,,0,100,95,2.5,2.5,0,100
2363,2026-02-08,CASH,,120,0,114,3.0,3.0,0,120
2364,2026-02-08,PPP,,0,350,333,8.5,8.5,0,350
2365,2026-02-08,CASH,,120,0,114,3.0,3.0,0,120
2366,2026-02-08,PP,,0,250,238,6.0,6.0,0,250
2367,2026-02-08,PPP,,0,250,238,6.0,6.0,0,250
2368,2026-02-08,PPP,,0,250,238,6.0,6.0,0,250
2369,2026-02-08,PPP,,0,500,476,12.0,12.0,0,500
2370,2026-02-08,PPP,,0,260,248,6.0,6.0,0,260
2371,2026-02-08,PPP,,0,300,286,7.0,7.0,0,300
2372,2026-02-08,CASH,,1040,0,990,25.0,25.0,0,1040
2373,2026-02-08,PPP,,0,120,114,3.0,3.0,0,120
2374,2026-02-08,PPP,,0,60,57,1.5,1.5,0,60
2375,2026-02-08,PPP,,0,700,667,16.5,16.5,0,700
2376,2026-02-08,CASH,,540,0,515,12.5,12.5,0,540
2377,2026-02-08,CASH,,550,0,524,13.0,13.0,0,550
2378,2026-02-08,CASH,,100,0,95,2.5,2.5,0,100
2379,2026-02-08,CARD,,0,580,552,14.0,14.0,0,580
2380,2026-02-08,CASH,,110,0,105,2.5,2.5,0,110
2381,2026-02-08,CASH,,850,0,809,20.5,20.5,0,850
2382,2026-02-08,PPP,,0,500,476,12.0,12.0,0,500
2383,2026-02-08,PPP,,0,450,429,10.5,10.5,0,450
2384,2026-02-08,CASH,,30,0,29,0.5,0.5,0,30
2385,2026-02-08,PPP,,0,550,524,13.0,13.0,0,550
2386,2026-02-08,PPP,,0,200,190,5.0,5.0,0,200
2387,2026-02-08,CASH,,30,0,29,0.5,0.5,0,30
2388,2026-02-08,CASH,,250,0,238,6.0,6.0,0,250
2389,2026-02-08,CARD,,0,1250,1191,29.5,29.5,0,1250
2390,2026-02-08,[PPP],,0,1340,1277,31.5,31.5,0,1340
2391,2026-02-08,PPP,,0,600,571,14.5,14.5,0,600
2392,2026-02-08,PPP,,0,3050,2904,73.0,73.0,0,3050
2393,2026-02-08,PPP,,0,100,95,2.5,2.5,0,100
2394,2026-02-08,CASH,,1120,0,1067,26.5,26.5,0,1120
2395,2026-02-08,CASH,,30,0,29,0.5,0.5,0,30
2396,2026-02-08,PPP,,0,280,267,6.5,6.5,0,280
2397,2026-02-08,PPP,,0,350,333,8.5,8.5,0,350
2398,2026-02-08,CASH,,900,0,857,21.5,21.5,0,900
2399,2026-02-08,PPP,,0,120,114,3.0,3.0,0,120
2400,2026-02-08,PPP,,0,120,114,3.0,3.0,0,120
2401,2026-02-08,MIXXX,,0,1200,1143,28.5,28.5,0,1200
2402,2026-02-08,PPP,,0,120,114,3.0,3.0,0,120
2403,2026-02-08,CASH,,2620,0,2495,62.5,62.5,0,2620
2404,2026-02-08,CASH,,500,0,476,12.0,12.0,0,500
2405,2026-02-08,PPP,,0,2100,2000,50.0,50.0,0,2100
2406,2026-02-08,PPP,,0,120,114,3.0,3.0,0,120
2407,2026-02-08,,,690,0,657,16.5,16.5,0,690
2408,2026-02-08,,,1020,0,971,24.5,24.5,0,1020
2409,2026-02-08,,,2580,0,2458,61.0,61.0,0,2580
2410,2026-02-08,,,500,0,476,12.0,12.0,0,500
2411,2026-02-08,,,50,0,48,1.0,1.0,0,50
2412,2026-02-08,,,300,0,286,7.0,7.0,0,300
2413,2026-02-08,,,150,0,143,3.5,3.5,0,150
2414,2026-02-08,,,120,0,114,3.0,3.0,0,120
2415,2026-02-08,CASH,,500,0,476,12.0,12.0,0,500
2416,2026-02-08,,,900,0,857,21.5,21.5,0,900
2417,2026-02-08,,,150,0,143,3.5,3.5,0,150
2418,2026-02-08,PPP,,0,200,190,5.0,5.0,0,200
2419,2026-02-08,,,500,0,476,12.0,12.0,0,500
2420,2026-02-08,,,80,0,76,2.0,2.0,0,80
2421,2026-02-08,,,1380,0,1315,32.5,32.5,0,1380
2422,2026-02-08,PPP,,0,2650,2524,63.0,63.0,0,2650
2423,2026-02-08,PPP,,0,250,238,6.0,6.0,0,250
2424,2026-02-08,CASH,,350,0,333,8.5,8.5,0,350
2425,2026-02-08,,,800,0,762,19.0,19.0,0,800
2426,2026-02-08,,,200,0,190,5.0,5.0,0,200
2427,2026-02-08,PPP,,0,180,171,4.5,4.5,0,180
2428,2026-02-08,,,80,0,76,2.0,2.0,0,80
2429,2026-02-09,,,200,0,190,5.0,5.0,0,200
2430,2026-02-09,,,100,0,95,2.5,2.5,0,100
2431,2026-02-09,,,620,0,590,15.0,15.0,0,620
2432,2026-02-09,PPP,,0,1650,1572,39.0,39.0,0,1650
2433,2026-02-09,,,300,0,286,7.0,7.0,0,300
2434,2026-02-09,,,120,0,114,3.0,3.0,0,120
2435,2026-02-09,,,80,0,76,2.0,2.0,0,80
2436,2026-02-09,,,0,350,333,8.5,8.5,0,350
2437,2026-02-09,CARD,,0,4530,4314,108.0,108.0,0,4530
2438,2026-02-09,CASH MANJU,,400,0,381,9.5,9.5,0,400
2439,2026-02-09,PPP,,0,150,143,3.5,3.5,0,150
2440,2026-02-09,CASHHJHHH,,300,0,286,7.0,7.0,0,300
2441,2026-02-09,CASH,,350,0,334,8.0,8.0,0,350
2442,2026-02-09,CASH,,240,0,229,5.5,5.5,0,240
2443,2026-02-09,PPP,,0,770,734,18.0,18.0,0,770
2444,2026-02-09,CASH,,350,0,333,8.5,8.5,0,350
2445,2026-02-09,PPP,,0,500,476,12.0,12.0,0,500
2446,2026-02-09,PPP,,0,840,800,20.0,20.0,0,840
2447,2026-02-09,PPP,,0,50,48,1.0,1.0,0,50
2448,2026-02-09,PPP,,0,1110,1056,27.0,27.0,0,1110
2449,2026-02-09,PPP,,0,2010,1913,48.5,48.5,0,2010
2450,2026-02-09,,,0,1220,1162,29.0,29.0,0,1220
2451,2026-02-09,CARD,,0,1520,1448,36.0,36.0,0,1520
2452,2026-02-09,,,800,0,762,19.0,19.0,0,800
2453,2026-02-09,,,0,500,476,12.0,12.0,0,500
2454,2026-02-09,,,0,300,286,7.0,7.0,0,300
2455,2026-02-09,CARD,,0,4760,4536,112.0,112.0,0,4760
2456,2026-02-09,,,500,0,476,12.0,12.0,0,500
2457,2026-02-09,PPP,,0,240,229,5.5,5.5,0,240
2458,2026-02-09,,,30,0,29,0.5,0.5,0,30
2459,2026-02-09,CASH,,300,0,286,7.0,7.0,0,300
2460,2026-02-09,CASH,,100,0,95,2.5,2.5,0,100
2461,2026-02-09,CASH,,270,0,257,6.5,6.5,0,270
2462,2026-02-09,PPP,,0,50,48,1.0,1.0,0,50
2463,2026-02-09,PPP,,0,50,48,1.0,1.0,0,50
2464,2026-02-09,CASH,,450,0,429,10.5,10.5,0,450
2465,2026-02-09,,,120,0,114,3.0,3.0,0,120
2466,2026-02-09,,,500,0,476,12.0,12.0,0,500
2467,2026-02-09,,,300,0,286,7.0,7.0,0,300
2468,2026-02-09,,,550,0,524,13.0,13.0,0,550
2469,2026-02-09,,,120,0,114,3.0,3.0,0,120
2470,2026-02-09,,,400,0,381,9.5,9.5,0,400
2471,2026-02-09,,,550,0,524,13.0,13.0,0,550
2472,2026-02-09,,,200,0,190,5.0,5.0,0,200
2473,2026-02-09,,,350,0,334,8.0,8.0,0,350
2474,2026-02-09,,,640,0,609,15.5,15.5,0,640
2475,2026-02-09,,,3090,0,2942,74.0,74.0,0,3090
2476,2026-02-09,,,100,0,95,2.5,2.5,0,100
2477,2026-02-09,,,1200,0,1142,29.0,29.0,0,1200
2478,2026-02-09,,,240,0,228,6.0,6.0,0,240
2479,2026-02-09,PPP,,0,350,333,8.5,8.5,0,350
2480,2026-02-09,PPP,,0,80,76,2.0,2.0,0,80
2481,2026-02-09,PPP,,0,300,286,7.0,7.0,0,300
2482,2026-02-09,CASH,,770,0,733,18.5,18.5,0,770
2483,2026-02-09,CASH,,470,0,447,11.5,11.5,0,470
2484,2026-02-09,PPP,,0,150,143,3.5,3.5,0,150
2485,2026-02-09,PPPP,,0,300,286,7.0,7.0,0,300
2486,2026-02-09,CASH,,400,0,380,10.0,10.0,0,400
2487,2026-02-09,PPP,,0,100,95,2.5,2.5,0,100
2488,2026-02-09,CARD,,0,4860,4629,115.5,115.5,0,4860
2489,2026-02-10,CASH,,50,0,48,1.0,1.0,0,50
2490,2026-02-10,CASH,,370,0,352,9.0,9.0,0,370
2491,2026-02-10,PPP,,0,80,76,2.0,2.0,0,80
2492,2026-02-10,CASH,,550,0,524,13.0,13.0,0,550
2493,2026-02-10,CASH,,120,0,114,3.0,3.0,0,120
2494,2026-02-10,,,0,470,448,11.0,11.0,0,470
2495,2026-02-10,PPP,,0,550,524,13.0,13.0,0,550
2496,2026-02-10,PPP,,0,370,353,8.5,8.5,0,370
2497,2026-02-10,,,100,0,95,2.5,2.5,0,100
2498,2026-02-10,,,1000,0,952,24.0,24.0,0,1000
2499,2026-02-10,PPP,,0,200,190,5.0,5.0,0,200
2500,2026-02-10,MIXXX,,0,2600,2475,62.5,62.5,0,2600
2501,2026-02-10,PP,,0,80,76,2.0,2.0,0,80
2502,2026-02-10,CASH,,1480,0,1410,35.0,35.0,0,1480
2503,2026-02-10,CASH,,450,0,429,10.5,10.5,0,450
2504,2026-02-10,PPP,,0,500,476,12.0,12.0,0,500
2505,2026-02-10,PPP,,0,550,523,13.5,13.5,0,550
2506,2026-02-10,CASH,,100,0,95,2.5,2.5,0,100
2507,2026-02-10,PPP,,0,650,619,15.5,15.5,0,650
2508,2026-02-10,PPP,,0,300,286,7.0,7.0,0,300
2509,2026-02-10,CASH,,250,0,238,6.0,6.0,0,250
2510,2026-02-10,,,0,100,95,2.5,2.5,0,100
2511,2026-02-10,CASH,,200,0,190,5.0,5.0,0,200
2512,2026-02-10,PPP,,0,150,143,3.5,3.5,0,150
2513,2026-02-10,PPP,,0,770,733,18.5,18.5,0,770
2514,2026-02-10,PPP,,0,870,828,21.0,21.0,0,870
2515,2026-02-10,,,500,0,476,12.0,12.0,0,500
2516,2026-02-10,CASH,,150,0,143,3.5,3.5,0,150
2517,2026-02-10,,,500,0,476,12.0,12.0,0,500
2518,2026-02-10,,,300,0,286,7.0,7.0,0,300
2519,2026-02-10,,,500,0,476,12.0,12.0,0,500
2520,2026-02-10,CARD,,0,1690,1608,41.0,41.0,0,1690
2521,2026-02-10,PPP,,0,150,143,3.5,3.5,0,150
2522,2026-02-10,PPP,,0,100,95,2.5,2.5,0,100
2523,2026-02-10,CASH,,150,0,143,3.5,3.5,0,150
2524,2026-02-10,CASH,,800,0,761,19.5,19.5,0,800
2525,2026-02-10,CASH,,600,0,571,14.5,14.5,0,600
2526,2026-02-10,CASH,,500,0,476,12.0,12.0,0,500
2527,2026-02-10,PPP,,0,200,190,5.0,5.0,0,200
2528,2026-02-10,PPP,,0,350,333,8.5,8.5,0,350
2529,2026-02-10,CASH,,460,0,438,11.0,11.0,0,460
2530,2026-02-10,PPP,,0,150,143,3.5,3.5,0,150
2531,2026-02-10,PPP,,0,500,476,12.0,12.0,0,500
2532,2026-02-10,CASH,,400,0,381,9.5,9.5,0,400
2533,2026-02-10,CASH,,120,0,114,3.0,3.0,0,120
2534,2026-02-10,CASH,,350,0,333,8.5,8.5,0,350
2535,2026-02-10,,,300,0,286,7.0,7.0,0,300
2536,2026-02-10,PPP,,0,360,343,8.5,8.5,0,360
2537,2026-02-10,PPP,,0,210,200,5.0,5.0,0,210
2538,2026-02-10,CASH,,240,0,229,5.5,5.5,0,240
2539,2026-02-10,PPP,,0,900,857,21.5,21.5,0,900
2540,2026-02-10,PPP,,0,100,95,2.5,2.5,0,100
2541,2026-02-10,PPP,,0,850,810,20.0,20.0,0,850
2542,2026-02-10,PPP,,0,500,476,12.0,12.0,0,500
2543,2026-02-10,PPP,,0,160,152,4.0,4.0,0,160
2544,2026-02-10,PPP,,0,1270,1209,30.5,30.5,0,1270
2545,2026-02-10,CASH,,110,0,105,2.5,2.5,0,110
2546,2026-02-10,PPP,,0,700,666,17.0,17.0,0,700
2547,2026-02-10,CASH,,400,0,381,9.5,9.5,0,400
2548,2026-02-10,CASH,,350,0,333,8.5,8.5,0,350
2549,2026-02-10,CARD,,0,120,114,3.0,3.0,0,120
2550,2026-02-10,CASH,,120,0,114,3.0,3.0,0,120
2551,2026-02-10,PPP,,0,1060,1010,25.0,25.0,0,1060
2552,2026-02-10,PPP,,0,1030,980,25.0,25.0,0,1030
2553,2026-02-10,CASH,,1000,0,952,24.0,24.0,0,1000
2554,2026-02-10,CASH,,600,0,571,14.5,14.5,0,600
2555,2026-02-10,PPP,,0,1100,1048,26.0,26.0,0,1100
2556,2026-02-10,PPPP,,0,1800,1714,43.0,43.0,0,1800
2557,2026-02-11,CASH,,100,0,95,2.5,2.5,0,100
2558,2026-02-11,CASH,,300,0,286,7.0,7.0,0,300
2559,2026-02-11,CASH,,120,0,114,3.0,3.0,0,120
2560,2026-02-11,PPP,,0,300,286,7.0,7.0,0,300
2561,2026-02-11,,,300,0,286,7.0,7.0,0,300
2562,2026-02-11,,,0,40,38,1.0,1.0,0,40
2563,2026-02-11,,,350,0,333,8.5,8.5,0,350
2564,2026-02-11,PPPP,,0,2240,2132,54.0,54.0,0,2240
2565,2026-02-11,PPP,,0,680,647,16.5,16.5,0,680
2566,2026-02-11,CASH,,150,0,143,3.5,3.5,0,150
2567,2026-02-11,PPP,,0,2150,2048,51.0,51.0,0,2150
2568,2026-02-11,,,0,50,48,1.0,1.0,0,50
2569,2026-02-11,PP,,0,120,114,3.0,3.0,0,120
2570,2026-02-11,PPP,,0,350,333,8.5,8.5,0,350
2571,2026-02-11,MIXXX,,1100,0,1048,26.0,26.0,0,1100
2572,2026-02-11,CARD,,0,730,695,17.5,17.5,0,730
2573,2026-02-11,,,150,0,143,3.5,3.5,0,150
2574,2026-02-11,CASH,,500,0,476,12.0,12.0,0,500
2575,2026-02-11,PPP,,0,120,114,3.0,3.0,0,120
2576,2026-02-11,CASH,,250,0,238,6.0,6.0,0,250
2577,2026-02-11,PPP,,0,180,171,4.5,4.5,0,180
2578,2026-02-11,PPP,,0,1590,1514,38.0,38.0,0,1590
2579,2026-02-11,,,0,100,95,2.5,2.5,0,100
2580,2026-02-11,CASH,,0,1350,1286,32.0,32.0,0,1350
2581,2026-02-11,PPP,,0,1200,1143,28.5,28.5,0,1200
2582,2026-02-11,,,400,0,381,9.5,9.5,0,400
2583,2026-02-11,,,0,600,571,14.5,14.5,0,600
2584,2026-02-11,CASH,,190,0,181,4.5,4.5,0,190
2585,2026-02-11,PPP,,0,900,858,21.0,21.0,0,900
2586,2026-02-11,,,100,0,95,2.5,2.5,0,100
2587,2026-02-11,,,0,700,666,17.0,17.0,0,700
2588,2026-02-11,,,0,300,286,7.0,7.0,0,300
2589,2026-02-11,PPP,,0,300,286,7.0,7.0,0,300
2590,2026-02-11,CASH,,100,0,95,2.5,2.5,0,100
2591,2026-02-11,PPP,,0,300,286,7.0,7.0,0,300
2592,2026-02-11,PPP,,0,200,190,5.0,5.0,0,200
2593,2026-02-11,CASH,,800,0,762,19.0,19.0,0,800
2594,2026-02-11,PPP,,0,250,238,6.0,6.0,0,250
2595,2026-02-11,PPP,,0,1750,1666,42.0,42.0,0,1750
2596,2026-02-11,PPP,,0,1280,1220,30.0,30.0,0,1280
2597,2026-02-11,CASH,,1000,0,953,23.5,23.5,0,1000
2598,2026-02-11,PPP,,0,2580,2457,61.5,61.5,0,2580
2599,2026-02-11,PPP,,0,1200,1143,28.5,28.5,0,1200
2600,2026-02-11,PPP,,0,120,114,3.0,3.0,0,120
2601,2026-02-11,PPP,,0,120,114,3.0,3.0,0,120
2602,2026-02-11,[PPP,,0,2600,2477,61.5,61.5,0,2600
2603,2026-02-11,CARD,,0,2700,2571,64.5,64.5,0,2700
2604,2026-02-11,,,0,500,476,12.0,12.0,0,500
2605,2026-02-11,CASH,,120,0,114,3.0,3.0,0,120
2606,2026-02-11,PPP,,0,1000,952,24.0,24.0,0,1000
2607,2026-02-11,,,0,350,333,8.5,8.5,0,350
2608,2026-02-11,PPP,,0,2100,2000,50.0,50.0,0,2100
2609,2026-02-11,PPPP,,0,360,343,8.5,8.5,0,360
2610,2026-02-11,PPP,,0,1100,1048,26.0,26.0,0,1100
2611,2026-02-11,[PPPPPP,,0,1080,1029,25.5,25.5,0,1080
2612,2026-02-11,PPP,,0,450,428,11.0,11.0,0,450
2613,2026-02-11,PPP,,0,1190,1134,28.0,28.0,0,1190
2614,2026-02-11,PPP,,0,30,29,0.5,0.5,0,30
2615,2026-02-11,,,120,0,114,3.0,3.0,0,120
2616,2026-02-11,,,0,570,542,14.0,14.0,0,570
2617,2026-02-11,CASH,,700,0,667,16.5,16.5,0,700
2618,2026-02-11,PPP,,0,890,848,21.0,21.0,0,890
2619,2026-02-12,CASH,,300,0,286,7.0,7.0,0,300
2620,2026-02-12,CARD,,0,1180,1123,28.5,28.5,0,1180
2621,2026-02-12,CASH,,540,0,515,12.5,12.5,0,540
2622,2026-02-12,CASH,,200,0,190,5.0,5.0,0,200
2623,2026-02-12,,,600,0,571,14.5,14.5,0,600
2624,2026-02-12,,,200,0,190,5.0,5.0,0,200
2625,2026-02-12,,,300,0,286,7.0,7.0,0,300
2626,2026-02-12,,,550,0,524,13.0,13.0,0,550
2627,2026-02-12,,,50,0,48,1.0,1.0,0,50
2628,2026-02-12,,,700,0,667,16.5,16.5,0,700
2629,2026-02-12,,,1400,0,1333,33.5,33.5,0,1400
2630,2026-02-12,PPP,,0,120,114,3.0,3.0,0,120
2631,2026-02-12,,,120,0,114,3.0,3.0,0,120
2632,2026-02-12,,,550,0,524,13.0,13.0,0,550
2633,2026-02-12,PPP,,0,600,572,14.0,14.0,0,600
2634,2026-02-12,,,100,0,95,2.5,2.5,0,100
2635,2026-02-12,,,530,0,505,12.5,12.5,0,530
2636,2026-02-12,,,150,0,143,3.5,3.5,0,150
2637,2026-02-12,,,800,0,762,19.0,19.0,0,800
2638,2026-02-12,,,0,270,257,6.5,6.5,0,270
2639,2026-02-12,PPP,,0,550,524,13.0,13.0,0,550
2640,2026-02-12,CASH,,60,0,57,1.5,1.5,0,60
2641,2026-02-12,PPP,,0,310,295,7.5,7.5,0,310
2642,2026-02-12,CASH,,100,0,95,2.5,2.5,0,100
2643,2026-02-12,CASH,,600,0,571,14.5,14.5,0,600
2644,2026-02-12,PPP,,0,600,571,14.5,14.5,0,600
2645,2026-02-12,CASH,,1250,0,1191,29.5,29.5,0,1250
2646,2026-02-12,CASH,,50,0,48,1.0,1.0,0,50
2647,2026-02-12,PPP,,0,550,524,13.0,13.0,0,550
2648,2026-02-12,PPP,,0,1600,1523,38.5,38.5,0,1600
2649,2026-02-12,CASH,,200,0,190,5.0,5.0,0,200
2650,2026-02-12,PPP,,0,240,229,5.5,5.5,0,240
2651,2026-02-12,PPP,,0,2280,2171,54.5,54.5,0,2280
2652,2026-02-12,,,450,0,429,10.5,10.5,0,450
2653,2026-02-12,PPP,,0,1340,1276,32.0,32.0,0,1340
2654,2026-02-12,CASH,,150,0,143,3.5,3.5,0,150
2655,2026-02-12,CASH,,350,0,333,8.5,8.5,0,350
2656,2026-02-12,PPP,,0,2100,2000,50.0,50.0,0,2100
2657,2026-02-12,MIXX,,120,0,114,3.0,3.0,0,120
2658,2026-02-12,PPPP,,0,300,285,7.5,7.5,0,300
2659,2026-02-12,PPP,,0,1220,1162,29.0,29.0,0,1220
2660,2026-02-12,CARD,,0,2620,2495,62.5,62.5,0,2620
2661,2026-02-12,CASH,,1000,0,953,23.5,23.5,0,1000
2662,2026-02-12,CASH,,800,0,762,19.0,19.0,0,800
2663,2026-02-12,PPP,,100,0,95,2.5,2.5,0,100
2664,2026-02-12,PPP,,0,100,95,2.5,2.5,0,100
2665,2026-02-12,PPP,,0,1110,1058,26.0,26.0,0,1110
2666,2026-02-12,PPP,,0,200,190,5.0,5.0,0,200
2667,2026-02-12,PPP,,0,4400,4190,105.0,105.0,0,4400
2668,2026-02-12,,,350,0,333,8.5,8.5,0,350
2669,2026-02-12,,,50,0,48,1.0,1.0,0,50
2670,2026-02-12,,,1150,0,1095,27.5,27.5,0,1150
2671,2026-02-12,,,300,0,286,7.0,7.0,0,300
2672,2026-02-12,CASH,,240,0,229,5.5,5.5,0,240
2673,2026-02-12,CASH,,250,0,238,6.0,6.0,0,250
2674,2026-02-12,PPP,,0,340,324,8.0,8.0,0,340
2675,2026-02-13,PPP,,0,950,905,22.5,22.5,0,950
2676,2026-02-13,PPP,,0,220,210,5.0,5.0,0,220
2677,2026-02-13,CASH,,150,0,143,3.5,3.5,0,150
2678,2026-02-13,CASH,,150,0,143,3.5,3.5,0,150
2679,2026-02-13,,,300,0,286,7.0,7.0,0,300
2680,2026-02-13,,,0,2350,2237,56.5,56.5,0,2350
2681,2026-02-13,PPP,,0,700,667,16.5,16.5,0,700
2682,2026-02-13,,,760,0,723,18.5,18.5,0,760
2683,2026-02-13,CASH,,1500,0,1428,36.0,36.0,0,1500
2684,2026-02-13,,,150,0,143,3.5,3.5,0,150
2685,2026-02-13,,,130,0,124,3.0,3.0,0,130
2686,2026-02-13,CASH,,1370,0,1305,32.5,32.5,0,1370
2687,2026-02-13,PPPP,,0,2540,2419,60.5,60.5,0,2540
2688,2026-02-13,PPP,,0,20,19,0.5,0.5,0,20
2689,2026-02-13,PPP,,0,470,447,11.5,11.5,0,470
2690,2026-02-13,PPP,,0,600,571,14.5,14.5,0,600
2691,2026-02-13,PPP,,0,550,524,13.0,13.0,0,550
2692,2026-02-13,PPP,,0,4300,4094,103.0,103.0,0,4300
2693,2026-02-13,CASH,,450,0,429,10.5,10.5,0,450
2694,2026-02-13,PPP,,0,600,571,14.5,14.5,0,600
2695,2026-02-13,PPP,,0,1370,1304,33.0,33.0,0,1370
2696,2026-02-13,CARD,,0,2200,2095,52.5,52.5,0,2200
2697,2026-02-13,CASH,,120,0,114,3.0,3.0,0,120
2698,2026-02-13,,,1300,0,1238,31.0,31.0,0,1300
2699,2026-02-13,,,100,0,95,2.5,2.5,0,100
2700,2026-02-13,,,100,0,95,2.5,2.5,0,100
2701,2026-02-13,,,200,0,190,5.0,5.0,0,200
2702,2026-02-13,,,500,0,476,12.0,12.0,0,500
2703,2026-02-13,,,200,0,190,5.0,5.0,0,200
2704,2026-02-13,CASH,,350,0,333,8.5,8.5,0,350
2705,2026-02-13,,,1300,0,1238,31.0,31.0,0,1300
2706,2026-02-13,,,250,0,238,6.0,6.0,0,250
2707,2026-02-13,,,500,0,476,12.0,12.0,0,500
2708,2026-02-13,,,1280,0,1219,30.5,30.5,0,1280
2709,2026-02-13,,,0,300,286,7.0,7.0,0,300
2710,2026-02-13,PPP,,0,120,114,3.0,3.0,0,120
2711,2026-02-13,[PPP,,0,120,114,3.0,3.0,0,120
2712,2026-02-13,PPPP,,0,720,685,17.5,17.5,0,720
2713,2026-02-13,,,350,0,333,8.5,8.5,0,350
2714,2026-02-13,,,840,0,800,20.0,20.0,0,840
2715,2026-02-13,,,120,0,114,3.0,3.0,0,120
2716,2026-02-13,,,800,0,762,19.0,19.0,0,800
2717,2026-02-13,,,350,0,333,8.5,8.5,0,350
2718,2026-02-13,,,1500,0,1429,35.5,35.5,0,1500
2719,2026-02-13,,,600,0,572,14.0,14.0,0,600
2720,2026-02-13,,,150,0,143,3.5,3.5,0,150
2721,2026-02-13,,,200,0,190,5.0,5.0,0,200
2722,2026-02-13,,,1100,0,1047,26.5,26.5,0,1100
2723,2026-02-13,,,1200,0,1142,29.0,29.0,0,1200
2724,2026-02-13,,,850,0,810,20.0,20.0,0,850
2725,2026-02-13,,,180,0,171,4.5,4.5,0,180
2726,2026-02-13,,,570,0,543,13.5,13.5,0,570
2727,2026-02-13,,,520,0,495,12.5,12.5,0,520
2728,2026-02-13,,,150,0,143,3.5,3.5,0,150
2729,2026-02-13,,,450,0,429,10.5,10.5,0,450
2730,2026-02-13,,,300,0,286,7.0,7.0,0,300
2731,2026-02-13,,,300,0,286,7.0,7.0,0,300
2732,2026-02-13,,,50,0,48,1.0,1.0,0,50
2733,2026-02-13,,,0,1000,952,24.0,24.0,0,1000
2734,2026-02-13,,,240,0,229,5.5,5.5,0,240
2735,2026-02-13,,,1450,0,1381,34.5,34.5,0,1450
2736,2026-02-13,,,200,0,190,5.0,5.0,0,200
2737,2026-02-13,,,100,0,95,2.5,2.5,0,100
2738,2026-02-13,CASH,,1000,0,953,23.5,23.5,0,1000
2739,2026-02-13,,,0,120,114,3.0,3.0,0,120
2740,2026-02-13,CASH,,120,0,114,3.0,3.0,0,120
2741,2026-02-13,,,1150,0,1095,27.5,27.5,0,1150
2742,2026-02-13,,,750,0,714,18.0,18.0,0,750
2743,2026-02-13,,,200,0,190,5.0,5.0,0,200
2744,2026-02-13,,,350,0,333,8.5,8.5,0,350
2745,2026-02-13,,,200,0,190,5.0,5.0,0,200
2746,2026-02-13,,,150,0,143,3.5,3.5,0,150
2747,2026-02-13,,,500,0,476,12.0,12.0,0,500
2748,2026-02-13,,,360,0,343,8.5,8.5,0,360
2749,2026-02-13,,,1000,0,952,24.0,24.0,0,1000
2750,2026-02-13,,,0,1060,1010,25.0,25.0,0,1060
2751,2026-02-13,,,850,0,810,20.0,20.0,0,850
2752,2026-02-14,CASH,,260,0,247,6.5,6.5,0,260
2753,2026-02-14,CASH,,120,0,114,3.0,3.0,0,120
2754,2026-02-14,,,640,0,610,15.0,15.0,0,640
2755,2026-02-14,CARD,,0,900,857,21.5,21.5,0,900
2756,2026-02-14,MIXX,,120,0,114,3.0,3.0,0,120
2757,2026-02-14,PPP,,0,1650,1571,39.5,39.5,0,1650
2758,2026-02-14,CASH,,200,0,190,5.0,5.0,0,200
2759,2026-02-14,PPP,,0,200,190,5.0,5.0,0,200
2760,2026-02-14,PPP,,0,500,476,12.0,12.0,0,500
2761,2026-02-14,PPP,,0,640,610,15.0,15.0,0,640
2762,2026-02-14,,,150,0,143,3.5,3.5,0,150
2763,2026-02-14,PPP,,0,500,476,12.0,12.0,0,500
2764,2026-02-14,PPP,,0,500,476,12.0,12.0,0,500
2765,2026-02-14,PPP,,0,350,333,8.5,8.5,0,350
2766,2026-02-14,CASH,,200,0,190,5.0,5.0,0,200
2767,2026-02-14,CASH,,150,0,143,3.5,3.5,0,150
2768,2026-02-14,PPP,,0,1700,1619,40.5,40.5,0,1700
2769,2026-02-14,,,300,0,286,7.0,7.0,0,300
2770,2026-02-14,,,630,0,600,15.0,15.0,0,630
2771,2026-02-14,,,250,0,238,6.0,6.0,0,250
2772,2026-02-14,PPP,,0,160,152,4.0,4.0,0,160
2773,2026-02-14,[PPP,,0,100,95,2.5,2.5,0,100
2774,2026-02-14,PP,,0,600,572,14.0,14.0,0,600
2775,2026-02-14,,,700,0,666,17.0,17.0,0,700
2776,2026-02-14,CASH,,0,150,143,3.5,3.5,0,150
2777,2026-02-14,,,0,890,847,21.5,21.5,0,890
2778,2026-02-14,,,350,0,333,8.5,8.5,0,350
2779,2026-02-14,,,50,0,48,1.0,1.0,0,50
2780,2026-02-14,CASH,,250,0,238,6.0,6.0,0,250
2781,2026-02-14,PPP,,0,200,190,5.0,5.0,0,200
2782,2026-02-14,CASH,,1200,0,1143,28.5,28.5,0,1200
2783,2026-02-14,PPP,,0,1000,953,23.5,23.5,0,1000
2784,2026-02-14,PPP,,0,600,571,14.5,14.5,0,600
2785,2026-02-14,PPP,,0,50,48,1.0,1.0,0,50
2786,2026-02-14,PPP,,0,300,286,7.0,7.0,0,300
2787,2026-02-14,PPPP,,0,590,562,14.0,14.0,0,590
2788,2026-02-14,CASH,,1300,0,1238,31.0,31.0,0,1300
2789,2026-02-14,PPPP,,0,230,219,5.5,5.5,0,230
2790,2026-02-14,PPP,,0,860,819,20.5,20.5,0,860
2791,2026-02-14,PPP,,0,350,333,8.5,8.5,0,350
2792,2026-02-14,CASH,,900,0,857,21.5,21.5,0,900
2793,2026-02-14,CASJH,,200,0,191,4.5,4.5,0,200
2794,2026-02-14,CASH,,560,0,533,13.5,13.5,0,560
2795,2026-02-14,CASH,,550,0,524,13.0,13.0,0,550
2796,2026-02-14,CASH,,300,0,286,7.0,7.0,0,300
2797,2026-02-14,PPP,,0,350,333,8.5,8.5,0,350
2798,2026-02-14,CASH,,700,0,667,16.5,16.5,0,700
2799,2026-02-14,PPP,,0,700,667,16.5,16.5,0,700
2800,2026-02-14,CASH,,100,0,95,2.5,2.5,0,100
2801,2026-02-14,CASH,,510,0,485,12.5,12.5,0,510
2802,2026-02-14,PPP,,0,1000,952,24.0,24.0,0,1000
2803,2026-02-14,PPP,,0,950,904,23.0,23.0,0,950
2804,2026-02-14,CASH,,200,0,190,5.0,5.0,0,200
2805,2026-02-14,CASH,,2920,0,2780,70.0,70.0,0,2920
2806,2026-02-14,CASH,,100,0,95,2.5,2.5,0,100
2807,2026-02-14,PPP,,0,350,333,8.5,8.5,0,350
2808,2026-02-14,,,300,0,286,7.0,7.0,0,300
2809,2026-02-14,CARD,,0,600,571,14.5,14.5,0,600
2810,2026-02-14,PPP,,0,700,667,16.5,16.5,0,700
2811,2026-02-14,PPP,,0,850,809,20.5,20.5,0,850
2812,2026-02-14,PPP,,0,840,800,20.0,20.0,0,840
2813,2026-02-14,,,380,0,362,9.0,9.0,0,380
2814,2026-02-14,,,100,0,95,2.5,2.5,0,100
2815,2026-02-14,,,350,0,333,8.5,8.5,0,350
2816,2026-02-14,PPP,,0,700,667,16.5,16.5,0,700
2817,2026-02-14,,,0,550,524,13.0,13.0,0,550
2818,2026-02-14,CASH,,350,0,333,8.5,8.5,0,350
2819,2026-02-14,,,200,0,190,5.0,5.0,0,200
2820,2026-02-14,,,890,0,847,21.5,21.5,0,890
2821,2026-02-14,,,600,0,571,14.5,14.5,0,600
2822,2026-02-15,CASH,,600,0,571,14.5,14.5,0,600
2823,2026-02-15,PPP,,0,800,762,19.0,19.0,0,800
2824,2026-02-15,,,200,0,190,5.0,5.0,0,200
2825,2026-02-15,PPP,,0,360,343,8.5,8.5,0,360
2826,2026-02-15,,,400,0,381,9.5,9.5,0,400
2827,2026-02-15,,,550,0,524,13.0,13.0,0,550
2828,2026-02-15,,,0,1100,1048,26.0,26.0,0,1100
2829,2026-02-15,PPP77777,,0,600,571,14.5,14.5,0,600
2830,2026-02-15,PPPP,,0,850,809,20.5,20.5,0,850
2831,2026-02-15,PPP,,0,600,571,14.5,14.5,0,600
2832,2026-02-15,CASH,,4320,0,4115,102.5,102.5,0,4320
2833,2026-02-15,,,30,0,29,0.5,0.5,0,30
2834,2026-02-15,CASH,,150,0,143,3.5,3.5,0,150
2835,2026-02-15,CASH,,300,0,286,7.0,7.0,0,300
2836,2026-02-15,,,120,0,114,3.0,3.0,0,120
2837,2026-02-15,CASH,,920,0,876,22.0,22.0,0,920
2838,2026-02-15,,,350,0,333,8.5,8.5,0,350
2839,2026-02-15,PPP,,0,350,333,8.5,8.5,0,350
2840,2026-02-15,CASH,,450,0,429,10.5,10.5,0,450
2841,2026-02-15,PPP,,0,900,857,21.5,21.5,0,900
2842,2026-02-15,,,0,1100,1048,26.0,26.0,0,1100
2843,2026-02-15,,,250,0,238,6.0,6.0,0,250
2844,2026-02-15,PPP,,0,120,114,3.0,3.0,0,120
2845,2026-02-15,,,200,0,190,5.0,5.0,0,200
2846,2026-02-15,,,3380,0,3219,80.5,80.5,0,3380
2847,2026-02-15,,,850,0,810,20.0,20.0,0,850
2848,2026-02-15,CASH,,0,1650,1571,39.5,39.5,0,1650
2849,2026-02-15,,,0,550,524,13.0,13.0,0,550
2850,2026-02-15,,,120,0,114,3.0,3.0,0,120
2851,2026-02-15,,,950,0,904,23.0,23.0,0,950
2852,2026-02-15,CASH,,350,0,333,8.5,8.5,0,350
2853,2026-02-15,,,240,0,229,5.5,5.5,0,240
2854,2026-02-15,,,870,0,828,21.0,21.0,0,870
2855,2026-02-15,,,100,0,95,2.5,2.5,0,100
2856,2026-02-15,,,500,0,476,12.0,12.0,0,500
2857,2026-02-15,,,350,0,333,8.5,8.5,0,350
2858,2026-02-15,,,250,0,238,6.0,6.0,0,250
2859,2026-02-15,CASH,,900,0,858,21.0,21.0,0,900
2860,2026-02-15,,,0,260,248,6.0,6.0,0,260
2861,2026-02-15,,,300,0,286,7.0,7.0,0,300
2862,2026-02-15,CASH,,120,0,114,3.0,3.0,0,120
2863,2026-02-15,,,600,0,571,14.5,14.5,0,600
2864,2026-02-15,,,1400,0,1333,33.5,33.5,0,1400
2865,2026-02-15,,,500,0,476,12.0,12.0,0,500
2866,2026-02-15,,,1300,0,1237,31.5,31.5,0,1300
2867,2026-02-15,,,230,0,219,5.5,5.5,0,230
2868,2026-02-15,,,150,0,143,3.5,3.5,0,150
2869,2026-02-15,,,240,0,229,5.5,5.5,0,240
2870,2026-02-15,,,40,0,38,1.0,1.0,0,40
2871,2026-02-15,,,1170,0,1115,27.5,27.5,0,1170
2872,2026-02-15,,,300,0,286,7.0,7.0,0,300
2873,2026-02-15,,,450,0,429,10.5,10.5,0,450
2874,2026-02-15,,,500,0,476,12.0,12.0,0,500
2875,2026-02-15,,,1450,0,1381,34.5,34.5,0,1450
2876,2026-02-15,,,300,0,286,7.0,7.0,0,300
2877,2026-02-15,,,250,0,238,6.0,6.0,0,250
2878,2026-02-15,PPP,,0,350,333,8.5,8.5,0,350
2879,2026-02-15,CASH,,400,0,381,9.5,9.5,0,400
2880,2026-02-15,,,310,0,295,7.5,7.5,0,310
2881,2026-02-15,,,530,0,505,12.5,12.5,0,530
2882,2026-02-15,,,2420,0,2305,57.5,57.5,0,2420
2883,2026-02-15,,,100,0,95,2.5,2.5,0,100
2884,2026-02-16,PPP,,0,650,619,15.5,15.5,0,650
2885,2026-02-16,,,0,900,857,21.5,21.5,0,900
2886,2026-02-16,,,30,0,29,0.5,0.5,0,30
2887,2026-02-16,PPP,,0,200,190,5.0,5.0,0,200
2888,2026-02-16,PPP,,0,650,619,15.5,15.5,0,650
2889,2026-02-16,,,350,0,333,8.5,8.5,0,350
2890,2026-02-16,PPP,,0,150,143,3.5,3.5,0,150
2891,2026-02-16,CASH,,1200,0,1143,28.5,28.5,0,1200
2892,2026-02-16,,,400,0,380,10.0,10.0,0,400
2893,2026-02-16,PPP,,0,850,809,20.5,20.5,0,850
2894,2026-02-16,,,120,0,114,3.0,3.0,0,120
2895,2026-02-16,PPP,,0,800,762,19.0,19.0,0,800
2896,2026-02-16,CASH,,700,0,667,16.5,16.5,0,700
2897,2026-02-16,CASH,,1500,0,1428,36.0,36.0,0,1500
2898,2026-02-16,PPP,,0,1140,1086,27.0,27.0,0,1140
2899,2026-02-16,,,0,470,447,11.5,11.5,0,470
2900,2026-02-16,PPP,,0,380,362,9.0,9.0,0,380
2901,2026-02-16,CASH,,2000,0,1904,48.0,48.0,0,2000
2902,2026-02-16,CASH,,430,0,409,10.5,10.5,0,430
2903,2026-02-16,PPP,,0,1450,1381,34.5,34.5,0,1450
2904,2026-02-16,CASH,,550,0,524,13.0,13.0,0,550
2905,2026-02-16,CASH,,550,0,524,13.0,13.0,0,550
2906,2026-02-16,,,0,400,381,9.5,9.5,0,400
2907,2026-02-16,,,350,0,333,8.5,8.5,0,350
2908,2026-02-16,CASH,,840,0,800,20.0,20.0,0,840
2909,2026-02-16,,,30,0,29,0.5,0.5,0,30
2910,2026-02-16,,,450,0,429,10.5,10.5,0,450
2911,2026-02-16,PPP,,0,2710,2580,65.0,65.0,0,2710
2912,2026-02-16,PPP,,0,2200,2095,52.5,52.5,0,2200
2913,2026-02-16,PPPP,,0,1050,1000,25.0,25.0,0,1050
2914,2026-02-16,CASH,,330,0,314,8.0,8.0,0,330
2915,2026-02-16,CASH,,200,0,190,5.0,5.0,0,200
2916,2026-02-16,CASH,,250,0,238,6.0,6.0,0,250
2917,2026-02-16,PPP,,0,800,762,19.0,19.0,0,800
2918,2026-02-16,PP,,0,920,876,22.0,22.0,0,920
2919,2026-02-16,,,700,0,667,16.5,16.5,0,700
2920,2026-02-16,,,600,0,571,14.5,14.5,0,600
2921,2026-02-16,,,330,0,314,8.0,8.0,0,330
2922,2026-02-16,PPP,,0,1300,1238,31.0,31.0,0,1300
2923,2026-02-16,CASH,,3670,0,3494,88.0,88.0,0,3670
2924,2026-02-16,CASH,,1200,0,1143,28.5,28.5,0,1200
2925,2026-02-16,,,300,0,286,7.0,7.0,0,300
2926,2026-02-16,,,0,180,171,4.5,4.5,0,180
2927,2026-02-16,,,120,0,114,3.0,3.0,0,120
2928,2026-02-16,,,130,0,124,3.0,3.0,0,130
2929,2026-02-16,,,0,1570,1496,37.0,37.0,0,1570
2930,2026-02-16,PPP,,0,150,143,3.5,3.5,0,150
2931,2026-02-16,MIXX,,590,0,562,14.0,14.0,0,590
2932,2026-02-16,PPP,,0,300,286,7.0,7.0,0,300
2933,2026-02-16,PP,,0,1000,952,24.0,24.0,0,1000
2934,2026-02-16,CASH,,2520,0,2400,60.0,60.0,0,2520
2935,2026-02-16,PPP,,0,270,257,6.5,6.5,0,270
2936,2026-02-16,,,120,0,114,3.0,3.0,0,120
2937,2026-02-16,CASH,,350,0,333,8.5,8.5,0,350
2938,2026-02-16,,,0,150,143,3.5,3.5,0,150
2939,2026-02-16,,,0,2530,2410,60.0,60.0,0,2530
2940,2026-02-16,PPP,,0,470,447,11.5,11.5,0,470
2941,2026-02-17,CASH,,120,0,114,3.0,3.0,0,120
2942,2026-02-17,PPP,,0,1050,1000,25.0,25.0,0,1050
2943,2026-02-17,,,0,120,114,3.0,3.0,0,120
2944,2026-02-17,,,200,0,190,5.0,5.0,0,200
2945,2026-02-17,PPP,,0,500,476,12.0,12.0,0,500
2946,2026-02-17,,,100,0,95,2.5,2.5,0,100
2947,2026-02-17,,,800,0,762,19.0,19.0,0,800
2948,2026-02-17,CASH,,200,0,190,5.0,5.0,0,200
2949,2026-02-17,CASH,,1220,0,1162,29.0,29.0,0,1220
2950,2026-02-17,PPP,,0,2740,2610,65.0,65.0,0,2740
2951,2026-02-17,PPP,,0,760,723,18.5,18.5,0,760
2952,2026-02-17,,,700,0,667,16.5,16.5,0,700
2953,2026-02-17,PPP,,0,500,476,12.0,12.0,0,500
2954,2026-02-17,,,290,0,276,7.0,7.0,0,290
2955,2026-02-17,PPP,,0,730,695,17.5,17.5,0,730
2956,2026-02-17,CASH,,120,0,114,3.0,3.0,0,120
2957,2026-02-17,PPP,,0,700,666,17.0,17.0,0,700
2958,2026-02-17,PPP,,0,820,781,19.5,19.5,0,820
2959,2026-02-17,PPP,,0,850,809,20.5,20.5,0,850
2960,2026-02-17,,,650,0,619,15.5,15.5,0,650
2961,2026-02-17,,,120,0,114,3.0,3.0,0,120
2962,2026-02-17,,,370,0,352,9.0,9.0,0,370
2963,2026-02-17,,,30,0,29,0.5,0.5,0,30
2964,2026-02-17,,,300,0,286,7.0,7.0,0,300
2965,2026-02-17,CARD,,0,550,524,13.0,13.0,0,550
2966,2026-02-17,,,300,0,286,7.0,7.0,0,300
2967,2026-02-17,,,60,0,57,1.5,1.5,0,60
2968,2026-02-17,,,2730,0,2599,65.5,65.5,0,2730
2969,2026-02-17,CASH,,1050,0,1000,25.0,25.0,0,1050
2970,2026-02-17,,,550,0,524,13.0,13.0,0,550
2971,2026-02-17,,,650,0,619,15.5,15.5,0,650
2972,2026-02-17,,,2000,0,1904,48.0,48.0,0,2000
2973,2026-02-17,,,1820,0,1733,43.5,43.5,0,1820
2974,2026-02-17,,,500,0,476,12.0,12.0,0,500
2975,2026-02-17,,,1000,0,952,24.0,24.0,0,1000
2976,2026-02-17,,,120,0,114,3.0,3.0,0,120
2977,2026-02-17,,,1350,0,1285,32.5,32.5,0,1350
2978,2026-02-17,,,100,0,95,2.5,2.5,0,100
2979,2026-02-17,,,150,0,143,3.5,3.5,0,150
2980,2026-02-17,,,300,0,286,7.0,7.0,0,300
2981,2026-02-17,,,1500,0,1429,35.5,35.5,0,1500
2982,2026-02-17,,,1500,0,1429,35.5,35.5,0,1500
2983,2026-02-17,PPP,,0,650,619,15.5,15.5,0,650
2984,2026-02-17,,,1500,0,1429,35.5,35.5,0,1500
2985,2026-02-17,PPP,,0,2500,2382,59.0,59.0,0,2500
2986,2026-02-18,CASH\,,60,0,57,1.5,1.5,0,60
2987,2026-02-18,PPP,,0,200,190,5.0,5.0,0,200
2988,2026-02-18,PPP,,0,500,476,12.0,12.0,0,500
2989,2026-02-18,,,100,0,95,2.5,2.5,0,100
2990,2026-02-18,PPP,,0,1700,1619,40.5,40.5,0,1700
2991,2026-02-18,PPP,,0,30,29,0.5,0.5,0,30
2992,2026-02-18,PPP,,0,80,76,2.0,2.0,0,80
2993,2026-02-18,CASH,,220,0,210,5.0,5.0,0,220
2994,2026-02-18,PPP,,0,100,95,2.5,2.5,0,100
2995,2026-02-18,CASH,,800,0,762,19.0,19.0,0,800
2996,2026-02-18,PPP,,0,350,333,8.5,8.5,0,350
2997,2026-02-18,PPP,,0,1560,1485,37.5,37.5,0,1560
2998,2026-02-18,PPP,,0,100,95,2.5,2.5,0,100
2999,2026-02-18,CASH,,600,0,571,14.5,14.5,0,600
3000,2026-02-18,PPP,,0,500,476,12.0,12.0,0,500
3001,2026-02-18,,,200,0,190,5.0,5.0,0,200
3002,2026-02-18,CASH,,120,0,114,3.0,3.0,0,120
3003,2026-02-18,PPP,,0,300,286,7.0,7.0,0,300
3004,2026-02-18,CASH,,1100,0,1048,26.0,26.0,0,1100
3005,2026-02-18,CASH,,100,0,95,2.5,2.5,0,100
3006,2026-02-18,PPP,,0,500,476,12.0,12.0,0,500
3007,2026-02-18,MIXX,,120,0,114,3.0,3.0,0,120
3008,2026-02-18,PPP,,0,700,667,16.5,16.5,0,700
3009,2026-02-18,CASH,,300,0,286,7.0,7.0,0,300
3010,2026-02-18,CASH,,150,0,143,3.5,3.5,0,150
3011,2026-02-18,,,200,0,190,5.0,5.0,0,200
3012,2026-02-18,,,230,0,219,5.5,5.5,0,230
3013,2026-02-18,,,150,0,143,3.5,3.5,0,150
3014,2026-02-18,PPP,,0,200,190,5.0,5.0,0,200
3015,2026-02-18,PPP,,0,350,333,8.5,8.5,0,350
3016,2026-02-18,CASH,,120,0,114,3.0,3.0,0,120
3017,2026-02-18,PPP,,0,860,819,20.5,20.5,0,860
3018,2026-02-18,PPP,,0,350,334,8.0,8.0,0,350
3019,2026-02-18,PPP,,0,730,695,17.5,17.5,0,730
3020,2026-02-18,CASH,,120,0,114,3.0,3.0,0,120
3021,2026-02-18,CASH,,400,0,381,9.5,9.5,0,400
3022,2026-02-18,PPP,,0,1000,952,24.0,24.0,0,1000
3023,2026-02-18,CASH,,500,0,476,12.0,12.0,0,500
3024,2026-02-18,CASH,,1880,0,1790,45.0,45.0,0,1880
3025,2026-02-18,CASH,,950,0,905,22.5,22.5,0,950
3026,2026-02-18,,,500,0,477,11.5,11.5,0,500
3027,2026-02-18,PPP,,0,2200,2096,52.0,52.0,0,2200
3028,2026-02-18,CASH,,1560,0,1486,37.0,37.0,0,1560
3029,2026-02-18,,,500,0,476,12.0,12.0,0,500
3030,2026-02-18,,,0,100,95,2.5,2.5,0,100
3031,2026-02-18,PP,,0,260,248,6.0,6.0,0,260
3032,2026-02-18,,,0,600,571,14.5,14.5,0,600
3033,2026-02-18,,,0,700,667,16.5,16.5,0,700
3034,2026-02-18,PPP,,0,700,667,16.5,16.5,0,700
3035,2026-02-18,PP,,0,1200,1143,28.5,28.5,0,1200
3036,2026-02-18,PPP,,0,1000,952,24.0,24.0,0,1000
3037,2026-02-18,PPP,,0,200,190,5.0,5.0,0,200
3038,2026-02-18,PPP,,0,730,695,17.5,17.5,0,730
3039,2026-02-18,,,0,2400,2286,57.0,57.0,0,2400
3040,2026-02-19,PPP,,0,450,429,10.5,10.5,0,450
3041,2026-02-19,CASH,,400,0,381,9.5,9.5,0,400
3042,2026-02-19,CARD,,0,500,476,12.0,12.0,0,500
3043,2026-02-19,PPP,,0,50,48,1.0,1.0,0,50
3044,2026-02-19,CASH,,600,0,571,14.5,14.5,0,600
3045,2026-02-19,CASH,,2440,0,2322,59.0,59.0,0,2440
3046,2026-02-19,,,50,0,48,1.0,1.0,0,50
3047,2026-02-19,CASH,,720,0,686,17.0,17.0,0,720
3048,2026-02-19,PPP,,0,120,114,3.0,3.0,0,120
3049,2026-02-19,CASH,,1000,0,952,24.0,24.0,0,1000
3050,2026-02-19,MIXX,,0,550,524,13.0,13.0,0,550
3051,2026-02-19,CASH,,250,0,238,6.0,6.0,0,250
3052,2026-02-19,CASH,,500,0,476,12.0,12.0,0,500
3053,2026-02-19,PPP,,0,100,95,2.5,2.5,0,100
3054,2026-02-19,MIXX,,1600,0,1524,38.0,38.0,0,1600
3055,2026-02-19,,,500,0,476,12.0,12.0,0,500
3056,2026-02-19,PPP,,0,1100,1047,26.5,26.5,0,1100
3057,2026-02-19,PPP,,0,470,447,11.5,11.5,0,470
3058,2026-02-19,PPP,,0,240,229,5.5,5.5,0,240
3059,2026-02-19,PPP,,0,500,476,12.0,12.0,0,500
3060,2026-02-19,CASH,,500,0,476,12.0,12.0,0,500
3061,2026-02-19,PPP,,0,1600,1523,38.5,38.5,0,1600
3062,2026-02-19,CASH,,450,0,428,11.0,11.0,0,450
3063,2026-02-19,PPP,,0,2300,2191,54.5,54.5,0,2300
3064,2026-02-19,PPP,,0,1960,1866,47.0,47.0,0,1960
3065,2026-02-19,,,150,0,143,3.5,3.5,0,150
3066,2026-02-19,PPP,,0,2000,1904,48.0,48.0,0,2000
3067,2026-02-19,CASH,,200,0,190,5.0,5.0,0,200
3068,2026-02-19,CASH,,1600,0,1523,38.5,38.5,0,1600
3069,2026-02-19,PPP,,0,800,762,19.0,19.0,0,800
3070,2026-02-19,,,450,0,429,10.5,10.5,0,450
3071,2026-02-19,PPP,,0,350,333,8.5,8.5,0,350
3072,2026-02-19,,,120,0,114,3.0,3.0,0,120
3073,2026-02-19,,,350,0,333,8.5,8.5,0,350
3074,2026-02-19,,,160,0,152,4.0,4.0,0,160
3075,2026-02-19,,,0,650,618,16.0,16.0,0,650
3076,2026-02-19,,,100,0,95,2.5,2.5,0,100
3077,2026-02-19,PPP,,0,700,667,16.5,16.5,0,700
3078,2026-02-19,CASH,,500,0,476,12.0,12.0,0,500
3079,2026-02-19,CASH,,500,0,476,12.0,12.0,0,500
3080,2026-02-19,CASH,,800,0,762,19.0,19.0,0,800
3081,2026-02-19,CASH,,880,0,838,21.0,21.0,0,880
3082,2026-02-19,CASH,,500,0,476,12.0,12.0,0,500
3083,2026-02-19,CASH,,370,0,352,9.0,9.0,0,370
3084,2026-02-19,CASH,,1000,0,952,24.0,24.0,0,1000
3085,2026-02-19,CASH,,150,0,143,3.5,3.5,0,150
3086,2026-02-19,PPP,,0,1200,1143,28.5,28.5,0,1200
3087,2026-02-19,CASH,,1750,0,1666,42.0,42.0,0,1750
3088,2026-02-19,PPP,,0,410,390,10.0,10.0,0,410
3089,2026-02-19,PPP,,0,350,333,8.5,8.5,0,350
3090,2026-02-19,PP,,0,600,571,14.5,14.5,0,600
3091,2026-02-19,CASH,,700,0,667,16.5,16.5,0,700
3092,2026-02-19,ASH,,1250,0,1190,30.0,30.0,0,1250
3093,2026-02-19,CASH,,350,0,333,8.5,8.5,0,350
3094,2026-02-19,CASH,,30,0,29,0.5,0.5,0,30
3095,2026-02-19,,,400,0,381,9.5,9.5,0,400
3096,2026-02-19,,,100,0,95,2.5,2.5,0,100
3097,2026-02-20,CASH,,120,0,114,3.0,3.0,0,120
3098,2026-02-20,,,0,940,895,22.5,22.5,0,940
3099,2026-02-20,PPP,,0,400,381,9.5,9.5,0,400
3100,2026-02-20,PPP,,0,150,143,3.5,3.5,0,150
3101,2026-02-20,,,700,0,667,16.5,16.5,0,700
3102,2026-02-20,,,1200,0,1142,29.0,29.0,0,1200
3103,2026-02-20,CASH,,1000,0,952,24.0,24.0,0,1000
3104,2026-02-20,,,1520,0,1448,36.0,36.0,0,1520
3105,2026-02-20,,,100,0,95,2.5,2.5,0,100
3106,2026-02-20,,,700,0,666,17.0,17.0,0,700
3107,2026-02-20,PPP,,0,650,619,15.5,15.5,0,650
3108,2026-02-20,CASH,,200,0,190,5.0,5.0,0,200
3109,2026-02-20,,,150,0,143,3.5,3.5,0,150
3110,2026-02-20,PPP,,0,1650,1571,39.5,39.5,0,1650
3111,2026-02-20,PPP,,0,2250,2142,54.0,54.0,0,2250
3112,2026-02-20,PPP,,0,370,353,8.5,8.5,0,370
3113,2026-02-20,CASH,,600,0,571,14.5,14.5,0,600
3114,2026-02-20,,,600,0,572,14.0,14.0,0,600
3115,2026-02-20,PPP,,0,800,762,19.0,19.0,0,800
3116,2026-02-20,,,0,100,95,2.5,2.5,0,100
3117,2026-02-20,CASH,,500,0,476,12.0,12.0,0,500
3118,2026-02-20,CASH,,600,0,571,14.5,14.5,0,600
3119,2026-02-20,CASH,,780,0,743,18.5,18.5,0,780
3120,2026-02-20,,,450,0,429,10.5,10.5,0,450
3121,2026-02-20,,,1400,0,1333,33.5,33.5,0,1400
3122,2026-02-20,CASH,,6020,0,5732,144.0,144.0,0,6020
3123,2026-02-20,,,0,1000,953,23.5,23.5,0,1000
3124,2026-02-20,,,200,0,190,5.0,5.0,0,200
3125,2026-02-20,,,1270,0,1209,30.5,30.5,0,1270
3126,2026-02-20,CARD,,150,0,143,3.5,3.5,0,150
3127,2026-02-20,,,0,650,619,15.5,15.5,0,650
3128,2026-02-20,,,200,0,190,5.0,5.0,0,200
3129,2026-02-20,,,600,0,571,14.5,14.5,0,600
3130,2026-02-20,,,1050,0,999,25.5,25.5,0,1050
3131,2026-02-20,,,30,0,29,0.5,0.5,0,30
3132,2026-02-20,,,200,0,190,5.0,5.0,0,200
3133,2026-02-20,CARD,,0,7350,7000,175.0,175.0,0,7350
3134,2026-02-20,CASH,,1100,0,1048,26.0,26.0,0,1100
3135,2026-02-20,CASH,,1250,0,1191,29.5,29.5,0,1250
3136,2026-02-20,CASH,,550,0,524,13.0,13.0,0,550
3137,2026-02-20,CASH,,600,0,571,14.5,14.5,0,600
3138,2026-02-20,PP,,0,260,248,6.0,6.0,0,260
3139,2026-02-20,PPPP,,0,550,524,13.0,13.0,0,550
3140,2026-02-20,PPP,,0,350,333,8.5,8.5,0,350
3141,2026-02-20,CASH,,550,0,524,13.0,13.0,0,550
3142,2026-02-20,CASH,,120,0,114,3.0,3.0,0,120
3143,2026-02-20,PPP,,0,150,143,3.5,3.5,0,150
3144,2026-02-20,PPP,,0,1000,952,24.0,24.0,0,1000
3145,2026-02-20,CASH,,550,0,524,13.0,13.0,0,550
3146,2026-02-20,CASH,,4150,0,3952,99.0,99.0,0,4150
3147,2026-02-20,CASH,,370,0,352,9.0,9.0,0,370
3148,2026-02-20,PPP,,0,400,381,9.5,9.5,0,400
3149,2026-02-20,PPP,,0,100,95,2.5,2.5,0,100
3150,2026-02-20,PPP,,0,100,95,2.5,2.5,0,100
3151,2026-02-20,PPP,,0,850,810,20.0,20.0,0,850
3152,2026-02-20,,,150,0,143,3.5,3.5,0,150
3153,2026-02-20,PPP,,0,550,524,13.0,13.0,0,550
3154,2026-02-20,[[PPP,,0,100,95,2.5,2.5,0,100
3155,2026-02-20,PPP,,0,7440,7086,177.0,177.0,0,7440
3156,2026-02-20,PPP,,0,1450,1381,34.5,34.5,0,1450
3157,2026-02-21,CASH,,630,0,600,15.0,15.0,0,630
3158,2026-02-21,PPP,,0,350,333,8.5,8.5,0,350
3159,2026-02-21,CASH,,100,0,95,2.5,2.5,0,100
3160,2026-02-21,PPP,,0,1200,1143,28.5,28.5,0,1200
3161,2026-02-21,PPP,,0,850,809,20.5,20.5,0,850
3162,2026-02-21,CASH,,1600,0,1524,38.0,38.0,0,1600
3163,2026-02-21,PPP,,0,150,143,3.5,3.5,0,150
3164,2026-02-21,PPPP,,0,700,667,16.5,16.5,0,700
3165,2026-02-21,CASH,,350,0,333,8.5,8.5,0,350
3166,2026-02-21,PPP,,0,400,381,9.5,9.5,0,400
3167,2026-02-21,[PPP,,0,250,238,6.0,6.0,0,250
3168,2026-02-21,PPP,,0,250,238,6.0,6.0,0,250
3169,2026-02-21,CASH,,200,0,190,5.0,5.0,0,200
3170,2026-02-21,PPP,,150,0,143,3.5,3.5,0,150
3171,2026-02-21,CASH,,1700,0,1619,40.5,40.5,0,1700
3172,2026-02-21,CASH,,100,0,95,2.5,2.5,0,100
3173,2026-02-21,CASH,,100,0,95,2.5,2.5,0,100
3174,2026-02-21,CASH,,350,0,333,8.5,8.5,0,350
3175,2026-02-21,CASH,,350,0,333,8.5,8.5,0,350
3176,2026-02-21,CASH,,1950,0,1857,46.5,46.5,0,1950
3177,2026-02-21,CASH,,400,0,380,10.0,10.0,0,400
3178,2026-02-21,CASH,,1200,0,1142,29.0,29.0,0,1200
3179,2026-02-21,CARD,,0,200,190,5.0,5.0,0,200
3180,2026-02-21,[[PPPPP,,0,1350,1285,32.5,32.5,0,1350
3181,2026-02-21,[PPP,,0,800,761,19.5,19.5,0,800
3182,2026-02-21,CASH,,1200,0,1142,29.0,29.0,0,1200
3183,2026-02-21,PPPP,,0,1200,1143,28.5,28.5,0,1200
3184,2026-02-21,CASH,,180,0,171,4.5,4.5,0,180
3185,2026-02-21,PPP,,0,700,667,16.5,16.5,0,700
3186,2026-02-21,PPP,,0,200,190,5.0,5.0,0,200
3187,2026-02-21,PPP,,0,300,286,7.0,7.0,0,300
3188,2026-02-21,PPP,,0,250,238,6.0,6.0,0,250
3189,2026-02-21,PPP,,0,50,48,1.0,1.0,0,50
3190,2026-02-21,CASH,,1450,0,1381,34.5,34.5,0,1450
3191,2026-02-21,PPP,,0,490,467,11.5,11.5,0,490
3192,2026-02-21,PPP,,0,1000,952,24.0,24.0,0,1000
3193,2026-02-21,PPP,,0,500,476,12.0,12.0,0,500
3194,2026-02-21,PPP,,0,350,333,8.5,8.5,0,350
3195,2026-02-21,PPP,,0,250,238,6.0,6.0,0,250
3196,2026-02-21,CARD,,0,800,762,19.0,19.0,0,800
3197,2026-02-21,,,0,1400,1334,33.0,33.0,0,1400
3198,2026-02-21,PPP,,0,750,714,18.0,18.0,0,750
3199,2026-02-21,,,120,0,114,3.0,3.0,0,120
3200,2026-02-21,CARD,,1700,0,1619,40.5,40.5,0,1700
3201,2026-02-21,,,1950,0,1858,46.0,46.0,0,1950
3202,2026-02-21,,,100,0,95,2.5,2.5,0,100
3203,2026-02-21,PPP,,0,3300,3143,78.5,78.5,0,3300
3204,2026-02-21,PPP,,0,1380,1314,33.0,33.0,0,1380
3205,2026-02-21,CASH,,990,0,943,23.5,23.5,0,990
3206,2026-02-21,PPP,,0,1250,1191,29.5,29.5,0,1250
3207,2026-02-21,PPP,,0,400,381,9.5,9.5,0,400
3208,2026-02-21,,,150,0,143,3.5,3.5,0,150
3209,2026-02-21,,,300,0,286,7.0,7.0,0,300
3210,2026-02-21,PPP,,0,120,114,3.0,3.0,0,120
3211,2026-02-21,PPP,,0,560,533,13.5,13.5,0,560
3212,2026-02-21,PPP,,0,620,590,15.0,15.0,0,620
3213,2026-02-21,CASH,,100,0,95,2.5,2.5,0,100
3214,2026-02-21,,,450,0,429,10.5,10.5,0,450
3215,2026-02-21,PPP,,0,1070,1019,25.5,25.5,0,1070
3216,2026-02-21,,,1950,0,1856,47.0,47.0,0,1950
3217,2026-02-21,,,120,0,114,3.0,3.0,0,120
3218,2026-02-21,,,3610,0,3439,85.5,85.5,0,3610
3219,2026-02-22,CASH,,0,750,714,18.0,18.0,0,750
3220,2026-02-22,CASH,,850,0,809,20.5,20.5,0,850
3221,2026-02-22,,,500,0,476,12.0,12.0,0,500
3222,2026-02-22,,,1600,0,1524,38.0,38.0,0,1600
3223,2026-02-22,,,180,0,171,4.5,4.5,0,180
3224,2026-02-22,,,350,0,333,8.5,8.5,0,350
3225,2026-02-22,,,250,0,238,6.0,6.0,0,250
3226,2026-02-22,,,600,0,571,14.5,14.5,0,600
3227,2026-02-22,,,600,0,571,14.5,14.5,0,600
3228,2026-02-22,,,810,0,771,19.5,19.5,0,810
3229,2026-02-22,,,240,0,229,5.5,5.5,0,240
3230,2026-02-22,PPP,,0,160,152,4.0,4.0,0,160
3231,2026-02-22,PPP,,0,120,114,3.0,3.0,0,120
3232,2026-02-22,,,500,0,476,12.0,12.0,0,500
3233,2026-02-22,,,350,0,333,8.5,8.5,0,350
3234,2026-02-22,,,200,0,190,5.0,5.0,0,200
3235,2026-02-22,,,400,0,381,9.5,9.5,0,400
3236,2026-02-22,PPP,,0,2000,1905,47.5,47.5,0,2000
3237,2026-02-22,CASH,,600,0,572,14.0,14.0,0,600
3238,2026-02-22,CASH,,400,0,381,9.5,9.5,0,400
3239,2026-02-22,PPP,,0,240,229,5.5,5.5,0,240
3240,2026-02-22,CASH,,250,0,238,6.0,6.0,0,250
3241,2026-02-22,CASH,,120,0,114,3.0,3.0,0,120
3242,2026-02-22,PPP,,0,960,914,23.0,23.0,0,960
3243,2026-02-22,PPP,,0,200,190,5.0,5.0,0,200
3244,2026-02-22,CASH,,550,0,523,13.5,13.5,0,550
3245,2026-02-22,PPP,,0,700,667,16.5,16.5,0,700
3246,2026-02-22,CASH,,120,0,114,3.0,3.0,0,120
3247,2026-02-22,CASH,,100,0,95,2.5,2.5,0,100
3248,2026-02-22,,,200,0,190,5.0,5.0,0,200
3249,2026-02-22,PPP,,0,350,333,8.5,8.5,0,350
3250,2026-02-22,PPP,,0,360,343,8.5,8.5,0,360
3251,2026-02-22,CASH,,250,0,238,6.0,6.0,0,250
3252,2026-02-22,PPP,,0,2800,2668,66.0,66.0,0,2800
3253,2026-02-22,,,200,0,190,5.0,5.0,0,200
3254,2026-02-22,,,500,0,476,12.0,12.0,0,500
3255,2026-02-22,,,150,0,143,3.5,3.5,0,150
3256,2026-02-22,,,0,470,447,11.5,11.5,0,470
3257,2026-02-22,,,0,900,857,21.5,21.5,0,900
3258,2026-02-22,PPP,,0,1000,952,24.0,24.0,0,1000
3259,2026-02-22,CARD,,3700,0,3521,89.5,89.5,0,3700
3260,2026-02-22,PPP,,0,5770,5496,137.0,137.0,0,5770
3261,2026-02-22,,,700,0,667,16.5,16.5,0,700
3262,2026-02-22,,,300,0,286,7.0,7.0,0,300
3263,2026-02-22,CASH,,2450,0,2333,58.5,58.5,0,2450
3264,2026-02-22,CASH,,900,0,857,21.5,21.5,0,900
3265,2026-02-22,CASH,,100,0,95,2.5,2.5,0,100
3266,2026-02-22,CASH,,500,0,476,12.0,12.0,0,500
3267,2026-02-22,,,100,0,95,2.5,2.5,0,100
3268,2026-02-22,CASH,,320,0,304,8.0,8.0,0,320
3269,2026-02-22,CASH,,180,0,171,4.5,4.5,0,180
3270,2026-02-22,PPP,,0,200,190,5.0,5.0,0,200
3271,2026-02-22,CASH,,950,0,904,23.0,23.0,0,950
3272,2026-02-22,CASH,,500,0,476,12.0,12.0,0,500
3273,2026-02-22,CASH,,170,0,162,4.0,4.0,0,170
3274,2026-02-22,PPP,,0,80,76,2.0,2.0,0,80
3275,2026-02-22,PPP],,0,400,381,9.5,9.5,0,400
3276,2026-02-22,CASH,,450,0,429,10.5,10.5,0,450
3277,2026-02-22,CASH,,490,0,466,12.0,12.0,0,490
3278,2026-02-22,CASH,,1400,0,1333,33.5,33.5,0,1400
3279,2026-02-22,CASH,,500,0,476,12.0,12.0,0,500
3280,2026-02-22,PPP,,0,1500,1429,35.5,35.5,0,1500
3281,2026-02-22,PPP,,0,200,190,5.0,5.0,0,200
3282,2026-02-22,PPP,,0,250,238,6.0,6.0,0,250
3283,2026-02-22,PPP,,0,2460,2343,58.5,58.5,0,2460
3284,2026-02-22,CASH,,3400,0,3238,81.0,81.0,0,3400
3285,2026-02-23,CASH,,350,0,333,8.5,8.5,0,350
3286,2026-02-23,CASH,,400,0,381,9.5,9.5,0,400
3287,2026-02-23,,,150,0,143,3.5,3.5,0,150
3288,2026-02-23,,,0,350,333,8.5,8.5,0,350
3289,2026-02-23,,,0,100,95,2.5,2.5,0,100
3290,2026-02-23,CASH,,0,500,476,12.0,12.0,0,500
3291,2026-02-23,PPP,,0,350,333,8.5,8.5,0,350
3292,2026-02-23,PPP,,0,1540,1466,37.0,37.0,0,1540
3293,2026-02-23,PPP,,0,50,48,1.0,1.0,0,50
3294,2026-02-23,PPP,,0,350,333,8.5,8.5,0,350
3295,2026-02-23,PPP,,0,850,810,20.0,20.0,0,850
3296,2026-02-23,CASH,,500,0,476,12.0,12.0,0,500
3297,2026-02-23,PPP,,0,150,143,3.5,3.5,0,150
3298,2026-02-23,CASH,,570,0,543,13.5,13.5,0,570
3299,2026-02-23,PPP,,0,2290,2181,54.5,54.5,0,2290
3300,2026-02-23,PPP,,0,700,667,16.5,16.5,0,700
3301,2026-02-23,CASH,,200,0,190,5.0,5.0,0,200
3302,2026-02-23,PPP,,0,120,114,3.0,3.0,0,120
3303,2026-02-23,VVV,,650,0,619,15.5,15.5,0,650
3304,2026-02-23,CASH,,1600,0,1523,38.5,38.5,0,1600
3305,2026-02-23,PPP,,0,200,190,5.0,5.0,0,200
3306,2026-02-23,[PPP],,0,350,333,8.5,8.5,0,350
3307,2026-02-23,CASH,,50,0,48,1.0,1.0,0,50
3308,2026-02-23,CASH,,1510,0,1438,36.0,36.0,0,1510
3309,2026-02-23,,,120,0,114,3.0,3.0,0,120
3310,2026-02-23,,,100,0,95,2.5,2.5,0,100
3311,2026-02-23,,,260,0,248,6.0,6.0,0,260
3312,2026-02-23,,,770,0,734,18.0,18.0,0,770
3313,2026-02-23,CASH,,100,0,95,2.5,2.5,0,100
3314,2026-02-23,CASH,,230,0,219,5.5,5.5,0,230
3315,2026-02-23,CASH,,150,0,143,3.5,3.5,0,150
3316,2026-02-23,CASH,,20,0,19,0.5,0.5,0,20
3317,2026-02-23,PPP,,0,380,362,9.0,9.0,0,380
3318,2026-02-23,PPP,,0,200,190,5.0,5.0,0,200
3319,2026-02-23,CASH,,150,0,143,3.5,3.5,0,150
3320,2026-02-23,,,250,0,238,6.0,6.0,0,250
3321,2026-02-23,,,300,0,286,7.0,7.0,0,300
3322,2026-02-23,PPP,,0,720,685,17.5,17.5,0,720
3323,2026-02-23,PPP,,0,350,333,8.5,8.5,0,350
3324,2026-02-23,PPP,,0,1020,971,24.5,24.5,0,1020
3325,2026-02-23,,,350,0,333,8.5,8.5,0,350
3326,2026-02-23,,,0,180,172,4.0,4.0,0,180
3327,2026-02-23,,,100,0,95,2.5,2.5,0,100
3328,2026-02-23,PPP,,0,1000,952,24.0,24.0,0,1000
3329,2026-02-23,PPP,,0,650,619,15.5,15.5,0,650
3330,2026-02-23,PPP,,0,2200,2095,52.5,52.5,0,2200
3331,2026-02-23,PPP,,0,1650,1572,39.0,39.0,0,1650
3332,2026-02-23,CASH,,200,0,190,5.0,5.0,0,200
3333,2026-02-23,CASH,,100,0,95,2.5,2.5,0,100
3334,2026-02-23,PPP,,0,240,229,5.5,5.5,0,240
3335,2026-02-23,CASH,,350,0,333,8.5,8.5,0,350
3336,2026-02-23,PPP,,0,590,562,14.0,14.0,0,590
3337,2026-02-23,CASH,,250,0,238,6.0,6.0,0,250
3338,2026-02-23,PPP,,0,7500,7143,178.5,178.5,0,7500
3339,2026-02-23,CASH,,650,0,619,15.5,15.5,0,650
3340,2026-02-23,CASH,,2490,0,2372,59.0,59.0,0,2490
3341,2026-02-23,,,1100,0,1047,26.5,26.5,0,1100
3342,2026-02-23,CASH,,1600,0,1524,38.0,38.0,0,1600
3343,2026-02-23,PPP,,0,550,524,13.0,13.0,0,550
3344,2026-02-23,PPP,,0,700,667,16.5,16.5,0,700
3345,2026-02-23,PPP,,0,540,514,13.0,13.0,0,540
3346,2026-02-23,PPP,,0,180,172,4.0,4.0,0,180
3347,2026-02-23,PPP,,0,600,571,14.5,14.5,0,600
3348,2026-02-23,MIXXX,,700,0,666,17.0,17.0,0,700
3349,2026-02-24,CASH,,1800,0,1714,43.0,43.0,0,1800
3350,2026-02-24,,,550,0,524,13.0,13.0,0,550
3351,2026-02-24,CASH,,700,0,666,17.0,17.0,0,700
3352,2026-02-24,PPP,,0,1500,1429,35.5,35.5,0,1500
3353,2026-02-24,CASH,,3630,0,3457,86.5,86.5,0,3630
3354,2026-02-24,PPP],,0,150,143,3.5,3.5,0,150
3355,2026-02-24,CASH,,120,0,114,3.0,3.0,0,120
3356,2026-02-24,PPP,,0,200,190,5.0,5.0,0,200
3357,2026-02-24,PPP,,0,350,333,8.5,8.5,0,350
3358,2026-02-24,PPP,,0,550,524,13.0,13.0,0,550
3359,2026-02-24,CASH,,700,0,667,16.5,16.5,0,700
3360,2026-02-24,,,80,0,76,2.0,2.0,0,80
3361,2026-02-24,CARD,,0,3040,2894,73.0,73.0,0,3040
3362,2026-02-24,PPP,,0,50,48,1.0,1.0,0,50
3363,2026-02-24,CARD,,0,5740,5467,136.5,136.5,0,5740
3364,2026-02-24,PPP,,0,360,343,8.5,8.5,0,360
3365,2026-02-24,CASH,,0,1510,1439,35.5,35.5,0,1510
3366,2026-02-24,CASH,,1200,0,1143,28.5,28.5,0,1200
3367,2026-02-24,,,0,750,714,18.0,18.0,0,750
3368,2026-02-24,,,400,0,380,10.0,10.0,0,400
3369,2026-02-24,CASH,,400,0,381,9.5,9.5,0,400
3370,2026-02-24,CASH,,150,0,143,3.5,3.5,0,150
3371,2026-02-24,PPP,,0,1100,1048,26.0,26.0,0,1100
3372,2026-02-24,,,30,0,29,0.5,0.5,0,30
3373,2026-02-24,PPP,,0,700,667,16.5,16.5,0,700
3374,2026-02-24,,,0,240,228,6.0,6.0,0,240
3375,2026-02-24,PPP,,0,300,286,7.0,7.0,0,300
3376,2026-02-24,,,1200,0,1143,28.5,28.5,0,1200
3377,2026-02-24,PPP,,0,1000,952,24.0,24.0,0,1000
3378,2026-02-24,,,0,400,381,9.5,9.5,0,400
3379,2026-02-24,,,0,120,114,3.0,3.0,0,120
3380,2026-02-24,,,200,0,190,5.0,5.0,0,200
3381,2026-02-24,,,50,0,48,1.0,1.0,0,50
3382,2026-02-24,PPP,,0,120,114,3.0,3.0,0,120
3383,2026-02-24,PPP,,0,500,476,12.0,12.0,0,500
3384,2026-02-24,PPP,,0,900,857,21.5,21.5,0,900
3385,2026-02-24,,,100,0,95,2.5,2.5,0,100
3386,2026-02-24,,,600,0,571,14.5,14.5,0,600
3387,2026-02-24,,,0,3000,2857,71.5,71.5,0,3000
3388,2026-02-24,PPP,,0,500,476,12.0,12.0,0,500
3389,2026-02-24,,,400,0,381,9.5,9.5,0,400
3390,2026-02-24,,,100,0,95,2.5,2.5,0,100
3391,2026-02-24,,,390,0,372,9.0,9.0,0,390
3392,2026-02-24,,,1050,0,1000,25.0,25.0,0,1050
3393,2026-02-24,CARD,,0,4310,4104,103.0,103.0,0,4310
3394,2026-02-24,CASH,,1350,0,1285,32.5,32.5,0,1350
3395,2026-02-24,,,150,0,143,3.5,3.5,0,150
3396,2026-02-24,PPP,,0,300,286,7.0,7.0,0,300
3397,2026-02-24,,,120,0,114,3.0,3.0,0,120
3398,2026-02-24,PPP,,0,1200,1143,28.5,28.5,0,1200
3399,2026-02-24,PPP,,0,1920,1829,45.5,45.5,0,1920
3400,2026-02-25,CASH,,150,0,143,3.5,3.5,0,150
3401,2026-02-25,PPP,,0,100,95,2.5,2.5,0,100
3402,2026-02-25,PPP,,0,150,143,3.5,3.5,0,150
3403,2026-02-25,PPP,,0,750,714,18.0,18.0,0,750
3404,2026-02-25,PPP,,0,1200,1143,28.5,28.5,0,1200
3405,2026-02-25,CASH,,650,0,620,15.0,15.0,0,650
3406,2026-02-25,CASH,,120,0,114,3.0,3.0,0,120
3407,2026-02-25,,,0,280,266,7.0,7.0,0,280
3408,2026-02-25,PPP,,0,1300,1238,31.0,31.0,0,1300
3409,2026-02-25,PPP,,0,250,238,6.0,6.0,0,250
3410,2026-02-25,PPP,,0,350,333,8.5,8.5,0,350
3411,2026-02-25,PPP,,0,2650,2524,63.0,63.0,0,2650
3412,2026-02-25,PPP,,0,350,333,8.5,8.5,0,350
3413,2026-02-25,,,100,0,95,2.5,2.5,0,100
3414,2026-02-25,CASH,,500,0,476,12.0,12.0,0,500
3415,2026-02-25,PPP,,0,1200,1142,29.0,29.0,0,1200
3416,2026-02-25,PP,,0,310,295,7.5,7.5,0,310
3417,2026-02-25,CASH,,120,0,114,3.0,3.0,0,120
3418,2026-02-25,PPP,,0,1290,1229,30.5,30.5,0,1290
3419,2026-02-25,,,610,0,581,14.5,14.5,0,610
3420,2026-02-25,ASH,,500,0,476,12.0,12.0,0,500
3421,2026-02-25,PPP,,0,450,429,10.5,10.5,0,450
3422,2026-02-25,PPP,,0,550,524,13.0,13.0,0,550
3423,2026-02-25,,,600,0,571,14.5,14.5,0,600
3424,2026-02-25,,,600,0,571,14.5,14.5,0,600
3425,2026-02-25,,,0,550,524,13.0,13.0,0,550
3426,2026-02-25,PPP,,0,1350,1286,32.0,32.0,0,1350
3427,2026-02-25,PPP,,0,850,810,20.0,20.0,0,850
3428,2026-02-25,,,1200,0,1143,28.5,28.5,0,1200
3429,2026-02-25,,,1290,0,1228,31.0,31.0,0,1290
3430,2026-02-25,,,1640,0,1562,39.0,39.0,0,1640
3431,2026-02-25,,,200,0,191,4.5,4.5,0,200
3432,2026-02-25,PPP,,0,1300,1238,31.0,31.0,0,1300
3433,2026-02-25,PPP,,0,300,286,7.0,7.0,0,300
3434,2026-02-25,,,100,0,95,2.5,2.5,0,100
3435,2026-02-25,CASH,,100,0,95,2.5,2.5,0,100
3436,2026-02-25,CASH,,400,0,381,9.5,9.5,0,400
3437,2026-02-25,CASH,,300,0,286,7.0,7.0,0,300
3438,2026-02-25,CASH,,400,0,381,9.5,9.5,0,400
3439,2026-02-25,PPP,,0,260,247,6.5,6.5,0,260
3440,2026-02-25,CASH,,650,0,619,15.5,15.5,0,650
3441,2026-02-25,CASH,,250,0,238,6.0,6.0,0,250
3442,2026-02-25,CASH,,200,0,190,5.0,5.0,0,200
3443,2026-02-25,CASH,,180,0,171,4.5,4.5,0,180
3444,2026-02-26,PPP,,0,200,190,5.0,5.0,0,200
3445,2026-02-26,PPP,,0,120,114,3.0,3.0,0,120
3446,2026-02-26,CASH,,250,0,238,6.0,6.0,0,250
3447,2026-02-26,PPP,,0,700,666,17.0,17.0,0,700
3448,2026-02-26,PPP,,0,950,905,22.5,22.5,0,950
3449,2026-02-26,[PPP],,0,1100,1048,26.0,26.0,0,1100
3450,2026-02-26,CASH,,100,0,95,2.5,2.5,0,100
3451,2026-02-26,PPP,,0,550,523,13.5,13.5,0,550
3452,2026-02-26,PPP,,0,350,333,8.5,8.5,0,350
3453,2026-02-26,CASH,,250,0,238,6.0,6.0,0,250
3454,2026-02-26,CASH,,1200,0,1143,28.5,28.5,0,1200
3455,2026-02-26,PPP,,0,100,95,2.5,2.5,0,100
3456,2026-02-26,CASH,,700,0,667,16.5,16.5,0,700
3457,2026-02-26,PPP,,0,350,333,8.5,8.5,0,350
3458,2026-02-26,PPPP,,0,1050,1000,25.0,25.0,0,1050
3459,2026-02-26,PPP,,0,550,524,13.0,13.0,0,550
3460,2026-02-26,,,120,0,114,3.0,3.0,0,120
3461,2026-02-26,,,450,0,429,10.5,10.5,0,450
3462,2026-02-26,PPP,,0,300,285,7.5,7.5,0,300
3463,2026-02-26,CASH,,350,0,333,8.5,8.5,0,350
3464,2026-02-26,MIXX,,0,700,667,16.5,16.5,0,700
3465,2026-02-26,PPP,,0,120,114,3.0,3.0,0,120
3466,2026-02-26,PPP,,0,50,48,1.0,1.0,0,50
3467,2026-02-26,CASH,,50,0,48,1.0,1.0,0,50
3468,2026-02-26,,,820,0,781,19.5,19.5,0,820
3469,2026-02-26,CASH,,960,0,914,23.0,23.0,0,960
3470,2026-02-26,PPP,,0,120,114,3.0,3.0,0,120
3471,2026-02-26,PPP,,0,160,152,4.0,4.0,0,160
3472,2026-02-26,CARD,,0,650,619,15.5,15.5,0,650
3473,2026-02-26,PPP,,0,2900,2762,69.0,69.0,0,2900
3474,2026-02-26,,,1060,0,1009,25.5,25.5,0,1060
3475,2026-02-26,,,300,0,286,7.0,7.0,0,300
3476,2026-02-26,PPP,,0,700,667,16.5,16.5,0,700
3477,2026-02-26,,,1100,0,1047,26.5,26.5,0,1100
3478,2026-02-26,,,1200,0,1142,29.0,29.0,0,1200
3479,2026-02-26,,,160,0,152,4.0,4.0,0,160
3480,2026-02-26,,,150,0,143,3.5,3.5,0,150
3481,2026-02-26,PPP,,0,450,429,10.5,10.5,0,450
3482,2026-02-26,,,200,0,190,5.0,5.0,0,200
3483,2026-02-26,,,600,0,571,14.5,14.5,0,600
3484,2026-02-26,,,150,0,143,3.5,3.5,0,150
3485,2026-02-26,,,1600,0,1523,38.5,38.5,0,1600
3486,2026-02-26,,,150,0,143,3.5,3.5,0,150
3487,2026-02-26,,,200,0,190,5.0,5.0,0,200
3488,2026-02-26,,,1000,0,952,24.0,24.0,0,1000
3489,2026-02-26,,,350,0,333,8.5,8.5,0,350
3490,2026-02-26,,,0,250,238,6.0,6.0,0,250
3491,2026-02-26,,,60,0,57,1.5,1.5,0,60
3492,2026-02-26,PPP,,0,240,229,5.5,5.5,0,240
3493,2026-02-26,PPP,,0,300,286,7.0,7.0,0,300
3494,2026-02-26,CASH,,900,0,857,21.5,21.5,0,900
3495,2026-02-26,PPP,,0,2950,2810,70.0,70.0,0,2950
3496,2026-02-26,CASH,,550,0,524,13.0,13.0,0,550
3497,2026-02-26,,,600,0,570,15.0,15.0,0,600
3498,2026-02-26,PPP,,0,1400,1333,33.5,33.5,0,1400
3499,2026-02-26,PPP,,0,350,333,8.5,8.5,0,350
3500,2026-02-26,PPP,,0,350,333,8.5,8.5,0,350
3501,2026-02-26,CASH,,2300,0,2191,54.5,54.5,0,2300
3502,2026-02-26,PP,,0,900,857,21.5,21.5,0,900
3503,2026-02-26,PPP,,0,150,143,3.5,3.5,0,150
3504,2026-02-26,PPP,,0,150,143,3.5,3.5,0,150
3505,2026-02-26,CASH,,350,0,333,8.5,8.5,0,350
3506,2026-02-27,PPP,,0,900,857,21.5,21.5,0,900
3507,2026-02-27,,,500,0,476,12.0,12.0,0,500
3508,2026-02-27,CASH,,200,0,190,5.0,5.0,0,200
3509,2026-02-27,PPP,,0,400,381,9.5,9.5,0,400
3510,2026-02-27,PPP,,0,400,381,9.5,9.5,0,400
3511,2026-02-27,,,80,0,76,2.0,2.0,0,80
3512,2026-02-27,,,620,0,590,15.0,15.0,0,620
3513,2026-02-27,,,100,0,95,2.5,2.5,0,100
3514,2026-02-27,CASH,,390,0,372,9.0,9.0,0,390
3515,2026-02-27,CASH,,1100,0,1048,26.0,26.0,0,1100
3516,2026-02-27,PPP,,100,0,95,2.5,2.5,0,100
3517,2026-02-27,PPP,,0,580,552,14.0,14.0,0,580
3518,2026-02-27,PPP,,0,1060,1010,25.0,25.0,0,1060
3519,2026-02-27,PPP,,0,880,838,21.0,21.0,0,880
3520,2026-02-27,PPP,,0,120,114,3.0,3.0,0,120
3521,2026-02-27,PPP,,0,1230,1171,29.5,29.5,0,1230
3522,2026-02-27,PPP,,0,500,476,12.0,12.0,0,500
3523,2026-02-27,,,200,0,190,5.0,5.0,0,200
3524,2026-02-27,PPP,,0,550,524,13.0,13.0,0,550
3525,2026-02-27,CASH,,150,0,143,3.5,3.5,0,150
3526,2026-02-27,PPP,,0,100,95,2.5,2.5,0,100
3527,2026-02-27,PPPP,,0,1450,1381,34.5,34.5,0,1450
3528,2026-02-27,PPP,,0,1300,1238,31.0,31.0,0,1300
3529,2026-02-27,PPP,,0,700,667,16.5,16.5,0,700
3530,2026-02-27,PPP,,0,990,942,24.0,24.0,0,990
3531,2026-02-27,PPP,,0,350,333,8.5,8.5,0,350
3532,2026-02-27,CASH,,570,0,543,13.5,13.5,0,570
3533,2026-02-27,,,2650,0,2524,63.0,63.0,0,2650
3534,2026-02-27,MIXXX,,300,0,286,7.0,7.0,0,300
3535,2026-02-27,CASH,,870,0,828,21.0,21.0,0,870
3536,2026-02-27,PPP,,0,1200,1144,28.0,28.0,0,1200
3537,2026-02-27,,,350,0,333,8.5,8.5,0,350
3538,2026-02-27,CASH,,1250,0,1190,30.0,30.0,0,1250
3539,2026-02-27,,,960,0,914,23.0,23.0,0,960
3540,2026-02-27,,,650,0,619,15.5,15.5,0,650
3541,2026-02-27,,,400,0,381,9.5,9.5,0,400
3542,2026-02-27,,,700,0,667,16.5,16.5,0,700
3543,2026-02-27,CASH,,2690,0,2562,64.0,64.0,0,2690
3544,2026-02-27,PPP,,0,1000,952,24.0,24.0,0,1000
3545,2026-02-27,PPP,,120,0,114,3.0,3.0,0,120
3546,2026-02-27,,,950,0,905,22.5,22.5,0,950
3547,2026-02-27,,,550,0,524,13.0,13.0,0,550
3548,2026-02-27,,,450,0,428,11.0,11.0,0,450
3549,2026-02-27,,,150,0,143,3.5,3.5,0,150
3550,2026-02-27,,,200,0,190,5.0,5.0,0,200
3551,2026-02-27,PP,,0,2220,2114,53.0,53.0,0,2220
3552,2026-02-27,PPP,,0,440,419,10.5,10.5,0,440
3553,2026-02-27,[PPPP],,0,1200,1142,29.0,29.0,0,1200
3554,2026-02-27,PPP,,0,200,190,5.0,5.0,0,200
3555,2026-02-27,PPP,,0,1150,1096,27.0,27.0,0,1150
3556,2026-02-27,PPPP,,0,1450,1381,34.5,34.5,0,1450
3557,2026-02-27,PPP,,0,1140,1086,27.0,27.0,0,1140
3558,2026-02-27,PPP,,0,600,571,14.5,14.5,0,600
3559,2026-02-27,PPP,,0,700,667,16.5,16.5,0,700
3560,2026-02-27,PPP,,0,650,619,15.5,15.5,0,650
3561,2026-02-27,,,330,0,314,8.0,8.0,0,330
3562,2026-02-27,,,4580,0,4362,109.0,109.0,0,4580
3563,2026-02-27,PPP,,160,0,152,4.0,4.0,0,160
3564,2026-02-27,,,150,0,143,3.5,3.5,0,150
3565,2026-02-27,CASH,,1600,0,1524,38.0,38.0,0,1600
3566,2026-02-27,PPP,,0,700,667,16.5,16.5,0,700
3567,2026-02-27,,,260,0,247,6.5,6.5,0,260
3568,2026-02-27,PPP,,0,940,895,22.5,22.5,0,940
3569,2026-02-27,PPP,,0,1320,1257,31.5,31.5,0,1320
3570,2026-02-27,PPP,,0,710,675,17.5,17.5,0,710
3571,2026-02-27,CARD,,0,1250,1190,30.0,30.0,0,1250
3572,2026-02-27,PPP,,0,910,867,21.5,21.5,0,910
3573,2026-02-28,PPP,,0,860,819,20.5,20.5,0,860
3574,2026-02-28,MIXX,,0,710,676,17.0,17.0,0,710
3575,2026-02-28,PPP,,0,180,171,4.5,4.5,0,180
3576,2026-02-28,PPP,,0,400,381,9.5,9.5,0,400
3577,2026-02-28,PPP,,0,2930,2791,69.5,69.5,0,2930
3578,2026-02-28,CASH,,200,0,190,5.0,5.0,0,200
3579,2026-02-28,CASH,,100,0,95,2.5,2.5,0,100
3580,2026-02-28,CASH,,520,0,495,12.5,12.5,0,520
3581,2026-02-28,PPP,,0,180,171,4.5,4.5,0,180
3582,2026-02-28,PPP,,0,3140,2991,74.5,74.5,0,3140
3583,2026-02-28,PPP,,0,450,428,11.0,11.0,0,450
3584,2026-02-28,PPP,,0,60,57,1.5,1.5,0,60
3585,2026-02-28,CASH,,710,0,676,17.0,17.0,0,710
3586,2026-02-28,CASH,,610,0,581,14.5,14.5,0,610
3587,2026-02-28,CARD,,0,1470,1400,35.0,35.0,0,1470
3588,2026-02-28,PPP,,0,120,114,3.0,3.0,0,120
3589,2026-02-28,PPP,,0,1320,1257,31.5,31.5,0,1320
3590,2026-02-28,PPP,,0,120,114,3.0,3.0,0,120
3591,2026-02-28,PPP,,0,120,114,3.0,3.0,0,120
3592,2026-02-28,PPP,,0,1110,1057,26.5,26.5,0,1110
3593,2026-02-28,CASH,,250,0,238,6.0,6.0,0,250
3594,2026-02-28,PPP,,0,530,505,12.5,12.5,0,530
3595,2026-02-28,PPP,,0,420,400,10.0,10.0,0,420
3596,2026-02-28,PP,,0,2500,2381,59.5,59.5,0,2500
3597,2026-02-28,CASH,,50,0,48,1.0,1.0,0,50
3598,2026-02-28,CASH,,300,0,286,7.0,7.0,0,300
3599,2026-02-28,CASH,,560,0,534,13.0,13.0,0,560
3600,2026-02-28,CASH,,770,0,733,18.5,18.5,0,770
3601,2026-02-28,CASH,,150,0,143,3.5,3.5,0,150
3602,2026-02-28,PPP,,0,300,286,7.0,7.0,0,300
3603,2026-02-28,CASH,,600,0,571,14.5,14.5,0,600
3604,2026-02-28,CASH,,450,0,428,11.0,11.0,0,450
3605,2026-02-28,CASH,,300,0,285,7.5,7.5,0,300
3606,2026-02-28,PPP,,0,680,648,16.0,16.0,0,680
3607,2026-02-28,,,780,0,743,18.5,18.5,0,780
3608,2026-02-28,,,200,0,190,5.0,5.0,0,200
3609,2026-02-28,,,420,0,400,10.0,10.0,0,420
3610,2026-02-28,CASH,,550,0,524,13.0,13.0,0,550
3611,2026-02-28,CASH,,1200,0,1142,29.0,29.0,0,1200
3612,2026-02-28,CASH,,150,0,143,3.5,3.5,0,150
3613,2026-02-28,PPP,,0,910,867,21.5,21.5,0,910
3614,2026-02-28,CASH,,550,0,524,13.0,13.0,0,550
3615,2026-02-28,PPP,,0,930,885,22.5,22.5,0,930
3616,2026-02-28,CASH,,120,0,114,3.0,3.0,0,120
3617,2026-02-28,CASH,,500,0,476,12.0,12.0,0,500
3618,2026-02-28,CASH,,350,0,333,8.5,8.5,0,350
3619,2026-02-28,PPP,,0,1520,1447,36.5,36.5,0,1520
3620,2026-02-28,CASH,,180,0,171,4.5,4.5,0,180
3621,2026-02-28,CASH,,750,0,714,18.0,18.0,0,750
3622,2026-02-28,PPP,,0,150,143,3.5,3.5,0,150
3623,2026-02-28,PPP,,0,350,333,8.5,8.5,0,350
3624,2026-02-28,PPP,,0,350,333,8.5,8.5,0,350
3625,2026-02-28,,,500,0,476,12.0,12.0,0,500
3626,2026-02-28,,,450,0,428,11.0,11.0,0,450
3627,2026-02-28,,,1900,0,1810,45.0,45.0,0,1900
3628,2026-02-28,,,1200,0,1143,28.5,28.5,0,1200
3629,2026-02-28,PPP,,0,2080,1980,50.0,50.0,0,2080
3630,2026-03-01,CASH,,100,0,95,2.5,2.5,0,100
3631,2026-03-01,PPP,,0,560,533,13.5,13.5,0,560
3632,2026-03-01,PPP,,0,350,333,8.5,8.5,0,350
3633,2026-03-01,PPPP,,0,1280,1219,30.5,30.5,0,1280
3634,2026-03-01,PPP,,0,520,494,13.0,13.0,0,520
3635,2026-03-01,PPP,,0,40,38,1.0,1.0,0,40
3636,2026-03-01,PPPP,,0,780,742,19.0,19.0,0,780
3637,2026-03-01,PPP,,0,580,552,14.0,14.0,0,580
3638,2026-03-01,PPP,,0,2500,2381,59.5,59.5,0,2500
3639,2026-03-01,PPP,,0,570,542,14.0,14.0,0,570
3640,2026-03-01,MIXX,,0,650,618,16.0,16.0,0,650
3641,2026-03-01,PPP,,0,980,933,23.5,23.5,0,980
3642,2026-03-01,PPP,,0,600,571,14.5,14.5,0,600
3643,2026-03-01,[PPP,,0,750,714,18.0,18.0,0,750
3644,2026-03-01,PPP,,0,300,286,7.0,7.0,0,300
3645,2026-03-01,PPPP,,0,450,428,11.0,11.0,0,450
3646,2026-03-01,CASH,,150,0,143,3.5,3.5,0,150
3647,2026-03-01,CASH,,420,0,400,10.0,10.0,0,420
3648,2026-03-01,PP,,0,430,409,10.5,10.5,0,430
3649,2026-03-01,PPP,,0,1100,1047,26.5,26.5,0,1100
3650,2026-03-01,PPP,,0,100,95,2.5,2.5,0,100
3651,2026-03-01,PPP,,0,500,476,12.0,12.0,0,500
3652,2026-03-01,MIXX,,0,1240,1181,29.5,29.5,0,1240
3653,2026-03-01,CASH,,300,0,286,7.0,7.0,0,300
3654,2026-03-01,PPP,,0,300,286,7.0,7.0,0,300
3655,2026-03-01,CASH,,350,0,334,8.0,8.0,0,350
3656,2026-03-01,PPP,,0,1180,1124,28.0,28.0,0,1180
3657,2026-03-01,CASH,,350,0,333,8.5,8.5,0,350
3658,2026-03-01,CASH,,200,0,190,5.0,5.0,0,200
3659,2026-03-01,PPPP,,0,400,381,9.5,9.5,0,400
3660,2026-03-01,PPP,,0,300,286,7.0,7.0,0,300
3661,2026-03-01,PPP,,0,270,257,6.5,6.5,0,270
3662,2026-03-01,PPP,,0,200,190,5.0,5.0,0,200
3663,2026-03-01,CASH,,300,0,285,7.5,7.5,0,300
3664,2026-03-01,CASH,,150,0,143,3.5,3.5,0,150
3665,2026-03-01,PPP,,0,1500,1429,35.5,35.5,0,1500
3666,2026-03-01,CASH,,600,0,572,14.0,14.0,0,600
3667,2026-03-01,CASH,,50,0,48,1.0,1.0,0,50
3668,2026-03-01,CASH,,400,0,381,9.5,9.5,0,400
3669,2026-03-01,,,300,0,286,7.0,7.0,0,300
3670,2026-03-01,,,250,0,238,6.0,6.0,0,250
3671,2026-03-01,,,1260,0,1200,30.0,30.0,0,1260
3672,2026-03-01,PPP,,0,100,95,2.5,2.5,0,100
3673,2026-03-01,,,150,0,143,3.5,3.5,0,150
3674,2026-03-01,,,1160,0,1104,28.0,28.0,0,1160
3675,2026-03-01,,,840,0,800,20.0,20.0,0,840
3676,2026-03-01,,,350,0,333,8.5,8.5,0,350
3677,2026-03-01,,,120,0,114,3.0,3.0,0,120
3678,2026-03-01,,,750,0,715,17.5,17.5,0,750
3679,2026-03-01,PPP,,0,1600,1523,38.5,38.5,0,1600
3680,2026-03-01,PP,,0,450,429,10.5,10.5,0,450
3681,2026-03-01,,,100,0,95,2.5,2.5,0,100
3682,2026-03-01,,,300,0,286,7.0,7.0,0,300
3683,2026-03-01,,,1430,0,1362,34.0,34.0,0,1430
3684,2026-03-01,,,500,0,476,12.0,12.0,0,500
3685,2026-03-01,,,260,0,248,6.0,6.0,0,260
3686,2026-03-01,,,200,0,190,5.0,5.0,0,200
3687,2026-03-01,PPP,,0,450,429,10.5,10.5,0,450
3688,2026-03-01,PPP,,0,920,876,22.0,22.0,0,920
3689,2026-03-01,CASH,,350,0,333,8.5,8.5,0,350
3690,2026-03-01,CASH,,150,0,143,3.5,3.5,0,150
3691,2026-03-01,MIXX,,0,1750,1666,42.0,42.0,0,1750
3692,2026-03-01,PPP,,0,250,238,6.0,6.0,0,250
3693,2026-03-01,,,350,0,333,8.5,8.5,0,350
3694,2026-03-01,PPP,,0,260,248,6.0,6.0,0,260
3695,2026-03-01,CASH,,250,0,238,6.0,6.0,0,250
3696,2026-03-01,PPP,,0,1030,981,24.5,24.5,0,1030
3697,2026-03-01,PPP,,0,350,333,8.5,8.5,0,350
3698,2026-03-01,PPP,,0,180,171,4.5,4.5,0,180
3699,2026-03-01,PPPP,,0,400,381,9.5,9.5,0,400
3700,2026-03-01,CASH,,0,1500,1429,35.5,35.5,0,1500
3701,2026-03-01,CASH,,460,0,438,11.0,11.0,0,460
3702,2026-03-01,PPPP,,0,4330,4124,103.0,103.0,0,4330
3703,2026-03-01,PP,,0,300,286,7.0,7.0,0,300
3704,2026-03-01,CASH,,250,0,238,6.0,6.0,0,250
3705,2026-03-01,,,350,0,333,8.5,8.5,0,350
3706,2026-03-01,PPP,,0,150,143,3.5,3.5,0,150
3707,2026-03-01,CASH,,150,0,143,3.5,3.5,0,150
3708,2026-03-01,,,440,0,419,10.5,10.5,0,440
3709,2026-03-01,PPP,,0,880,838,21.0,21.0,0,880
3710,2026-03-01,,,100,0,95,2.5,2.5,0,100
3711,2026-03-01,,,300,0,285,7.5,7.5,0,300
3712,2026-03-01,CASH,,100,0,95,2.5,2.5,0,100
3713,2026-03-02,CASH,,110,0,105,2.5,2.5,0,110
3714,2026-03-02,CASH,,550,0,524,13.0,13.0,0,550
3715,2026-03-02,CASH,,650,0,619,15.5,15.5,0,650
3716,2026-03-02,CASH,,0,200,190,5.0,5.0,0,200
3717,2026-03-02,SH,,350,0,333,8.5,8.5,0,350
3718,2026-03-02,PPP,,0,300,286,7.0,7.0,0,300
3719,2026-03-02,CASH,,180,0,171,4.5,4.5,0,180
3720,2026-03-02,,,0,300,286,7.0,7.0,0,300
3721,2026-03-02,CASH,,550,0,524,13.0,13.0,0,550
3722,2026-03-02,CASH,,850,0,809,20.5,20.5,0,850
3723,2026-03-02,PPPP,,0,400,381,9.5,9.5,0,400
3724,2026-03-02,PPP,,0,1700,1619,40.5,40.5,0,1700
3725,2026-03-02,PP,,0,200,190,5.0,5.0,0,200
3726,2026-03-02,CASH,,300,0,286,7.0,7.0,0,300
3727,2026-03-02,CASH,,100,0,95,2.5,2.5,0,100
3728,2026-03-02,MIXX,,0,2250,2143,53.5,53.5,0,2250
3729,2026-03-02,CASH,,100,0,95,2.5,2.5,0,100
3730,2026-03-02,CASH,,250,0,238,6.0,6.0,0,250
3731,2026-03-02,PPP,,0,300,286,7.0,7.0,0,300
3732,2026-03-02,PPP,,0,1300,1238,31.0,31.0,0,1300
3733,2026-03-02,PPPP,,0,260,248,6.0,6.0,0,260
3734,2026-03-02,PPP,,0,220,209,5.5,5.5,0,220
3735,2026-03-02,CASH,,1150,0,1096,27.0,27.0,0,1150
3736,2026-03-02,CASH,,350,0,333,8.5,8.5,0,350
3737,2026-03-02,PPP,,0,500,476,12.0,12.0,0,500
3738,2026-03-02,PPPP,,0,1490,1419,35.5,35.5,0,1490
3739,2026-03-02,PPP,,0,700,666,17.0,17.0,0,700
3740,2026-03-02,CASH,,100,0,95,2.5,2.5,0,100
3741,2026-03-02,CASH,,650,0,619,15.5,15.5,0,650
3742,2026-03-02,PPP,,0,200,190,5.0,5.0,0,200
3743,2026-03-02,RD,,0,350,333,8.5,8.5,0,350
3744,2026-03-02,,,500,0,476,12.0,12.0,0,500
3745,2026-03-02,PPP,,0,610,581,14.5,14.5,0,610
3746,2026-03-02,,,100,0,95,2.5,2.5,0,100
3747,2026-03-02,,,900,0,856,22.0,22.0,0,900
3748,2026-03-02,,,560,0,533,13.5,13.5,0,560
3749,2026-03-02,,,2730,0,2599,65.5,65.5,0,2730
3750,2026-03-02,PPP,,0,420,400,10.0,10.0,0,420
3751,2026-03-02,,,350,0,333,8.5,8.5,0,350
3752,2026-03-02,CASH,,400,0,381,9.5,9.5,0,400
3753,2026-03-02,,,700,0,667,16.5,16.5,0,700
3754,2026-03-02,,,180,0,171,4.5,4.5,0,180
3755,2026-03-02,,,300,0,286,7.0,7.0,0,300
3756,2026-03-02,PPP,,0,1750,1667,41.5,41.5,0,1750
3757,2026-03-02,PPP,,0,250,238,6.0,6.0,0,250
3758,2026-03-02,,,0,120,114,3.0,3.0,0,120
3759,2026-03-02,PPP,,0,370,353,8.5,8.5,0,370
3760,2026-03-02,CASH,,200,0,190,5.0,5.0,0,200
3761,2026-03-02,CASH,,850,0,809,20.5,20.5,0,850
3762,2026-03-02,CASH,,120,0,114,3.0,3.0,0,120
3763,2026-03-02,PPPP,,0,260,248,6.0,6.0,0,260
3764,2026-03-02,CASH,,100,0,95,2.5,2.5,0,100
3765,2026-03-02,PPP,,0,750,714,18.0,18.0,0,750
3766,2026-03-02,PPP,,0,1780,1694,43.0,43.0,0,1780
3767,2026-03-02,PPP,,0,700,667,16.5,16.5,0,700
3768,2026-03-02,,,600,0,571,14.5,14.5,0,600
3769,2026-03-02,CASH,,400,0,381,9.5,9.5,0,400
3770,2026-03-03,PPP,,0,800,762,19.0,19.0,0,800
3771,2026-03-03,PPP,,0,740,704,18.0,18.0,0,740
3772,2026-03-03,CASH,,980,0,934,23.0,23.0,0,980
3773,2026-03-03,CASH,,100,0,95,2.5,2.5,0,100
3774,2026-03-03,PPPP,,0,50,48,1.0,1.0,0,50
3775,2026-03-03,CASH,,250,0,238,6.0,6.0,0,250
3776,2026-03-03,CASH,,200,0,190,5.0,5.0,0,200
3777,2026-03-03,MIXXX,,360,0,343,8.5,8.5,0,360
3778,2026-03-03,PPP,,0,150,143,3.5,3.5,0,150
3779,2026-03-03,,,1700,0,1619,40.5,40.5,0,1700
3780,2026-03-03,,,350,0,333,8.5,8.5,0,350
3781,2026-03-03,PPP,,0,100,95,2.5,2.5,0,100
3782,2026-03-03,,,100,0,95,2.5,2.5,0,100
3783,2026-03-03,CASH,,250,0,238,6.0,6.0,0,250
3784,2026-03-03,CASH,,200,0,190,5.0,5.0,0,200
3785,2026-03-03,PPP,,0,1200,1142,29.0,29.0,0,1200
3786,2026-03-03,CASH,,300,0,286,7.0,7.0,0,300
3787,2026-03-03,PPP,,0,1760,1675,42.5,42.5,0,1760
3788,2026-03-03,PPP,,0,350,333,8.5,8.5,0,350
3789,2026-03-03,CASH,,2020,0,1924,48.0,48.0,0,2020
3790,2026-03-03,CASH,,900,0,857,21.5,21.5,0,900
3791,2026-03-03,CASH,,300,0,286,7.0,7.0,0,300
3792,2026-03-03,CASH,,850,0,810,20.0,20.0,0,850
3793,2026-03-03,PPP,,0,50,48,1.0,1.0,0,50
3794,2026-03-03,CASH,,270,0,257,6.5,6.5,0,270
3795,2026-03-03,,,2980,0,2838,71.0,71.0,0,2980
3796,2026-03-03,,,100,0,95,2.5,2.5,0,100
3797,2026-03-03,,,100,0,95,2.5,2.5,0,100
3798,2026-03-03,PPP,,0,350,333,8.5,8.5,0,350
3799,2026-03-03,,,270,0,257,6.5,6.5,0,270
3800,2026-03-03,PPP,,0,1300,1237,31.5,31.5,0,1300
3801,2026-03-03,,,120,0,114,3.0,3.0,0,120
3802,2026-03-03,,,260,0,248,6.0,6.0,0,260
3803,2026-03-03,,,400,0,381,9.5,9.5,0,400
3804,2026-03-03,CASH,,600,0,571,14.5,14.5,0,600
3805,2026-03-03,PPP,,0,1110,1057,26.5,26.5,0,1110
3806,2026-03-03,CASH,,950,0,905,22.5,22.5,0,950
3807,2026-03-03,PPP,,0,400,381,9.5,9.5,0,400
3808,2026-03-03,CASH,,120,0,114,3.0,3.0,0,120
3809,2026-03-03,PPP,,0,4420,4209,105.5,105.5,0,4420
3810,2026-03-03,,,1000,0,952,24.0,24.0,0,1000
3811,2026-03-03,PPP,,0,370,352,9.0,9.0,0,370
3812,2026-03-03,PPP,,0,1460,1391,34.5,34.5,0,1460
3813,2026-03-03,PPP,,0,50,48,1.0,1.0,0,50
3814,2026-03-03,CASH,,250,0,238,6.0,6.0,0,250
3815,2026-03-03,CASH,,1300,0,1238,31.0,31.0,0,1300
3816,2026-03-03,PPP,,0,650,619,15.5,15.5,0,650
3817,2026-03-03,,,200,0,190,5.0,5.0,0,200
3818,2026-03-03,CASH,,850,0,810,20.0,20.0,0,850
3819,2026-03-03,,,300,0,286,7.0,7.0,0,300
3820,2026-03-03,PPP,,0,940,894,23.0,23.0,0,940
3821,2026-03-04,[PPP],,0,150,143,3.5,3.5,0,150
3822,2026-03-04,PPP,,0,260,248,6.0,6.0,0,260
3823,2026-03-04,CASH,,120,0,114,3.0,3.0,0,120
3824,2026-03-04,PPP,,0,300,286,7.0,7.0,0,300
3825,2026-03-04,PPPP,,0,500,476,12.0,12.0,0,500
3826,2026-03-04,PPP,,0,5310,5057,126.5,126.5,0,5310
3827,2026-03-04,PPP,,0,1300,1238,31.0,31.0,0,1300
3828,2026-03-04,,,260,0,247,6.5,6.5,0,260
3829,2026-03-04,CASH,,240,0,228,6.0,6.0,0,240
3830,2026-03-04,PPP,,0,300,285,7.5,7.5,0,300
3831,2026-03-04,CASH,,100,0,95,2.5,2.5,0,100
3832,2026-03-04,PPP,,0,500,476,12.0,12.0,0,500
3833,2026-03-04,PPP,,0,2750,2619,65.5,65.5,0,2750
3834,2026-03-04,PPP,,0,160,152,4.0,4.0,0,160
3835,2026-03-04,PPP,,0,2500,2381,59.5,59.5,0,2500
3836,2026-03-04,CASH,,200,0,190,5.0,5.0,0,200
3837,2026-03-04,PPP,,0,870,829,20.5,20.5,0,870
3838,2026-03-04,CASH,,500,0,476,12.0,12.0,0,500
3839,2026-03-04,CASH,,880,0,838,21.0,21.0,0,880
3840,2026-03-04,PPP,,0,50,48,1.0,1.0,0,50
3841,2026-03-04,CASH,,1450,0,1381,34.5,34.5,0,1450
3842,2026-03-04,CASH,,300,0,286,7.0,7.0,0,300
3843,2026-03-04,PPP,,0,120,114,3.0,3.0,0,120
3844,2026-03-04,PPP,,0,580,552,14.0,14.0,0,580
3845,2026-03-04,CASH,,500,0,476,12.0,12.0,0,500
3846,2026-03-04,,,1000,0,952,24.0,24.0,0,1000
3847,2026-03-04,CASH,,100,0,95,2.5,2.5,0,100
3848,2026-03-04,CASH,,350,0,333,8.5,8.5,0,350
3849,2026-03-04,PPP,,0,600,571,14.5,14.5,0,600
3850,2026-03-04,PPP,,0,500,476,12.0,12.0,0,500
3851,2026-03-04,PPP,,0,1700,1619,40.5,40.5,0,1700
3852,2026-03-04,,,250,0,238,6.0,6.0,0,250
3853,2026-03-04,,,350,0,333,8.5,8.5,0,350
3854,2026-03-04,,,250,0,238,6.0,6.0,0,250
3855,2026-03-04,,,120,0,114,3.0,3.0,0,120
3856,2026-03-04,,,400,0,381,9.5,9.5,0,400
3857,2026-03-04,,,320,0,304,8.0,8.0,0,320
3858,2026-03-04,,,480,0,457,11.5,11.5,0,480
3859,2026-03-04,,,800,0,762,19.0,19.0,0,800
3860,2026-03-04,,,260,0,248,6.0,6.0,0,260
3861,2026-03-04,,,250,0,238,6.0,6.0,0,250
3862,2026-03-04,,,500,0,476,12.0,12.0,0,500
3863,2026-03-04,,,1050,0,1000,25.0,25.0,0,1050
3864,2026-03-04,,,500,0,476,12.0,12.0,0,500
3865,2026-03-04,,,600,0,571,14.5,14.5,0,600
3866,2026-03-04,,,350,0,333,8.5,8.5,0,350
3867,2026-03-04,,,250,0,238,6.0,6.0,0,250
3868,2026-03-04,,,500,0,476,12.0,12.0,0,500
3869,2026-03-04,,,1050,0,1000,25.0,25.0,0,1050
3870,2026-03-04,,,550,0,524,13.0,13.0,0,550
3871,2026-03-04,,,400,0,381,9.5,9.5,0,400
3872,2026-03-04,,,650,0,619,15.5,15.5,0,650
3873,2026-03-04,,,3610,0,3437,86.5,86.5,0,3610
3874,2026-03-04,,,500,0,476,12.0,12.0,0,500
3875,2026-03-04,,,200,0,190,5.0,5.0,0,200
3876,2026-03-04,,,500,0,476,12.0,12.0,0,500
3877,2026-03-04,,,500,0,476,12.0,12.0,0,500
3878,2026-03-04,PPP,,0,350,333,8.5,8.5,0,350
3879,2026-03-04,PPP,,0,400,381,9.5,9.5,0,400
3880,2026-03-05,CASH,,360,0,343,8.5,8.5,0,360
3881,2026-03-05,PPP,,0,200,190,5.0,5.0,0,200
3882,2026-03-05,PPP,,0,180,171,4.5,4.5,0,180
3883,2026-03-05,CASH,,780,0,742,19.0,19.0,0,780
3884,2026-03-05,PPP,,0,1050,1000,25.0,25.0,0,1050
3885,2026-03-05,MIXX,,800,0,761,19.5,19.5,0,800
3886,2026-03-05,PPP,,0,200,190,5.0,5.0,0,200
3887,2026-03-05,PPP,,0,750,714,18.0,18.0,0,750
3888,2026-03-05,PPP,,0,120,114,3.0,3.0,0,120
3889,2026-03-05,PPPP,,0,350,333,8.5,8.5,0,350
3890,2026-03-05,PPP,,0,800,761,19.5,19.5,0,800
3891,2026-03-05,PPP,,0,1100,1048,26.0,26.0,0,1100
3892,2026-03-05,CASH,,730,0,695,17.5,17.5,0,730
3893,2026-03-05,,,900,0,857,21.5,21.5,0,900
3894,2026-03-05,PP,,0,650,619,15.5,15.5,0,650
3895,2026-03-05,PPPP,,0,300,286,7.0,7.0,0,300
3896,2026-03-05,CASH,,500,0,476,12.0,12.0,0,500
3897,2026-03-05,CASH,,750,0,714,18.0,18.0,0,750
3898,2026-03-05,;[[PP;,,0,120,114,3.0,3.0,0,120
3899,2026-03-05,CASH,,260,0,247,6.5,6.5,0,260
3900,2026-03-05,PPP,,0,350,333,8.5,8.5,0,350
3901,2026-03-05,,,150,0,143,3.5,3.5,0,150
3902,2026-03-05,,,1100,0,1048,26.0,26.0,0,1100
3903,2026-03-05,CASH,,710,0,676,17.0,17.0,0,710
3904,2026-03-05,,,1300,0,1238,31.0,31.0,0,1300
3905,2026-03-05,,,200,0,190,5.0,5.0,0,200
3906,2026-03-05,,,1500,0,1429,35.5,35.5,0,1500
3907,2026-03-05,CASH,,910,0,865,22.5,22.5,0,910
3908,2026-03-05,,,100,0,95,2.5,2.5,0,100
3909,2026-03-05,,,300,0,286,7.0,7.0,0,300
3910,2026-03-05,,,380,0,361,9.5,9.5,0,380
3911,2026-03-05,PPP,,0,150,143,3.5,3.5,0,150
3912,2026-03-05,,,100,0,95,2.5,2.5,0,100
3913,2026-03-05,,,0,350,333,8.5,8.5,0,350
3914,2026-03-05,,,260,0,248,6.0,6.0,0,260
3915,2026-03-05,,,90,0,86,2.0,2.0,0,90
3916,2026-03-05,CASH,,1500,0,1428,36.0,36.0,0,1500
3917,2026-03-05,,,300,0,286,7.0,7.0,0,300
3918,2026-03-05,,,810,0,772,19.0,19.0,0,810
3919,2026-03-05,CASH,,0,400,380,10.0,10.0,0,400
3920,2026-03-05,,,0,60,57,1.5,1.5,0,60
3921,2026-03-05,CASH,,100,0,95,2.5,2.5,0,100
3922,2026-03-05,PPP,,0,1200,1143,28.5,28.5,0,1200
3923,2026-03-05,PPP,,0,50,48,1.0,1.0,0,50
3924,2026-03-05,PPP,,100,0,95,2.5,2.5,0,100
3925,2026-03-05,CASH,,320,0,304,8.0,8.0,0,320
3926,2026-03-05,CASH,,1450,0,1381,34.5,34.5,0,1450
3927,2026-03-05,CASH,,500,0,476,12.0,12.0,0,500
3928,2026-03-05,PPP,,0,500,476,12.0,12.0,0,500
3929,2026-03-05,CASH,,700,0,666,17.0,17.0,0,700
3930,2026-03-05,PPP,,0,200,190,5.0,5.0,0,200
3931,2026-03-05,PPP,,0,470,447,11.5,11.5,0,470
3932,2026-03-05,CASH,,600,0,571,14.5,14.5,0,600
3933,2026-03-05,PPP,,0,260,248,6.0,6.0,0,260
3934,2026-03-05,PPP,,0,1200,1143,28.5,28.5,0,1200
3935,2026-03-05,MIXXX,,0,3200,3047,76.5,76.5,0,3200
3936,2026-03-05,PPP,,0,350,333,8.5,8.5,0,350
3937,2026-03-05,PPP,,0,8920,8495,212.5,212.5,0,8920
3938,2026-03-05,PPP,,0,550,524,13.0,13.0,0,550
3939,2026-03-05,CASH,,1070,0,1019,25.5,25.5,0,1070
3940,2026-03-05,PPP,,0,300,286,7.0,7.0,0,300
3941,2026-03-05,PPP,,0,450,429,10.5,10.5,0,450
3942,2026-03-05,CASH,,500,0,476,12.0,12.0,0,500
3943,2026-03-05,PP,,0,1650,1572,39.0,39.0,0,1650
3944,2026-03-05,CASH,,120,0,114,3.0,3.0,0,120
3945,2026-03-06,PPP,,0,150,143,3.5,3.5,0,150
3946,2026-03-06,PP,,0,60,57,1.5,1.5,0,60
3947,2026-03-06,CASH,,1050,0,1000,25.0,25.0,0,1050
3948,2026-03-06,PP,,0,1200,1143,28.5,28.5,0,1200
3949,2026-03-06,PPP,,0,240,229,5.5,5.5,0,240
3950,2026-03-06,PPP,,0,1900,1810,45.0,45.0,0,1900
3951,2026-03-06,CASH,,300,0,286,7.0,7.0,0,300
3952,2026-03-06,PPP,,0,280,267,6.5,6.5,0,280
3953,2026-03-06,CASH,,1000,0,952,24.0,24.0,0,1000
3954,2026-03-06,PPP,,0,960,914,23.0,23.0,0,960
3955,2026-03-06,CASH,,700,0,667,16.5,16.5,0,700
3956,2026-03-06,CASH,,470,0,447,11.5,11.5,0,470
3957,2026-03-06,PPP,,0,220,209,5.5,5.5,0,220
3958,2026-03-06,PPP,,0,300,286,7.0,7.0,0,300
3959,2026-03-06,CASH,,3210,0,3057,76.5,76.5,0,3210
3960,2026-03-06,PPP,,0,700,667,16.5,16.5,0,700
3961,2026-03-06,PPP,,0,250,238,6.0,6.0,0,250
3962,2026-03-06,PPP,,0,120,114,3.0,3.0,0,120
3963,2026-03-06,CASH,,100,0,95,2.5,2.5,0,100
3964,2026-03-06,PPP,,0,350,333,8.5,8.5,0,350
3965,2026-03-06,PPP,,0,150,143,3.5,3.5,0,150
3966,2026-03-06,,,310,0,295,7.5,7.5,0,310
3967,2026-03-06,PPP,,0,960,915,22.5,22.5,0,960
3968,2026-03-06,CASH,,250,0,238,6.0,6.0,0,250
3969,2026-03-06,PPP,,0,3850,3667,91.5,91.5,0,3850
3970,2026-03-06,CARD,,0,600,571,14.5,14.5,0,600
3971,2026-03-06,PPP,,0,1050,1000,25.0,25.0,0,1050
3972,2026-03-06,,,0,1150,1095,27.5,27.5,0,1150
3973,2026-03-06,,,610,0,581,14.5,14.5,0,610
3974,2026-03-06,,,90,0,86,2.0,2.0,0,90
3975,2026-03-06,,,350,0,333,8.5,8.5,0,350
3976,2026-03-06,PPP,,0,340,323,8.5,8.5,0,340
3977,2026-03-06,,,1200,0,1143,28.5,28.5,0,1200
3978,2026-03-06,PPP,,0,200,190,5.0,5.0,0,200
3979,2026-03-06,PPP,,0,1010,962,24.0,24.0,0,1010
3980,2026-03-06,,,160,0,152,4.0,4.0,0,160
3981,2026-03-06,,,100,0,95,2.5,2.5,0,100
3982,2026-03-06,PPP,,0,950,905,22.5,22.5,0,950
3983,2026-03-06,,,2500,0,2381,59.5,59.5,0,2500
3984,2026-03-06,,,860,0,819,20.5,20.5,0,860
3985,2026-03-06,,,0,750,713,18.5,18.5,0,750
3986,2026-03-06,,,150,0,143,3.5,3.5,0,150
3987,2026-03-06,,,2220,0,2114,53.0,53.0,0,2220
3988,2026-03-06,,,660,0,629,15.5,15.5,0,660
3989,2026-03-06,,,700,0,667,16.5,16.5,0,700
3990,2026-03-06,,,450,0,429,10.5,10.5,0,450
3991,2026-03-06,,,240,0,229,5.5,5.5,0,240
3992,2026-03-06,PPP,,0,240,229,5.5,5.5,0,240
3993,2026-03-06,CASH,,200,0,190,5.0,5.0,0,200
3994,2026-03-06,PPP,,0,1000,952,24.0,24.0,0,1000
3995,2026-03-06,CASH,,120,0,114,3.0,3.0,0,120
3996,2026-03-06,CASH,,350,0,333,8.5,8.5,0,350
3997,2026-03-06,PPP,,0,250,238,6.0,6.0,0,250
3998,2026-03-07,CASH,,600,0,571,14.5,14.5,0,600
3999,2026-03-07,,,710,0,676,17.0,17.0,0,710
4000,2026-03-07,CASH,,120,0,114,3.0,3.0,0,120
4001,2026-03-07,CASH,,80,0,76,2.0,2.0,0,80
4002,2026-03-07,PPP,,0,250,238,6.0,6.0,0,250
4003,2026-03-07,CASH,,550,0,524,13.0,13.0,0,550
4004,2026-03-07,PPP,,0,950,904,23.0,23.0,0,950
4005,2026-03-07,PPP,,0,320,304,8.0,8.0,0,320
4006,2026-03-07,CASH,,220,0,209,5.5,5.5,0,220
4007,2026-03-07,CASH,,500,0,476,12.0,12.0,0,500
4008,2026-03-07,CASH,,550,0,524,13.0,13.0,0,550
4009,2026-03-07,PPP,,0,500,476,12.0,12.0,0,500
4010,2026-03-07,PPP,,0,520,495,12.5,12.5,0,520
4011,2026-03-07,CASH,,290,0,277,6.5,6.5,0,290
4012,2026-03-07,CASH,,1300,0,1238,31.0,31.0,0,1300
4013,2026-03-07,CASH,,1100,0,1048,26.0,26.0,0,1100
4014,2026-03-07,CASH,,220,0,209,5.5,5.5,0,220
4015,2026-03-07,CASH,,2150,0,2048,51.0,51.0,0,2150
4016,2026-03-07,PPP,,0,610,581,14.5,14.5,0,610
4017,2026-03-07,CASH,,100,0,95,2.5,2.5,0,100
4018,2026-03-07,CASH,,1150,0,1095,27.5,27.5,0,1150
4019,2026-03-07,PPP,,0,100,95,2.5,2.5,0,100
4020,2026-03-07,CASH,,600,0,571,14.5,14.5,0,600
4021,2026-03-07,CASH,,1150,0,1094,28.0,28.0,0,1150
4022,2026-03-07,CASH,,500,0,476,12.0,12.0,0,500
4023,2026-03-07,CASH,,400,0,381,9.5,9.5,0,400
4024,2026-03-07,CASH,,50,0,48,1.0,1.0,0,50
4025,2026-03-07,PPP,,0,750,714,18.0,18.0,0,750
4026,2026-03-07,PPP,,0,180,171,4.5,4.5,0,180
4027,2026-03-07,,,900,0,857,21.5,21.5,0,900
4028,2026-03-07,,,1850,0,1762,44.0,44.0,0,1850
4029,2026-03-07,,,160,0,152,4.0,4.0,0,160
4030,2026-03-07,,,260,0,248,6.0,6.0,0,260
4031,2026-03-07,,,250,0,238,6.0,6.0,0,250
4032,2026-03-07,,,290,0,276,7.0,7.0,0,290
4033,2026-03-07,,,550,0,523,13.5,13.5,0,550
4034,2026-03-07,,,950,0,905,22.5,22.5,0,950
4035,2026-03-07,,,120,0,114,3.0,3.0,0,120
4036,2026-03-07,,,700,0,667,16.5,16.5,0,700
4037,2026-03-07,,,300,0,286,7.0,7.0,0,300
4038,2026-03-07,,,1100,0,1048,26.0,26.0,0,1100
4039,2026-03-07,,,410,0,390,10.0,10.0,0,410
4040,2026-03-07,CASH,,300,0,286,7.0,7.0,0,300
4041,2026-03-07,[PPP,,0,2670,2543,63.5,63.5,0,2670
4042,2026-03-07,,,100,0,95,2.5,2.5,0,100
4043,2026-03-07,,,1115,0,1062,26.5,26.5,0,1115
4044,2026-03-07,,,520,0,496,12.0,12.0,0,520
4045,2026-03-07,,,610,0,581,14.5,14.5,0,610
4046,2026-03-07,,,550,0,524,13.0,13.0,0,550
4047,2026-03-07,,,150,0,143,3.5,3.5,0,150
4048,2026-03-07,,,260,0,248,6.0,6.0,0,260
4049,2026-03-07,,,750,0,714,18.0,18.0,0,750
4050,2026-03-07,,,500,0,476,12.0,12.0,0,500
4051,2026-03-07,PP,,0,400,381,9.5,9.5,0,400
4052,2026-03-07,,,1350,0,1286,32.0,32.0,0,1350
4053,2026-03-07,,,400,0,381,9.5,9.5,0,400
4054,2026-03-07,,,300,0,286,7.0,7.0,0,300
4055,2026-03-07,,,550,0,524,13.0,13.0,0,550
4056,2026-03-07,,,610,0,581,14.5,14.5,0,610
4057,2026-03-07,,,150,0,143,3.5,3.5,0,150
4058,2026-03-08,PPP,,0,100,95,2.5,2.5,0,100
4059,2026-03-08,PPP,,0,600,572,14.0,14.0,0,600
4060,2026-03-08,PPP,,0,2190,2086,52.0,52.0,0,2190
4061,2026-03-08,CASH,,100,0,95,2.5,2.5,0,100
4062,2026-03-08,PPP,,0,360,343,8.5,8.5,0,360
4063,2026-03-08,PPP,,0,350,333,8.5,8.5,0,350
4064,2026-03-08,PPP,,0,30,29,0.5,0.5,0,30
4065,2026-03-08,PPP,,0,300,286,7.0,7.0,0,300
4066,2026-03-08,PPP,,0,600,571,14.5,14.5,0,600
4067,2026-03-08,PPP,,0,700,666,17.0,17.0,0,700
4068,2026-03-08,PPP,,0,1050,1000,25.0,25.0,0,1050
4069,2026-03-08,CARD,,0,500,477,11.5,11.5,0,500
4070,2026-03-08,PPP,,0,300,286,7.0,7.0,0,300
4071,2026-03-08,PPP,,0,850,810,20.0,20.0,0,850
4072,2026-03-08,CASH,,170,0,162,4.0,4.0,0,170
4073,2026-03-08,CARD,,0,310,295,7.5,7.5,0,310
4074,2026-03-08,PPP,,0,480,457,11.5,11.5,0,480
4075,2026-03-08,PPP,,0,370,352,9.0,9.0,0,370
4076,2026-03-08,PPP,,0,120,114,3.0,3.0,0,120
4077,2026-03-08,PPP,,0,1350,1286,32.0,32.0,0,1350
4078,2026-03-08,CASH,,1900,0,1808,46.0,46.0,0,1900
4079,2026-03-08,PPP,,0,1150,1095,27.5,27.5,0,1150
4080,2026-03-08,PPP,,0,380,362,9.0,9.0,0,380
4081,2026-03-08,CASH,,550,0,524,13.0,13.0,0,550
4082,2026-03-08,PPP,,0,100,95,2.5,2.5,0,100
4083,2026-03-08,PPP,,0,150,143,3.5,3.5,0,150
4084,2026-03-08,PPP,,0,320,304,8.0,8.0,0,320
4085,2026-03-08,CASH,,100,0,95,2.5,2.5,0,100
4086,2026-03-08,CASH,,300,0,286,7.0,7.0,0,300
4087,2026-03-08,PPP,,0,850,809,20.5,20.5,0,850
4088,2026-03-08,,,1650,0,1571,39.5,39.5,0,1650
4089,2026-03-08,,,120,0,114,3.0,3.0,0,120
4090,2026-03-08,,,200,0,190,5.0,5.0,0,200
4091,2026-03-08,PPP,,2800,0,2667,66.5,66.5,0,2800
4092,2026-03-08,PPP,,0,150,143,3.5,3.5,0,150
4093,2026-03-08,CASH,,350,0,333,8.5,8.5,0,350
4094,2026-03-08,PPP,,0,500,476,12.0,12.0,0,500
4095,2026-03-08,CASH,,430,0,409,10.5,10.5,0,430
4096,2026-03-08,PPP,,0,540,514,13.0,13.0,0,540
4097,2026-03-08,PPP,,0,600,572,14.0,14.0,0,600
4098,2026-03-08,CASH,,800,0,761,19.5,19.5,0,800
4099,2026-03-08,PPP,,0,180,171,4.5,4.5,0,180
4100,2026-03-08,CASH,,120,0,114,3.0,3.0,0,120
4101,2026-03-08,PPPP,,0,240,229,5.5,5.5,0,240
4102,2026-03-08,PPP,,0,980,934,23.0,23.0,0,980
4103,2026-03-08,PPP,,0,400,381,9.5,9.5,0,400
4104,2026-03-08,PPP,,0,1000,953,23.5,23.5,0,1000
4105,2026-03-08,PPP,,0,500,476,12.0,12.0,0,500
4106,2026-03-08,PPP,,0,1650,1571,39.5,39.5,0,1650
4107,2026-03-08,,,0,240,229,5.5,5.5,0,240
4108,2026-03-08,,,1400,0,1333,33.5,33.5,0,1400
4109,2026-03-08,,,800,0,762,19.0,19.0,0,800
4110,2026-03-08,PPP,,0,2960,2818,71.0,71.0,0,2960
4111,2026-03-08,,,0,1360,1295,32.5,32.5,0,1360
4112,2026-03-08,,,300,0,286,7.0,7.0,0,300
4113,2026-03-08,,,0,220,209,5.5,5.5,0,220
4114,2026-03-08,,,150,0,143,3.5,3.5,0,150
4115,2026-03-08,,,0,250,238,6.0,6.0,0,250
4116,2026-03-08,PPP,,0,100,95,2.5,2.5,0,100
4117,2026-03-08,CASH,,650,0,619,15.5,15.5,0,650
4118,2026-03-08,PPP,,0,120,114,3.0,3.0,0,120
4119,2026-03-08,CASH,,760,0,723,18.5,18.5,0,760
4120,2026-03-08,,,180,0,171,4.5,4.5,0,180
4121,2026-03-08,PPP,,0,500,476,12.0,12.0,0,500
4122,2026-03-08,CASH,,300,0,286,7.0,7.0,0,300
4123,2026-03-08,CARD,,0,2550,2428,61.0,61.0,0,2550
4124,2026-03-08,PPP,,0,800,761,19.5,19.5,0,800
4125,2026-03-08,CASH,,100,0,96,2.0,2.0,0,100
4126,2026-03-08,,,600,0,571,14.5,14.5,0,600
4127,2026-03-08,,,550,0,524,13.0,13.0,0,550
4128,2026-03-08,,,1100,0,1048,26.0,26.0,0,1100
4129,2026-03-08,,,1500,0,1428,36.0,36.0,0,1500
4130,2026-03-08,,,850,0,809,20.5,20.5,0,850
4131,2026-03-08,,,900,0,857,21.5,21.5,0,900
4132,2026-03-08,PPP,,0,1520,1448,36.0,36.0,0,1520
4133,2026-03-08,CASH,,240,0,229,5.5,5.5,0,240
4134,2026-03-08,CASH,,250,0,238,6.0,6.0,0,250
4135,2026-03-08,CASH,,1750,0,1666,42.0,42.0,0,1750
4136,2026-03-08,CASH,,850,0,809,20.5,20.5,0,850
4137,2026-03-09,CASH,,500,0,476,12.0,12.0,0,500
4138,2026-03-09,CASH,,500,0,476,12.0,12.0,0,500
4139,2026-03-09,CASH,,890,0,848,21.0,21.0,0,890
4140,2026-03-09,CASH LAND OWNER,,6000,0,5714,143.0,143.0,0,6000
4141,2026-03-09,CASH,,240,0,229,5.5,5.5,0,240
4142,2026-03-09,PPP,,0,550,524,13.0,13.0,0,550
4143,2026-03-09,PPP,,0,350,333,8.5,8.5,0,350
4144,2026-03-09,PPP,,0,550,524,13.0,13.0,0,550
4145,2026-03-09,PPP,,0,220,209,5.5,5.5,0,220
4146,2026-03-09,CASH,,100,0,95,2.5,2.5,0,100
4147,2026-03-09,CASH,,270,0,257,6.5,6.5,0,270
4148,2026-03-09,PPP,,0,200,190,5.0,5.0,0,200
4149,2026-03-09,CASH,,500,0,476,12.0,12.0,0,500
4150,2026-03-09,CASH,,2120,0,2019,50.5,50.5,0,2120
4151,2026-03-09,CASH,,300,0,286,7.0,7.0,0,300
4152,2026-03-09,CASH,,1100,0,1048,26.0,26.0,0,1100
4153,2026-03-09,CASH,,100,0,95,2.5,2.5,0,100
4154,2026-03-09,CARD,,0,470,447,11.5,11.5,0,470
4155,2026-03-09,PPP,,0,3030,2885,72.5,72.5,0,3030
4156,2026-03-09,PPP,,0,1850,1762,44.0,44.0,0,1850
4157,2026-03-09,CASH,,4400,0,4189,105.5,105.5,0,4400
4158,2026-03-09,CASH,,1350,0,1285,32.5,32.5,0,1350
4159,2026-03-09,CASH,,120,0,114,3.0,3.0,0,120
4160,2026-03-09,CASH,,1050,0,1000,25.0,25.0,0,1050
4161,2026-03-09,CASH,,780,0,743,18.5,18.5,0,780
4162,2026-03-09,[PPP,,0,280,266,7.0,7.0,0,280
4163,2026-03-09,PPP,,0,350,333,8.5,8.5,0,350
4164,2026-03-09,CARD,,0,2800,2666,67.0,67.0,0,2800
4165,2026-03-09,PPP,,0,1890,1800,45.0,45.0,0,1890
4166,2026-03-09,PPP,,0,170,162,4.0,4.0,0,170
4167,2026-03-09,CASH,,700,0,667,16.5,16.5,0,700
4168,2026-03-09,PPP,,0,1220,1162,29.0,29.0,0,1220
4169,2026-03-09,PPP,,0,320,305,7.5,7.5,0,320
4170,2026-03-09,CASH,,400,0,381,9.5,9.5,0,400
4171,2026-03-09,PPP,,0,400,381,9.5,9.5,0,400
4172,2026-03-09,PPP,,0,200,190,5.0,5.0,0,200
4173,2026-03-09,PPPP,,0,800,762,19.0,19.0,0,800
4174,2026-03-09,CARD,,0,520,495,12.5,12.5,0,520
4175,2026-03-09,,,250,0,238,6.0,6.0,0,250
4176,2026-03-09,CASH,,200,0,190,5.0,5.0,0,200
4177,2026-03-09,,,100,0,95,2.5,2.5,0,100
4178,2026-03-09,,,700,0,667,16.5,16.5,0,700
4179,2026-03-09,,,120,0,114,3.0,3.0,0,120
4180,2026-03-09,,,250,0,238,6.0,6.0,0,250
4181,2026-03-09,,,250,0,238,6.0,6.0,0,250
4182,2026-03-09,,,120,0,114,3.0,3.0,0,120
4183,2026-03-09,,,100,0,95,2.5,2.5,0,100
4184,2026-03-09,,,0,150,143,3.5,3.5,0,150
4185,2026-03-09,CASH,,200,0,190,5.0,5.0,0,200
4186,2026-03-09,CASH,,150,0,143,3.5,3.5,0,150
4187,2026-03-09,CASH,,120,0,114,3.0,3.0,0,120
4188,2026-03-09,PPP,,0,630,600,15.0,15.0,0,630
4189,2026-03-09,PPP,,0,270,257,6.5,6.5,0,270
4190,2026-03-09,PPP,,0,500,477,11.5,11.5,0,500
4191,2026-03-09,CASH,,1180,0,1124,28.0,28.0,0,1180
4192,2026-03-09,PP,,0,50,48,1.0,1.0,0,50
4193,2026-03-09,CASH,,550,0,524,13.0,13.0,0,550
4194,2026-03-09,CASH\,,240,0,229,5.5,5.5,0,240
4195,2026-03-09,CASH,,550,0,524,13.0,13.0,0,550
4196,2026-03-09,CASH,,950,0,905,22.5,22.5,0,950
4197,2026-03-09,PPP,,0,1070,1019,25.5,25.5,0,1070
4198,2026-03-09,CASH,,300,0,286,7.0,7.0,0,300
4199,2026-03-10,PPPP,,0,450,429,10.5,10.5,0,450
4200,2026-03-10,CASH,,400,0,381,9.5,9.5,0,400
4201,2026-03-10,PPP,,0,700,667,16.5,16.5,0,700
4202,2026-03-10,PPP,,0,500,476,12.0,12.0,0,500
4203,2026-03-10,PPP,,0,50,48,1.0,1.0,0,50
4204,2026-03-10,PPP,,0,1100,1048,26.0,26.0,0,1100
4205,2026-03-10,CASH,,1890,0,1801,44.5,44.5,0,1890
4206,2026-03-10,PPP,,0,1270,1210,30.0,30.0,0,1270
4207,2026-03-10,CASH,,120,0,114,3.0,3.0,0,120
4208,2026-03-10,CASH,,300,0,286,7.0,7.0,0,300
4209,2026-03-10,PPP,,0,700,666,17.0,17.0,0,700
4210,2026-03-10,PPP,,0,500,476,12.0,12.0,0,500
4211,2026-03-10,CASH,,150,0,143,3.5,3.5,0,150
4212,2026-03-10,PPP,,0,900,857,21.5,21.5,0,900
4213,2026-03-10,PPP,,0,550,524,13.0,13.0,0,550
4214,2026-03-10,PPP,,0,200,190,5.0,5.0,0,200
4215,2026-03-10,CASH,,200,0,190,5.0,5.0,0,200
4216,2026-03-10,PP,,0,500,476,12.0,12.0,0,500
4217,2026-03-10,,,420,0,400,10.0,10.0,0,420
4218,2026-03-10,,,150,0,143,3.5,3.5,0,150
4219,2026-03-10,,,700,0,667,16.5,16.5,0,700
4220,2026-03-10,,,720,0,685,17.5,17.5,0,720
4221,2026-03-10,,,300,0,286,7.0,7.0,0,300
4222,2026-03-10,,,350,0,334,8.0,8.0,0,350
4223,2026-03-10,,,700,0,667,16.5,16.5,0,700
4224,2026-03-10,,,750,0,714,18.0,18.0,0,750
4225,2026-03-10,,,550,0,524,13.0,13.0,0,550
4226,2026-03-10,,,780,0,743,18.5,18.5,0,780
4227,2026-03-10,,,40,0,38,1.0,1.0,0,40
4228,2026-03-10,,,240,0,229,5.5,5.5,0,240
4229,2026-03-10,,,100,0,95,2.5,2.5,0,100
4230,2026-03-10,,,450,0,429,10.5,10.5,0,450
4231,2026-03-10,,,1320,0,1257,31.5,31.5,0,1320
4232,2026-03-10,,,270,0,257,6.5,6.5,0,270
4233,2026-03-10,,,920,0,876,22.0,22.0,0,920
4234,2026-03-10,,,500,0,476,12.0,12.0,0,500
4235,2026-03-10,,,1180,0,1124,28.0,28.0,0,1180
4236,2026-03-10,,,520,0,495,12.5,12.5,0,520
4237,2026-03-10,,,350,0,333,8.5,8.5,0,350
4238,2026-03-10,,,500,0,476,12.0,12.0,0,500
4239,2026-03-10,,,5850,0,5571,139.5,139.5,0,5850
4240,2026-03-10,,,650,0,619,15.5,15.5,0,650
4241,2026-03-10,,,300,0,286,7.0,7.0,0,300
4242,2026-03-10,,,250,0,238,6.0,6.0,0,250
4243,2026-03-10,,,650,0,619,15.5,15.5,0,650
4244,2026-03-10,,,850,0,810,20.0,20.0,0,850
4245,2026-03-10,,,500,0,476,12.0,12.0,0,500
4246,2026-03-10,,,120,0,114,3.0,3.0,0,120
4247,2026-03-10,,,2080,0,1980,50.0,50.0,0,2080
4248,2026-03-10,,,1610,0,1533,38.5,38.5,0,1610
4249,2026-03-10,,,350,0,333,8.5,8.5,0,350
4250,2026-03-10,PPP,,0,200,190,5.0,5.0,0,200
4251,2026-03-10,PPP,,0,500,476,12.0,12.0,0,500
4252,2026-03-10,PPP,,0,1270,1210,30.0,30.0,0,1270
4253,2026-03-10,PPP,,0,400,381,9.5,9.5,0,400
4254,2026-03-10,PPP,,0,820,781,19.5,19.5,0,820
4255,2026-03-10,PPP,,0,300,286,7.0,7.0,0,300
4256,2026-03-10,PPP,,0,450,429,10.5,10.5,0,450
4257,2026-03-10,PPP,,0,580,552,14.0,14.0,0,580
4258,2026-03-10,PPP,,0,720,686,17.0,17.0,0,720
4259,2026-03-10,,,1900,0,1810,45.0,45.0,0,1900
4260,2026-03-10,CARD,,0,1200,1143,28.5,28.5,0,1200
4261,2026-03-10,PPP,,0,60,57,1.5,1.5,0,60
4262,2026-03-10,CASH,,1200,0,1143,28.5,28.5,0,1200
4263,2026-03-10,,,300,0,286,7.0,7.0,0,300
4264,2026-03-11,CASH,,400,0,381,9.5,9.5,0,400
4265,2026-03-11,PPP,,0,1200,1143,28.5,28.5,0,1200
4266,2026-03-11,CASH,,100,0,95,2.5,2.5,0,100
4267,2026-03-11,PPP,,0,500,476,12.0,12.0,0,500
4268,2026-03-11,PPP,,0,900,857,21.5,21.5,0,900
4269,2026-03-11,CASH,,500,0,476,12.0,12.0,0,500
4270,2026-03-11,CARD,,0,1800,1714,43.0,43.0,0,1800
4271,2026-03-11,CASH,,250,0,238,6.0,6.0,0,250
4272,2026-03-11,CASH,,1300,0,1238,31.0,31.0,0,1300
4273,2026-03-11,PPP,,0,900,858,21.0,21.0,0,900
4274,2026-03-11,CARD,,0,1100,1048,26.0,26.0,0,1100
4275,2026-03-11,PPP,,0,300,286,7.0,7.0,0,300
4276,2026-03-11,CASH,,1240,0,1181,29.5,29.5,0,1240
4277,2026-03-11,CASH,,200,0,190,5.0,5.0,0,200
4278,2026-03-11,CASH,,1400,0,1333,33.5,33.5,0,1400
4279,2026-03-11,PPP,,0,1320,1257,31.5,31.5,0,1320
4280,2026-03-11,CASH,,800,0,762,19.0,19.0,0,800
4281,2026-03-11,PPPP,,0,2700,2572,64.0,64.0,0,2700
4282,2026-03-11,PPP,,0,1400,1334,33.0,33.0,0,1400
4283,2026-03-11,PPP,,0,550,524,13.0,13.0,0,550
4284,2026-03-11,PPP,,0,500,476,12.0,12.0,0,500
4285,2026-03-11,PPP,,0,300,286,7.0,7.0,0,300
4286,2026-03-11,CASH,,2630,0,2505,62.5,62.5,0,2630
4287,2026-03-11,,,0,700,667,16.5,16.5,0,700
4288,2026-03-11,CASH,,260,0,248,6.0,6.0,0,260
4289,2026-03-11,PPP,,0,240,228,6.0,6.0,0,240
4290,2026-03-11,CASH,,450,0,428,11.0,11.0,0,450
4291,2026-03-11,CASH,,260,0,248,6.0,6.0,0,260
4292,2026-03-11,CASH,,50,0,48,1.0,1.0,0,50
4293,2026-03-11,PPP,,0,160,152,4.0,4.0,0,160
4294,2026-03-11,PPP,,0,420,400,10.0,10.0,0,420
4295,2026-03-11,,,100,0,95,2.5,2.5,0,100
4296,2026-03-11,,,1100,0,1048,26.0,26.0,0,1100
4297,2026-03-11,,,100,0,95,2.5,2.5,0,100
4298,2026-03-11,,,4350,0,4142,104.0,104.0,0,4350
4299,2026-03-11,,,330,0,314,8.0,8.0,0,330
4300,2026-03-11,,,1500,0,1429,35.5,35.5,0,1500
4301,2026-03-11,,,500,0,476,12.0,12.0,0,500
4302,2026-03-11,PPP,,0,500,476,12.0,12.0,0,500
4303,2026-03-11,,,150,0,143,3.5,3.5,0,150
4304,2026-03-11,,,500,0,476,12.0,12.0,0,500
4305,2026-03-11,,,1670,0,1591,39.5,39.5,0,1670
4306,2026-03-11,,,1840,0,1752,44.0,44.0,0,1840
4307,2026-03-11,,,1490,0,1419,35.5,35.5,0,1490
4308,2026-03-11,,,120,0,114,3.0,3.0,0,120
4309,2026-03-11,,,150,0,143,3.5,3.5,0,150
4310,2026-03-11,,,300,0,286,7.0,7.0,0,300
4311,2026-03-11,,,550,0,524,13.0,13.0,0,550
4312,2026-03-11,,,200,0,190,5.0,5.0,0,200
4313,2026-03-11,,,600,0,571,14.5,14.5,0,600
4314,2026-03-11,,,1280,0,1219,30.5,30.5,0,1280
4315,2026-03-11,,,200,0,190,5.0,5.0,0,200
4316,2026-03-11,,,60,0,57,1.5,1.5,0,60
4317,2026-03-11,,,350,0,333,8.5,8.5,0,350
4318,2026-03-11,,,1250,0,1190,30.0,30.0,0,1250
4319,2026-03-11,,,230,0,219,5.5,5.5,0,230
4320,2026-03-11,,,500,0,476,12.0,12.0,0,500
4321,2026-03-11,,,1500,0,1429,35.5,35.5,0,1500
4322,2026-03-11,,,300,0,286,7.0,7.0,0,300
4323,2026-03-11,,,1350,0,1286,32.0,32.0,0,1350
4324,2026-03-11,CASH,,270,0,257,6.5,6.5,0,270
4325,2026-03-11,PPP,,0,950,905,22.5,22.5,0,950
4326,2026-03-11,CASH,,4000,0,3809,95.5,95.5,0,4000
4327,2026-03-11,CASH,,500,0,476,12.0,12.0,0,500
4328,2026-03-11,,,350,0,333,8.5,8.5,0,350
4329,2026-03-11,,,650,0,619,15.5,15.5,0,650
4330,2026-03-11,,,700,0,667,16.5,16.5,0,700
4331,2026-03-11,,,260,0,248,6.0,6.0,0,260
4332,2026-03-11,,,1960,0,1867,46.5,46.5,0,1960
4333,2026-03-11,,,520,0,495,12.5,12.5,0,520
4334,2026-03-11,,,120,0,114,3.0,3.0,0,120
4335,2026-03-11,,,120,0,114,3.0,3.0,0,120
4336,2026-03-11,,,250,0,238,6.0,6.0,0,250
4337,2026-03-11,,,150,0,143,3.5,3.5,0,150
4338,2026-03-12,PPP,,0,1700,1619,40.5,40.5,0,1700
4339,2026-03-12,CASH,,50,0,48,1.0,1.0,0,50
4340,2026-03-12,PPP,,0,50,48,1.0,1.0,0,50
4341,2026-03-12,[PPP,,0,120,114,3.0,3.0,0,120
4342,2026-03-12,PPP,,0,500,476,12.0,12.0,0,500
4343,2026-03-12,PPP,,0,1000,952,24.0,24.0,0,1000
4344,2026-03-12,CASH,,400,0,381,9.5,9.5,0,400
4345,2026-03-12,CASH,,350,0,333,8.5,8.5,0,350
4346,2026-03-12,PPP,,0,500,476,12.0,12.0,0,500
4347,2026-03-12,CASH,,760,0,724,18.0,18.0,0,760
4348,2026-03-12,CASH,,250,0,238,6.0,6.0,0,250
4349,2026-03-12,CASH,,100,0,95,2.5,2.5,0,100
4350,2026-03-12,CASH,,300,0,286,7.0,7.0,0,300
4351,2026-03-12,CASH,,700,0,666,17.0,17.0,0,700
4352,2026-03-12,CASH,,120,0,114,3.0,3.0,0,120
4353,2026-03-12,PPP,,0,350,333,8.5,8.5,0,350
4354,2026-03-12,CASH,,150,0,143,3.5,3.5,0,150
4355,2026-03-12,PPP,,0,5200,4952,124.0,124.0,0,5200
4356,2026-03-12,PPP,,0,1800,1714,43.0,43.0,0,1800
4357,2026-03-12,PPP,,0,750,714,18.0,18.0,0,750
4358,2026-03-12,PPP,,0,150,143,3.5,3.5,0,150
4359,2026-03-12,CASH,,300,0,286,7.0,7.0,0,300
4360,2026-03-12,PPP,,0,360,342,9.0,9.0,0,360
4361,2026-03-12,PPP,,0,700,667,16.5,16.5,0,700
4362,2026-03-12,CARD,,0,680,647,16.5,16.5,0,680
4363,2026-03-12,PPP,,0,200,190,5.0,5.0,0,200
4364,2026-03-12,,,970,0,923,23.5,23.5,0,970
4365,2026-03-12,CASH,,800,0,762,19.0,19.0,0,800
4366,2026-03-12,,,500,0,476,12.0,12.0,0,500
4367,2026-03-12,,,550,0,524,13.0,13.0,0,550
4368,2026-03-12,CASH,,750,0,714,18.0,18.0,0,750
4369,2026-03-12,,,900,0,857,21.5,21.5,0,900
4370,2026-03-12,,,100,0,96,2.0,2.0,0,100
4371,2026-03-12,,,180,0,171,4.5,4.5,0,180
4372,2026-03-12,,,500,0,476,12.0,12.0,0,500
4373,2026-03-12,,,850,0,810,20.0,20.0,0,850
4374,2026-03-12,,,700,0,667,16.5,16.5,0,700
4375,2026-03-12,,,400,0,381,9.5,9.5,0,400
4376,2026-03-12,,,600,0,571,14.5,14.5,0,600
4377,2026-03-12,PPPP,,0,1010,963,23.5,23.5,0,1010
4378,2026-03-12,,,300,0,286,7.0,7.0,0,300
4379,2026-03-12,,,250,0,238,6.0,6.0,0,250
4380,2026-03-12,,,900,0,856,22.0,22.0,0,900
4381,2026-03-12,,,300,0,286,7.0,7.0,0,300
4382,2026-03-12,,,260,0,248,6.0,6.0,0,260
4383,2026-03-12,,,2470,0,2353,58.5,58.5,0,2470
4384,2026-03-12,,,1450,0,1381,34.5,34.5,0,1450
4385,2026-03-12,,,1200,0,1143,28.5,28.5,0,1200
4386,2026-03-12,,,1250,0,1190,30.0,30.0,0,1250
4387,2026-03-12,,,1350,0,1285,32.5,32.5,0,1350
4388,2026-03-12,,,1000,0,952,24.0,24.0,0,1000
4389,2026-03-12,,,600,0,571,14.5,14.5,0,600
4390,2026-03-12,,,700,0,667,16.5,16.5,0,700
4391,2026-03-12,,,1050,0,1000,25.0,25.0,0,1050
4392,2026-03-12,,,500,0,476,12.0,12.0,0,500
4393,2026-03-12,,,350,0,333,8.5,8.5,0,350
4394,2026-03-12,,,300,0,286,7.0,7.0,0,300
4395,2026-03-12,,,50,0,48,1.0,1.0,0,50
4396,2026-03-12,,,200,0,190,5.0,5.0,0,200
4397,2026-03-12,,,240,0,229,5.5,5.5,0,240
4398,2026-03-12,,,240,0,229,5.5,5.5,0,240
4399,2026-03-12,,,400,0,381,9.5,9.5,0,400
4400,2026-03-12,,,1500,0,1429,35.5,35.5,0,1500
4401,2026-03-12,,,1600,0,1524,38.0,38.0,0,1600
4402,2026-03-12,,,3900,0,3715,92.5,92.5,0,3900
4403,2026-03-12,,,350,0,333,8.5,8.5,0,350
4404,2026-03-12,,,500,0,476,12.0,12.0,0,500
4405,2026-03-12,,,1920,0,1829,45.5,45.5,0,1920
4406,2026-03-12,,,50,0,48,1.0,1.0,0,50
4407,2026-03-12,,,600,0,571,14.5,14.5,0,600
4408,2026-03-12,,,1050,0,1000,25.0,25.0,0,1050
4409,2026-03-12,,,700,0,667,16.5,16.5,0,700
4410,2026-03-12,,,850,0,809,20.5,20.5,0,850
4411,2026-03-12,,,1750,0,1667,41.5,41.5,0,1750
4412,2026-03-12,,,1750,0,1667,41.5,41.5,0,1750
4413,2026-03-13,PPP,,0,760,725,17.5,17.5,0,760
4414,2026-03-13,CARD,,250,0,238,6.0,6.0,0,250
4415,2026-03-13,CASH,,50,0,48,1.0,1.0,0,50
4416,2026-03-13,PPP,,0,300,286,7.0,7.0,0,300
4417,2026-03-13,CARD,,0,1900,1809,45.5,45.5,0,1900
4418,2026-03-13,,,1150,0,1095,27.5,27.5,0,1150
4419,2026-03-13,,,3000,0,2857,71.5,71.5,0,3000
4420,2026-03-13,,,820,0,781,19.5,19.5,0,820
4421,2026-03-13,,,10590,0,10086,252.0,252.0,0,10590
4422,2026-03-13,,,1050,0,1000,25.0,25.0,0,1050
4423,2026-03-13,,,500,0,476,12.0,12.0,0,500
4424,2026-03-13,PPPP,,0,650,619,15.5,15.5,0,650
4425,2026-03-13,,,120,0,114,3.0,3.0,0,120
4426,2026-03-13,CARD,,0,220,210,5.0,5.0,0,220
4427,2026-03-13,PPP,,0,600,571,14.5,14.5,0,600
4428,2026-03-13,CASH,,850,0,809,20.5,20.5,0,850
4429,2026-03-13,PPP,,0,300,285,7.5,7.5,0,300
4430,2026-03-13,,,350,0,333,8.5,8.5,0,350
4431,2026-03-13,PP,,0,150,143,3.5,3.5,0,150
4432,2026-03-13,PPP,,0,4320,4114,103.0,103.0,0,4320
4433,2026-03-13,,,150,0,143,3.5,3.5,0,150
4434,2026-03-13,CASH,,50,0,48,1.0,1.0,0,50
4435,2026-03-13,,,0,120,114,3.0,3.0,0,120
4436,2026-03-13,,,200,0,190,5.0,5.0,0,200
4437,2026-03-13,,,150,0,143,3.5,3.5,0,150
4438,2026-03-13,PPP3,,0,2450,2332,59.0,59.0,0,2450
4439,2026-03-13,PPP,,0,850,810,20.0,20.0,0,850
4440,2026-03-13,CASH,,650,0,619,15.5,15.5,0,650
4441,2026-03-13,PPP,,0,750,714,18.0,18.0,0,750
4442,2026-03-13,PPP,,0,850,809,20.5,20.5,0,850
4443,2026-03-13,,,340,0,324,8.0,8.0,0,340
4444,2026-03-13,,,350,0,333,8.5,8.5,0,350
4445,2026-03-13,,,1050,0,1000,25.0,25.0,0,1050
4446,2026-03-13,,,150,0,143,3.5,3.5,0,150
4447,2026-03-13,,,100,0,95,2.5,2.5,0,100
4448,2026-03-13,,,100,0,95,2.5,2.5,0,100
4449,2026-03-13,,,500,0,476,12.0,12.0,0,500
4450,2026-03-13,CASH,,3880,0,3695,92.5,92.5,0,3880
4451,2026-03-13,,,280,0,267,6.5,6.5,0,280
4452,2026-03-13,,,200,0,190,5.0,5.0,0,200
4453,2026-03-13,PPP,,0,2700,2569,65.5,65.5,0,2700
4454,2026-03-13,PPP,,0,1000,952,24.0,24.0,0,1000
4455,2026-03-13,,,1400,0,1334,33.0,33.0,0,1400
4456,2026-03-13,,,1150,0,1095,27.5,27.5,0,1150
4457,2026-03-13,,,100,0,95,2.5,2.5,0,100
4458,2026-03-13,,,540,0,514,13.0,13.0,0,540
4459,2026-03-13,PPP,,0,850,809,20.5,20.5,0,850
4460,2026-03-13,,,900,0,857,21.5,21.5,0,900
4461,2026-03-13,CASH,,60,0,57,1.5,1.5,0,60
4462,2026-03-13,,,350,0,333,8.5,8.5,0,350
4463,2026-03-13,,,600,0,571,14.5,14.5,0,600
4464,2026-03-13,,,1000,0,952,24.0,24.0,0,1000
4465,2026-03-13,CASH,,850,0,810,20.0,20.0,0,850
4466,2026-03-13,PPP,,0,700,667,16.5,16.5,0,700
4467,2026-03-13,,,300,0,286,7.0,7.0,0,300
4468,2026-03-13,,,0,1990,1895,47.5,47.5,0,1990
4469,2026-03-13,,,300,0,286,7.0,7.0,0,300
4470,2026-03-13,PPP,,0,410,390,10.0,10.0,0,410
4471,2026-03-13,,,450,0,429,10.5,10.5,0,450
4472,2026-03-13,PPP,,0,200,190,5.0,5.0,0,200
4473,2026-03-13,PPP,,0,400,381,9.5,9.5,0,400
4474,2026-03-13,PPP,,0,800,761,19.5,19.5,0,800
4475,2026-03-13,,,370,0,352,9.0,9.0,0,370
4476,2026-03-13,PPP,,0,1650,1572,39.0,39.0,0,1650
4477,2026-03-13,PPP,,0,500,476,12.0,12.0,0,500
4478,2026-03-13,CASH,,200,0,190,5.0,5.0,0,200
4479,2026-03-13,PPP,,0,700,667,16.5,16.5,0,700
4480,2026-03-13,PPP,,0,700,667,16.5,16.5,0,700
4481,2026-03-14,CASH,,500,0,476,12.0,12.0,0,500
4482,2026-03-14,CASH,,250,0,238,6.0,6.0,0,250
4483,2026-03-14,CASH,,300,0,286,7.0,7.0,0,300
4484,2026-03-14,,,20,0,19,0.5,0.5,0,20
4485,2026-03-14,CASH,,120,0,114,3.0,3.0,0,120
4486,2026-03-14,PPPP,,0,1350,1286,32.0,32.0,0,1350
4487,2026-03-14,PPP,,0,250,238,6.0,6.0,0,250
4488,2026-03-14,,,1020,0,971,24.5,24.5,0,1020
4489,2026-03-14,,,0,1500,1429,35.5,35.5,0,1500
4490,2026-03-14,,,300,0,286,7.0,7.0,0,300
4491,2026-03-14,,,960,0,915,22.5,22.5,0,960
4492,2026-03-14,PPP,,0,1390,1324,33.0,33.0,0,1390
4493,2026-03-14,PPP,,0,600,571,14.5,14.5,0,600
4494,2026-03-14,PPP,,0,850,810,20.0,20.0,0,850
4495,2026-03-14,PPP,,0,1050,1000,25.0,25.0,0,1050
4496,2026-03-14,CASH,,320,0,304,8.0,8.0,0,320
4497,2026-03-14,,,180,0,171,4.5,4.5,0,180
4498,2026-03-14,,,350,0,333,8.5,8.5,0,350
4499,2026-03-14,,,180,0,171,4.5,4.5,0,180
4500,2026-03-14,,,0,1000,953,23.5,23.5,0,1000
4501,2026-03-14,PPP,,0,650,619,15.5,15.5,0,650
4502,2026-03-14,PPP,,0,300,286,7.0,7.0,0,300
4503,2026-03-14,PPP,,0,450,429,10.5,10.5,0,450
4504,2026-03-14,PPP,,0,600,571,14.5,14.5,0,600
4505,2026-03-14,CASH,,850,0,809,20.5,20.5,0,850
4506,2026-03-14,CASH,,720,0,686,17.0,17.0,0,720
4507,2026-03-14,CASH,,600,0,571,14.5,14.5,0,600
4508,2026-03-14,CASH,,2460,0,2342,59.0,59.0,0,2460
4509,2026-03-14,CASH,,3040,0,2894,73.0,73.0,0,3040
4510,2026-03-14,PPP,,0,1300,1238,31.0,31.0,0,1300
4511,2026-03-14,PPP,,0,609,580,14.5,14.5,0,609
4512,2026-03-14,CASH,,100,0,95,2.5,2.5,0,100
4513,2026-03-14,PPP,,0,650,619,15.5,15.5,0,650
4514,2026-03-14,ASH,,250,0,238,6.0,6.0,0,250
4515,2026-03-14,PPP,,0,1020,972,24.0,24.0,0,1020
4516,2026-03-14,CASH,,1500,0,1429,35.5,35.5,0,1500
4517,2026-03-14,PPP,,0,3340,3181,79.5,79.5,0,3340
4518,2026-03-14,ASH,,400,0,381,9.5,9.5,0,400
4519,2026-03-14,PPP,,0,150,143,3.5,3.5,0,150
4520,2026-03-14,,,260,0,247,6.5,6.5,0,260
4521,2026-03-14,CASH,,250,0,238,6.0,6.0,0,250
4522,2026-03-14,[PPP],,0,460,438,11.0,11.0,0,460
4523,2026-03-14,CASH,,500,0,476,12.0,12.0,0,500
4524,2026-03-14,PP,,1050,0,1000,25.0,25.0,0,1050
4525,2026-03-14,CASH,,2040,0,1944,48.0,48.0,0,2040
4526,2026-03-14,CASH,,350,0,333,8.5,8.5,0,350
4527,2026-03-14,PPPPP,,0,1960,1866,47.0,47.0,0,1960
4528,2026-03-14,CASH,,400,0,381,9.5,9.5,0,400
4529,2026-03-14,PPP,,0,750,714,18.0,18.0,0,750
4530,2026-03-14,PPP,,0,300,286,7.0,7.0,0,300
4531,2026-03-14,PPP,,0,1150,1095,27.5,27.5,0,1150
4532,2026-03-14,PPP,,0,500,476,12.0,12.0,0,500
4533,2026-03-14,CASH,,530,0,504,13.0,13.0,0,530
4534,2026-03-14,CASH,,1700,0,1619,40.5,40.5,0,1700
4535,2026-03-14,CASH,,390,0,372,9.0,9.0,0,390
4536,2026-03-14,CASH,,150,0,143,3.5,3.5,0,150
4537,2026-03-14,CASH,,520,0,495,12.5,12.5,0,520
4538,2026-03-14,,,120,0,114,3.0,3.0,0,120
4539,2026-03-14,PPP,,0,1650,1572,39.0,39.0,0,1650
4540,2026-03-14,,,500,0,476,12.0,12.0,0,500
4541,2026-03-14,PPP,,0,2250,2143,53.5,53.5,0,2250
4542,2026-03-14,,,150,0,143,3.5,3.5,0,150
4543,2026-03-14,PPP,,0,630,599,15.5,15.5,0,630
4544,2026-03-14,,,800,0,762,19.0,19.0,0,800
4545,2026-03-14,,,500,0,476,12.0,12.0,0,500
4546,2026-03-14,PPP,,0,350,333,8.5,8.5,0,350
4547,2026-03-14,,,600,0,571,14.5,14.5,0,600
4548,2026-03-14,,,150,0,143,3.5,3.5,0,150
4549,2026-03-14,,,0,2050,1952,49.0,49.0,0,2050
4550,2026-03-14,,,400,0,381,9.5,9.5,0,400
4551,2026-03-14,PPP,,0,360,343,8.5,8.5,0,360
4552,2026-03-14,,,600,0,571,14.5,14.5,0,600
4553,2026-03-14,,,240,0,228,6.0,6.0,0,240
4554,2026-03-14,,,0,500,476,12.0,12.0,0,500
4555,2026-03-14,PPP,,0,550,524,13.0,13.0,0,550
4556,2026-03-14,,,600,0,571,14.5,14.5,0,600
4557,2026-03-14,,,120,0,114,3.0,3.0,0,120
4558,2026-03-14,,,300,0,285,7.5,7.5,0,300
4559,2026-03-14,,,200,0,190,5.0,5.0,0,200
4560,2026-03-14,,,650,0,619,15.5,15.5,0,650
4561,2026-03-14,,,1750,0,1666,42.0,42.0,0,1750
4562,2026-03-14,,,150,0,143,3.5,3.5,0,150
4563,2026-03-14,,,500,0,476,12.0,12.0,0,500
4564,2026-03-14,,,600,0,571,14.5,14.5,0,600
4565,2026-03-14,PPP,,0,650,619,15.5,15.5,0,650
4566,2026-03-14,CASH,,30,0,29,0.5,0.5,0,30
4567,2026-03-14,CARD,,0,520,495,12.5,12.5,0,520
4568,2026-03-14,PPP,,0,500,476,12.0,12.0,0,500
4569,2026-03-14,CARD,,0,1840,1753,43.5,43.5,0,1840
4570,2026-03-14,CASH,,350,0,333,8.5,8.5,0,350
4571,2026-03-14,PPP,,0,700,667,16.5,16.5,0,700
4572,2026-03-14,CASH,,120,0,114,3.0,3.0,0,120
4573,2026-03-14,PPP,,0,500,476,12.0,12.0,0,500
4574,2026-03-14,CASH,,600,0,571,14.5,14.5,0,600
4575,2026-03-14,PPP,,0,450,429,10.5,10.5,0,450
4576,2026-03-14,PPP,,0,3730,3552,89.0,89.0,0,3730
4577,2026-03-14,CASH,,150,0,143,3.5,3.5,0,150
4578,2026-03-14,PPP,,0,1400,1332,34.0,34.0,0,1400
4579,2026-03-14,PPP,,0,600,572,14.0,14.0,0,600
4580,2026-03-14,PP,,0,500,476,12.0,12.0,0,500
4581,2026-03-14,,,500,0,476,12.0,12.0,0,500
4582,2026-03-14,PPP,,0,900,857,21.5,21.5,0,900
4583,2026-03-15,CASH,,120,0,114,3.0,3.0,0,120
4584,2026-03-15,PPP,,0,800,762,19.0,19.0,0,800
4585,2026-03-15,CASH,,900,0,857,21.5,21.5,0,900
4586,2026-03-15,PPP,,0,500,476,12.0,12.0,0,500
4587,2026-03-15,CASH,,300,0,286,7.0,7.0,0,300
4588,2026-03-15,PPP,,0,620,591,14.5,14.5,0,620
4589,2026-03-15,CASH,,1060,0,1009,25.5,25.5,0,1060
4590,2026-03-15,CASH,,1260,0,1199,30.5,30.5,0,1260
4591,2026-03-15,PPP,,0,150,143,3.5,3.5,0,150
4592,2026-03-15,PPP,,0,610,581,14.5,14.5,0,610
4593,2026-03-15,,,310,0,295,7.5,7.5,0,310
4594,2026-03-15,PPP,,0,300,286,7.0,7.0,0,300
4595,2026-03-15,CASH,,500,0,476,12.0,12.0,0,500
4596,2026-03-15,CASH,,870,0,828,21.0,21.0,0,870
4597,2026-03-15,CASH,,200,0,190,5.0,5.0,0,200
4598,2026-03-15,PPP,,0,250,238,6.0,6.0,0,250
4599,2026-03-15,CASH,,250,0,238,6.0,6.0,0,250
4600,2026-03-15,CASH,,120,0,114,3.0,3.0,0,120
4601,2026-03-15,PPPP,,0,250,238,6.0,6.0,0,250
4602,2026-03-15,PPP,,0,300,286,7.0,7.0,0,300
4603,2026-03-15,CASH,,360,0,343,8.5,8.5,0,360
4604,2026-03-15,CASH,,350,0,333,8.5,8.5,0,350
4605,2026-03-15,PPP,,0,250,238,6.0,6.0,0,250
4606,2026-03-15,PPP,,0,500,476,12.0,12.0,0,500
4607,2026-03-15,PPP,,0,660,628,16.0,16.0,0,660
4608,2026-03-15,PPP,,0,950,904,23.0,23.0,0,950
4609,2026-03-15,PPP,,0,500,476,12.0,12.0,0,500
4610,2026-03-15,PPP,,0,800,762,19.0,19.0,0,800
4611,2026-03-15,PPP,,0,200,190,5.0,5.0,0,200
4612,2026-03-15,PP,,0,150,143,3.5,3.5,0,150
4613,2026-03-15,CASH,,150,0,143,3.5,3.5,0,150
4614,2026-03-15,CARD,,0,1550,1477,36.5,36.5,0,1550
4615,2026-03-15,PPP,,0,50,48,1.0,1.0,0,50
4616,2026-03-15,CASH,,200,0,190,5.0,5.0,0,200
4617,2026-03-15,,,350,0,333,8.5,8.5,0,350
4618,2026-03-15,PPP,,0,600,571,14.5,14.5,0,600
4619,2026-03-15,PPP,,0,150,143,3.5,3.5,0,150
4620,2026-03-15,PPP,,0,200,190,5.0,5.0,0,200
4621,2026-03-15,CASH,,500,0,476,12.0,12.0,0,500
4622,2026-03-15,,,250,0,238,6.0,6.0,0,250
4623,2026-03-15,,,400,0,381,9.5,9.5,0,400
4624,2026-03-15,CARD,,5000,0,4762,119.0,119.0,0,5000
4625,2026-03-15,,,240,0,228,6.0,6.0,0,240
4626,2026-03-15,,,0,1460,1390,35.0,35.0,0,1460
4627,2026-03-15,,,2400,0,2286,57.0,57.0,0,2400
4628,2026-03-15,PP,,0,450,428,11.0,11.0,0,450
4629,2026-03-15,CASH,,100,0,95,2.5,2.5,0,100
4630,2026-03-15,PPP,,0,100,95,2.5,2.5,0,100
4631,2026-03-15,[PPPP,,0,560,533,13.5,13.5,0,560
4632,2026-03-15,,,450,0,429,10.5,10.5,0,450
4633,2026-03-15,,,2430,0,2315,57.5,57.5,0,2430
4634,2026-03-15,CASH,,100,0,95,2.5,2.5,0,100
4635,2026-03-15,CASH,,120,0,114,3.0,3.0,0,120
4636,2026-03-15,PPP,,0,6100,5809,145.5,145.5,0,6100
4637,2026-03-15,PPP,,0,500,476,12.0,12.0,0,500
4638,2026-03-15,CASH,,200,0,191,4.5,4.5,0,200
4639,2026-03-15,CARD,,0,10400,9906,247.0,247.0,0,10400
4640,2026-03-15,PPP,,0,350,333,8.5,8.5,0,350
4641,2026-03-15,PPPP,,0,350,333,8.5,8.5,0,350
4642,2026-03-15,PPP,,0,800,762,19.0,19.0,0,800
4643,2026-03-15,PPP,,0,160,152,4.0,4.0,0,160
4644,2026-03-15,PPP,,0,200,190,5.0,5.0,0,200
4645,2026-03-15,,,430,0,409,10.5,10.5,0,430
4646,2026-03-15,CARD,,0,1770,1685,42.5,42.5,0,1770
4647,2026-03-15,PPP,,0,650,619,15.5,15.5,0,650
4648,2026-03-15,,,230,0,219,5.5,5.5,0,230
4649,2026-03-15,PPP,,0,350,333,8.5,8.5,0,350
4650,2026-03-15,CARD,,0,1950,1857,46.5,46.5,0,1950
4651,2026-03-15,CASH,,300,0,286,7.0,7.0,0,300
4652,2026-03-15,PP,,0,1280,1219,30.5,30.5,0,1280
4653,2026-03-15,,,500,0,476,12.0,12.0,0,500
4654,2026-03-15,,,1200,0,1143,28.5,28.5,0,1200
4655,2026-03-15,PPP,,0,1550,1475,37.5,37.5,0,1550
4656,2026-03-15,,,790,0,753,18.5,18.5,0,790
4657,2026-03-15,,,200,0,190,5.0,5.0,0,200
4658,2026-03-15,,,1500,0,1429,35.5,35.5,0,1500
4659,2026-03-15,,,850,0,810,20.0,20.0,0,850
4660,2026-03-15,,,740,0,705,17.5,17.5,0,740
4661,2026-03-15,PPP,,0,2200,2096,52.0,52.0,0,2200
4662,2026-03-15,,,440,0,419,10.5,10.5,0,440
4663,2026-03-15,,,2640,0,2514,63.0,63.0,0,2640
4664,2026-03-15,,,200,0,190,5.0,5.0,0,200
4665,2026-03-15,,,2090,0,1991,49.5,49.5,0,2090
4666,2026-03-15,,,1810,0,1724,43.0,43.0,0,1810
4667,2026-03-15,,,200,0,190,5.0,5.0,0,200
4668,2026-03-15,,,600,0,571,14.5,14.5,0,600
4669,2026-03-15,CASH,,700,0,667,16.5,16.5,0,700
4670,2026-03-15,,,240,0,229,5.5,5.5,0,240
4671,2026-03-15,PPP,,0,1100,1047,26.5,26.5,0,1100
4672,2026-03-15,,,200,0,190,5.0,5.0,0,200
4673,2026-03-15,,,450,0,429,10.5,10.5,0,450
4674,2026-03-15,PPP,,0,1800,1713,43.5,43.5,0,1800
4675,2026-03-15,CASH,,250,0,238,6.0,6.0,0,250
4676,2026-03-15,PPP,,0,500,476,12.0,12.0,0,500
4677,2026-03-15,,,2300,0,2190,55.0,55.0,0,2300
4678,2026-03-15,CASH,,1800,0,1714,43.0,43.0,0,1800
4679,2026-03-15,,,100,0,95,2.5,2.5,0,100
4680,2026-03-15,,,100,0,95,2.5,2.5,0,100
4681,2026-03-15,,,750,0,714,18.0,18.0,0,750
4682,2026-03-15,PPP,,0,850,809,20.5,20.5,0,850
4683,2026-03-15,CASH,,350,0,333,8.5,8.5,0,350
4684,2026-03-15,CASH,,300,0,286,7.0,7.0,0,300
4685,2026-03-15,CASH,,260,0,248,6.0,6.0,0,260
4686,2026-03-15,PPP,,0,500,476,12.0,12.0,0,500
4687,2026-03-15,PPP,,0,1570,1494,38.0,38.0,0,1570
4688,2026-03-15,PPP,,0,250,238,6.0,6.0,0,250
4689,2026-03-15,,,500,0,476,12.0,12.0,0,500
4690,2026-03-15,CASH,,500,0,476,12.0,12.0,0,500
4691,2026-03-15,CASH,,250,0,238,6.0,6.0,0,250
4692,2026-03-15,CARD,,2000,0,1904,48.0,48.0,0,2000
4693,2026-03-16,MIXX,,250,0,238,6.0,6.0,0,250
4694,2026-03-16,,,650,0,619,15.5,15.5,0,650
4695,2026-03-16,,,400,0,381,9.5,9.5,0,400
4696,2026-03-16,,,60,0,57,1.5,1.5,0,60
4697,2026-03-16,,,520,0,495,12.5,12.5,0,520
4698,2026-03-16,,,250,0,238,6.0,6.0,0,250
4699,2026-03-16,,,1050,0,1000,25.0,25.0,0,1050
4700,2026-03-16,,,1800,0,1714,43.0,43.0,0,1800
4701,2026-03-16,,,300,0,286,7.0,7.0,0,300
4702,2026-03-16,,,270,0,257,6.5,6.5,0,270
4703,2026-03-16,,,350,0,333,8.5,8.5,0,350
4704,2026-03-16,,,1600,0,1523,38.5,38.5,0,1600
4705,2026-03-16,,,500,0,476,12.0,12.0,0,500
4706,2026-03-16,,,320,0,304,8.0,8.0,0,320
4707,2026-03-16,CASH,,1300,0,1238,31.0,31.0,0,1300
4708,2026-03-16,,,360,0,343,8.5,8.5,0,360
4709,2026-03-16,,,240,0,229,5.5,5.5,0,240
4710,2026-03-16,,,1050,0,1000,25.0,25.0,0,1050
4711,2026-03-16,,,1460,0,1390,35.0,35.0,0,1460
4712,2026-03-16,,,500,0,476,12.0,12.0,0,500
4713,2026-03-16,CASH,,100,0,95,2.5,2.5,0,100
4714,2026-03-16,,,1300,0,1238,31.0,31.0,0,1300
4715,2026-03-16,,,1450,0,1380,35.0,35.0,0,1450
4716,2026-03-16,,,650,0,619,15.5,15.5,0,650
4717,2026-03-16,,,100,0,95,2.5,2.5,0,100
4718,2026-03-16,,,1440,0,1371,34.5,34.5,0,1440
4719,2026-03-16,,,1420,0,1352,34.0,34.0,0,1420
4720,2026-03-16,,,900,0,857,21.5,21.5,0,900
4721,2026-03-16,[PPP,,0,200,190,5.0,5.0,0,200
4722,2026-03-16,,,1030,0,981,24.5,24.5,0,1030
4723,2026-03-16,,,2810,0,2676,67.0,67.0,0,2810
4724,2026-03-16,PPP,,0,350,334,8.0,8.0,0,350
4725,2026-03-16,PPP,,0,100,95,2.5,2.5,0,100
4726,2026-03-16,,,300,0,286,7.0,7.0,0,300
4727,2026-03-16,,,800,0,762,19.0,19.0,0,800
4728,2026-03-16,,,750,0,714,18.0,18.0,0,750
4729,2026-03-16,,,1830,0,1744,43.0,43.0,0,1830
4730,2026-03-16,,,230,0,219,5.5,5.5,0,230
4731,2026-03-16,CARD,,0,1200,1143,28.5,28.5,0,1200
4732,2026-03-16,,,120,0,114,3.0,3.0,0,120
4733,2026-03-16,,,250,0,238,6.0,6.0,0,250
4734,2026-03-16,,,500,0,476,12.0,12.0,0,500
4735,2026-03-16,,,600,0,571,14.5,14.5,0,600
4736,2026-03-16,,,350,0,333,8.5,8.5,0,350
4737,2026-03-16,,,180,0,171,4.5,4.5,0,180
4738,2026-03-16,,,900,0,857,21.5,21.5,0,900
4739,2026-03-16,,,250,0,238,6.0,6.0,0,250
4740,2026-03-16,,,120,0,114,3.0,3.0,0,120
4741,2026-03-16,PPP,,0,300,286,7.0,7.0,0,300
4742,2026-03-16,,,1550,0,1476,37.0,37.0,0,1550
4743,2026-03-16,,,500,0,476,12.0,12.0,0,500
4744,2026-03-16,,,820,0,781,19.5,19.5,0,820
4745,2026-03-16,,,100,0,95,2.5,2.5,0,100
4746,2026-03-16,,,1200,0,1143,28.5,28.5,0,1200
4747,2026-03-16,,,1290,0,1229,30.5,30.5,0,1290
4748,2026-03-16,,,500,0,476,12.0,12.0,0,500
4749,2026-03-16,,,500,0,476,12.0,12.0,0,500
4750,2026-03-16,,,250,0,238,6.0,6.0,0,250
4751,2026-03-16,,,500,0,477,11.5,11.5,0,500
4752,2026-03-16,,,200,0,190,5.0,5.0,0,200
4753,2026-03-16,CASH,,150,0,143,3.5,3.5,0,150
4754,2026-03-16,,,560,0,533,13.5,13.5,0,560
4755,2026-03-16,,,300,0,286,7.0,7.0,0,300
4756,2026-03-16,,,120,0,114,3.0,3.0,0,120
4757,2026-03-16,,,1110,0,1057,26.5,26.5,0,1110
4758,2026-03-16,,,950,0,904,23.0,23.0,0,950
4759,2026-03-16,,,1250,0,1191,29.5,29.5,0,1250
4760,2026-03-16,CASH,,120,0,114,3.0,3.0,0,120
4761,2026-03-16,PPP,,0,400,381,9.5,9.5,0,400
4762,2026-03-16,PPP,,0,120,114,3.0,3.0,0,120
4763,2026-03-16,CASH,,2100,0,2000,50.0,50.0,0,2100
4764,2026-03-16,CASH,,250,0,238,6.0,6.0,0,250
4765,2026-03-16,PPP,,0,3300,3143,78.5,78.5,0,3300
4766,2026-03-16,PPP,,0,150,143,3.5,3.5,0,150
4767,2026-03-16,CASH,,120,0,114,3.0,3.0,0,120
4768,2026-03-16,PPP,,0,950,906,22.0,22.0,0,950
4769,2026-03-16,CASH,,300,0,285,7.5,7.5,0,300
4770,2026-03-16,PPP,,0,150,143,3.5,3.5,0,150
4771,2026-03-16,[PPP],,0,1350,1286,32.0,32.0,0,1350
4772,2026-03-16,PPP,,0,250,238,6.0,6.0,0,250
4773,2026-03-16,CASH,,1500,0,1428,36.0,36.0,0,1500
4774,2026-03-16,PPP,,0,1500,1429,35.5,35.5,0,1500
4775,2026-03-16,CASH,,80,0,76,2.0,2.0,0,80
4776,2026-03-16,CASH,,400,0,381,9.5,9.5,0,400
4777,2026-03-17,CASH,,400,0,381,9.5,9.5,0,400
4778,2026-03-17,,,440,0,419,10.5,10.5,0,440
4779,2026-03-17,PPPP,,0,650,619,15.5,15.5,0,650
4780,2026-03-17,PPP,,0,750,714,18.0,18.0,0,750
4781,2026-03-17,PPP,,0,120,114,3.0,3.0,0,120
4782,2026-03-17,PPP,,0,2020,1924,48.0,48.0,0,2020
4783,2026-03-17,CASH,,250,0,238,6.0,6.0,0,250
4784,2026-03-17,PPP,,0,50,48,1.0,1.0,0,50
4785,2026-03-17,CASH,,100,0,95,2.5,2.5,0,100
4786,2026-03-17,,,250,0,238,6.0,6.0,0,250
4787,2026-03-17,PPP,,0,500,476,12.0,12.0,0,500
4788,2026-03-17,PPP,,0,50,48,1.0,1.0,0,50
4789,2026-03-17,CASH,,600,0,571,14.5,14.5,0,600
4790,2026-03-17,MIXX,,850,0,810,20.0,20.0,0,850
4791,2026-03-17,CASH,,820,0,780,20.0,20.0,0,820
4792,2026-03-17,CASH,,500,0,476,12.0,12.0,0,500
4793,2026-03-17,OPPP,,0,450,429,10.5,10.5,0,450
4794,2026-03-17,PPP,,0,2110,2010,50.0,50.0,0,2110
4795,2026-03-17,PPP,,0,300,286,7.0,7.0,0,300
4796,2026-03-17,PPP,,0,4200,3998,101.0,101.0,0,4200
4797,2026-03-17,PPPP,,0,300,286,7.0,7.0,0,300
4798,2026-03-17,,pp,0,160,152,4.0,4.0,0,160
4799,2026-03-17,,,500,0,476,12.0,12.0,0,500
4800,2026-03-17,PP;;;;,,0,200,190,5.0,5.0,0,200
4801,2026-03-17,PPP,,0,300,286,7.0,7.0,0,300
4802,2026-03-17,PPP,,0,50,48,1.0,1.0,0,50
4803,2026-03-17,CASH,,120,0,114,3.0,3.0,0,120
4804,2026-03-17,CASH,,100,0,95,2.5,2.5,0,100
4805,2026-03-17,CASH,,1500,0,1428,36.0,36.0,0,1500
4806,2026-03-17,CASH,,2700,0,2571,64.5,64.5,0,2700
4807,2026-03-17,PPP,,0,950,904,23.0,23.0,0,950
4808,2026-03-17,PPPP,,0,2190,2085,52.5,52.5,0,2190
4809,2026-03-17,PPP,,0,320,305,7.5,7.5,0,320
4810,2026-03-17,PPP,,0,1620,1543,38.5,38.5,0,1620
4811,2026-03-17,PPP,,0,150,143,3.5,3.5,0,150
4812,2026-03-17,CASH,,500,0,476,12.0,12.0,0,500
4813,2026-03-17,CASH,,520,0,495,12.5,12.5,0,520
4814,2026-03-17,CASH,,1200,0,1143,28.5,28.5,0,1200
4815,2026-03-17,PPP,,0,500,476,12.0,12.0,0,500
4816,2026-03-17,PPPP,,200,0,190,5.0,5.0,0,200
4817,2026-03-17,PPP,,0,1100,1047,26.5,26.5,0,1100
4818,2026-03-17,[PPP],,0,370,352,9.0,9.0,0,370
4819,2026-03-17,PPP,,0,90,86,2.0,2.0,0,90
4820,2026-03-17,CASH,,1600,0,1524,38.0,38.0,0,1600
4821,2026-03-17,PPP,,0,300,286,7.0,7.0,0,300
4822,2026-03-17,CASH,,200,0,190,5.0,5.0,0,200
4823,2026-03-17,CASH,,1000,0,952,24.0,24.0,0,1000
4824,2026-03-17,PPP,,0,200,190,5.0,5.0,0,200
4825,2026-03-17,CASH,,700,0,666,17.0,17.0,0,700
4826,2026-03-17,PPP,,0,1300,1238,31.0,31.0,0,1300
4827,2026-03-17,,,1500,0,1427,36.5,36.5,0,1500
4828,2026-03-17,,,300,0,286,7.0,7.0,0,300
4829,2026-03-17,,,500,0,476,12.0,12.0,0,500
4830,2026-03-17,,,200,0,190,5.0,5.0,0,200
4831,2026-03-17,,,850,0,809,20.5,20.5,0,850
4832,2026-03-17,,,1000,0,953,23.5,23.5,0,1000
4833,2026-03-17,,,160,0,153,3.5,3.5,0,160
4834,2026-03-17,,,200,0,190,5.0,5.0,0,200
4835,2026-03-17,,,800,0,762,19.0,19.0,0,800
4836,2026-03-17,,,350,0,333,8.5,8.5,0,350
4837,2026-03-17,,,500,0,476,12.0,12.0,0,500
4838,2026-03-17,,,890,0,848,21.0,21.0,0,890
4839,2026-03-17,PPP,,0,1000,952,24.0,24.0,0,1000
4840,2026-03-17,PPP,,0,500,476,12.0,12.0,0,500
4841,2026-03-17,,,300,0,286,7.0,7.0,0,300
4842,2026-03-17,,,1050,0,1000,25.0,25.0,0,1050
4843,2026-03-17,,,0,6880,6553,163.5,163.5,0,6880
4844,2026-03-17,,,540,0,514,13.0,13.0,0,540
4845,2026-03-17,CASH,,550,0,524,13.0,13.0,0,550
4846,2026-03-17,,,800,0,762,19.0,19.0,0,800
4847,2026-03-17,,,800,0,762,19.0,19.0,0,800
4848,2026-03-17,,,500,0,476,12.0,12.0,0,500
4849,2026-03-17,,,800,0,762,19.0,19.0,0,800
4850,2026-03-17,,,610,0,581,14.5,14.5,0,610
4851,2026-03-17,,,1830,0,1743,43.5,43.5,0,1830
4852,2026-03-17,,,180,0,171,4.5,4.5,0,180
4853,2026-03-17,,,2450,0,2333,58.5,58.5,0,2450
4854,2026-03-17,,,1100,0,1047,26.5,26.5,0,1100
4855,2026-03-17,,,320,0,304,8.0,8.0,0,320
4856,2026-03-17,,,150,0,143,3.5,3.5,0,150
4857,2026-03-18,PPP,,0,100,95,2.5,2.5,0,100
4858,2026-03-18,PPP,,0,450,429,10.5,10.5,0,450
4859,2026-03-18,PP,,0,500,476,12.0,12.0,0,500
4860,2026-03-18,PPP,,0,1200,1143,28.5,28.5,0,1200
4861,2026-03-18,PP,,0,2100,2000,50.0,50.0,0,2100
4862,2026-03-18,CASH,,600,0,571,14.5,14.5,0,600
4863,2026-03-18,PP,,0,200,190,5.0,5.0,0,200
4864,2026-03-18,ASH,,350,0,333,8.5,8.5,0,350
4865,2026-03-18,CASH,,200,0,190,5.0,5.0,0,200
4866,2026-03-18,MIXX,,1460,0,1391,34.5,34.5,0,1460
4867,2026-03-18,PPP,,0,330,314,8.0,8.0,0,330
4868,2026-03-18,PPP,,0,650,619,15.5,15.5,0,650
4869,2026-03-18,CASH,,100,0,95,2.5,2.5,0,100
4870,2026-03-18,CARD,,0,3330,3169,80.5,80.5,0,3330
4871,2026-03-18,CASH,,1100,0,1047,26.5,26.5,0,1100
4872,2026-03-18,MIXX,hole sale,45000,0,42857,1071.5,1071.5,0,45000
4873,2026-03-18,CASH,,2350,0,2238,56.0,56.0,0,2350
4874,2026-03-18,CASH,,150,0,143,3.5,3.5,0,150
4875,2026-03-18,CARD,,0,2550,2429,60.5,60.5,0,2550
4876,2026-03-18,CASH,,150,0,143,3.5,3.5,0,150
4877,2026-03-18,PPP,,0,2250,2142,54.0,54.0,0,2250
4878,2026-03-18,CASH,,1400,0,1333,33.5,33.5,0,1400
4879,2026-03-18,PPP,,0,350,333,8.5,8.5,0,350
4880,2026-03-18,PPP,,0,1900,1809,45.5,45.5,0,1900
4881,2026-03-18,PPP,,0,1780,1696,42.0,42.0,0,1780
4882,2026-03-18,PP,,0,240,229,5.5,5.5,0,240
4883,2026-03-18,CASH,,500,0,476,12.0,12.0,0,500
4884,2026-03-18,CASH,,2500,0,2381,59.5,59.5,0,2500
4885,2026-03-18,PPPP,,0,5000,4762,119.0,119.0,0,5000
4886,2026-03-18,CASH,,500,0,476,12.0,12.0,0,500
4887,2026-03-18,CASH,,2400,0,2286,57.0,57.0,0,2400
4888,2026-03-18,PPP,,0,160,152,4.0,4.0,0,160
4889,2026-03-18,CASH,,600,0,571,14.5,14.5,0,600
4890,2026-03-18,PPP,,0,1000,952,24.0,24.0,0,1000
4891,2026-03-18,,,650,0,619,15.5,15.5,0,650
4892,2026-03-18,,,250,0,238,6.0,6.0,0,250
4893,2026-03-18,,,250,0,238,6.0,6.0,0,250
4894,2026-03-18,,,800,0,761,19.5,19.5,0,800
4895,2026-03-18,PPP,,0,500,476,12.0,12.0,0,500
4896,2026-03-18,CASH,,100,0,95,2.5,2.5,0,100
4897,2026-03-18,PPP,,0,260,248,6.0,6.0,0,260
4898,2026-03-18,PPP,,0,500,476,12.0,12.0,0,500
4899,2026-03-18,PPP,,0,300,286,7.0,7.0,0,300
4900,2026-03-18,PPP,,0,500,476,12.0,12.0,0,500
4901,2026-03-18,CASH,,800,0,762,19.0,19.0,0,800
4902,2026-03-18,,,1300,0,1238,31.0,31.0,0,1300
4903,2026-03-18,,,3150,0,3000,75.0,75.0,0,3150
4904,2026-03-18,,,500,0,476,12.0,12.0,0,500
4905,2026-03-18,CASH,,200,0,190,5.0,5.0,0,200
4906,2026-03-18,,,300,0,286,7.0,7.0,0,300
4907,2026-03-18,,,300,0,286,7.0,7.0,0,300
4908,2026-03-18,,,500,0,476,12.0,12.0,0,500
4909,2026-03-18,,,1650,0,1571,39.5,39.5,0,1650
4910,2026-03-18,,,200,0,190,5.0,5.0,0,200
4911,2026-03-18,,,700,0,667,16.5,16.5,0,700
4912,2026-03-18,,,550,0,524,13.0,13.0,0,550
4913,2026-03-18,,,850,0,810,20.0,20.0,0,850
4914,2026-03-18,,,300,0,286,7.0,7.0,0,300
4915,2026-03-18,,,1350,0,1286,32.0,32.0,0,1350
4916,2026-03-18,,,1000,0,952,24.0,24.0,0,1000
4917,2026-03-18,,,300,0,286,7.0,7.0,0,300
4918,2026-03-18,,,1050,0,1000,25.0,25.0,0,1050
4919,2026-03-18,,,150,0,143,3.5,3.5,0,150
4920,2026-03-18,,,3100,0,2953,73.5,73.5,0,3100
4921,2026-03-18,,,150,0,143,3.5,3.5,0,150
4922,2026-03-18,,,150,0,143,3.5,3.5,0,150
4923,2026-03-18,,,550,0,524,13.0,13.0,0,550
4924,2026-03-18,,,330,0,314,8.0,8.0,0,330
4925,2026-03-18,,,100,0,95,2.5,2.5,0,100
4926,2026-03-18,,,1750,0,1667,41.5,41.5,0,1750
4927,2026-03-18,,,940,0,896,22.0,22.0,0,940
4928,2026-03-18,PPP,,0,500,476,12.0,12.0,0,500
4929,2026-03-18,,,550,0,524,13.0,13.0,0,550
4930,2026-03-18,,,300,0,286,7.0,7.0,0,300
4931,2026-03-18,,,1000,0,952,24.0,24.0,0,1000
4932,2026-03-18,,,320,0,305,7.5,7.5,0,320
4933,2026-03-18,,,1080,0,1028,26.0,26.0,0,1080
4934,2026-03-18,,,1150,0,1095,27.5,27.5,0,1150
4935,2026-03-18,,,120,0,114,3.0,3.0,0,120
4936,2026-03-18,,,2850,0,2715,67.5,67.5,0,2850
4937,2026-03-18,,,600,0,571,14.5,14.5,0,600
4938,2026-03-18,,,500,0,476,12.0,12.0,0,500
4939,2026-03-18,,,120,0,114,3.0,3.0,0,120
4940,2026-03-18,,,430,0,410,10.0,10.0,0,430
4941,2026-03-18,,,820,0,781,19.5,19.5,0,820
4942,2026-03-18,,,1350,0,1285,32.5,32.5,0,1350
4943,2026-03-19,CASH,,2150,0,2047,51.5,51.5,0,2150
4944,2026-03-19,CASH,,2000,0,1905,47.5,47.5,0,2000
4945,2026-03-19,CASH,,400,0,380,10.0,10.0,0,400
4946,2026-03-19,CASH,,1200,0,1143,28.5,28.5,0,1200
4947,2026-03-19,CASH,,750,0,714,18.0,18.0,0,750
4948,2026-03-19,PPP,,0,600,571,14.5,14.5,0,600
4949,2026-03-19,PPP,,0,750,714,18.0,18.0,0,750
4950,2026-03-19,PPP,,0,500,476,12.0,12.0,0,500
4951,2026-03-19,CASH,,850,0,810,20.0,20.0,0,850
4952,2026-03-19,PPP,,0,1500,1429,35.5,35.5,0,1500
4953,2026-03-19,CASH,,550,0,524,13.0,13.0,0,550
4954,2026-03-19,CASH,,380,0,361,9.5,9.5,0,380
4955,2026-03-19,PPP,,0,450,428,11.0,11.0,0,450
4956,2026-03-19,CARD,,0,2900,2761,69.5,69.5,0,2900
4957,2026-03-19,PPP,,0,400,381,9.5,9.5,0,400
4958,2026-03-19,PPP,,120,0,114,3.0,3.0,0,120
4959,2026-03-19,CASH,,930,0,885,22.5,22.5,0,930
4960,2026-03-19,,,300,0,286,7.0,7.0,0,300
4961,2026-03-19,PPP,,0,610,581,14.5,14.5,0,610
4962,2026-03-19,PPP,,0,40,38,1.0,1.0,0,40
4963,2026-03-19,PPP,,0,2300,2191,54.5,54.5,0,2300
4964,2026-03-19,PPP,,0,430,409,10.5,10.5,0,430
4965,2026-03-19,,,500,0,476,12.0,12.0,0,500
4966,2026-03-19,PPP,,0,300,286,7.0,7.0,0,300
4967,2026-03-19,CASH,,300,0,286,7.0,7.0,0,300
4968,2026-03-19,CARD,,0,6550,6237,156.5,156.5,0,6550
4969,2026-03-19,CASH,,200,0,190,5.0,5.0,0,200
4970,2026-03-19,CASH,,350,0,333,8.5,8.5,0,350
4971,2026-03-19,CASH,,1820,0,1733,43.5,43.5,0,1820
4972,2026-03-19,PPP,,0,700,666,17.0,17.0,0,700
4973,2026-03-19,CASH,,200,0,190,5.0,5.0,0,200
4974,2026-03-19,PPP,,0,50,48,1.0,1.0,0,50
4975,2026-03-19,PPP,,0,1000,952,24.0,24.0,0,1000
4976,2026-03-19,CASH,,500,0,476,12.0,12.0,0,500
4977,2026-03-19,CASH,,3000,0,2857,71.5,71.5,0,3000
4978,2026-03-19,PPP,,0,650,619,15.5,15.5,0,650
4979,2026-03-19,CASH,,360,0,342,9.0,9.0,0,360
4980,2026-03-19,PPP,,0,250,238,6.0,6.0,0,250
4981,2026-03-19,PPP,,0,350,333,8.5,8.5,0,350
4982,2026-03-19,CASH,,100,0,95,2.5,2.5,0,100
4983,2026-03-19,PPP,,0,2710,2581,64.5,64.5,0,2710
4984,2026-03-19,CARD,,0,1510,1437,36.5,36.5,0,1510
4985,2026-03-19,PPP,,0,100,95,2.5,2.5,0,100
4986,2026-03-19,CASH,,150,0,143,3.5,3.5,0,150
4987,2026-03-19,CASH,,250,0,238,6.0,6.0,0,250
4988,2026-03-19,,,100,0,95,2.5,2.5,0,100
4989,2026-03-19,PPPP,,0,1200,1142,29.0,29.0,0,1200
4990,2026-03-19,PPP,,0,2250,2143,53.5,53.5,0,2250
4991,2026-03-19,CASH,,350,0,334,8.0,8.0,0,350
4992,2026-03-19,MIXX,,1500,0,1428,36.0,36.0,0,1500
4993,2026-03-19,,,300,0,286,7.0,7.0,0,300
4994,2026-03-19,PPP,,0,150,143,3.5,3.5,0,150
4995,2026-03-19,PPP,,0,1530,1457,36.5,36.5,0,1530
4996,2026-03-19,CASH,,1150,0,1095,27.5,27.5,0,1150
4997,2026-03-19,PP,,0,840,800,20.0,20.0,0,840
4998,2026-03-19,CASH,,500,0,476,12.0,12.0,0,500
4999,2026-03-19,CASH,,100,0,95,2.5,2.5,0,100
5000,2026-03-19,PPP,,0,250,238,6.0,6.0,0,250
5001,2026-03-19,CASH,,1400,0,1334,33.0,33.0,0,1400
5002,2026-03-19,,,0,300,286,7.0,7.0,0,300
5003,2026-03-19,,,100,0,95,2.5,2.5,0,100
5004,2026-03-19,,,400,0,381,9.5,9.5,0,400
5005,2026-03-19,,,0,600,571,14.5,14.5,0,600
5006,2026-03-19,,,600,0,571,14.5,14.5,0,600
5007,2026-03-19,PPP,,0,650,619,15.5,15.5,0,650
5008,2026-03-19,CASH,,550,0,524,13.0,13.0,0,550
5009,2026-03-19,PPP,,0,850,809,20.5,20.5,0,850
5010,2026-03-19,PPP\,,0,600,571,14.5,14.5,0,600
5011,2026-03-19,PPP,,0,370,352,9.0,9.0,0,370
5012,2026-03-19,,,0,800,761,19.5,19.5,0,800
5013,2026-03-19,,,1140,0,1086,27.0,27.0,0,1140
5014,2026-03-19,CASH,,800,0,762,19.0,19.0,0,800
5015,2026-03-19,,,0,1120,1066,27.0,27.0,0,1120
5016,2026-03-19,PPP,,0,1050,1000,25.0,25.0,0,1050
5017,2026-03-19,PPP,,0,50,48,1.0,1.0,0,50
5018,2026-03-19,,,0,300,286,7.0,7.0,0,300
5019,2026-03-19,,,500,0,476,12.0,12.0,0,500
5020,2026-03-19,PPP,,0,230,219,5.5,5.5,0,230
5021,2026-03-19,MIXX,,0,1600,1524,38.0,38.0,0,1600
5022,2026-03-19,PPP,,0,350,333,8.5,8.5,0,350
5023,2026-03-19,CASJ,,100,0,95,2.5,2.5,0,100
5024,2026-03-19,PPP,,0,250,238,6.0,6.0,0,250
5025,2026-03-19,CASHH,,750,0,714,18.0,18.0,0,750
5026,2026-03-19,,,0,600,571,14.5,14.5,0,600
5027,2026-03-19,,,1350,0,1285,32.5,32.5,0,1350
5028,2026-03-19,CASH,,1000,0,952,24.0,24.0,0,1000
5029,2026-03-19,,,200,0,190,5.0,5.0,0,200
5030,2026-03-19,,,1300,0,1238,31.0,31.0,0,1300
5031,2026-03-19,PPP,,0,1520,1447,36.5,36.5,0,1520
5032,2026-03-19,,,400,0,381,9.5,9.5,0,400
5033,2026-03-19,,,600,0,571,14.5,14.5,0,600
5034,2026-03-19,,,240,0,229,5.5,5.5,0,240
5035,2026-03-19,CASH,,700,0,667,16.5,16.5,0,700
5036,2026-03-19,CASH,,250,0,238,6.0,6.0,0,250
5037,2026-03-19,PPPP,,0,4330,4125,102.5,102.5,0,4330
5038,2026-03-19,PPP,,0,200,190,5.0,5.0,0,200
5039,2026-03-19,PPP,,0,1050,1001,24.5,24.5,0,1050
5040,2026-03-19,,,100,0,95,2.5,2.5,0,100
5041,2026-03-19,CARD,,0,420,400,10.0,10.0,0,420
5042,2026-03-20,CASH,,1000,0,952,24.0,24.0,0,1000
5043,2026-03-20,PPP,,0,1020,971,24.5,24.5,0,1020
5044,2026-03-20,PPP,,0,350,333,8.5,8.5,0,350
5045,2026-03-20,PPP,,0,860,819,20.5,20.5,0,860
5046,2026-03-20,PPP,,0,150,143,3.5,3.5,0,150
5047,2026-03-20,PPP,,0,780,742,19.0,19.0,0,780
5048,2026-03-20,CASH,,400,0,381,9.5,9.5,0,400
5049,2026-03-20,,,450,0,429,10.5,10.5,0,450
5050,2026-03-20,,,350,0,333,8.5,8.5,0,350
5051,2026-03-20,,,600,0,571,14.5,14.5,0,600
5052,2026-03-20,,,2900,0,2762,69.0,69.0,0,2900
5053,2026-03-20,,,220,0,210,5.0,5.0,0,220
5054,2026-03-20,PPP,,0,800,762,19.0,19.0,0,800
5055,2026-03-20,CASH,,850,0,810,20.0,20.0,0,850
5056,2026-03-20,PPP,,0,3500,3332,84.0,84.0,0,3500
5057,2026-03-20,PPP,,0,170,162,4.0,4.0,0,170
5058,2026-03-20,CASH,,100,0,95,2.5,2.5,0,100
5059,2026-03-20,CARD,,0,5150,4905,122.5,122.5,0,5150
5060,2026-03-20,CASH,,150,0,143,3.5,3.5,0,150
5061,2026-03-20,CARD,,0,1100,1047,26.5,26.5,0,1100
5062,2026-03-20,PPP,,0,630,600,15.0,15.0,0,630
5063,2026-03-20,CASH,,1000,0,952,24.0,24.0,0,1000
5064,2026-03-20,PPP,,0,1090,1038,26.0,26.0,0,1090
5065,2026-03-20,CASH,,500,0,476,12.0,12.0,0,500
5066,2026-03-20,PPP,,0,200,191,4.5,4.5,0,200
5067,2026-03-20,CASH,,750,0,714,18.0,18.0,0,750
5068,2026-03-20,PPPP,,0,350,333,8.5,8.5,0,350
5069,2026-03-20,CASH,,700,0,666,17.0,17.0,0,700
5070,2026-03-20,PPP,,0,500,476,12.0,12.0,0,500
5071,2026-03-20,PPP,,0,1250,1190,30.0,30.0,0,1250
5072,2026-03-20,PPP,,0,300,286,7.0,7.0,0,300
5073,2026-03-20,,,250,0,238,6.0,6.0,0,250
5074,2026-03-20,,,300,0,286,7.0,7.0,0,300
5075,2026-03-20,,,450,0,428,11.0,11.0,0,450
5076,2026-03-20,CASH,,600,0,571,14.5,14.5,0,600
5077,2026-03-20,,,0,2000,1904,48.0,48.0,0,2000
5078,2026-03-20,,,100,0,95,2.5,2.5,0,100
5079,2026-03-20,,,300,0,286,7.0,7.0,0,300
5080,2026-03-20,,,240,0,229,5.5,5.5,0,240
5081,2026-03-20,,,2290,0,2180,55.0,55.0,0,2290
5082,2026-03-20,,,850,0,810,20.0,20.0,0,850
5083,2026-03-20,,,1000,0,952,24.0,24.0,0,1000
5084,2026-03-20,,,1150,0,1095,27.5,27.5,0,1150
5085,2026-03-20,,,1220,0,1162,29.0,29.0,0,1220
5086,2026-03-20,,,350,0,333,8.5,8.5,0,350
5087,2026-03-20,,,2550,0,2429,60.5,60.5,0,2550
5088,2026-03-20,,,890,0,848,21.0,21.0,0,890
5089,2026-03-20,,,630,0,600,15.0,15.0,0,630
5090,2026-03-20,,,1850,0,1761,44.5,44.5,0,1850
5091,2026-03-20,,,150,0,143,3.5,3.5,0,150
5092,2026-03-20,,,400,0,381,9.5,9.5,0,400
5093,2026-03-20,,,100,0,95,2.5,2.5,0,100
5094,2026-03-20,,,880,0,838,21.0,21.0,0,880
5095,2026-03-20,,,510,0,486,12.0,12.0,0,510
5096,2026-03-20,,,770,0,733,18.5,18.5,0,770
5097,2026-03-20,,,350,0,333,8.5,8.5,0,350
5098,2026-03-20,,,1610,0,1533,38.5,38.5,0,1610
5099,2026-03-20,,,250,0,238,6.0,6.0,0,250
5100,2026-03-20,,,600,0,571,14.5,14.5,0,600
5101,2026-03-20,,,300,0,286,7.0,7.0,0,300
5102,2026-03-20,,,780,0,742,19.0,19.0,0,780
5103,2026-03-20,,,1500,0,1429,35.5,35.5,0,1500
5104,2026-03-20,,,1650,0,1570,40.0,40.0,0,1650
5105,2026-03-20,,,100,0,95,2.5,2.5,0,100
5106,2026-03-20,,,960,0,914,23.0,23.0,0,960
5107,2026-03-20,,,900,0,857,21.5,21.5,0,900
5108,2026-03-20,,,1050,0,1000,25.0,25.0,0,1050
5109,2026-03-20,,,850,0,810,20.0,20.0,0,850
5110,2026-03-20,,,300,0,286,7.0,7.0,0,300
5111,2026-03-20,,,250,0,238,6.0,6.0,0,250
5112,2026-03-20,,,420,0,400,10.0,10.0,0,420
5113,2026-03-20,,,3980,0,3789,95.5,95.5,0,3980
5114,2026-03-20,,,500,0,476,12.0,12.0,0,500
5115,2026-03-20,,,1100,0,1047,26.5,26.5,0,1100
5116,2026-03-20,,,500,0,476,12.0,12.0,0,500
5117,2026-03-20,,,280,0,266,7.0,7.0,0,280
5118,2026-03-20,,,350,0,333,8.5,8.5,0,350
5119,2026-03-20,,,200,0,190,5.0,5.0,0,200
5120,2026-03-20,,,650,0,619,15.5,15.5,0,650
5121,2026-03-20,,,860,0,819,20.5,20.5,0,860
5122,2026-03-20,,,1850,0,1761,44.5,44.5,0,1850
5123,2026-03-20,,,350,0,333,8.5,8.5,0,350
5124,2026-03-20,,,390,0,372,9.0,9.0,0,390
5125,2026-03-20,,,360,0,343,8.5,8.5,0,360
5126,2026-03-20,,,850,0,809,20.5,20.5,0,850
5127,2026-03-20,,,0,1530,1457,36.5,36.5,0,1530
5128,2026-03-20,,,500,0,476,12.0,12.0,0,500
5129,2026-03-20,CASH,,200,0,190,5.0,5.0,0,200
5130,2026-03-20,,,500,0,476,12.0,12.0,0,500
5131,2026-03-20,CASH,,250,0,238,6.0,6.0,0,250
5132,2026-03-21,CASH,,150,0,143,3.5,3.5,0,150
5133,2026-03-21,,,650,0,619,15.5,15.5,0,650
5134,2026-03-21,,,1000,0,952,24.0,24.0,0,1000
5135,2026-03-21,PPP,,0,700,667,16.5,16.5,0,700
5136,2026-03-21,,,200,0,190,5.0,5.0,0,200
5137,2026-03-21,,,500,0,476,12.0,12.0,0,500
5138,2026-03-21,,,800,0,762,19.0,19.0,0,800
5139,2026-03-21,PPP,,0,800,762,19.0,19.0,0,800
5140,2026-03-21,,,800,0,762,19.0,19.0,0,800
5141,2026-03-21,,,0,1150,1095,27.5,27.5,0,1150
5142,2026-03-21,,,600,0,571,14.5,14.5,0,600
5143,2026-03-21,,,580,0,553,13.5,13.5,0,580
5144,2026-03-21,,,300,0,286,7.0,7.0,0,300
5145,2026-03-21,,,960,0,914,23.0,23.0,0,960
5146,2026-03-21,,,0,450,429,10.5,10.5,0,450
5147,2026-03-21,,,0,1700,1619,40.5,40.5,0,1700
5148,2026-03-21,,,0,300,286,7.0,7.0,0,300
5149,2026-03-21,,,0,1000,952,24.0,24.0,0,1000
5150,2026-03-21,,,1000,0,952,24.0,24.0,0,1000
5151,2026-03-21,,,910,0,867,21.5,21.5,0,910
5152,2026-03-21,,,0,760,724,18.0,18.0,0,760
5153,2026-03-21,,,500,0,476,12.0,12.0,0,500
5154,2026-03-21,PPP,,0,2800,2667,66.5,66.5,0,2800
5155,2026-03-21,,,120,0,114,3.0,3.0,0,120
5156,2026-03-21,,,2500,0,2381,59.5,59.5,0,2500
5157,2026-03-21,,,250,0,238,6.0,6.0,0,250
5158,2026-03-21,PPP,,0,1900,1810,45.0,45.0,0,1900
5159,2026-03-21,,,1300,0,1238,31.0,31.0,0,1300
5160,2026-03-21,,,650,0,619,15.5,15.5,0,650
5161,2026-03-21,,,50,0,48,1.0,1.0,0,50
5162,2026-03-21,,,120,0,114,3.0,3.0,0,120
5163,2026-03-21,,,1050,0,1000,25.0,25.0,0,1050
5164,2026-03-21,,,200,0,190,5.0,5.0,0,200
5165,2026-03-21,,,600,0,571,14.5,14.5,0,600
5166,2026-03-21,,,300,0,286,7.0,7.0,0,300
5167,2026-03-21,,,100,0,95,2.5,2.5,0,100
5168,2026-03-21,,,450,0,429,10.5,10.5,0,450
5169,2026-03-21,,,750,0,714,18.0,18.0,0,750
5170,2026-03-21,,,150,0,143,3.5,3.5,0,150
5171,2026-03-21,,,300,0,286,7.0,7.0,0,300
5172,2026-03-21,,,410,0,390,10.0,10.0,0,410
5173,2026-03-21,,,750,0,714,18.0,18.0,0,750
5174,2026-03-21,,,1230,0,1171,29.5,29.5,0,1230
5175,2026-03-21,,,420,0,400,10.0,10.0,0,420
5176,2026-03-21,,,750,0,714,18.0,18.0,0,750
5177,2026-03-21,,,1000,0,952,24.0,24.0,0,1000
5178,2026-03-21,,,250,0,238,6.0,6.0,0,250
5179,2026-03-21,,,2800,0,2667,66.5,66.5,0,2800
5180,2026-03-21,,,800,0,762,19.0,19.0,0,800
5181,2026-03-21,,,650,0,619,15.5,15.5,0,650
5182,2026-03-21,,,350,0,333,8.5,8.5,0,350
5183,2026-03-21,,,120,0,114,3.0,3.0,0,120
5184,2026-03-21,,,1060,0,1010,25.0,25.0,0,1060
5185,2026-03-21,,,200,0,190,5.0,5.0,0,200
5186,2026-03-21,,,100,0,95,2.5,2.5,0,100
5187,2026-03-21,,,200,0,190,5.0,5.0,0,200
5188,2026-03-21,,,1050,0,1000,25.0,25.0,0,1050
5189,2026-03-21,,,260,0,248,6.0,6.0,0,260
5190,2026-03-21,,,1050,0,1000,25.0,25.0,0,1050
5191,2026-03-21,,,120,0,114,3.0,3.0,0,120
5192,2026-03-21,,,150,0,143,3.5,3.5,0,150
5193,2026-03-21,,,300,0,286,7.0,7.0,0,300
5194,2026-03-21,,,1200,0,1143,28.5,28.5,0,1200
5195,2026-03-21,,,1400,0,1334,33.0,33.0,0,1400
5196,2026-03-21,,,120,0,114,3.0,3.0,0,120
5197,2026-03-21,,,120,0,114,3.0,3.0,0,120
5198,2026-03-21,,,100,0,95,2.5,2.5,0,100
5199,2026-03-21,CASH,,100,0,95,2.5,2.5,0,100
5200,2026-03-21,,,700,0,667,16.5,16.5,0,700
5201,2026-03-21,,,200,0,190,5.0,5.0,0,200
5202,2026-03-21,,,250,0,238,6.0,6.0,0,250
5203,2026-03-21,,,150,0,143,3.5,3.5,0,150
5204,2026-03-21,,,300,0,286,7.0,7.0,0,300
5205,2026-03-21,,,0,500,476,12.0,12.0,0,500
5206,2026-03-21,,,2350,0,2239,55.5,55.5,0,2350
5207,2026-03-21,,,2560,0,2438,61.0,61.0,0,2560
5208,2026-03-21,,,180,0,171,4.5,4.5,0,180
5209,2026-03-21,,,4400,0,4191,104.5,104.5,0,4400
5210,2026-03-21,,,50,0,48,1.0,1.0,0,50
5211,2026-03-21,,,1400,0,1332,34.0,34.0,0,1400
5212,2026-03-21,,,2110,0,2010,50.0,50.0,0,2110
5213,2026-03-21,,,600,0,572,14.0,14.0,0,600
5214,2026-03-21,,,350,0,333,8.5,8.5,0,350
5215,2026-03-21,,,850,0,810,20.0,20.0,0,850
5216,2026-03-21,,,50,0,48,1.0,1.0,0,50
5217,2026-03-21,,,1420,0,1352,34.0,34.0,0,1420
5218,2026-03-21,,,2510,0,2390,60.0,60.0,0,2510
5219,2026-03-21,,,500,0,476,12.0,12.0,0,500
5220,2026-03-21,,,120,0,114,3.0,3.0,0,120
5221,2026-03-21,,,500,0,476,12.0,12.0,0,500
5222,2026-03-21,,,2230,0,2124,53.0,53.0,0,2230
5223,2026-03-21,,,60,0,57,1.5,1.5,0,60
5224,2026-03-21,,,500,0,476,12.0,12.0,0,500
5225,2026-03-21,,,540,0,514,2.5,2.5,0,540
5226,2026-03-21,,,1650,0,1571,39.5,39.5,0,1650
5227,2026-03-22,CASH,,500,0,476,12.0,12.0,0,500
5228,2026-03-22,CASH,,300,0,286,7.0,7.0,0,300
5229,2026-03-22,CASH,,1200,0,1143,28.5,28.5,0,1200
5230,2026-03-22,PPP,,0,410,390,10.0,10.0,0,410
5231,2026-03-22,PPP,,0,500,476,12.0,12.0,0,500
5232,2026-03-22,PPP,,0,250,238,6.0,6.0,0,250
5233,2026-03-22,PPP,,0,60,57,1.5,1.5,0,60
5234,2026-03-22,PPP,,0,1100,1048,26.0,26.0,0,1100
5235,2026-03-22,,,200,0,190,5.0,5.0,0,200
5236,2026-03-22,PPP,,0,1850,1762,44.0,44.0,0,1850
5237,2026-03-22,CASH,,50,0,48,1.0,1.0,0,50
5238,2026-03-22,PPP,,0,450,429,10.5,10.5,0,450
5239,2026-03-22,,,1700,0,1619,40.5,40.5,0,1700
5240,2026-03-22,,,260,0,248,6.0,6.0,0,260
5241,2026-03-22,,,400,0,380,10.0,10.0,0,400
5242,2026-03-22,,,1000,0,953,23.5,23.5,0,1000
5243,2026-03-22,,,500,0,476,12.0,12.0,0,500
5244,2026-03-22,,,300,0,286,7.0,7.0,0,300
5245,2026-03-22,,,500,0,476,12.0,12.0,0,500
5246,2026-03-22,,,850,0,810,20.0,20.0,0,850
5247,2026-03-22,,,1420,0,1351,34.5,34.5,0,1420
5248,2026-03-22,,,1770,0,1685,42.5,42.5,0,1770
5249,2026-03-22,,,880,0,838,21.0,21.0,0,880
5250,2026-03-22,,,370,0,352,9.0,9.0,0,370
5251,2026-03-22,,,500,0,476,12.0,12.0,0,500
5252,2026-03-22,,,750,0,714,18.0,18.0,0,750
5253,2026-03-22,,,150,0,143,3.5,3.5,0,150
5254,2026-03-22,,,500,0,476,12.0,12.0,0,500
5255,2026-03-22,,,320,0,304,8.0,8.0,0,320
5256,2026-03-22,,,2050,0,1952,49.0,49.0,0,2050
5257,2026-03-22,CASH,,440,0,419,10.5,10.5,0,440
5258,2026-03-22,,,1150,0,1095,27.5,27.5,0,1150
5259,2026-03-22,,,950,0,904,23.0,23.0,0,950
5260,2026-03-22,,,2020,0,1923,48.5,48.5,0,2020
5261,2026-03-22,,,1100,0,1048,26.0,26.0,0,1100
5262,2026-03-22,,,120,0,114,3.0,3.0,0,120
5263,2026-03-22,,,350,0,333,8.5,8.5,0,350
5264,2026-03-22,,,1500,0,1429,35.5,35.5,0,1500
5265,2026-03-22,,,0,100,95,2.5,2.5,0,100
5266,2026-03-22,CASH,,100,0,95,2.5,2.5,0,100
5267,2026-03-22,,,1500,0,1428,36.0,36.0,0,1500
5268,2026-03-22,,,1650,0,1571,39.5,39.5,0,1650
5269,2026-03-22,PP,,0,600,571,14.5,14.5,0,600
5270,2026-03-22,,,150,0,143,3.5,3.5,0,150
5271,2026-03-22,,,530,0,504,13.0,13.0,0,530
5272,2026-03-22,,,0,2250,2143,53.5,53.5,0,2250
5273,2026-03-22,CASH,,480,0,457,11.5,11.5,0,480
5274,2026-03-22,,,1700,0,1619,40.5,40.5,0,1700
5275,2026-03-22,,,1400,0,1333,33.5,33.5,0,1400
5276,2026-03-22,,,1150,0,1095,27.5,27.5,0,1150
5277,2026-03-22,,,100,0,95,2.5,2.5,0,100
5278,2026-03-22,,,40,0,38,1.0,1.0,0,40
5279,2026-03-22,PPP,,0,1800,1715,42.5,42.5,0,1800
5280,2026-03-22,,,260,0,248,6.0,6.0,0,260
5281,2026-03-22,,,500,0,476,12.0,12.0,0,500
5282,2026-03-22,,,250,0,238,6.0,6.0,0,250
5283,2026-03-22,PPP,,0,910,867,21.5,21.5,0,910
5284,2026-03-22,,,0,450,429,10.5,10.5,0,450
5285,2026-03-22,,,260,0,248,6.0,6.0,0,260
5286,2026-03-22,,,1000,0,952,24.0,24.0,0,1000
5287,2026-03-22,,,500,0,476,12.0,12.0,0,500
5288,2026-03-22,,,0,450,428,11.0,11.0,0,450
5289,2026-03-22,,,500,0,476,12.0,12.0,0,500
5290,2026-03-22,,,1010,0,962,24.0,24.0,0,1010
5291,2026-03-22,,,850,0,809,20.5,20.5,0,850
5292,2026-03-22,,,640,0,610,15.0,15.0,0,640
5293,2026-03-22,,,1350,0,1285,32.5,32.5,0,1350
5294,2026-03-22,,,3700,0,3523,88.5,88.5,0,3700
5295,2026-03-22,,,0,500,476,12.0,12.0,0,500
5296,2026-03-22,,,120,0,114,3.0,3.0,0,120
5297,2026-03-22,,,0,360,342,9.0,9.0,0,360
5298,2026-03-22,PPP,,0,900,857,21.5,21.5,0,900
5299,2026-03-22,,,0,900,857,21.5,21.5,0,900
5300,2026-03-22,,,1620,0,1543,38.5,38.5,0,1620
5301,2026-03-22,PPP,,0,1840,1752,44.0,44.0,0,1840
5302,2026-03-22,,,600,0,571,14.5,14.5,0,600
5303,2026-03-22,,,550,0,524,13.0,13.0,0,550
5304,2026-03-22,,,1060,0,1010,25.0,25.0,0,1060
5305,2026-03-22,,,1300,0,1238,31.0,31.0,0,1300
5306,2026-03-22,,,1000,0,952,24.0,24.0,0,1000
5307,2026-03-22,,,1300,0,1238,31.0,31.0,0,1300
5308,2026-03-22,,,1220,0,1162,29.0,29.0,0,1220
5309,2026-03-22,,,500,0,476,12.0,12.0,0,500
5310,2026-03-22,,,100,0,95,2.5,2.5,0,100
5311,2026-03-22,,,2590,0,2466,62.0,62.0,0,2590
5312,2026-03-22,,,970,0,924,23.0,23.0,0,970
5313,2026-03-22,,,30,0,29,0.5,0.5,0,30
5314,2026-03-22,,,200,0,190,5.0,5.0,0,200
5315,2026-03-22,,,30,0,29,0.5,0.5,0,30
5316,2026-03-22,,,450,0,428,11.0,11.0,0,450
5317,2026-03-22,,,2600,0,2476,62.0,62.0,0,2600
5318,2026-03-22,,,100,0,95,2.5,2.5,0,100
5319,2026-03-22,,,100,0,95,2.5,2.5,0,100
5320,2026-03-22,,,260,0,248,6.0,6.0,0,260
5321,2026-03-22,,,780,0,742,19.0,19.0,0,780
5322,2026-03-22,,,1420,0,1352,34.0,34.0,0,1420
5323,2026-03-22,,,840,0,800,20.0,20.0,0,840
5324,2026-03-22,,,1920,0,1829,45.5,45.5,0,1920
5325,2026-03-22,,,710,0,677,16.5,16.5,0,710
5326,2026-03-22,,,1450,0,1381,34.5,34.5,0,1450
5327,2026-03-22,,,1400,0,1334,33.0,33.0,0,1400
5328,2026-03-22,,,900,0,857,21.5,21.5,0,900
5329,2026-03-22,,,850,0,809,20.5,20.5,0,850
5330,2026-03-22,,,350,0,333,8.5,8.5,0,350
5331,2026-03-22,,,1050,0,1000,25.0,25.0,0,1050
5332,2026-03-22,,,450,0,429,10.5,10.5,0,450
5333,2026-03-22,,,1400,0,1334,33.0,33.0,0,1400
5334,2026-03-22,,,600,0,571,14.5,14.5,0,600
5335,2026-03-22,,,500,0,476,12.0,12.0,0,500
5336,2026-03-22,,,920,0,876,22.0,22.0,0,920
5337,2026-03-22,,,1500,0,1428,36.0,36.0,0,1500
5338,2026-03-23,CASH,,480,0,457,11.5,11.5,0,480
5339,2026-03-23,PPP,,0,1800,1715,42.5,42.5,0,1800
5340,2026-03-23,PPP,,0,600,571,14.5,14.5,0,600
5341,2026-03-23,PPP,,0,500,476,12.0,12.0,0,500
5342,2026-03-23,CASH,,650,0,619,15.5,15.5,0,650
5343,2026-03-23,CASH,,800,0,762,19.0,19.0,0,800
5344,2026-03-23,CARD,,0,550,524,13.0,13.0,0,550
5345,2026-03-23,PPP,,0,360,343,8.5,8.5,0,360
5346,2026-03-23,CASH,,1000,0,952,24.0,24.0,0,1000
5347,2026-03-23,,,400,0,381,9.5,9.5,0,400
5348,2026-03-23,,,550,0,524,13.0,13.0,0,550
5349,2026-03-23,,,470,0,447,11.5,11.5,0,470
5350,2026-03-23,,,50,0,48,1.0,1.0,0,50
5351,2026-03-23,,,300,0,286,7.0,7.0,0,300
5352,2026-03-23,,,1020,0,972,24.0,24.0,0,1020
5353,2026-03-23,,,900,0,857,21.5,21.5,0,900
5354,2026-03-23,,,1050,0,1000,25.0,25.0,0,1050
5355,2026-03-23,,,500,0,476,12.0,12.0,0,500
5356,2026-03-23,,,520,0,495,12.5,12.5,0,520
5357,2026-03-23,,,600,0,571,14.5,14.5,0,600
5358,2026-03-23,,,830,0,791,19.5,19.5,0,830
5359,2026-03-23,,,1950,0,1857,46.5,46.5,0,1950
5360,2026-03-23,,,1200,0,1143,28.5,28.5,0,1200
5361,2026-03-23,,,1210,0,1152,29.0,29.0,0,1210
5362,2026-03-23,,,1580,0,1504,38.0,38.0,0,1580
5363,2026-03-23,,,120,0,114,3.0,3.0,0,120
5364,2026-03-23,,,120,0,114,3.0,3.0,0,120
5365,2026-03-23,,,1940,0,1849,45.5,45.5,0,1940
5366,2026-03-23,,,260,0,248,6.0,6.0,0,260
5367,2026-03-23,,,1300,0,1238,31.0,31.0,0,1300
5368,2026-03-23,,,500,0,476,12.0,12.0,0,500
5369,2026-03-23,,,200,0,190,5.0,5.0,0,200
5370,2026-03-23,,,700,0,666,17.0,17.0,0,700
5371,2026-03-23,,,1350,0,1286,32.0,32.0,0,1350
5372,2026-03-23,,,2210,0,2106,52.0,52.0,0,2210
5373,2026-03-23,,,450,0,428,11.0,11.0,0,450
5374,2026-03-23,,,350,0,333,8.5,8.5,0,350
5375,2026-03-23,,,350,0,333,8.5,8.5,0,350
5376,2026-03-23,,,300,0,286,7.0,7.0,0,300
5377,2026-03-23,,,1350,0,1286,32.0,32.0,0,1350
5378,2026-03-23,,,1650,0,1571,39.5,39.5,0,1650
5379,2026-03-23,,,870,0,828,21.0,21.0,0,870
5380,2026-03-23,,,280,0,267,6.5,6.5,0,280
5381,2026-03-23,,,500,0,476,12.0,12.0,0,500
5382,2026-03-23,,,480,0,457,11.5,11.5,0,480
5383,2026-03-23,,,1000,0,953,23.5,23.5,0,1000
5384,2026-03-23,,,2350,0,2238,56.0,56.0,0,2350
5385,2026-03-23,,,900,0,857,21.5,21.5,0,900
5386,2026-03-23,,,300,0,286,7.0,7.0,0,300
5387,2026-03-23,,,800,0,762,19.0,19.0,0,800
5388,2026-03-23,,,1500,0,1429,35.5,35.5,0,1500
5389,2026-03-23,,,150,0,143,3.5,3.5,0,150
5390,2026-03-23,,,1550,0,1476,37.0,37.0,0,1550
5391,2026-03-23,,,360,0,343,8.5,8.5,0,360
5392,2026-03-23,,,1150,0,1095,27.5,27.5,0,1150
5393,2026-03-23,,,300,0,286,7.0,7.0,0,300
5394,2026-03-23,,,2530,0,2410,60.0,60.0,0,2530
5395,2026-03-23,,,200,0,190,5.0,5.0,0,200
5396,2026-03-23,,,270,0,257,6.5,6.5,0,270
5397,2026-03-23,,,50,0,48,1.0,1.0,0,50
5398,2026-03-23,,,350,0,333,8.5,8.5,0,350
5399,2026-03-23,,,3850,0,3666,92.0,92.0,0,3850
5400,2026-03-23,,,1850,0,1762,44.0,44.0,0,1850
5401,2026-03-23,,,1620,0,1543,38.5,38.5,0,1620
5402,2026-03-23,,,250,0,238,6.0,6.0,0,250
5403,2026-03-23,,,0,250,238,6.0,6.0,0,250
5404,2026-03-23,,,200,0,190,5.0,5.0,0,200
5405,2026-03-23,,,240,0,229,5.5,5.5,0,240
5406,2026-03-23,,,1300,0,1239,30.5,30.5,0,1300
5407,2026-03-24,CASH,,2460,0,2343,58.5,58.5,0,2460
5408,2026-03-24,,,150,0,143,3.5,3.5,0,150
5409,2026-03-24,,,550,0,524,13.0,13.0,0,550
5410,2026-03-24,,,300,0,286,7.0,7.0,0,300
5411,2026-03-24,,,160,0,152,4.0,4.0,0,160
5412,2026-03-24,,,710,0,676,17.0,17.0,0,710
5413,2026-03-24,,,100,0,95,2.5,2.5,0,100
5414,2026-03-24,,,1250,0,1190,30.0,30.0,0,1250
5415,2026-03-24,,,1000,0,952,24.0,24.0,0,1000
5416,2026-03-24,CASH,,600,0,571,14.5,14.5,0,600
5417,2026-03-24,CASH,,350,0,333,8.5,8.5,0,350
5418,2026-03-24,CASH,,300,0,286,7.0,7.0,0,300
5419,2026-03-24,CASH,,200,0,190,5.0,5.0,0,200
5420,2026-03-24,PPP,,0,1000,952,24.0,24.0,0,1000
5421,2026-03-24,CASH,,350,0,333,8.5,8.5,0,350
5422,2026-03-24,CASH,,120,0,114,3.0,3.0,0,120
5423,2026-03-24,CASH,,850,0,809,20.5,20.5,0,850
5424,2026-03-24,PPP,,0,1100,1047,26.5,26.5,0,1100
5425,2026-03-24,CASH,,850,0,810,20.0,20.0,0,850
5426,2026-03-24,PPPP,,0,1900,1810,45.0,45.0,0,1900
5427,2026-03-24,CASH,,200,0,190,5.0,5.0,0,200
5428,2026-03-24,PPP,,0,2700,2571,64.5,64.5,0,2700
5429,2026-03-24,CASH,,500,0,476,12.0,12.0,0,500
5430,2026-03-24,,,50,0,48,1.0,1.0,0,50
5431,2026-03-24,CASH,,580,0,552,14.0,14.0,0,580
5432,2026-03-24,CASH,,410,0,390,10.0,10.0,0,410
5433,2026-03-24,,,350,0,333,8.5,8.5,0,350
5434,2026-03-24,,,1500,0,1429,35.5,35.5,0,1500
5435,2026-03-24,,,1300,0,1238,31.0,31.0,0,1300
5436,2026-03-24,CASH,,150,0,143,3.5,3.5,0,150
5437,2026-03-24,,,100,0,95,2.5,2.5,0,100
5438,2026-03-24,,,200,0,190,5.0,5.0,0,200
5439,2026-03-24,,,300,0,286,7.0,7.0,0,300
5440,2026-03-24,,,1050,0,1000,25.0,25.0,0,1050
5441,2026-03-24,,,350,0,333,8.5,8.5,0,350
5442,2026-03-24,CASH,,120,0,114,3.0,3.0,0,120
5443,2026-03-24,,,500,0,476,12.0,12.0,0,500
5444,2026-03-24,,,200,0,190,5.0,5.0,0,200
5445,2026-03-24,,,1050,0,1000,25.0,25.0,0,1050
5446,2026-03-24,,,650,0,619,15.5,15.5,0,650
5447,2026-03-24,,,150,0,143,3.5,3.5,0,150
5448,2026-03-24,,,600,0,571,14.5,14.5,0,600
5449,2026-03-24,,,1070,0,1019,25.5,25.5,0,1070
5450,2026-03-24,,,200,0,190,5.0,5.0,0,200
5451,2026-03-24,,,400,0,381,9.5,9.5,0,400
5452,2026-03-24,,,200,0,190,5.0,5.0,0,200
5453,2026-03-24,,,1450,0,1380,35.0,35.0,0,1450
5454,2026-03-24,,,730,0,695,17.5,17.5,0,730
5455,2026-03-24,,,600,0,571,14.5,14.5,0,600
5456,2026-03-24,,,1110,0,1057,26.5,26.5,0,1110
5457,2026-03-24,,,500,0,476,12.0,12.0,0,500
5458,2026-03-24,,,100,0,95,2.5,2.5,0,100
5459,2026-03-24,,,250,0,238,6.0,6.0,0,250
5460,2026-03-24,,,500,0,476,12.0,12.0,0,500
5461,2026-03-24,,,850,0,810,20.0,20.0,0,850
5462,2026-03-24,,,1780,0,1695,42.5,42.5,0,1780
5463,2026-03-24,,,180,0,171,4.5,4.5,0,180
5464,2026-03-24,,,1800,0,1714,43.0,43.0,0,1800
5465,2026-03-24,,,120,0,114,3.0,3.0,0,120
5466,2026-03-24,,,1550,0,1476,37.0,37.0,0,1550
5467,2026-03-24,,,150,0,143,3.5,3.5,0,150
5468,2026-03-24,,,500,0,476,12.0,12.0,0,500
5469,2026-03-24,,,1100,0,1048,26.0,26.0,0,1100
5470,2026-03-24,,,300,0,286,7.0,7.0,0,300
5471,2026-03-24,,,2700,0,2572,64.0,64.0,0,2700
5472,2026-03-24,,,300,0,286,7.0,7.0,0,300
5473,2026-03-24,,,1680,0,1599,40.5,40.5,0,1680
5474,2026-03-24,,,1260,0,1200,30.0,30.0,0,1260
5475,2026-03-24,,,650,0,619,15.5,15.5,0,650
5476,2026-03-24,,,2400,0,2286,57.0,57.0,0,2400
5477,2026-03-24,,,150,0,143,3.5,3.5,0,150
5478,2026-03-24,,,150,0,143,3.5,3.5,0,150
5479,2026-03-24,,,750,0,714,18.0,18.0,0,750
5480,2026-03-24,,,740,0,704,18.0,18.0,0,740
5481,2026-03-24,,,300,0,286,7.0,7.0,0,300
5482,2026-03-24,,,1560,0,1485,37.5,37.5,0,1560
5483,2026-03-24,,,2550,0,2429,60.5,60.5,0,2550
5484,2026-03-24,,,1650,0,1572,39.0,39.0,0,1650
5485,2026-03-24,CASH,,400,0,381,9.5,9.5,0,400
5486,2026-03-24,PPPP,,0,1930,1838,46.0,46.0,0,1930
5487,2026-03-25,,,0,150,143,3.5,3.5,0,150
5488,2026-03-25,,,500,0,476,12.0,12.0,0,500
5489,2026-03-25,,,300,0,286,7.0,7.0,0,300
5490,2026-03-25,CASH,,200,0,190,5.0,5.0,0,200
5491,2026-03-25,,,550,0,523,13.5,13.5,0,550
5492,2026-03-25,PPP,,0,1100,1048,26.0,26.0,0,1100
5493,2026-03-25,PPP,,0,510,486,12.0,12.0,0,510
5494,2026-03-25,,,300,0,286,7.0,7.0,0,300
5495,2026-03-25,PPP,,0,230,219,5.5,5.5,0,230
5496,2026-03-25,PPP,,0,250,238,6.0,6.0,0,250
5497,2026-03-25,PPP,,0,1000,952,24.0,24.0,0,1000
5498,2026-03-25,,,250,0,238,6.0,6.0,0,250
5499,2026-03-25,,,310,0,295,7.5,7.5,0,310
5500,2026-03-25,,,2120,0,2020,50.0,50.0,0,2120
5501,2026-03-25,,,80,0,76,2.0,2.0,0,80
5502,2026-03-25,,,250,0,238,6.0,6.0,0,250
5503,2026-03-25,PPP,,0,1240,1182,29.0,29.0,0,1240
5504,2026-03-25,CASH,,600,0,572,14.0,14.0,0,600
5505,2026-03-25,CASH,,500,0,476,12.0,12.0,0,500
5506,2026-03-25,PPP,,0,250,238,6.0,6.0,0,250
5507,2026-03-25,,,0,200,190,5.0,5.0,0,200
5508,2026-03-25,PPP,,0,700,666,17.0,17.0,0,700
5509,2026-03-25,PP,,0,300,286,7.0,7.0,0,300
5510,2026-03-25,CASH],,250,0,238,6.0,6.0,0,250
5511,2026-03-25,5,,600,0,571,14.5,14.5,0,600
5512,2026-03-25,PPP,,0,3460,3296,82.0,82.0,0,3460
5513,2026-03-25,,,250,0,238,6.0,6.0,0,250
5514,2026-03-25,,,1950,0,1857,46.5,46.5,0,1950
5515,2026-03-25,,,400,0,381,9.5,9.5,0,400
5516,2026-03-25,,,2020,0,1923,48.5,48.5,0,2020
5517,2026-03-25,,,350,0,333,8.5,8.5,0,350
5518,2026-03-25,120,,1770,0,1685,42.5,42.5,0,1770
5519,2026-03-25,,,650,0,619,15.5,15.5,0,650
5520,2026-03-25,,,600,0,571,14.5,14.5,0,600
5521,2026-03-25,,,600,0,571,14.5,14.5,0,600
5522,2026-03-25,,,500,0,476,12.0,12.0,0,500
5523,2026-03-25,,,450,0,429,10.5,10.5,0,450
5524,2026-03-25,,,550,0,524,13.0,13.0,0,550
5525,2026-03-25,,,1050,0,1000,25.0,25.0,0,1050
5526,2026-03-25,,,500,0,476,12.0,12.0,0,500
5527,2026-03-25,,,710,0,676,17.0,17.0,0,710
5528,2026-03-25,CASH,,1250,0,1190,30.0,30.0,0,1250
5529,2026-03-25,PPP,,0,200,190,5.0,5.0,0,200
5530,2026-03-25,CARD,,0,800,762,19.0,19.0,0,800
5531,2026-03-25,PPP,,0,300,286,7.0,7.0,0,300
5532,2026-03-25,PPP,,0,150,143,3.5,3.5,0,150
5533,2026-03-25,PPP,,0,1300,1238,31.0,31.0,0,1300
5534,2026-03-25,CASH,,2160,0,2058,51.0,51.0,0,2160
5535,2026-03-25,CASH,,3410,0,3247,81.5,81.5,0,3410
5536,2026-03-25,CASH,,1400,0,1334,33.0,33.0,0,1400
5537,2026-03-25,PPP,,0,1980,1885,47.5,47.5,0,1980
5538,2026-03-25,PPP,,0,350,333,8.5,8.5,0,350
5539,2026-03-25,,,710,0,676,17.0,17.0,0,710
5540,2026-03-25,,,200,0,190,5.0,5.0,0,200
5541,2026-03-25,,,600,0,571,14.5,14.5,0,600
5542,2026-03-25,,,1150,0,1095,27.5,27.5,0,1150
5543,2026-03-25,,,1700,0,1619,40.5,40.5,0,1700
5544,2026-03-25,,,1740,0,1656,42.0,42.0,0,1740
5545,2026-03-25,,,2550,0,2427,61.5,61.5,0,2550
5546,2026-03-25,,,500,0,476,12.0,12.0,0,500
5547,2026-03-25,,,260,0,248,6.0,6.0,0,260
5548,2026-03-26,PPP,,0,60,57,1.5,1.5,0,60
5549,2026-03-26,CASH,,450,0,428,2.5,2.5,0,450
5550,2026-03-26,PPP,,0,240,229,5.5,5.5,0,240
5551,2026-03-26,PPP,,0,150,143,3.5,3.5,0,150
5552,2026-03-26,PPP,,0,700,667,16.5,16.5,0,700
5553,2026-03-26,,,120,0,114,3.0,3.0,0,120
5554,2026-03-26,PPP,,0,350,333,8.5,8.5,0,350
5555,2026-03-26,PPP,,0,700,666,17.0,17.0,0,700
5556,2026-03-26,PPP,,0,100,95,2.5,2.5,0,100
5557,2026-03-26,PPP,,0,500,476,12.0,12.0,0,500
5558,2026-03-26,CASH,,150,0,143,3.5,3.5,0,150
5559,2026-03-26,PPP,,0,200,190,5.0,5.0,0,200
5560,2026-03-26,PPP,,0,350,333,8.5,8.5,0,350
5561,2026-03-26,PPP,,0,800,762,19.0,19.0,0,800
5562,2026-03-26,,,350,0,333,8.5,8.5,0,350
5563,2026-03-26,,,250,0,238,6.0,6.0,0,250
5564,2026-03-26,,,800,0,762,19.0,19.0,0,800
5565,2026-03-26,,,240,0,229,5.5,5.5,0,240
5566,2026-03-26,PPP,,0,600,571,14.5,14.5,0,600
5567,2026-03-26,,,1500,0,1429,35.5,35.5,0,1500
5568,2026-03-26,,,480,0,457,11.5,11.5,0,480
5569,2026-03-26,,,250,0,238,6.0,6.0,0,250
5570,2026-03-26,,,500,0,476,12.0,12.0,0,500
5571,2026-03-26,,,760,0,724,18.0,18.0,0,760
5572,2026-03-26,,,350,0,333,8.5,8.5,0,350
5573,2026-03-26,,,120,0,114,3.0,3.0,0,120
5574,2026-03-26,CASH,,360,0,343,8.5,8.5,0,360
5575,2026-03-26,,,550,0,524,13.0,13.0,0,550
5576,2026-03-26,,,500,0,476,12.0,12.0,0,500
5577,2026-03-26,,,500,0,476,12.0,12.0,0,500
5578,2026-03-26,,,300,0,286,7.0,7.0,0,300
5579,2026-03-26,,,2160,0,2056,52.0,52.0,0,2160
5580,2026-03-26,,,2160,0,2056,52.0,52.0,0,2160
5581,2026-03-26,,,920,0,876,22.0,22.0,0,920
5582,2026-03-26,,,500,0,476,12.0,12.0,0,500
5583,2026-03-26,PPP,,0,350,333,8.5,8.5,0,350
5584,2026-03-26,PPPP,,0,300,286,7.0,7.0,0,300
5585,2026-03-26,PPP,,0,250,238,6.0,6.0,0,250
5586,2026-03-26,PPP,,0,1450,1381,34.5,34.5,0,1450
5587,2026-03-26,CASH,,850,0,809,20.5,20.5,0,850
5588,2026-03-26,PPP,,0,500,476,12.0,12.0,0,500
5589,2026-03-26,CASH,,1150,0,1095,27.5,27.5,0,1150
5590,2026-03-26,,,300,0,286,7.0,7.0,0,300
5591,2026-03-26,,,200,0,190,5.0,5.0,0,200
5592,2026-03-26,,,800,0,762,19.0,19.0,0,800
5593,2026-03-26,,,900,0,857,21.5,21.5,0,900
5594,2026-03-26,,,2870,0,2734,68.0,68.0,0,2870
5595,2026-03-26,,,1040,0,990,25.0,25.0,0,1040
5596,2026-03-26,,,1600,0,1524,38.0,38.0,0,1600
5597,2026-03-26,,,350,0,333,8.5,8.5,0,350
5598,2026-03-26,,,560,0,533,13.5,13.5,0,560
5599,2026-03-26,,,2500,0,2381,59.5,59.5,0,2500
5600,2026-03-26,,,1950,0,1856,47.0,47.0,0,1950
5601,2026-03-26,,,50,0,48,1.0,1.0,0,50
5602,2026-03-26,,,900,0,857,21.5,21.5,0,900
5603,2026-03-26,,,560,0,533,13.5,13.5,0,560
5604,2026-03-26,,,1990,0,1895,47.5,47.5,0,1990
5605,2026-03-26,,,930,0,885,22.5,22.5,0,930
5606,2026-03-26,PPP,,0,100,95,2.5,2.5,0,100
5607,2026-03-26,PPP,,0,600,571,14.5,14.5,0,600
5608,2026-03-26,,,350,0,333,8.5,8.5,0,350
5609,2026-03-26,,,150,0,143,3.5,3.5,0,150
5610,2026-03-26,,,560,0,534,13.0,13.0,0,560
5611,2026-03-26,,,2700,0,2572,64.0,64.0,0,2700
5612,2026-03-26,,,610,0,581,14.5,14.5,0,610
5613,2026-03-26,,,1800,0,1715,42.5,42.5,0,1800
5614,2026-03-26,,,150,0,143,3.5,3.5,0,150
5615,2026-03-26,,,400,0,381,9.5,9.5,0,400
5616,2026-03-26,,,350,0,333,8.5,8.5,0,350
5617,2026-03-27,CASH,,430,0,410,10.0,10.0,0,430
5618,2026-03-27,CASH,,100,0,95,2.5,2.5,0,100
5619,2026-03-27,CASH,,250,0,238,6.0,6.0,0,250
5620,2026-03-27,,,850,0,810,20.0,20.0,0,850
5621,2026-03-27,,,350,0,333,8.5,8.5,0,350
5622,2026-03-27,,,350,0,333,8.5,8.5,0,350
5623,2026-03-27,,,100,0,95,2.5,2.5,0,100
5624,2026-03-27,CASH,,2810,0,2677,66.5,66.5,0,2810
5625,2026-03-27,,,1340,0,1277,31.5,31.5,0,1340
5626,2026-03-27,CARD,,0,280,267,6.5,6.5,0,280
5627,2026-03-27,,,1550,0,1476,37.0,37.0,0,1550
5628,2026-03-27,,,0,240,229,5.5,5.5,0,240
5629,2026-03-27,,,0,150,143,3.5,3.5,0,150
5630,2026-03-27,,,300,0,286,7.0,7.0,0,300
5631,2026-03-27,PPP,,0,240,229,5.5,5.5,0,240
5632,2026-03-27,PPPP,,0,30,29,0.5,0.5,0,30
5633,2026-03-27,CASH,,300,0,286,7.0,7.0,0,300
5634,2026-03-27,,,1100,0,1047,26.5,26.5,0,1100
5635,2026-03-27,PPP,,0,2580,2458,61.0,61.0,0,2580
5636,2026-03-27,,,1000,0,952,24.0,24.0,0,1000
5637,2026-03-27,,,0,250,238,6.0,6.0,0,250
5638,2026-03-27,,,1250,0,1190,30.0,30.0,0,1250
5639,2026-03-27,,,1170,0,1114,28.0,28.0,0,1170
5640,2026-03-27,CASH,,800,0,762,19.0,19.0,0,800
5641,2026-03-27,MIXX,,600,0,572,14.0,14.0,0,600
5642,2026-03-27,PPP,,0,1360,1295,32.5,32.5,0,1360
5643,2026-03-27,,,1100,0,1048,26.0,26.0,0,1100
5644,2026-03-27,CASH,,500,0,476,12.0,12.0,0,500
5645,2026-03-27,,,180,0,171,4.5,4.5,0,180
5646,2026-03-27,,,750,0,714,18.0,18.0,0,750
5647,2026-03-27,PPP,,0,500,476,12.0,12.0,0,500
5648,2026-03-27,,,580,0,552,14.0,14.0,0,580
5649,2026-03-27,,,150,0,143,3.5,3.5,0,150
5650,2026-03-27,,,1300,0,1238,31.0,31.0,0,1300
5651,2026-03-27,,,1550,0,1476,37.0,37.0,0,1550
5652,2026-03-27,CASH,,430,0,409,10.5,10.5,0,430
5653,2026-03-27,CASH,,150,0,143,3.5,3.5,0,150
5654,2026-03-27,PPP,,0,400,381,9.5,9.5,0,400
5655,2026-03-27,,,550,0,523,13.5,13.5,0,550
5656,2026-03-27,PPP,,0,100,95,2.5,2.5,0,100
5657,2026-03-27,PPP,,0,1700,1619,40.5,40.5,0,1700
5658,2026-03-27,PPP,,0,550,524,13.0,13.0,0,550
5659,2026-03-27,,,250,0,238,6.0,6.0,0,250
5660,2026-03-27,,,700,0,667,16.5,16.5,0,700
5661,2026-03-27,CASH,,600,0,571,14.5,14.5,0,600
5662,2026-03-27,,,450,0,429,10.5,10.5,0,450
5663,2026-03-27,,,1000,0,952,24.0,24.0,0,1000
5664,2026-03-27,,,980,0,934,23.0,23.0,0,980
5665,2026-03-27,,,750,0,714,18.0,18.0,0,750
5666,2026-03-27,,,1050,0,1000,25.0,25.0,0,1050
5667,2026-03-27,,,800,0,762,19.0,19.0,0,800
5668,2026-03-27,CASH,,150,0,143,3.5,3.5,0,150
5669,2026-03-27,,,1050,0,999,25.5,25.5,0,1050
5670,2026-03-27,,,600,0,571,14.5,14.5,0,600
5671,2026-03-27,,,550,0,524,13.0,13.0,0,550
5672,2026-03-27,,,350,0,333,8.5,8.5,0,350
5673,2026-03-27,CASH,,2420,0,2304,58.0,58.0,0,2420
5674,2026-03-28,PPP,,0,1150,1096,27.0,27.0,0,1150
5675,2026-03-28,CASH,,300,0,286,7.0,7.0,0,300
5676,2026-03-28,PPP,,0,450,429,10.5,10.5,0,450
5677,2026-03-28,,,550,0,524,13.0,13.0,0,550
5678,2026-03-28,,,1700,0,1619,40.5,40.5,0,1700
5679,2026-03-28,PPP,,0,300,286,7.0,7.0,0,300
5680,2026-03-28,CASH,,1200,0,1143,28.5,28.5,0,1200
5681,2026-03-28,CASH,,500,0,476,12.0,12.0,0,500
5682,2026-03-28,CASH,,1050,0,1000,25.0,25.0,0,1050
5683,2026-03-28,PPP,,0,240,229,5.5,5.5,0,240
5684,2026-03-28,CASH,,600,0,571,14.5,14.5,0,600
5685,2026-03-28,PPP,,0,120,114,3.0,3.0,0,120
5686,2026-03-28,PPP,,0,500,476,12.0,12.0,0,500
5687,2026-03-28,PPP,,0,650,619,15.5,15.5,0,650
5688,2026-03-28,CASH,,1300,0,1238,31.0,31.0,0,1300
5689,2026-03-28,PPP,,0,600,571,14.5,14.5,0,600
5690,2026-03-28,PPP,,0,1600,1524,38.0,38.0,0,1600
5691,2026-03-28,PPP,,0,300,286,7.0,7.0,0,300
5692,2026-03-28,PPP,,0,400,381,9.5,9.5,0,400
5693,2026-03-28,CASH,,350,0,333,8.5,8.5,0,350
5694,2026-03-28,PPP,,0,50,48,1.0,1.0,0,50
5695,2026-03-28,PPP,,0,850,809,20.5,20.5,0,850
5696,2026-03-28,PPP,,0,550,524,13.0,13.0,0,550
5697,2026-03-28,PPP,,0,40,38,1.0,1.0,0,40
5698,2026-03-28,PPP,,0,360,343,8.5,8.5,0,360
5699,2026-03-28,CASH,,200,0,190,5.0,5.0,0,200
5700,2026-03-28,PPP,,0,1100,1048,26.0,26.0,0,1100
5701,2026-03-28,PPP,,0,360,343,8.5,8.5,0,360
5702,2026-03-28,CASH,,100,0,95,2.5,2.5,0,100
5703,2026-03-28,PPP,,0,2500,2381,59.5,59.5,0,2500
5704,2026-03-28,,,1650,0,1571,39.5,39.5,0,1650
5705,2026-03-28,,,100,0,95,2.5,2.5,0,100
5706,2026-03-28,,,300,0,286,7.0,7.0,0,300
5707,2026-03-28,,,550,0,524,13.0,13.0,0,550
5708,2026-03-28,,,2400,0,2286,57.0,57.0,0,2400
5709,2026-03-28,,,700,0,667,16.5,16.5,0,700
5710,2026-03-28,,,260,0,248,6.0,6.0,0,260
5711,2026-03-28,,,240,0,229,5.5,5.5,0,240
5712,2026-03-28,,,600,0,572,14.0,14.0,0,600
5713,2026-03-28,,,940,0,894,23.0,23.0,0,940
5714,2026-03-28,,,300,0,286,7.0,7.0,0,300
5715,2026-03-28,,,1200,0,1143,28.5,28.5,0,1200
5716,2026-03-28,,,400,0,381,9.5,9.5,0,400
5717,2026-03-28,,,1000,0,952,24.0,24.0,0,1000
5718,2026-03-28,,,500,0,476,12.0,12.0,0,500
5719,2026-03-28,,,1100,0,1048,26.0,26.0,0,1100
5720,2026-03-28,,,120,0,114,3.0,3.0,0,120
5721,2026-03-28,CASH,,450,0,429,10.5,10.5,0,450
5722,2026-03-28,CASH,,1350,0,1285,32.5,32.5,0,1350
5723,2026-03-28,PPP,,0,270,257,6.5,6.5,0,270
5724,2026-03-28,PPP,,0,1000,952,24.0,24.0,0,1000
5725,2026-03-28,PPP,,0,240,229,5.5,5.5,0,240
5726,2026-03-28,CASH,,1050,0,1000,25.0,25.0,0,1050
5727,2026-03-28,CASH,,60,0,57,1.5,1.5,0,60
5728,2026-03-28,PPP,,0,480,457,11.5,11.5,0,480
5729,2026-03-28,CASH,,1210,0,1152,29.0,29.0,0,1210
5730,2026-03-28,CASH,,210,0,200,5.0,5.0,0,210
5731,2026-03-28,CASH,,500,0,476,12.0,12.0,0,500
5732,2026-03-28,PPP,,0,1160,1105,27.5,27.5,0,1160
5733,2026-03-28,CASH,,600,0,571,14.5,14.5,0,600
5734,2026-03-28,CASH,,150,0,143,3.5,3.5,0,150
5735,2026-03-28,CASH,,350,0,333,8.5,8.5,0,350
5736,2026-03-28,PPP,,0,600,571,14.5,14.5,0,600
5737,2026-03-28,CASH,,150,0,143,3.5,3.5,0,150
5738,2026-03-28,,,200,0,190,5.0,5.0,0,200
5739,2026-03-28,CASH,,20,0,19,0.5,0.5,0,20
5740,2026-03-28,CASH,,520,0,495,12.5,12.5,0,520
5741,2026-03-28,PPP,,0,600,571,14.5,14.5,0,600
5742,2026-03-28,PPP,,0,800,762,19.0,19.0,0,800
5743,2026-03-28,PPP,,0,1600,1524,38.0,38.0,0,1600
5744,2026-03-28,PPP,,0,700,666,17.0,17.0,0,700
5745,2026-03-28,CASH,,1370,0,1304,33.0,33.0,0,1370
5746,2026-03-28,CASH,,1050,0,1000,25.0,25.0,0,1050
5747,2026-03-28,PPPP,,0,650,619,15.5,15.5,0,650
5748,2026-03-28,PPP,,0,1350,1285,32.5,32.5,0,1350
5749,2026-03-28,CASH,,400,0,381,9.5,9.5,0,400
5750,2026-03-28,PPP,,0,1400,1333,33.5,33.5,0,1400
5751,2026-03-28,CASH,,400,0,381,9.5,9.5,0,400
5752,2026-03-28,PPP,,0,900,857,21.5,21.5,0,900
5753,2026-03-29,PPP,,0,510,486,12.0,12.0,0,510
5754,2026-03-29,MIXX,,630,0,600,15.0,15.0,0,630
5755,2026-03-29,CASH,,100,0,95,2.5,2.5,0,100
5756,2026-03-29,PPP,,0,1540,1467,36.5,36.5,0,1540
5757,2026-03-29,,,300,0,286,7.0,7.0,0,300
5758,2026-03-29,,,240,0,228,6.0,6.0,0,240
5759,2026-03-29,CASH,,120,0,114,3.0,3.0,0,120
5760,2026-03-29,PPP,,0,350,333,8.5,8.5,0,350
5761,2026-03-29,CASH,,500,0,476,12.0,12.0,0,500
5762,2026-03-29,PPP,,0,300,286,7.0,7.0,0,300
5763,2026-03-29,,,350,0,333,8.5,8.5,0,350
5764,2026-03-29,,,1040,0,991,24.5,24.5,0,1040
5765,2026-03-29,,,15800,0,15050,375.0,375.0,0,15800
5766,2026-03-29,,,260,0,248,6.0,6.0,0,260
5767,2026-03-29,,,500,0,476,12.0,12.0,0,500
5768,2026-03-29,,,350,0,333,8.5,8.5,0,350
5769,2026-03-29,,,450,0,429,10.5,10.5,0,450
5770,2026-03-29,,,1260,0,1199,30.5,30.5,0,1260
5771,2026-03-29,,,450,0,428,11.0,11.0,0,450
5772,2026-03-29,,,550,0,524,13.0,13.0,0,550
5773,2026-03-29,,,1100,0,1048,26.0,26.0,0,1100
5774,2026-03-29,PPP\,,0,800,761,19.5,19.5,0,800
5775,2026-03-29,CASH,,900,0,857,21.5,21.5,0,900
5776,2026-03-29,CASH,,1000,0,952,24.0,24.0,0,1000
5777,2026-03-29,,,120,0,114,3.0,3.0,0,120
5778,2026-03-29,,,660,0,629,15.5,15.5,0,660
5779,2026-03-29,,,480,0,457,11.5,11.5,0,480
5780,2026-03-29,,,2050,0,1953,48.5,48.5,0,2050
5781,2026-03-29,,,250,0,238,6.0,6.0,0,250
5782,2026-03-29,,,1550,0,1476,37.0,37.0,0,1550
5783,2026-03-29,,,300,0,286,7.0,7.0,0,300
5784,2026-03-29,,,120,0,114,3.0,3.0,0,120
5785,2026-03-29,,,500,0,476,12.0,12.0,0,500
5786,2026-03-29,,,150,0,143,3.5,3.5,0,150
5787,2026-03-29,,,500,0,476,12.0,12.0,0,500
5788,2026-03-29,,,250,0,238,6.0,6.0,0,250
5789,2026-03-29,,,300,0,286,7.0,7.0,0,300
5790,2026-03-29,,,450,0,429,10.5,10.5,0,450
5791,2026-03-29,,,270,0,257,6.5,6.5,0,270
5792,2026-03-29,,,850,0,809,20.5,20.5,0,850
5793,2026-03-29,,,2550,0,2429,60.5,60.5,0,2550
5794,2026-03-29,,,920,0,876,22.0,22.0,0,920
5795,2026-03-29,,,680,0,648,16.0,16.0,0,680
5796,2026-03-29,,,480,0,458,11.0,11.0,0,480
5797,2026-03-29,,,300,0,286,7.0,7.0,0,300
5798,2026-03-29,,,300,0,286,7.0,7.0,0,300
5799,2026-03-29,,,2110,0,2010,50.0,50.0,0,2110
5800,2026-03-29,,,550,0,524,13.0,13.0,0,550
5801,2026-03-29,CASH,,560,0,533,13.5,13.5,0,560
5802,2026-03-29,,,900,0,858,21.0,21.0,0,900
5803,2026-03-29,,,700,0,667,16.5,16.5,0,700
5804,2026-03-29,,,900,0,857,21.5,21.5,0,900
5805,2026-03-29,,,350,0,333,8.5,8.5,0,350
5806,2026-03-29,,,500,0,476,12.0,12.0,0,500
5807,2026-03-29,,,550,0,524,13.0,13.0,0,550
5808,2026-03-29,,,350,0,333,8.5,8.5,0,350
5809,2026-03-29,,,400,0,381,9.5,9.5,0,400
5810,2026-03-29,,,280,0,267,6.5,6.5,0,280
5811,2026-03-29,,,500,0,476,12.0,12.0,0,500
5812,2026-03-29,,,500,0,476,12.0,12.0,0,500
5813,2026-03-29,,,500,0,476,12.0,12.0,0,500
5814,2026-03-29,,,1300,0,1238,31.0,31.0,0,1300
5815,2026-03-29,,,350,0,333,8.5,8.5,0,350
5816,2026-03-29,,,260,0,248,6.0,6.0,0,260
5817,2026-03-29,,,150,0,143,3.5,3.5,0,150
5818,2026-03-29,PPP,,0,1640,1562,39.0,39.0,0,1640
5819,2026-03-29,CASH,,2250,0,2143,53.5,53.5,0,2250
5820,2026-03-29,,,2900,0,2762,69.0,69.0,0,2900
5821,2026-03-29,,,560,0,533,13.5,13.5,0,560
5822,2026-03-29,,,3000,0,2857,71.5,71.5,0,3000
5823,2026-03-29,PPP,,0,410,391,9.5,9.5,0,410
5824,2026-03-29,PPP,,0,400,381,9.5,9.5,0,400
5825,2026-03-29,,,660,0,628,16.0,16.0,0,660
5826,2026-03-30,PPP,,0,350,333,8.5,8.5,0,350
5827,2026-03-30,[PPP,,0,450,429,10.5,10.5,0,450
5828,2026-03-30,PPP,,0,500,476,12.0,12.0,0,500
5829,2026-03-30,PPP,,0,150,143,3.5,3.5,0,150
5830,2026-03-30,,,150,0,143,3.5,3.5,0,150
5831,2026-03-30,PPP,,0,280,267,6.5,6.5,0,280
5832,2026-03-30,PPP,,0,350,333,8.5,8.5,0,350
5833,2026-03-30,PPP,,0,850,809,20.5,20.5,0,850
5834,2026-03-30,PPP,,0,270,257,6.5,6.5,0,270
5835,2026-03-30,PPP,,0,1300,1238,31.0,31.0,0,1300
5836,2026-03-30,PPP,,0,650,619,15.5,15.5,0,650
5837,2026-03-30,MIXX,,0,1650,1571,39.5,39.5,0,1650
5838,2026-03-30,CASH,,50,0,48,1.0,1.0,0,50
5839,2026-03-30,PPP,,0,1450,1381,34.5,34.5,0,1450
5840,2026-03-30,PPP,,0,2650,2523,63.5,63.5,0,2650
5841,2026-03-30,PPP,,0,3210,3057,76.5,76.5,0,3210
5842,2026-03-30,PPP,,0,260,248,6.0,6.0,0,260
5843,2026-03-30,PPP,,0,350,333,8.5,8.5,0,350
5844,2026-03-30,CASH,,500,0,476,12.0,12.0,0,500
5845,2026-03-30,CAH,,0,50,48,1.0,1.0,0,50
5846,2026-03-30,PPP,,0,760,724,18.0,18.0,0,760
5847,2026-03-30,PPP,,0,200,190,5.0,5.0,0,200
5848,2026-03-30,,,150,0,143,3.5,3.5,0,150
5849,2026-03-30,,,810,0,772,19.0,19.0,0,810
5850,2026-03-30,PPP,,0,560,534,13.0,13.0,0,560
5851,2026-03-30,CASH,,590,0,562,14.0,14.0,0,590
5852,2026-03-30,CASH,,100,0,95,2.5,2.5,0,100
5853,2026-03-30,CASH,,150,0,143,3.5,3.5,0,150
5854,2026-03-30,CASH,,50,0,48,1.0,1.0,0,50
5855,2026-03-30,PPP,,0,300,286,7.0,7.0,0,300
5856,2026-03-30,PPP,,0,200,190,5.0,5.0,0,200
5857,2026-03-30,CASHH,,1800,0,1713,43.5,43.5,0,1800
5858,2026-03-30,CASH,,200,0,190,5.0,5.0,0,200
5859,2026-03-30,PP,,0,250,238,6.0,6.0,0,250
5860,2026-03-30,PPP,,0,260,248,6.0,6.0,0,260
5861,2026-03-30,PPP,,0,350,333,8.5,8.5,0,350
5862,2026-03-30,PPPP,,0,150,143,3.5,3.5,0,150
5863,2026-03-30,CASH,,1000,0,952,24.0,24.0,0,1000
5864,2026-03-30,PPP,,0,300,286,7.0,7.0,0,300
5865,2026-03-30,CASHH,,600,0,571,14.5,14.5,0,600
5866,2026-03-30,PPP,,0,500,476,12.0,12.0,0,500
5867,2026-03-30,PPP,,0,250,238,6.0,6.0,0,250
5868,2026-03-30,CASH,,1050,0,1000,25.0,25.0,0,1050
5869,2026-03-30,PPP,,0,300,286,7.0,7.0,0,300
5870,2026-03-30,CASH,,300,0,286,7.0,7.0,0,300
5871,2026-03-30,CASH,,150,0,143,3.5,3.5,0,150
5872,2026-03-30,PPPP,,0,1430,1362,34.0,34.0,0,1430
5873,2026-03-30,,,220,0,209,5.5,5.5,0,220
5874,2026-03-30,,,480,0,457,11.5,11.5,0,480
5875,2026-03-30,CASH,,1380,0,1315,32.5,32.5,0,1380
5876,2026-03-30,,,200,0,190,5.0,5.0,0,200
5877,2026-03-30,,,250,0,238,6.0,6.0,0,250
5878,2026-03-30,,,300,0,286,7.0,7.0,0,300
5879,2026-03-30,,,650,0,619,15.5,15.5,0,650
5880,2026-03-30,,,800,0,762,19.0,19.0,0,800
5881,2026-03-30,,,850,0,809,20.5,20.5,0,850
5882,2026-03-30,,,660,0,629,15.5,15.5,0,660
5883,2026-03-30,,,460,0,438,11.0,11.0,0,460
5884,2026-03-30,,,460,0,438,11.0,11.0,0,460
5885,2026-03-30,,,350,0,333,8.5,8.5,0,350
5886,2026-03-30,,,1250,0,1190,30.0,30.0,0,1250
5887,2026-03-30,,,1000,0,952,24.0,24.0,0,1000
5888,2026-03-30,,,250,0,238,6.0,6.0,0,250
5889,2026-03-30,,,300,0,286,7.0,7.0,0,300
5890,2026-03-30,,,1810,0,1724,43.0,43.0,0,1810
5891,2026-03-30,,,1690,0,1610,40.0,40.0,0,1690
5892,2026-03-30,,,1340,0,1277,31.5,31.5,0,1340
5893,2026-03-31,CASH,,1540,0,1467,36.5,36.5,0,1540
5894,2026-03-31,CASH,,400,0,381,9.5,9.5,0,400
5895,2026-03-31,PPP,,0,1200,1143,28.5,28.5,0,1200
5896,2026-03-31,[PPPP],,0,500,476,12.0,12.0,0,500
5897,2026-03-31,,,350,0,333,8.5,8.5,0,350
5898,2026-03-31,,,150,0,143,3.5,3.5,0,150
5899,2026-03-31,PPP,,0,800,762,19.0,19.0,0,800
5900,2026-03-31,PPP,,0,1150,1095,27.5,27.5,0,1150
5901,2026-03-31,CASH,,350,0,333,8.5,8.5,0,350
5902,2026-03-31,PPP,,0,700,667,16.5,16.5,0,700
5903,2026-03-31,CASH,,700,0,667,16.5,16.5,0,700
5904,2026-03-31,CASH,,1050,0,1000,25.0,25.0,0,1050
5905,2026-03-31,,,120,0,114,3.0,3.0,0,120
5906,2026-03-31,,,150,0,143,3.5,3.5,0,150
5907,2026-03-31,CASH,,1350,0,1285,32.5,32.5,0,1350
5908,2026-03-31,,,1200,0,1142,29.0,29.0,0,1200
5909,2026-03-31,ASH,,300,0,286,7.0,7.0,0,300
5910,2026-03-31,CASH,,400,0,381,9.5,9.5,0,400
5911,2026-03-31,PPP,,0,250,238,6.0,6.0,0,250
5912,2026-03-31,CASH,,360,0,343,8.5,8.5,0,360
5913,2026-03-31,PPP,,0,1200,1143,28.5,28.5,0,1200
5914,2026-03-31,,,300,0,286,7.0,7.0,0,300
5915,2026-03-31,PPP,,0,1300,1237,31.5,31.5,0,1300
5916,2026-03-31,,,600,0,571,14.5,14.5,0,600
5917,2026-03-31,,,500,0,476,12.0,12.0,0,500
5918,2026-03-31,CASH,,300,0,286,7.0,7.0,0,300
5919,2026-03-31,PPP,,0,250,238,6.0,6.0,0,250
5920,2026-03-31,PPPP,,0,120,114,3.0,3.0,0,120
5921,2026-03-31,PPP,,0,100,95,2.5,2.5,0,100
5922,2026-03-31,PPP,,0,550,524,13.0,13.0,0,550
5923,2026-03-31,,,270,0,258,6.0,6.0,0,270
5924,2026-03-31,PPP,,0,300,286,7.0,7.0,0,300
5925,2026-03-31,CASH,,280,0,267,6.5,6.5,0,280
5926,2026-03-31,PPP,,0,700,667,16.5,16.5,0,700
5927,2026-03-31,CASH,,300,0,286,7.0,7.0,0,300
5928,2026-03-31,,,600,0,571,14.5,14.5,0,600
5929,2026-03-31,,,0,1050,1000,25.0,25.0,0,1050
5930,2026-03-31,PPP,,0,5780,5503,138.5,138.5,0,5780
5931,2026-03-31,PPP,,0,1110,1057,26.5,26.5,0,1110
5932,2026-03-31,PPP,,0,350,333,8.5,8.5,0,350
5933,2026-03-31,PPP,,0,1300,1238,31.0,31.0,0,1300
5934,2026-03-31,PPP,,0,1270,1210,30.0,30.0,0,1270
5935,2026-03-31,MIXXX,,550,0,523,13.5,13.5,0,550
5936,2026-03-31,PPP,,0,300,286,7.0,7.0,0,300
5937,2026-03-31,,,0,100,95,2.5,2.5,0,100
5938,2026-03-31,,,600,0,571,14.5,14.5,0,600
5939,2026-03-31,,,100,0,95,2.5,2.5,0,100
5940,2026-03-31,,,450,0,429,10.5,10.5,0,450
5941,2026-03-31,,,200,0,190,5.0,5.0,0,200
5942,2026-03-31,,,1100,0,1048,26.0,26.0,0,1100
5943,2026-03-31,,,100,0,95,2.5,2.5,0,100
5944,2026-03-31,,,120,0,114,3.0,3.0,0,120
5945,2026-03-31,,,100,0,95,2.5,2.5,0,100
5946,2026-03-31,,,1900,0,1809,45.5,45.5,0,1900
5947,2026-03-31,,,800,0,761,19.5,19.5,0,800
5948,2026-03-31,,,520,0,494,13.0,13.0,0,520
5949,2026-03-31,PPP,,0,300,286,7.0,7.0,0,300
5950,2026-03-31,PPPP,,0,500,476,12.0,12.0,0,500
5951,2026-03-31,CASH,,1010,0,962,24.0,24.0,0,1010
5952,2026-03-31,PPP,,0,1750,1666,42.0,42.0,0,1750
5953,2026-03-31,CASH,,1520,0,1447,36.5,36.5,0,1520
5954,2026-03-31,,,450,0,428,11.0,11.0,0,450
5955,2026-03-31,,,3130,0,2981,74.5,74.5,0,3130
5956,2026-03-31,,,1810,0,1723,43.5,43.5,0,1810
5957,2026-03-31,,,800,0,762,19.0,19.0,0,800
5958,2026-03-31,,,700,0,667,16.5,16.5,0,700
5959,2026-03-31,,,400,0,380,10.0,10.0,0,400
5960,2026-03-31,,,950,0,905,22.5,22.5,0,950
5961,2026-03-31,,,520,0,495,12.5,12.5,0,520
5962,2026-03-31,,,850,0,810,20.0,20.0,0,850
5963,2026-03-31,,,1400,0,1333,33.5,33.5,0,1400
5964,2026-03-31,,,3950,0,3762,94.0,94.0,0,3950
5965,2026-04-01,CASH,,150,0,143,3.5,3.5,0,150
5966,2026-04-01,PPPP,,0,150,143,3.5,3.5,0,150
5967,2026-04-01,CASH,,550,0,524,13.0,13.0,0,550
5968,2026-04-01,PPP,,0,1000,952,24.0,24.0,0,1000
5969,2026-04-01,CARD,,0,220,209,5.5,5.5,0,220
5970,2026-04-01,PPP,,0,6050,5762,144.0,144.0,0,6050
5971,2026-04-01,PPP,,0,300,286,7.0,7.0,0,300
5972,2026-04-01,CASH,,200,0,190,5.0,5.0,0,200
5973,2026-04-01,PPP,,0,1050,1000,25.0,25.0,0,1050
5974,2026-04-01,PPP,,0,400,381,9.5,9.5,0,400
5975,2026-04-01,PPP,,0,5400,5144,128.0,128.0,0,5400
5976,2026-04-01,[PPP],,0,400,381,9.5,9.5,0,400
5977,2026-04-01,PPP,,0,300,286,7.0,7.0,0,300
5978,2026-04-01,CASH,,1550,0,1477,36.5,36.5,0,1550
5979,2026-04-01,PPP,,0,500,476,12.0,12.0,0,500
5980,2026-04-01,CASH,,300,0,286,7.0,7.0,0,300
5981,2026-04-01,,,1500,0,1429,35.5,35.5,0,1500
5982,2026-04-01,,,300,0,286,7.0,7.0,0,300
5983,2026-04-01,CASH,,3780,0,3599,90.5,90.5,0,3780
5984,2026-04-01,PPP,,0,200,190,5.0,5.0,0,200
5985,2026-04-01,CASH,,200,0,190,5.0,5.0,0,200
5986,2026-04-01,CASH,,240,0,228,6.0,6.0,0,240
5987,2026-04-01,CASH,,500,0,476,12.0,12.0,0,500
5988,2026-04-01,PPP,,0,300,286,7.0,7.0,0,300
5989,2026-04-01,PPP,,0,500,476,12.0,12.0,0,500
5990,2026-04-01,,,1550,0,1476,37.0,37.0,0,1550
5991,2026-04-01,,,850,0,810,20.0,20.0,0,850
5992,2026-04-01,,,560,0,533,13.5,13.5,0,560
5993,2026-04-01,,,800,0,762,19.0,19.0,0,800
5994,2026-04-01,,,400,0,381,9.5,9.5,0,400
5995,2026-04-01,,,1100,0,1047,26.5,26.5,0,1100
5996,2026-04-01,,,1430,0,1362,34.0,34.0,0,1430
5997,2026-04-01,,,200,0,190,5.0,5.0,0,200
5998,2026-04-01,,,400,0,381,9.5,9.5,0,400
5999,2026-04-01,,,350,0,333,8.5,8.5,0,350
6000,2026-04-01,,,1470,0,1400,35.0,35.0,0,1470
6001,2026-04-01,PP,,0,500,475,12.5,12.5,0,500
6002,2026-04-01,,,300,0,286,7.0,7.0,0,300
6003,2026-04-01,,,150,0,143,3.5,3.5,0,150
6004,2026-04-01,,,2700,0,2572,64.0,64.0,0,2700
6005,2026-04-01,,,580,0,551,14.5,14.5,0,580
6006,2026-04-01,,,280,0,267,6.5,6.5,0,280
6007,2026-04-01,,,200,0,190,5.0,5.0,0,200
6008,2026-04-01,,,550,0,524,13.0,13.0,0,550
6009,2026-04-01,,,500,0,476,12.0,12.0,0,500
6010,2026-04-01,,,350,0,333,8.5,8.5,0,350
6011,2026-04-01,,,120,0,114,3.0,3.0,0,120
6012,2026-04-01,,,1100,0,1048,26.0,26.0,0,1100
6013,2026-04-01,CASH,,350,0,333,8.5,8.5,0,350
6014,2026-04-01,PPP,,0,940,895,22.5,22.5,0,940
6015,2026-04-01,PPP,,0,850,810,20.0,20.0,0,850
6016,2026-04-02,CARD,,0,400,381,9.5,9.5,0,400
6017,2026-04-02,CASH,,300,0,286,7.0,7.0,0,300
6018,2026-04-02,PPP,,0,1010,962,24.0,24.0,0,1010
6019,2026-04-02,,,2500,0,2381,59.5,59.5,0,2500
6020,2026-04-02,,,100,0,95,2.5,2.5,0,100
6021,2026-04-02,,,250,0,238,6.0,6.0,0,250
6022,2026-04-02,CASH,,700,0,666,17.0,17.0,0,700
6023,2026-04-02,,,200,0,190,5.0,5.0,0,200
6024,2026-04-02,PPP,,0,450,428,11.0,11.0,0,450
6025,2026-04-02,,,50,0,48,1.0,1.0,0,50
6026,2026-04-02,,,350,0,333,8.5,8.5,0,350
6027,2026-04-02,,,4500,0,4285,107.5,107.5,0,4500
6028,2026-04-02,CARD,,0,700,666,17.0,17.0,0,700
6029,2026-04-02,,,350,0,333,8.5,8.5,0,350
6030,2026-04-02,PPPP,,0,500,476,12.0,12.0,0,500
6031,2026-04-02,PPP,,0,350,333,8.5,8.5,0,350
6032,2026-04-02,PPP,,0,200,190,5.0,5.0,0,200
6033,2026-04-02,,,800,0,761,19.5,19.5,0,800
6034,2026-04-02,,,650,0,619,15.5,15.5,0,650
6035,2026-04-02,,,550,0,524,13.0,13.0,0,550
6036,2026-04-02,,,200,0,190,5.0,5.0,0,200
6037,2026-04-02,,,300,0,286,7.0,7.0,0,300
6038,2026-04-02,,,600,0,571,14.5,14.5,0,600
6039,2026-04-02,,,300,0,286,7.0,7.0,0,300
6040,2026-04-02,,,800,0,762,19.0,19.0,0,800
6041,2026-04-02,,,100,0,95,2.5,2.5,0,100
6042,2026-04-02,,,300,0,286,7.0,7.0,0,300
6043,2026-04-02,PPP,,0,1050,1000,25.0,25.0,0,1050
6044,2026-04-02,PPP,,0,350,333,8.5,8.5,0,350
6045,2026-04-02,PPP,,0,3830,3647,91.5,91.5,0,3830
6046,2026-04-02,PPP,,0,30,29,0.5,0.5,0,30
6047,2026-04-02,PPP,,0,300,286,7.0,7.0,0,300
6048,2026-04-02,CASH,,750,0,714,18.0,18.0,0,750
6049,2026-04-02,PPP,,0,2200,2096,52.0,52.0,0,2200
6050,2026-04-02,PPP,,0,600,571,14.5,14.5,0,600
6051,2026-04-02,PPP,,0,500,476,12.0,12.0,0,500
6052,2026-04-02,PPP,,0,650,619,15.5,15.5,0,650
6053,2026-04-02,PPP,,0,1750,1668,41.0,41.0,0,1750
6054,2026-04-02,PPP,,0,500,476,12.0,12.0,0,500
6055,2026-04-02,PPP,,0,550,523,13.5,13.5,0,550
6056,2026-04-02,,,300,0,286,7.0,7.0,0,300
6057,2026-04-02,CASH,,180,0,171,4.5,4.5,0,180
6058,2026-04-02,PPP,,0,500,476,12.0,12.0,0,500
6059,2026-04-02,CASH,,3250,0,3095,77.5,77.5,0,3250
6060,2026-04-02,PPPP,,0,310,295,7.5,7.5,0,310
6061,2026-04-02,PPP,,0,2400,2286,57.0,57.0,0,2400
6062,2026-04-02,PPP,,0,1220,1162,29.0,29.0,0,1220
6063,2026-04-02,PPP,,0,800,763,18.5,18.5,0,800
6064,2026-04-02,PPP,,0,1700,1619,40.5,40.5,0,1700
6065,2026-04-02,PPP,,0,200,190,5.0,5.0,0,200
6066,2026-04-02,PPP,,0,900,857,21.5,21.5,0,900
6067,2026-04-02,CASH,,400,0,381,9.5,9.5,0,400
6068,2026-04-02,PPP,,0,300,286,7.0,7.0,0,300
6069,2026-04-02,CASH,,4060,0,3866,97.0,97.0,0,4060
6070,2026-04-02,PPP,,0,200,190,5.0,5.0,0,200
6071,2026-04-02,PPP,,0,150,143,3.5,3.5,0,150
6072,2026-04-02,PPP,,0,350,333,8.5,8.5,0,350
6073,2026-04-02,CASH,,250,0,238,6.0,6.0,0,250
6074,2026-04-02,CASH,,2390,0,2275,57.5,57.5,0,2390
6075,2026-04-02,CASH,,600,0,571,14.5,14.5,0,600
6076,2026-04-02,PPP,,0,120,114,3.0,3.0,0,120
6077,2026-04-02,PPP,,0,300,286,7.0,7.0,0,300
6078,2026-04-02,CASH,,400,0,381,9.5,9.5,0,400
6079,2026-04-02,,,260,0,248,6.0,6.0,0,260
6080,2026-04-02,CASH,,0,830,791,19.5,19.5,0,830
6081,2026-04-02,,,1000,0,952,24.0,24.0,0,1000
6082,2026-04-02,PPP,,0,460,438,11.0,11.0,0,460
6083,2026-04-02,CASH,,1480,0,1409,35.5,35.5,0,1480
6084,2026-04-02,PPP,,0,260,248,6.0,6.0,0,260
6085,2026-04-02,PPP,,0,350,333,8.5,8.5,0,350
6086,2026-04-02,CARD,,0,550,523,13.5,13.5,0,550
6087,2026-04-02,PPP,,0,260,248,6.0,6.0,0,260
6088,2026-04-02,PPP,,0,650,619,15.5,15.5,0,650
6089,2026-04-02,PPPP,,0,1650,1571,39.5,39.5,0,1650
6090,2026-04-02,CARD,,0,500,476,12.0,12.0,0,500
6091,2026-04-02,CASH,,30,0,29,0.5,0.5,0,30
6092,2026-04-02,PPP,,0,350,333,8.5,8.5,0,350
6093,2026-04-02,CASH,,500,0,476,12.0,12.0,0,500
6094,2026-04-02,PPP,,0,400,381,9.5,9.5,0,400
6095,2026-04-02,PPP,,0,1400,1334,33.0,33.0,0,1400
6096,2026-04-02,CASH,,500,0,476,12.0,12.0,0,500
6097,2026-04-02,PPP,,0,2400,2286,57.0,57.0,0,2400
6098,2026-04-02,CASH,,100,0,95,2.5,2.5,0,100
6099,2026-04-02,CASH,,120,0,114,3.0,3.0,0,120
6100,2026-04-02,CASH,,350,0,333,8.5,8.5,0,350
6101,2026-04-02,PPP,,0,200,190,5.0,5.0,0,200
6102,2026-04-02,PPP,,0,700,666,17.0,17.0,0,700
6103,2026-04-03,PPP,,0,250,238,6.0,6.0,0,250
6104,2026-04-03,CASH,,300,0,286,7.0,7.0,0,300
6105,2026-04-03,PPP,,0,120,114,3.0,3.0,0,120
6106,2026-04-03,PPP,,0,500,476,12.0,12.0,0,500
6107,2026-04-03,CASH,,8100,0,7714,193.0,193.0,0,8100
6108,2026-04-03,CASH,,600,0,571,14.5,14.5,0,600
6109,2026-04-03,CAHS,,700,0,666,17.0,17.0,0,700
6110,2026-04-03,CASH,,150,0,143,3.5,3.5,0,150
6111,2026-04-03,,,100,0,95,2.5,2.5,0,100
6112,2026-04-03,,,1770,0,1687,41.5,41.5,0,1770
6113,2026-04-03,PPP,,0,2060,1962,49.0,49.0,0,2060
6114,2026-04-03,,,1650,0,1571,39.5,39.5,0,1650
6115,2026-04-03,,,2000,0,1904,48.0,48.0,0,2000
6116,2026-04-03,,,300,0,286,7.0,7.0,0,300
6117,2026-04-03,,,250,0,238,6.0,6.0,0,250
6118,2026-04-03,,,450,0,429,10.5,10.5,0,450
6119,2026-04-03,,,860,0,819,20.5,20.5,0,860
6120,2026-04-03,CASH,,1500,0,1428,36.0,36.0,0,1500
6121,2026-04-03,CASH,,2650,0,2523,63.5,63.5,0,2650
6122,2026-04-03,CASH,,1000,0,952,24.0,24.0,0,1000
6123,2026-04-03,CASH,,200,0,190,5.0,5.0,0,200
6124,2026-04-03,CARD,,0,4010,3818,96.0,96.0,0,4010
6125,2026-04-03,PPP,,0,1310,1248,31.0,31.0,0,1310
6126,2026-04-03,CASH,,1930,0,1839,45.5,45.5,0,1930
6127,2026-04-03,PPP,,0,1500,1429,35.5,35.5,0,1500
6128,2026-04-03,PPP,,0,1980,1886,47.0,47.0,0,1980
6129,2026-04-03,,,60,0,57,1.5,1.5,0,60
6130,2026-04-03,PPP,,0,3050,2905,72.5,72.5,0,3050
6131,2026-04-03,CASH,,520,0,495,12.5,12.5,0,520
6132,2026-04-03,,,550,0,524,13.0,13.0,0,550
6133,2026-04-03,CASH,,150,0,143,3.5,3.5,0,150
6134,2026-04-03,,,250,0,238,6.0,6.0,0,250
6135,2026-04-03,,,120,0,114,3.0,3.0,0,120
6136,2026-04-03,,,100,0,95,2.5,2.5,0,100
6137,2026-04-03,,,200,0,190,5.0,5.0,0,200
6138,2026-04-03,,,1000,0,952,24.0,24.0,0,1000
6139,2026-04-03,,,550,0,524,13.0,13.0,0,550
6140,2026-04-03,CASH,,650,0,619,15.5,15.5,0,650
6141,2026-04-03,PPP,,0,250,238,6.0,6.0,0,250
6142,2026-04-03,PPP,,0,240,229,5.5,5.5,0,240
6143,2026-04-03,PPP,,0,2760,2628,66.0,66.0,0,2760
6144,2026-04-03,CASH,,960,0,914,23.0,23.0,0,960
6145,2026-04-03,PPP,,0,1140,1086,27.0,27.0,0,1140
6146,2026-04-03,CARD,,0,1440,1371,34.5,34.5,0,1440
6147,2026-04-03,CASH,,300,0,286,7.0,7.0,0,300
6148,2026-04-03,CASH,,480,0,457,11.5,11.5,0,480
6149,2026-04-03,MIXXX,,350,0,333,8.5,8.5,0,350
6150,2026-04-03,CASH,,2000,0,1905,47.5,47.5,0,2000
6151,2026-04-03,CASH,,250,0,238,6.0,6.0,0,250
6152,2026-04-03,,,300,0,286,7.0,7.0,0,300
6153,2026-04-03,,,850,0,809,20.5,20.5,0,850
6154,2026-04-03,,,160,0,152,4.0,4.0,0,160
6155,2026-04-03,,,550,0,524,13.0,13.0,0,550
6156,2026-04-03,PPP,,0,1130,1076,27.0,27.0,0,1130
6157,2026-04-03,,,630,0,600,15.0,15.0,0,630
6158,2026-04-03,,,500,0,476,12.0,12.0,0,500
6159,2026-04-03,,,280,0,267,6.5,6.5,0,280
6160,2026-04-03,PPP,,0,500,476,12.0,12.0,0,500
6161,2026-04-03,,,100,0,95,2.5,2.5,0,100
6162,2026-04-03,,,200,0,190,5.0,5.0,0,200
6163,2026-04-03,,,1100,0,1047,26.5,26.5,0,1100
6164,2026-04-03,,,1480,0,1410,35.0,35.0,0,1480
6165,2026-04-03,,,150,0,143,3.5,3.5,0,150
6166,2026-04-03,,,450,0,429,10.5,10.5,0,450
6167,2026-04-03,,,150,0,143,3.5,3.5,0,150
6168,2026-04-03,PPP,,0,1200,1143,28.5,28.5,0,1200
6169,2026-04-03,,,1300,0,1238,31.0,31.0,0,1300
6170,2026-04-03,,,150,0,143,3.5,3.5,0,150
6171,2026-04-03,PPP,,0,2550,2429,60.5,60.5,0,2550
6172,2026-04-03,PPP,,0,600,571,14.5,14.5,0,600
6173,2026-04-03,PPP,,0,150,143,3.5,3.5,0,150
6174,2026-04-03,PPP,,0,300,286,7.0,7.0,0,300
6175,2026-04-03,PPPP,,0,1690,1610,40.0,40.0,0,1690
6176,2026-04-03,PPP,,0,400,381,9.5,9.5,0,400
6177,2026-04-03,CARD,,0,1480,1409,35.5,35.5,0,1480
6178,2026-04-03,,,500,0,476,12.0,12.0,0,500
6179,2026-04-03,,,250,0,238,6.0,6.0,0,250
6180,2026-04-03,,,0,2240,2133,53.5,53.5,0,2240
6181,2026-04-03,,,0,150,143,3.5,3.5,0,150
6182,2026-04-03,,,3200,0,3047,76.5,76.5,0,3200
6183,2026-04-03,,,250,0,238,6.0,6.0,0,250
6184,2026-04-03,,,3060,0,2915,72.5,72.5,0,3060
6185,2026-04-03,,,900,0,857,21.5,21.5,0,900
6186,2026-04-03,,,450,0,428,11.0,11.0,0,450
6187,2026-04-03,,,300,0,286,7.0,7.0,0,300
6188,2026-04-03,,,1050,0,1000,25.0,25.0,0,1050
6189,2026-04-03,,,0,1750,1666,42.0,42.0,0,1750
6190,2026-04-04,CASH,,1100,0,1048,26.0,26.0,0,1100
6191,2026-04-04,,,240,0,229,5.5,5.5,0,240
6192,2026-04-04,PPP,,0,100,95,2.5,2.5,0,100
6193,2026-04-04,PPP,,0,500,476,12.0,12.0,0,500
6194,2026-04-04,,,300,0,286,7.0,7.0,0,300
6195,2026-04-04,,,50,0,48,1.0,1.0,0,50
6196,2026-04-04,PPP,,0,430,409,10.5,10.5,0,430
6197,2026-04-04,CASH,,780,0,743,18.5,18.5,0,780
6198,2026-04-04,,,1780,0,1695,42.5,42.5,0,1780
6199,2026-04-04,PPPPP,,0,250,238,6.0,6.0,0,250
6200,2026-04-04,CASH,,1320,0,1257,31.5,31.5,0,1320
6201,2026-04-04,PPP,,0,2550,2429,60.5,60.5,0,2550
6202,2026-04-04,,,2640,0,2515,62.5,62.5,0,2640
6203,2026-04-04,,,1100,0,1048,26.0,26.0,0,1100
6204,2026-04-04,,,350,0,333,8.5,8.5,0,350
6205,2026-04-04,,,1240,0,1180,30.0,30.0,0,1240
6206,2026-04-04,,,1510,0,1437,36.5,36.5,0,1510
6207,2026-04-04,,,350,0,333,8.5,8.5,0,350
6208,2026-04-04,,,1840,0,1753,43.5,43.5,0,1840
6209,2026-04-04,,,0,2750,2619,65.5,65.5,0,2750
6210,2026-04-04,,,1050,0,1000,25.0,25.0,0,1050
6211,2026-04-04,,,250,0,238,6.0,6.0,0,250
6212,2026-04-04,PPP,,0,1400,1333,33.5,33.5,0,1400
6213,2026-04-04,PPP,,0,800,761,19.5,19.5,0,800
6214,2026-04-04,PPP,,0,400,381,9.5,9.5,0,400
6215,2026-04-04,PPP,,0,350,333,8.5,8.5,0,350
6216,2026-04-04,PPP,,0,120,114,3.0,3.0,0,120
6217,2026-04-04,PPP,,0,300,286,7.0,7.0,0,300
6218,2026-04-04,CASH,,300,0,286,7.0,7.0,0,300
6219,2026-04-04,CASH,,500,0,476,12.0,12.0,0,500
6220,2026-04-04,PPP,,0,1050,1000,25.0,25.0,0,1050
6221,2026-04-04,CASH,,150,0,143,3.5,3.5,0,150
6222,2026-04-04,PPP,,0,760,724,18.0,18.0,0,760
6223,2026-04-04,CASH,,240,0,229,5.5,5.5,0,240
6224,2026-04-04,CASH,,650,0,619,15.5,15.5,0,650
6225,2026-04-04,CASH,,650,0,619,15.5,15.5,0,650
6226,2026-04-04,PPPP,,0,700,667,16.5,16.5,0,700
6227,2026-04-04,,,1250,0,1190,30.0,30.0,0,1250
6228,2026-04-04,PPP,,0,500,476,12.0,12.0,0,500
6229,2026-04-04,CASH,,450,0,428,11.0,11.0,0,450
6230,2026-04-04,,,0,710,676,17.0,17.0,0,710
6231,2026-04-04,,,350,0,333,8.5,8.5,0,350
6232,2026-04-04,,,950,0,904,23.0,23.0,0,950
6233,2026-04-04,,,930,0,885,22.5,22.5,0,930
6234,2026-04-04,,,1250,0,1190,30.0,30.0,0,1250
6235,2026-04-04,,,350,0,333,8.5,8.5,0,350
6236,2026-04-04,CASH,,260,0,248,6.0,6.0,0,260
6237,2026-04-04,PPP,,0,390,372,9.0,9.0,0,390
6238,2026-04-04,PPP,,0,1200,1143,28.5,28.5,0,1200
6239,2026-04-04,CARD,,0,350,333,8.5,8.5,0,350
6240,2026-04-04,MIXXX,,6030,0,5743,143.5,143.5,0,6030
6241,2026-04-04,CASH,,500,0,476,12.0,12.0,0,500
6242,2026-04-04,,,1350,0,1285,32.5,32.5,0,1350
6243,2026-04-04,,,200,0,190,5.0,5.0,0,200
6244,2026-04-04,,,500,0,476,12.0,12.0,0,500
6245,2026-04-04,,,500,0,476,12.0,12.0,0,500
6246,2026-04-04,,,250,0,238,6.0,6.0,0,250
6247,2026-04-04,PPP,,0,300,286,7.0,7.0,0,300
6248,2026-04-04,,,2390,0,2276,57.0,57.0,0,2390
6249,2026-04-04,CASH,,1400,0,1333,33.5,33.5,0,1400
6250,2026-04-04,,,0,750,714,18.0,18.0,0,750
6251,2026-04-04,,,240,0,229,5.5,5.5,0,240
6252,2026-04-04,,,780,0,743,18.5,18.5,0,780
6253,2026-04-04,,,360,0,343,8.5,8.5,0,360
6254,2026-04-04,,,600,0,571,14.5,14.5,0,600
6255,2026-04-04,,,500,0,476,12.0,12.0,0,500
6256,2026-04-04,PPP,,0,650,619,15.5,15.5,0,650
6257,2026-04-04,PPP,,0,150,143,3.5,3.5,0,150
6258,2026-04-04,CARD,,0,1000,953,23.5,23.5,0,1000
6259,2026-04-04,PPPP,,0,1690,1609,40.5,40.5,0,1690
6260,2026-04-04,CARD,,0,2190,2085,52.5,52.5,0,2190
6261,2026-04-04,PPP,,0,600,571,14.5,14.5,0,600
6262,2026-04-04,PPP,,0,300,286,7.0,7.0,0,300
6263,2026-04-04,PPP,,0,350,333,8.5,8.5,0,350
6264,2026-04-04,PPP,,0,600,571,14.5,14.5,0,600
6265,2026-04-04,CARD,,0,1710,1628,41.0,41.0,0,1710
6266,2026-04-04,,,2130,0,2028,51.0,51.0,0,2130
6267,2026-04-04,CASH,,720,0,685,17.5,17.5,0,720
6268,2026-04-04,,,1300,0,1238,31.0,31.0,0,1300
6269,2026-04-04,PPP,,0,1300,1238,31.0,31.0,0,1300
6270,2026-04-04,,,350,0,333,8.5,8.5,0,350
6271,2026-04-04,CARD,,0,2300,2190,55.0,55.0,0,2300
6272,2026-04-04,CASH,,1000,0,952,24.0,24.0,0,1000
6273,2026-04-04,CARD,,0,500,476,12.0,12.0,0,500
6274,2026-04-05,CASH,,150,0,143,3.5,3.5,0,150
6275,2026-04-05,CASH,,250,0,238,6.0,6.0,0,250
6276,2026-04-05,MIXX,,300,0,286,7.0,7.0,0,300
6277,2026-04-05,PPP,,0,3050,2905,72.5,72.5,0,3050
6278,2026-04-05,PPP,,0,440,419,10.5,10.5,0,440
6279,2026-04-05,PPP,,0,300,286,7.0,7.0,0,300
6280,2026-04-05,PPP,,0,200,190,5.0,5.0,0,200
6281,2026-04-05,PPP,,0,3350,3191,79.5,79.5,0,3350
6282,2026-04-05,CASH,,500,0,476,12.0,12.0,0,500
6283,2026-04-05,PPP,,0,150,143,3.5,3.5,0,150
6284,2026-04-05,PPP,,0,1050,1000,25.0,25.0,0,1050
6285,2026-04-05,,,150,0,143,3.5,3.5,0,150
6286,2026-04-05,,,2250,0,2142,54.0,54.0,0,2250
6287,2026-04-05,,,400,0,381,9.5,9.5,0,400
6288,2026-04-05,,,500,0,476,12.0,12.0,0,500
6289,2026-04-05,PPP,,0,750,714,18.0,18.0,0,750
6290,2026-04-05,,,1500,0,1429,35.5,35.5,0,1500
6291,2026-04-05,,,0,1500,1428,36.0,36.0,0,1500
6292,2026-04-05,,,600,0,571,14.5,14.5,0,600
6293,2026-04-05,,,460,0,438,11.0,11.0,0,460
6294,2026-04-05,,,300,0,286,7.0,7.0,0,300
6295,2026-04-05,,,100,0,95,2.5,2.5,0,100
6296,2026-04-05,PPP,,0,500,476,12.0,12.0,0,500
6297,2026-04-05,,,500,0,476,12.0,12.0,0,500
6298,2026-04-05,,,1060,0,1010,25.0,25.0,0,1060
6299,2026-04-05,CASH,,1200,0,1143,28.5,28.5,0,1200
6300,2026-04-05,CARD,,0,2670,2543,63.5,63.5,0,2670
6301,2026-04-05,PPP,,0,1070,1018,26.0,26.0,0,1070
6302,2026-04-05,PPP,,0,1070,1019,25.5,25.5,0,1070
6303,2026-04-05,CASH,,2040,0,1942,49.0,49.0,0,2040
6304,2026-04-05,PPP,,0,1150,1095,27.5,27.5,0,1150
6305,2026-04-05,PPP,,0,1380,1314,33.0,33.0,0,1380
6306,2026-04-05,PPP,,0,350,334,8.0,8.0,0,350
6307,2026-04-05,PPP,,0,1360,1296,32.0,32.0,0,1360
6308,2026-04-05,,,850,0,810,20.0,20.0,0,850
6309,2026-04-05,,,300,0,286,7.0,7.0,0,300
6310,2026-04-05,,,2600,0,2477,61.5,61.5,0,2600
6311,2026-04-05,,,1320,0,1257,31.5,31.5,0,1320
6312,2026-04-05,,,120,0,114,3.0,3.0,0,120
6313,2026-04-05,,,100,0,95,2.5,2.5,0,100
6314,2026-04-05,,,1590,0,1514,38.0,38.0,0,1590
6315,2026-04-05,,,7010,0,6675,167.5,167.5,0,7010
6316,2026-04-05,,,650,0,619,15.5,15.5,0,650
6317,2026-04-05,,,300,0,285,7.5,7.5,0,300
6318,2026-04-05,CASH,,500,0,476,12.0,12.0,0,500
6319,2026-04-05,,,500,0,476,12.0,12.0,0,500
6320,2026-04-05,,,200,0,190,5.0,5.0,0,200
6321,2026-04-05,,,50,0,48,1.0,1.0,0,50
6322,2026-04-05,,,3000,0,2858,71.0,71.0,0,3000
6323,2026-04-05,,,550,0,523,13.5,13.5,0,550
6324,2026-04-05,CASH,,400,0,381,9.5,9.5,0,400
6325,2026-04-05,,,260,0,248,6.0,6.0,0,260
6326,2026-04-05,,,120,0,114,3.0,3.0,0,120
6327,2026-04-05,,,850,0,810,20.0,20.0,0,850
6328,2026-04-05,,,1460,0,1390,35.0,35.0,0,1460
6329,2026-04-05,,,1500,0,1429,35.5,35.5,0,1500
6330,2026-04-05,,,120,0,114,3.0,3.0,0,120
6331,2026-04-05,,,250,0,238,6.0,6.0,0,250
6332,2026-04-05,,,540,0,514,13.0,13.0,0,540
6333,2026-04-05,,,100,0,95,2.5,2.5,0,100
6334,2026-04-05,,,500,0,476,12.0,12.0,0,500
6335,2026-04-05,,,750,0,714,18.0,18.0,0,750
6336,2026-04-05,,,3300,0,3143,78.5,78.5,0,3300
6337,2026-04-05,,,400,0,381,9.5,9.5,0,400
6338,2026-04-05,,,150,0,143,3.5,3.5,0,150
6339,2026-04-05,,,650,0,619,15.5,15.5,0,650
6340,2026-04-05,,,350,0,333,8.5,8.5,0,350
6341,2026-04-05,,,3100,0,2953,73.5,73.5,0,3100
6342,2026-04-05,,,160,0,152,4.0,4.0,0,160
6343,2026-04-05,,,1270,0,1209,30.5,30.5,0,1270
6344,2026-04-05,,,300,0,286,7.0,7.0,0,300
6345,2026-04-05,,,400,0,381,9.5,9.5,0,400
6346,2026-04-05,,,300,0,286,7.0,7.0,0,300
6347,2026-04-05,,,100,0,95,2.5,2.5,0,100
6348,2026-04-05,,,120,0,114,3.0,3.0,0,120
6349,2026-04-05,,,880,0,838,21.0,21.0,0,880
6350,2026-04-05,,,450,0,429,10.5,10.5,0,450
6351,2026-04-05,,,260,0,248,6.0,6.0,0,260
6352,2026-04-05,,,210,0,200,5.0,5.0,0,210
6353,2026-04-05,,,2200,0,2095,52.5,52.5,0,2200
6354,2026-04-05,,,1000,0,953,23.5,23.5,0,1000
6355,2026-04-05,,,300,0,286,7.0,7.0,0,300
6356,2026-04-05,,,2090,0,1990,50.0,50.0,0,2090
6357,2026-04-05,,,490,0,467,11.5,11.5,0,490
6358,2026-04-05,,,1120,0,1066,27.0,27.0,0,1120
6359,2026-04-05,,,500,0,476,12.0,12.0,0,500
6360,2026-04-05,,,1250,0,1190,30.0,30.0,0,1250
6361,2026-04-05,,,300,0,286,7.0,7.0,0,300
6362,2026-04-05,,,1260,0,1199,30.5,30.5,0,1260
6363,2026-04-05,,,350,0,333,8.5,8.5,0,350
6364,2026-04-05,,,900,0,857,21.5,21.5,0,900
6365,2026-04-05,,,2740,0,2610,65.0,65.0,0,2740
6366,2026-04-05,,,720,0,685,17.5,17.5,0,720
6367,2026-04-05,,,240,0,229,5.5,5.5,0,240
6368,2026-04-05,,,450,0,429,10.5,10.5,0,450
6369,2026-04-05,,,650,0,619,15.5,15.5,0,650
6370,2026-04-05,,,1340,0,1276,32.0,32.0,0,1340
6371,2026-04-05,,,50,0,48,1.0,1.0,0,50
6372,2026-04-05,,,650,0,619,15.5,15.5,0,650
6373,2026-04-05,,,750,0,714,18.0,18.0,0,750
6374,2026-04-05,,,2000,0,1905,47.5,47.5,0,2000
6375,2026-04-05,,,200,0,190,5.0,5.0,0,200
6376,2026-04-05,,,0,150,143,3.5,3.5,0,150
6377,2026-04-05,,,1350,0,1286,32.0,32.0,0,1350
6378,2026-04-05,,,120,0,114,3.0,3.0,0,120
6379,2026-04-05,,,480,0,457,11.5,11.5,0,480
6380,2026-04-06,CASH,,250,0,238,6.0,6.0,0,250
6381,2026-04-06,,,120,0,114,3.0,3.0,0,120
6382,2026-04-06,,,100,0,95,2.5,2.5,0,100
6383,2026-04-06,,,360,0,343,8.5,8.5,0,360
6384,2026-04-06,,,250,0,238,6.0,6.0,0,250
6385,2026-04-06,PPPP,,0,2900,2761,69.5,69.5,0,2900
6386,2026-04-06,MIXX,,0,1100,1048,26.0,26.0,0,1100
6387,2026-04-06,,,2170,0,2067,51.5,51.5,0,2170
6388,2026-04-06,,,650,0,619,15.5,15.5,0,650
6389,2026-04-06,PPP],,0,350,333,8.5,8.5,0,350
6390,2026-04-06,PPP,,0,510,486,12.0,12.0,0,510
6391,2026-04-06,PPP,,0,1500,1429,35.5,35.5,0,1500
6392,2026-04-06,,,550,0,524,13.0,13.0,0,550
6393,2026-04-06,,,1090,0,1039,25.5,25.5,0,1090
6394,2026-04-06,,,400,0,381,9.5,9.5,0,400
6395,2026-04-06,,,900,0,857,21.5,21.5,0,900
6396,2026-04-06,,,480,0,457,11.5,11.5,0,480
6397,2026-04-06,,,300,0,286,7.0,7.0,0,300
6398,2026-04-06,,,150,0,143,3.5,3.5,0,150
6399,2026-04-06,PPP,,0,1000,953,23.5,23.5,0,1000
6400,2026-04-06,,,720,0,686,17.0,17.0,0,720
6401,2026-04-06,,,0,240,229,5.5,5.5,0,240
6402,2026-04-06,,,240,0,229,5.5,5.5,0,240
6403,2026-04-06,PPP,,0,300,286,7.0,7.0,0,300
6404,2026-04-06,,,500,0,476,12.0,12.0,0,500
6405,2026-04-06,,,150,0,143,3.5,3.5,0,150
6406,2026-04-06,,,120,0,114,3.0,3.0,0,120
6407,2026-04-06,,,2500,0,2381,59.5,59.5,0,2500
6408,2026-04-06,,,550,0,524,13.0,13.0,0,550
6409,2026-04-06,,,950,0,904,23.0,23.0,0,950
6410,2026-04-06,,,400,0,381,9.5,9.5,0,400
6411,2026-04-06,,,240,0,229,5.5,5.5,0,240
6412,2026-04-06,,,2400,0,2286,57.0,57.0,0,2400
6413,2026-04-06,,,300,0,286,7.0,7.0,0,300
6414,2026-04-06,,,850,0,810,20.0,20.0,0,850
6415,2026-04-06,,,1700,0,1619,40.5,40.5,0,1700
6416,2026-04-06,,,350,0,333,8.5,8.5,0,350
6417,2026-04-06,PPP,,0,500,476,12.0,12.0,0,500
6418,2026-04-06,,,350,0,333,8.5,8.5,0,350
6419,2026-04-06,,,120,0,114,3.0,3.0,0,120
6420,2026-04-06,,,150,0,143,3.5,3.5,0,150
6421,2026-04-06,,,100,0,95,2.5,2.5,0,100
6422,2026-04-06,,,0,1320,1257,31.5,31.5,0,1320
6423,2026-04-06,PPP,,0,850,810,20.0,20.0,0,850
6424,2026-04-06,PPP,,0,130,124,3.0,3.0,0,130
6425,2026-04-06,CASH,,1300,0,1238,31.0,31.0,0,1300
6426,2026-04-06,PPP,,0,700,667,16.5,16.5,0,700
6427,2026-04-06,CASH,,130,0,124,3.0,3.0,0,130
6428,2026-04-06,,,1050,0,1000,25.0,25.0,0,1050
6429,2026-04-06,,,280,0,267,6.5,6.5,0,280
6430,2026-04-06,,,630,0,600,15.0,15.0,0,630
6431,2026-04-06,,,100,0,95,2.5,2.5,0,100
6432,2026-04-06,,,2250,0,2143,53.5,53.5,0,2250
6433,2026-04-06,,,500,0,476,12.0,12.0,0,500
6434,2026-04-06,,,400,0,381,9.5,9.5,0,400
6435,2026-04-06,,,560,0,533,13.5,13.5,0,560
6436,2026-04-06,,,3550,0,3381,84.5,84.5,0,3550
6437,2026-04-06,,,120,0,114,3.0,3.0,0,120
6438,2026-04-06,,,150,0,143,3.5,3.5,0,150
6439,2026-04-06,,,470,0,447,11.5,11.5,0,470
6440,2026-04-06,,,340,0,324,8.0,8.0,0,340
6441,2026-04-06,,,730,0,696,17.0,17.0,0,730
6442,2026-04-06,,,1590,0,1514,38.0,38.0,0,1590
6443,2026-04-06,,,1530,0,1457,36.5,36.5,0,1530
6444,2026-04-06,,,600,0,572,14.0,14.0,0,600
6445,2026-04-06,,,200,0,190,5.0,5.0,0,200
6446,2026-04-06,,,1300,0,1238,31.0,31.0,0,1300
6447,2026-04-06,,,300,0,286,7.0,7.0,0,300
6448,2026-04-07,CASH,,700,0,666,17.0,17.0,0,700
6449,2026-04-07,CASH,,260,0,247,6.5,6.5,0,260
6450,2026-04-07,PPP,,0,260,248,6.0,6.0,0,260
6451,2026-04-07,,,1500,0,1428,36.0,36.0,0,1500
6452,2026-04-07,,,350,0,333,8.5,8.5,0,350
6453,2026-04-07,PPP,,0,550,524,13.0,13.0,0,550
6454,2026-04-07,,,150,0,143,3.5,3.5,0,150
6455,2026-04-07,CASH,,2200,0,2095,52.5,52.5,0,2200
6456,2026-04-07,CASH,,180,0,171,4.5,4.5,0,180
6457,2026-04-07,CASH,,1740,0,1658,41.0,41.0,0,1740
6458,2026-04-07,PPP,,0,1350,1285,32.5,32.5,0,1350
6459,2026-04-07,PPP,,0,550,524,13.0,13.0,0,550
6460,2026-04-07,PPP,,0,200,190,5.0,5.0,0,200
6461,2026-04-07,,,200,0,190,5.0,5.0,0,200
6462,2026-04-07,,,120,0,114,3.0,3.0,0,120
6463,2026-04-07,,,750,0,714,18.0,18.0,0,750
6464,2026-04-07,,,0,300,286,7.0,7.0,0,300
6465,2026-04-07,,,50,0,48,1.0,1.0,0,50
6466,2026-04-07,[PPPP],,0,500,476,12.0,12.0,0,500
6467,2026-04-07,PPP,,0,400,381,9.5,9.5,0,400
6468,2026-04-07,CASH,,1650,0,1572,39.0,39.0,0,1650
6469,2026-04-07,,,150,0,143,3.5,3.5,0,150
6470,2026-04-07,,,1000,0,952,24.0,24.0,0,1000
6471,2026-04-07,,,190,0,181,4.5,4.5,0,190
6472,2026-04-07,,,250,0,238,6.0,6.0,0,250
6473,2026-04-07,,,280,0,267,6.5,6.5,0,280
6474,2026-04-07,,,100,0,95,2.5,2.5,0,100
6475,2026-04-07,PPP,,0,500,476,12.0,12.0,0,500
6476,2026-04-07,,,650,0,619,15.5,15.5,0,650
6477,2026-04-07,,,600,0,571,14.5,14.5,0,600
6478,2026-04-07,,,850,0,810,20.0,20.0,0,850
6479,2026-04-07,,,350,0,333,8.5,8.5,0,350
6480,2026-04-07,,,350,0,333,8.5,8.5,0,350
6481,2026-04-07,,,500,0,476,12.0,12.0,0,500
6482,2026-04-07,,,600,0,571,14.5,14.5,0,600
6483,2026-04-07,,,600,0,571,14.5,14.5,0,600
6484,2026-04-07,CARD,,0,500,476,12.0,12.0,0,500
6485,2026-04-07,,,600,0,571,14.5,14.5,0,600
6486,2026-04-07,,,240,0,228,6.0,6.0,0,240
6487,2026-04-07,,,520,0,495,12.5,12.5,0,520
6488,2026-04-07,,,420,0,399,10.5,10.5,0,420
6489,2026-04-07,CCC,,350,0,333,8.5,8.5,0,350
6490,2026-04-07,,,400,0,381,9.5,9.5,0,400
6491,2026-04-07,,,450,0,429,10.5,10.5,0,450
6492,2026-04-07,,,3630,0,3458,86.0,86.0,0,3630
6493,2026-04-07,,,800,0,762,19.0,19.0,0,800
6494,2026-04-07,,,300,0,286,7.0,7.0,0,300
6495,2026-04-07,,,800,0,762,19.0,19.0,0,800
6496,2026-04-07,,,1360,0,1294,33.0,33.0,0,1360
6497,2026-04-07,,,550,0,524,13.0,13.0,0,550
6498,2026-04-07,,,400,0,381,9.5,9.5,0,400
6499,2026-04-07,,,600,0,571,14.5,14.5,0,600
6500,2026-04-07,,,460,0,438,11.0,11.0,0,460
6501,2026-04-07,,,250,0,238,6.0,6.0,0,250
6502,2026-04-07,,,300,0,286,7.0,7.0,0,300
6503,2026-04-07,,,1050,0,1000,25.0,25.0,0,1050
6504,2026-04-07,,,1280,0,1219,30.5,30.5,0,1280
6505,2026-04-07,,,1100,0,1047,26.5,26.5,0,1100
6506,2026-04-07,,,3750,0,3571,89.5,89.5,0,3750
6507,2026-04-07,,,140,0,133,3.5,3.5,0,140
6508,2026-04-07,,,120,0,114,3.0,3.0,0,120
6509,2026-04-07,,,1290,0,1228,31.0,31.0,0,1290
6510,2026-04-07,,,500,0,476,12.0,12.0,0,500
6511,2026-04-07,,,720,0,686,17.0,17.0,0,720
6512,2026-04-07,,,480,0,457,11.5,11.5,0,480
6513,2026-04-07,,,500,0,476,12.0,12.0,0,500
6514,2026-04-07,,,400,0,381,9.5,9.5,0,400
6515,2026-04-07,,,2150,0,2047,51.5,51.5,0,2150
6516,2026-04-07,,,620,0,591,14.5,14.5,0,620
6517,2026-04-07,,,1400,0,1333,33.5,33.5,0,1400
6518,2026-04-07,,,350,0,333,8.5,8.5,0,350
6519,2026-04-07,,,1050,0,1000,25.0,25.0,0,1050
6520,2026-04-07,PPP,,0,900,857,21.5,21.5,0,900
6521,2026-04-07,CASH,,300,0,286,7.0,7.0,0,300
6522,2026-04-07,PP,,0,1250,1190,30.0,30.0,0,1250
6523,2026-04-07,CASH,,150,0,143,3.5,3.5,0,150
6524,2026-04-07,CASH,,300,0,286,7.0,7.0,0,300
6525,2026-04-07,CASH,,650,0,619,15.5,15.5,0,650
6526,2026-04-07,PPP,,0,1670,1590,40.0,40.0,0,1670
6527,2026-04-07,PPP,,0,1250,1190,30.0,30.0,0,1250
6528,2026-04-07,PPP,,0,300,286,7.0,7.0,0,300
6529,2026-04-07,,,1600,0,1524,38.0,38.0,0,1600
6530,2026-04-07,,,550,0,524,13.0,13.0,0,550
6531,2026-04-07,,,250,0,238,6.0,6.0,0,250
6532,2026-04-07,,,250,0,238,6.0,6.0,0,250
6533,2026-04-07,,,850,0,809,20.5,20.5,0,850
6534,2026-04-07,,,250,0,238,6.0,6.0,0,250
6535,2026-04-07,,,500,0,476,12.0,12.0,0,500
6536,2026-04-07,,,1160,0,1105,27.5,27.5,0,1160
6537,2026-04-07,,,500,0,476,12.0,12.0,0,500
6538,2026-04-07,P,,0,1730,1648,41.0,41.0,0,1730
6539,2026-04-08,CASH,,550,0,524,13.0,13.0,0,550
6540,2026-04-08,,,500,0,476,12.0,12.0,0,500
6541,2026-04-08,,,800,0,761,19.5,19.5,0,800
6542,2026-04-08,PPP,,0,1350,1286,32.0,32.0,0,1350
6543,2026-04-08,PPP,,0,750,714,18.0,18.0,0,750
6544,2026-04-08,PPP,,0,1050,1000,25.0,25.0,0,1050
6545,2026-04-08,PPPP,,0,430,409,10.5,10.5,0,430
6546,2026-04-08,CASH,,0,600,571,14.5,14.5,0,600
6547,2026-04-08,[PPP],,0,120,114,3.0,3.0,0,120
6548,2026-04-08,CARD,,0,280,267,6.5,6.5,0,280
6549,2026-04-08,CASH,,150,0,143,3.5,3.5,0,150
6550,2026-04-08,,,700,0,666,17.0,17.0,0,700
6551,2026-04-08,PPP,,0,600,571,14.5,14.5,0,600
6552,2026-04-08,CARD,,0,860,817,21.5,21.5,0,860
6553,2026-04-08,,,1800,0,1714,43.0,43.0,0,1800
6554,2026-04-08,,,1500,0,1429,35.5,35.5,0,1500
6555,2026-04-08,,,1700,0,1619,40.5,40.5,0,1700
6556,2026-04-08,,,500,0,476,12.0,12.0,0,500
6557,2026-04-08,,,1650,0,1571,39.5,39.5,0,1650
6558,2026-04-08,,,300,0,286,7.0,7.0,0,300
6559,2026-04-08,CASH,,200,0,190,5.0,5.0,0,200
6560,2026-04-08,CASH,,720,0,686,17.0,17.0,0,720
6561,2026-04-08,,,500,0,476,12.0,12.0,0,500
6562,2026-04-08,CASH,,780,0,743,18.5,18.5,0,780
6563,2026-04-08,,,1000,0,952,24.0,24.0,0,1000
6564,2026-04-08,,,300,0,285,7.5,7.5,0,300
6565,2026-04-08,CASH,,1100,0,1048,26.0,26.0,0,1100
6566,2026-04-08,,,500,0,476,12.0,12.0,0,500
6567,2026-04-08,,,3000,0,2858,71.0,71.0,0,3000
6568,2026-04-08,PPP,,0,100,95,2.5,2.5,0,100
6569,2026-04-08,,,600,0,571,14.5,14.5,0,600
6570,2026-04-08,PPP,,0,840,800,20.0,20.0,0,840
6571,2026-04-08,,,150,0,143,3.5,3.5,0,150
6572,2026-04-08,,,250,0,238,6.0,6.0,0,250
6573,2026-04-08,,,1370,0,1305,32.5,32.5,0,1370
6574,2026-04-08,PPP,,0,1390,1324,33.0,33.0,0,1390
6575,2026-04-08,CASH,,350,0,334,8.0,8.0,0,350
6576,2026-04-08,PPP,,0,50,48,1.0,1.0,0,50
6577,2026-04-08,,,150,0,143,3.5,3.5,0,150
6578,2026-04-08,,,350,0,333,8.5,8.5,0,350
6579,2026-04-08,,,1050,0,1000,25.0,25.0,0,1050
6580,2026-04-08,CASH,,120,0,114,3.0,3.0,0,120
6581,2026-04-08,CARD,,0,300,286,7.0,7.0,0,300
6582,2026-04-08,PPP,,0,1200,1142,29.0,29.0,0,1200
6583,2026-04-08,PPP,,0,250,238,6.0,6.0,0,250
6584,2026-04-08,PPP,,0,1850,1762,44.0,44.0,0,1850
6585,2026-04-08,,,150,0,143,3.5,3.5,0,150
6586,2026-04-08,,,630,0,600,15.0,15.0,0,630
6587,2026-04-08,,,1000,0,953,23.5,23.5,0,1000
6588,2026-04-08,,,2030,0,1933,48.5,48.5,0,2030
6589,2026-04-08,,,1600,0,1523,38.5,38.5,0,1600
6590,2026-04-08,,,1300,0,1238,31.0,31.0,0,1300
6591,2026-04-08,,,300,0,286,7.0,7.0,0,300
6592,2026-04-08,,,500,0,476,12.0,12.0,0,500
6593,2026-04-08,,,1730,0,1648,41.0,41.0,0,1730
6594,2026-04-08,,,1110,0,1057,26.5,26.5,0,1110
6595,2026-04-09,PPP,,0,120,114,3.0,3.0,0,120
6596,2026-04-09,CASH,,150,0,143,3.5,3.5,0,150
6597,2026-04-09,OPPP,,0,260,248,6.0,6.0,0,260
6598,2026-04-09,PPP,,0,500,476,12.0,12.0,0,500
6599,2026-04-09,CASH,,660,0,629,15.5,15.5,0,660
6600,2026-04-09,,,350,0,333,8.5,8.5,0,350
6601,2026-04-09,,,150,0,143,3.5,3.5,0,150
6602,2026-04-09,,,250,0,238,6.0,6.0,0,250
6603,2026-04-09,,,300,0,286,7.0,7.0,0,300
6604,2026-04-09,,,120,0,114,3.0,3.0,0,120
6605,2026-04-09,PPP,,0,160,152,4.0,4.0,0,160
6606,2026-04-09,PPP,,0,300,286,7.0,7.0,0,300
6607,2026-04-09,CASH,,650,0,619,15.5,15.5,0,650
6608,2026-04-09,CASH,,60,0,57,1.5,1.5,0,60
6609,2026-04-09,,,2400,0,2285,57.5,57.5,0,2400
6610,2026-04-09,PPP,,0,800,762,19.0,19.0,0,800
6611,2026-04-09,CASH,,2000,0,1905,47.5,47.5,0,2000
6612,2026-04-09,,,0,1160,1105,27.5,27.5,0,1160
6613,2026-04-09,,,6330,0,6030,150.0,150.0,0,6330
6614,2026-04-09,,,80,0,76,2.0,2.0,0,80
6615,2026-04-09,,,1900,0,1810,45.0,45.0,0,1900
6616,2026-04-09,,,2380,0,2267,56.5,56.5,0,2380
6617,2026-04-09,,,650,0,619,15.5,15.5,0,650
6618,2026-04-09,,,800,0,762,19.0,19.0,0,800
6619,2026-04-09,,,1130,0,1076,27.0,27.0,0,1130
6620,2026-04-09,,,780,0,743,18.5,18.5,0,780
6621,2026-04-09,,,2000,0,1905,47.5,47.5,0,2000
6622,2026-04-09,CASH,,150,0,143,3.5,3.5,0,150
6623,2026-04-09,,,100,0,95,2.5,2.5,0,100
6624,2026-04-09,,,100,0,95,2.5,2.5,0,100
6625,2026-04-09,,,750,0,715,17.5,17.5,0,750
6626,2026-04-09,PPP,,0,150,143,3.5,3.5,0,150
6627,2026-04-09,,,370,0,352,9.0,9.0,0,370
6628,2026-04-09,,,100,0,95,2.5,2.5,0,100
6629,2026-04-09,,,1570,0,1495,37.5,37.5,0,1570
6630,2026-04-09,,,500,0,476,12.0,12.0,0,500
6631,2026-04-09,,,510,0,485,12.5,12.5,0,510
6632,2026-04-09,,,100,0,95,2.5,2.5,0,100
6633,2026-04-09,,,150,0,143,3.5,3.5,0,150
6634,2026-04-09,,,250,0,238,6.0,6.0,0,250
6635,2026-04-09,CASH,,80,0,76,2.0,2.0,0,80
6636,2026-04-09,,,300,0,286,7.0,7.0,0,300
6637,2026-04-09,,,150,0,143,3.5,3.5,0,150
6638,2026-04-09,,,250,0,238,6.0,6.0,0,250
6639,2026-04-09,,,150,0,143,3.5,3.5,0,150
6640,2026-04-09,,,180,0,171,4.5,4.5,0,180
6641,2026-04-09,,,150,0,143,3.5,3.5,0,150
6642,2026-04-09,,,1800,0,1714,43.0,43.0,0,1800
6643,2026-04-09,,,1700,0,1619,40.5,40.5,0,1700
6644,2026-04-09,,,400,0,381,9.5,9.5,0,400
6645,2026-04-09,,,500,0,476,12.0,12.0,0,500
6646,2026-04-09,,,400,0,381,9.5,9.5,0,400
6647,2026-04-09,,,270,0,257,6.5,6.5,0,270
6648,2026-04-09,,,300,0,286,7.0,7.0,0,300
6649,2026-04-09,,,300,0,286,7.0,7.0,0,300
6650,2026-04-09,,,2180,0,2077,51.5,51.5,0,2180
6651,2026-04-09,,,600,0,571,14.5,14.5,0,600
6652,2026-04-09,,,400,0,381,9.5,9.5,0,400
6653,2026-04-09,,,150,0,143,3.5,3.5,0,150
6654,2026-04-09,,,300,0,286,7.0,7.0,0,300
6655,2026-04-09,,,850,0,810,20.0,20.0,0,850
6656,2026-04-09,,,350,0,333,8.5,8.5,0,350
6657,2026-04-09,,,80,0,76,2.0,2.0,0,80
6658,2026-04-09,,,4740,0,4513,113.5,113.5,0,4740
6659,2026-04-09,,,1050,0,1000,25.0,25.0,0,1050
6660,2026-04-09,,,120,0,114,3.0,3.0,0,120
6661,2026-04-09,,,400,0,381,9.5,9.5,0,400
6662,2026-04-09,,,250,0,238,6.0,6.0,0,250
6663,2026-04-09,,,29150,0,27762,694.0,694.0,0,29150
6664,2026-04-09,,,350,0,333,8.5,8.5,0,350
6665,2026-04-09,,,210,0,200,5.0,5.0,0,210
6666,2026-04-09,,,960,0,915,22.5,22.5,0,960
6667,2026-04-09,CASH,,830,0,791,19.5,19.5,0,830
6668,2026-04-10,CASH,,150,0,143,3.5,3.5,0,150
6669,2026-04-10,,,200,0,191,4.5,4.5,0,200
6670,2026-04-10,PPP,,0,100,95,2.5,2.5,0,100
6671,2026-04-10,,,500,0,476,12.0,12.0,0,500
6672,2026-04-10,,,300,0,285,7.5,7.5,0,300
6673,2026-04-10,,,480,0,457,11.5,11.5,0,480
6674,2026-04-10,,,360,0,343,8.5,8.5,0,360
6675,2026-04-10,PPP,,0,60,57,1.5,1.5,0,60
6676,2026-04-10,PPP,,0,800,762,19.0,19.0,0,800
6677,2026-04-10,PPP,,0,400,381,9.5,9.5,0,400
6678,2026-04-10,,,800,0,762,19.0,19.0,0,800
6679,2026-04-10,PPP,,0,800,762,19.0,19.0,0,800
6680,2026-04-10,,,300,0,286,7.0,7.0,0,300
6681,2026-04-10,,,970,0,923,23.5,23.5,0,970
6682,2026-04-10,,,1620,0,1543,38.5,38.5,0,1620
6683,2026-04-10,,,150,0,143,3.5,3.5,0,150
6684,2026-04-10,,,150,0,143,3.5,3.5,0,150
6685,2026-04-10,,,1300,0,1238,31.0,31.0,0,1300
6686,2026-04-10,PPP,,0,750,714,18.0,18.0,0,750
6687,2026-04-10,PPP,,0,6550,6238,156.0,156.0,0,6550
6688,2026-04-10,PPP,,0,620,590,15.0,15.0,0,620
6689,2026-04-10,,,1050,0,1000,25.0,25.0,0,1050
6690,2026-04-10,CASH,,1000,0,952,24.0,24.0,0,1000
6691,2026-04-10,PPP,,0,800,762,19.0,19.0,0,800
6692,2026-04-10,CASH,,400,0,381,9.5,9.5,0,400
6693,2026-04-10,PPP,,0,2400,2286,57.0,57.0,0,2400
6694,2026-04-10,CASH,,700,0,667,16.5,16.5,0,700
6695,2026-04-10,,,650,0,619,15.5,15.5,0,650
6696,2026-04-10,,,590,0,562,14.0,14.0,0,590
6697,2026-04-10,,,500,0,476,12.0,12.0,0,500
6698,2026-04-10,,,2150,0,2047,51.5,51.5,0,2150
6699,2026-04-10,PPP,,0,250,238,6.0,6.0,0,250
6700,2026-04-10,,,300,0,286,7.0,7.0,0,300
6701,2026-04-10,,,250,0,238,6.0,6.0,0,250
6702,2026-04-10,,,350,0,333,8.5,8.5,0,350
6703,2026-04-10,CASH,,850,0,809,20.5,20.5,0,850
6704,2026-04-10,PPPP,,0,1420,1352,34.0,34.0,0,1420
6705,2026-04-10,PPPP,,0,300,286,7.0,7.0,0,300
6706,2026-04-10,CASH,,900,0,857,21.5,21.5,0,900
6707,2026-04-10,PPP,,0,1100,1047,26.5,26.5,0,1100
6708,2026-04-10,,,500,0,476,12.0,12.0,0,500
6709,2026-04-10,CASH,,1260,0,1201,29.5,29.5,0,1260
6710,2026-04-10,PPP,,0,2030,1933,48.5,48.5,0,2030
6711,2026-04-10,CASH,,60,0,57,1.5,1.5,0,60
6712,2026-04-10,PPP,,0,1260,1200,30.0,30.0,0,1260
6713,2026-04-10,CASH,,360,0,343,8.5,8.5,0,360
6714,2026-04-10,CASH,,550,0,524,13.0,13.0,0,550
6715,2026-04-10,PPPP,,0,1000,952,24.0,24.0,0,1000
6716,2026-04-10,PPP,,0,200,190,5.0,5.0,0,200
6717,2026-04-10,PPP,,0,280,267,6.5,6.5,0,280
6718,2026-04-10,PPP,,0,600,572,14.0,14.0,0,600
6719,2026-04-10,PPP,,0,600,571,14.5,14.5,0,600
6720,2026-04-10,,,370,0,352,9.0,9.0,0,370
6721,2026-04-10,,,500,0,476,12.0,12.0,0,500
6722,2026-04-10,CASH,,350,0,333,8.5,8.5,0,350
6723,2026-04-10,CASH,,300,0,286,7.0,7.0,0,300
6724,2026-04-10,CASH,,150,0,143,3.5,3.5,0,150
6725,2026-04-10,CARD,,0,1500,1429,35.5,35.5,0,1500
6726,2026-04-10,PPP,,0,200,190,5.0,5.0,0,200
6727,2026-04-10,PPP,,0,300,286,7.0,7.0,0,300
6728,2026-04-10,CASH,,400,0,381,9.5,9.5,0,400
6729,2026-04-10,PPP,,0,180,171,4.5,4.5,0,180
6730,2026-04-10,PPP,,0,700,667,16.5,16.5,0,700
6731,2026-04-10,PPP,,0,7900,7521,189.5,189.5,0,7900
6732,2026-04-10,PPP,,0,400,381,9.5,9.5,0,400
6733,2026-04-10,PPPP,,0,250,238,6.0,6.0,0,250
6734,2026-04-10,MIXX,,630,0,601,14.5,14.5,0,630
6735,2026-04-10,CASH,,150,0,143,3.5,3.5,0,150
6736,2026-04-10,CARD,,0,3700,3523,88.5,88.5,0,3700
6737,2026-04-10,,,160,0,152,4.0,4.0,0,160
6738,2026-04-10,,,180,0,171,4.5,4.5,0,180
6739,2026-04-10,,,160,0,152,4.0,4.0,0,160
6740,2026-04-10,,,250,0,238,6.0,6.0,0,250
6741,2026-04-10,,,100,0,95,2.5,2.5,0,100
6742,2026-04-10,,,2560,0,2438,61.0,61.0,0,2560
6743,2026-04-10,,,150,0,143,3.5,3.5,0,150
6744,2026-04-10,,,5300,0,5047,126.5,126.5,0,5300
6745,2026-04-10,,,780,0,743,18.5,18.5,0,780
6746,2026-04-10,,,150,0,143,3.5,3.5,0,150
6747,2026-04-10,,,300,0,286,7.0,7.0,0,300
6748,2026-04-10,,,550,0,524,13.0,13.0,0,550
6749,2026-04-10,,,220,0,209,5.5,5.5,0,220
6750,2026-04-10,,,300,0,286,7.0,7.0,0,300
6751,2026-04-10,,,3100,0,2952,74.0,74.0,0,3100
6752,2026-04-10,,,250,0,238,6.0,6.0,0,250
6753,2026-04-10,,,2200,0,2095,52.5,52.5,0,2200
6754,2026-04-10,,,360,0,343,8.5,8.5,0,360
6755,2026-04-10,,,800,0,761,19.5,19.5,0,800
6756,2026-04-10,,,660,0,629,15.5,15.5,0,660
6757,2026-04-10,,,330,0,314,8.0,8.0,0,330
6758,2026-04-10,,,600,0,571,14.5,14.5,0,600
6759,2026-04-10,,,200,0,190,5.0,5.0,0,200
6760,2026-04-10,,,600,0,571,14.5,14.5,0,600
6761,2026-04-11,PPPP,,0,650,619,15.5,15.5,0,650
6762,2026-04-11,,,300,0,286,7.0,7.0,0,300
6763,2026-04-11,,,150,0,143,3.5,3.5,0,150
6764,2026-04-11,,,40,0,38,1.0,1.0,0,40
6765,2026-04-11,,,1470,0,1400,35.0,35.0,0,1470
6766,2026-04-11,,,120,0,114,3.0,3.0,0,120
6767,2026-04-11,PPP,,0,250,238,6.0,6.0,0,250
6768,2026-04-11,,,600,0,571,14.5,14.5,0,600
6769,2026-04-11,CASH,,1050,0,1000,25.0,25.0,0,1050
6770,2026-04-11,,,500,0,476,12.0,12.0,0,500
6771,2026-04-11,,,1350,0,1286,32.0,32.0,0,1350
6772,2026-04-11,,,1000,0,953,23.5,23.5,0,1000
6773,2026-04-11,,,250,0,238,6.0,6.0,0,250
6774,2026-04-11,PPP,,0,2350,2238,56.0,56.0,0,2350
6775,2026-04-11,PPP,,0,250,238,6.0,6.0,0,250
6776,2026-04-11,CASH,,1200,0,1143,28.5,28.5,0,1200
6777,2026-04-11,PPP,,0,1400,1334,33.0,33.0,0,1400
6778,2026-04-11,CASH,,1070,0,1018,26.0,26.0,0,1070
6779,2026-04-11,PPP,,0,170,162,4.0,4.0,0,170
6780,2026-04-11,,,280,0,267,6.5,6.5,0,280
6781,2026-04-11,,,250,0,238,6.0,6.0,0,250
6782,2026-04-11,,,600,0,571,14.5,14.5,0,600
6783,2026-04-11,PPP,,0,300,286,7.0,7.0,0,300
6784,2026-04-11,PPP,,0,250,238,6.0,6.0,0,250
6785,2026-04-11,PPP,,0,800,762,19.0,19.0,0,800
6786,2026-04-11,PPP,,0,1000,952,24.0,24.0,0,1000
6787,2026-04-11,,,1510,0,1438,36.0,36.0,0,1510
6788,2026-04-11,,,270,0,257,6.5,6.5,0,270
6789,2026-04-11,,,300,0,286,7.0,7.0,0,300
6790,2026-04-11,,,60,0,57,1.5,1.5,0,60
6791,2026-04-11,,,300,0,286,7.0,7.0,0,300
6792,2026-04-11,,,1000,0,952,24.0,24.0,0,1000
6793,2026-04-11,,,400,0,381,9.5,9.5,0,400
6794,2026-04-11,,,420,0,400,10.0,10.0,0,420
6795,2026-04-11,,,460,0,438,11.0,11.0,0,460
6796,2026-04-11,,,660,0,629,15.5,15.5,0,660
6797,2026-04-11,,,500,0,476,12.0,12.0,0,500
6798,2026-04-11,,,1280,0,1218,31.0,31.0,0,1280
6799,2026-04-11,,,350,0,333,8.5,8.5,0,350
6800,2026-04-11,,,1180,0,1122,29.0,29.0,0,1180
6801,2026-04-11,,,500,0,476,12.0,12.0,0,500
6802,2026-04-11,PPP,,0,700,667,16.5,16.5,0,700
6803,2026-04-11,PPP,,0,150,143,3.5,3.5,0,150
6804,2026-04-11,CASH,,500,0,476,12.0,12.0,0,500
6805,2026-04-11,,,1480,0,1410,35.0,35.0,0,1480
6806,2026-04-11,,,450,0,429,10.5,10.5,0,450
6807,2026-04-11,,,100,0,95,2.5,2.5,0,100
6808,2026-04-11,,,100,0,95,2.5,2.5,0,100
6809,2026-04-11,,,610,0,581,14.5,14.5,0,610
6810,2026-04-11,,,1350,0,1286,32.0,32.0,0,1350
6811,2026-04-11,,,500,0,476,12.0,12.0,0,500
6812,2026-04-11,,,850,0,809,20.5,20.5,0,850
6813,2026-04-11,,,1040,0,991,24.5,24.5,0,1040
6814,2026-04-11,,,250,0,238,6.0,6.0,0,250
6815,2026-04-11,,,240,0,229,5.5,5.5,0,240
6816,2026-04-11,,,250,0,238,6.0,6.0,0,250
6817,2026-04-11,,,500,0,476,12.0,12.0,0,500
6818,2026-04-11,,,310,0,295,7.5,7.5,0,310
6819,2026-04-11,,,260,0,248,6.0,6.0,0,260
6820,2026-04-11,,,2350,0,2238,56.0,56.0,0,2350
6821,2026-04-11,,,250,0,238,6.0,6.0,0,250
6822,2026-04-11,,,480,0,457,11.5,11.5,0,480
6823,2026-04-11,,,430,0,410,10.0,10.0,0,430
6824,2026-04-11,,,120,0,114,3.0,3.0,0,120
6825,2026-04-11,,,120,0,114,3.0,3.0,0,120
6826,2026-04-11,,,1000,0,952,24.0,24.0,0,1000
6827,2026-04-11,100,,500,0,476,12.0,12.0,0,500
6828,2026-04-11,,,1180,0,1123,28.5,28.5,0,1180
6829,2026-04-11,,,910,0,866,22.0,22.0,0,910
6830,2026-04-11,,,850,0,810,20.0,20.0,0,850
6831,2026-04-11,,,800,0,762,19.0,19.0,0,800
6832,2026-04-11,,,760,0,724,18.0,18.0,0,760
6833,2026-04-11,,,1020,0,972,24.0,24.0,0,1020
6834,2026-04-11,,,540,0,514,13.0,13.0,0,540
6835,2026-04-11,,,100,0,95,2.5,2.5,0,100
6836,2026-04-11,,,900,0,857,21.5,21.5,0,900
6837,2026-04-11,,,1000,0,952,24.0,24.0,0,1000
6838,2026-04-11,,,1350,0,1286,32.0,32.0,0,1350
6839,2026-04-11,,,250,0,238,6.0,6.0,0,250
6840,2026-04-11,,,2700,0,2571,64.5,64.5,0,2700
6841,2026-04-11,,,1320,0,1258,31.0,31.0,0,1320
6842,2026-04-11,,,350,0,333,8.5,8.5,0,350
6843,2026-04-11,,,260,0,248,6.0,6.0,0,260
6844,2026-04-11,,,250,0,238,6.0,6.0,0,250
6845,2026-04-11,,,150,0,143,3.5,3.5,0,150
6846,2026-04-11,,,890,0,848,21.0,21.0,0,890
6847,2026-04-11,,,520,0,496,12.0,12.0,0,520
6848,2026-04-11,,,100,0,95,2.5,2.5,0,100
6849,2026-04-11,,,350,0,333,8.5,8.5,0,350
6850,2026-04-11,,,900,0,857,21.5,21.5,0,900
6851,2026-04-11,,,250,0,238,6.0,6.0,0,250
6852,2026-04-11,,,850,0,810,20.0,20.0,0,850
6853,2026-04-11,,,1100,0,1048,26.0,26.0,0,1100
6854,2026-04-11,,,2000,0,1905,47.5,47.5,0,2000
6855,2026-04-11,,,1000,0,953,23.5,23.5,0,1000
6856,2026-04-11,,,1650,0,1571,39.5,39.5,0,1650
6857,2026-04-11,,,400,0,381,9.5,9.5,0,400
6858,2026-04-11,,,1400,0,1334,33.0,33.0,0,1400
6859,2026-04-11,,,100,0,95,2.5,2.5,0,100
6860,2026-04-11,,,120,0,114,3.0,3.0,0,120
6861,2026-04-11,,,300,0,286,7.0,7.0,0,300
6862,2026-04-11,,,340,0,324,8.0,8.0,0,340
6863,2026-04-11,,,1200,0,1143,28.5,28.5,0,1200
6864,2026-04-11,,,300,0,286,7.0,7.0,0,300
6865,2026-04-11,,,1310,0,1249,30.5,30.5,0,1310
6866,2026-04-11,,,500,0,476,12.0,12.0,0,500
6867,2026-04-11,,,850,0,809,20.5,20.5,0,850
6868,2026-04-11,,,300,0,286,7.0,7.0,0,300
6869,2026-04-12,PPP,,0,200,190,5.0,5.0,0,200
6870,2026-04-12,PPP,,0,800,762,19.0,19.0,0,800
6871,2026-04-12,PP,,0,420,399,10.5,10.5,0,420
6872,2026-04-12,CASH,,350,0,333,8.5,8.5,0,350
6873,2026-04-12,CASH,,560,0,534,13.0,13.0,0,560
6874,2026-04-12,PPP,,0,650,619,15.5,15.5,0,650
6875,2026-04-12,CASH,,300,0,286,7.0,7.0,0,300
6876,2026-04-12,CASH,,450,0,429,10.5,10.5,0,450
6877,2026-04-12,PPP,,0,40,38,1.0,1.0,0,40
6878,2026-04-12,PPP,,0,50,48,1.0,1.0,0,50
6879,2026-04-12,PPP,,0,150,143,3.5,3.5,0,150
6880,2026-04-12,CASH,,150,0,143,3.5,3.5,0,150
6881,2026-04-12,PPPP,,0,360,342,9.0,9.0,0,360
6882,2026-04-12,CARD,,0,1200,1142,29.0,29.0,0,1200
6883,2026-04-12,,,550,0,524,13.0,13.0,0,550
6884,2026-04-12,,,500,0,476,12.0,12.0,0,500
6885,2026-04-12,,,3900,0,3714,93.0,93.0,0,3900
6886,2026-04-12,,,1300,0,1238,31.0,31.0,0,1300
6887,2026-04-12,,,450,0,429,10.5,10.5,0,450
6888,2026-04-12,,,120,0,114,3.0,3.0,0,120
6889,2026-04-12,,,850,0,809,20.5,20.5,0,850
6890,2026-04-12,,,1100,0,1047,26.5,26.5,0,1100
6891,2026-04-12,,,100,0,95,2.5,2.5,0,100
6892,2026-04-12,,,970,0,924,23.0,23.0,0,970
6893,2026-04-12,,,120,0,114,3.0,3.0,0,120
6894,2026-04-12,,,150,0,143,3.5,3.5,0,150
6895,2026-04-12,,,750,0,714,18.0,18.0,0,750
6896,2026-04-12,,,700,0,667,16.5,16.5,0,700
6897,2026-04-12,,,300,0,286,7.0,7.0,0,300
6898,2026-04-12,,,220,0,209,5.5,5.5,0,220
6899,2026-04-12,,,300,0,286,7.0,7.0,0,300
6900,2026-04-12,,,2060,0,1961,49.5,49.5,0,2060
6901,2026-04-12,,,1000,0,952,24.0,24.0,0,1000
6902,2026-04-12,CASH,,2150,0,2048,51.0,51.0,0,2150
6903,2026-04-12,,,2600,0,2477,61.5,61.5,0,2600
6904,2026-04-12,,,250,0,238,6.0,6.0,0,250
6905,2026-04-12,,,1430,0,1361,34.5,34.5,0,1430
6906,2026-04-12,,,240,0,229,5.5,5.5,0,240
6907,2026-04-12,,,120,0,114,3.0,3.0,0,120
6908,2026-04-12,,,750,0,714,18.0,18.0,0,750
6909,2026-04-12,,,1000,0,952,24.0,24.0,0,1000
6910,2026-04-12,,,1330,0,1267,31.5,31.5,0,1330
6911,2026-04-12,,,300,0,286,7.0,7.0,0,300
6912,2026-04-12,,,250,0,238,6.0,6.0,0,250
6913,2026-04-12,,,350,0,333,8.5,8.5,0,350
6914,2026-04-12,,,390,0,372,9.0,9.0,0,390
6915,2026-04-12,,,250,0,238,6.0,6.0,0,250
6916,2026-04-12,,,2150,0,2047,51.5,51.5,0,2150
6917,2026-04-12,,,750,0,714,18.0,18.0,0,750
6918,2026-04-12,,,1250,0,1190,30.0,30.0,0,1250
6919,2026-04-12,,,1650,0,1571,39.5,39.5,0,1650
6920,2026-04-12,,,3920,0,3733,93.5,93.5,0,3920
6921,2026-04-12,,,500,0,476,12.0,12.0,0,500
6922,2026-04-12,,,600,0,571,14.5,14.5,0,600
6923,2026-04-12,,,1800,0,1715,42.5,42.5,0,1800
6924,2026-04-12,,,830,0,789,20.5,20.5,0,830
6925,2026-04-12,,,280,0,267,6.5,6.5,0,280
6926,2026-04-12,,,800,0,762,19.0,19.0,0,800
6927,2026-04-12,CASH,,750,0,714,18.0,18.0,0,750
6928,2026-04-12,,,250,0,238,2.5,2.5,0,250
6929,2026-04-12,,,300,0,286,7.0,7.0,0,300
6930,2026-04-12,,,2830,0,2695,67.5,67.5,0,2830
6931,2026-04-12,,,1250,0,1190,30.0,30.0,0,1250
6932,2026-04-12,,,400,0,381,9.5,9.5,0,400
6933,2026-04-12,,,800,0,762,19.0,19.0,0,800
6934,2026-04-12,,,800,0,762,19.0,19.0,0,800
6935,2026-04-12,,,400,0,380,10.0,10.0,0,400
6936,2026-04-12,,,1650,0,1572,39.0,39.0,0,1650
6937,2026-04-12,,,320,0,304,8.0,8.0,0,320
6938,2026-04-12,,,650,0,619,15.5,15.5,0,650
6939,2026-04-12,,,650,0,619,15.5,15.5,0,650
6940,2026-04-12,CASH,,0,3750,3570,90.0,90.0,0,3750
6941,2026-04-12,,,0,700,667,16.5,16.5,0,700
6942,2026-04-12,,,1430,0,1361,34.5,34.5,0,1430
6943,2026-04-12,,,400,0,381,9.5,9.5,0,400
6944,2026-04-12,,,750,0,715,17.5,17.5,0,750
6945,2026-04-12,,,150,0,143,3.5,3.5,0,150
6946,2026-04-12,,,200,0,190,5.0,5.0,0,200
6947,2026-04-12,,,100,0,95,2.5,2.5,0,100
6948,2026-04-12,CASH,,1900,0,1809,45.5,45.5,0,1900
6949,2026-04-12,,,360,0,343,8.5,8.5,0,360
6950,2026-04-12,,,200,0,190,5.0,5.0,0,200
6951,2026-04-12,,,550,0,524,13.0,13.0,0,550
6952,2026-04-12,,,300,0,286,7.0,7.0,0,300
6953,2026-04-12,,,1200,0,1143,28.5,28.5,0,1200
6954,2026-04-12,,,550,0,524,13.0,13.0,0,550
6955,2026-04-12,,,650,0,619,15.5,15.5,0,650
6956,2026-04-12,,,1880,0,1791,44.5,44.5,0,1880
6957,2026-04-12,,,1000,0,952,24.0,24.0,0,1000
6958,2026-04-12,,,19310,0,18390,460.0,460.0,0,19310
6959,2026-04-12,,,1100,0,1047,26.5,26.5,0,1100
6960,2026-04-12,,,120,0,114,3.0,3.0,0,120
6961,2026-04-12,,,150,0,143,3.5,3.5,0,150
6962,2026-04-12,,,1260,0,1200,30.0,30.0,0,1260
6963,2026-04-12,,,250,0,238,6.0,6.0,0,250
6964,2026-04-12,,,1450,0,1381,34.5,34.5,0,1450
6965,2026-04-12,,,150,0,143,3.5,3.5,0,150
6966,2026-04-12,,,1460,0,1390,35.0,35.0,0,1460
6967,2026-04-12,,,520,0,495,12.5,12.5,0,520
6968,2026-04-12,,,1800,0,1715,42.5,42.5,0,1800
6969,2026-04-12,,,640,0,609,15.5,15.5,0,640
6970,2026-04-12,,,500,0,476,12.0,12.0,0,500
6971,2026-04-12,,,300,0,286,7.0,7.0,0,300
6972,2026-04-12,,,2000,0,1905,47.5,47.5,0,2000
6973,2026-04-12,,,50,0,48,1.0,1.0,0,50
6974,2026-04-12,,,150,0,143,3.5,3.5,0,150
6975,2026-04-12,,,500,0,476,12.0,12.0,0,500
6976,2026-04-12,,,1450,0,1381,34.5,34.5,0,1450
6977,2026-04-12,,,500,0,476,12.0,12.0,0,500
6978,2026-04-12,,,500,0,476,12.0,12.0,0,500
6979,2026-04-12,,,300,0,286,7.0,7.0,0,300
6980,2026-04-12,,,150,0,143,3.5,3.5,0,150
6981,2026-04-12,,,900,0,857,21.5,21.5,0,900
6982,2026-04-12,,,1350,0,1286,32.0,32.0,0,1350
6983,2026-04-12,,,350,0,333,8.5,8.5,0,350
6984,2026-04-12,,,1750,0,1666,42.0,42.0,0,1750
6985,2026-04-12,CASH,,1300,0,1238,31.0,31.0,0,1300
6986,2026-04-12,,,710,0,676,17.0,17.0,0,710
6987,2026-04-12,,,100,0,95,2.5,2.5,0,100
6988,2026-04-13,PPP,,0,380,362,9.0,9.0,0,380
6989,2026-04-13,PPP,,0,80,76,2.0,2.0,0,80
6990,2026-04-13,MIXX,,650,0,619,15.5,15.5,0,650
6991,2026-04-13,,,0,160,152,4.0,4.0,0,160
6992,2026-04-13,CASH,,530,0,505,12.5,12.5,0,530
6993,2026-04-13,PPP,,0,520,495,12.5,12.5,0,520
6994,2026-04-13,PPP,,0,500,476,12.0,12.0,0,500
6995,2026-04-13,PPP,,0,80,76,2.0,2.0,0,80
6996,2026-04-13,CASH,,650,0,619,15.5,15.5,0,650
6997,2026-04-13,PPP,,0,310,295,7.5,7.5,0,310
6998,2026-04-13,CASH,,1750,0,1667,41.5,41.5,0,1750
6999,2026-04-13,CASH,,200,0,190,5.0,5.0,0,200
7000,2026-04-13,CASH,,80,0,76,2.0,2.0,0,80
7001,2026-04-13,PPP,,0,480,457,11.5,11.5,0,480
7002,2026-04-13,PPP,,0,300,286,7.0,7.0,0,300
7003,2026-04-13,,,1890,0,1800,45.0,45.0,0,1890
7004,2026-04-13,,,0,80,76,2.0,2.0,0,80
7005,2026-04-13,,,260,0,248,6.0,6.0,0,260
7006,2026-04-13,,,850,0,810,20.0,20.0,0,850
7007,2026-04-13,CASH,,300,0,285,7.5,7.5,0,300
7008,2026-04-13,PPP,,0,660,629,15.5,15.5,0,660
7009,2026-04-13,MIXX,,0,2420,2304,58.0,58.0,0,2420
7010,2026-04-13,PPP,,0,620,591,14.5,14.5,0,620
7011,2026-04-13,CASH,,150,0,143,3.5,3.5,0,150
7012,2026-04-13,PPP,exchange bill,0,200,190,5.0,5.0,0,200
7013,2026-04-13,PPP,,0,1000,952,24.0,24.0,0,1000
7014,2026-04-13,CASH,,150,0,143,3.5,3.5,0,150
7015,2026-04-13,MIXX,,680,0,648,16.0,16.0,0,680
7016,2026-04-13,PPP,,0,1000,953,23.5,23.5,0,1000
7017,2026-04-13,PPP,,0,300,286,7.0,7.0,0,300
7018,2026-04-13,CASH,,500,0,476,12.0,12.0,0,500
7019,2026-04-13,PPP,,0,720,685,17.5,17.5,0,720
7020,2026-04-13,PPP,,0,3040,2895,72.5,72.5,0,3040
7021,2026-04-13,CASH,,150,0,143,3.5,3.5,0,150
7022,2026-04-13,PPP,,0,300,286,7.0,7.0,0,300
7023,2026-04-13,PPP,,0,260,247,6.5,6.5,0,260
7024,2026-04-13,CASH,,600,0,571,14.5,14.5,0,600
7025,2026-04-13,CASH,,2020,0,1924,48.0,48.0,0,2020
7026,2026-04-13,PPP,,0,500,476,12.0,12.0,0,500
7027,2026-04-13,PPP,,0,300,286,7.0,7.0,0,300
7028,2026-04-13,CASH,,200,0,190,5.0,5.0,0,200
7029,2026-04-13,PPP,,0,100,95,2.5,2.5,0,100
7030,2026-04-13,PPP,,1250,0,1190,30.0,30.0,0,1250
7031,2026-04-13,CASH,,1000,0,952,24.0,24.0,0,1000
7032,2026-04-13,PPP,,0,200,190,5.0,5.0,0,200
7033,2026-04-13,MIXX,,800,0,762,19.0,19.0,0,800
7034,2026-04-13,PPP,,0,300,286,7.0,7.0,0,300
7035,2026-04-13,PPP,,0,1400,1333,33.5,33.5,0,1400
7036,2026-04-13,PPP,,0,600,571,14.5,14.5,0,600
7037,2026-04-13,PPP,,0,100,95,2.5,2.5,0,100
7038,2026-04-13,,,160,0,152,4.0,4.0,0,160
7039,2026-04-13,CARD,,0,960,914,23.0,23.0,0,960
7040,2026-04-13,CASH,,350,0,333,8.5,8.5,0,350
7041,2026-04-13,PPP,,0,180,171,4.5,4.5,0,180
7042,2026-04-13,CASH,,300,0,286,7.0,7.0,0,300
7043,2026-04-13,PP,,0,250,238,6.0,6.0,0,250
7044,2026-04-13,PPP,,0,100,95,2.5,2.5,0,100
7045,2026-04-13,CASH,,1020,0,971,24.5,24.5,0,1020
7046,2026-04-13,CASH,,800,0,762,19.0,19.0,0,800
7047,2026-04-13,CASH,,800,0,762,19.0,19.0,0,800
7048,2026-04-13,PPP,,0,1730,1648,41.0,41.0,0,1730
7049,2026-04-13,CASH,,30,0,29,0.5,0.5,0,30
7050,2026-04-13,,,100,0,95,2.5,2.5,0,100
7051,2026-04-13,PPP,,0,1200,1143,28.5,28.5,0,1200
7052,2026-04-13,CASH,,1450,0,1381,34.5,34.5,0,1450
7053,2026-04-13,CASH,,930,0,885,22.5,22.5,0,930
7054,2026-04-13,CASH,,430,0,410,10.0,10.0,0,430
7055,2026-04-13,PPP,,0,150,143,3.5,3.5,0,150
7056,2026-04-14,PPP,,0,300,286,7.0,7.0,0,300
7057,2026-04-14,CASHHH,,600,0,571,14.5,14.5,0,600
7058,2026-04-14,PPP,,0,480,457,11.5,11.5,0,480
7059,2026-04-14,PPP,,0,300,286,7.0,7.0,0,300
7060,2026-04-14,CASH,,2350,0,2238,56.0,56.0,0,2350
7061,2026-04-14,CASH,,850,0,809,20.5,20.5,0,850
7062,2026-04-14,,,450,0,429,10.5,10.5,0,450
7063,2026-04-14,PPP,,0,500,476,12.0,12.0,0,500
7064,2026-04-14,CASH,,120,0,114,3.0,3.0,0,120
7065,2026-04-14,PPPP,,0,500,476,12.0,12.0,0,500
7066,2026-04-14,CASH,,500,0,476,12.0,12.0,0,500
7067,2026-04-14,CASH,,500,0,476,12.0,12.0,0,500
7068,2026-04-14,PPP,,0,500,476,12.0,12.0,0,500
7069,2026-04-14,PPP,,0,2340,2229,55.5,55.5,0,2340
7070,2026-04-14,CASH,,1180,0,1124,28.0,28.0,0,1180
7071,2026-04-14,PPP,,0,600,571,14.5,14.5,0,600
7072,2026-04-14,CASH,,400,0,381,9.5,9.5,0,400
7073,2026-04-14,CASH,,1000,0,952,24.0,24.0,0,1000
7074,2026-04-14,PPP,,0,150,143,3.5,3.5,0,150
7075,2026-04-14,CASH,,100,0,95,2.5,2.5,0,100
7076,2026-04-14,PPP,,0,960,914,23.0,23.0,0,960
7077,2026-04-14,PPP,,0,350,333,8.5,8.5,0,350
7078,2026-04-14,CASH,,250,0,238,6.0,6.0,0,250
7079,2026-04-14,CASH,,300,0,286,7.0,7.0,0,300
7080,2026-04-14,CASH,,1120,0,1067,26.5,26.5,0,1120
7081,2026-04-14,PPP,,0,4060,3867,96.5,96.5,0,4060
7082,2026-04-14,CARD,,0,800,762,19.0,19.0,0,800
7083,2026-04-14,PPP,,0,850,810,20.0,20.0,0,850
7084,2026-04-14,PPP,,0,50,48,1.0,1.0,0,50
7085,2026-04-14,CASH,,270,0,257,6.5,6.5,0,270
7086,2026-04-14,,,1300,0,1238,31.0,31.0,0,1300
7087,2026-04-14,,,120,0,114,3.0,3.0,0,120
7088,2026-04-14,,,2690,0,2561,64.5,64.5,0,2690
7089,2026-04-14,,,300,0,286,7.0,7.0,0,300
7090,2026-04-14,,,0,4450,4238,106.0,106.0,0,4450
7091,2026-04-14,CARD,,0,2550,2429,60.5,60.5,0,2550
7092,2026-04-14,,,150,0,143,3.5,3.5,0,150
7093,2026-04-14,,,240,0,229,5.5,5.5,0,240
7094,2026-04-14,PPP,,0,1310,1247,31.5,31.5,0,1310
7095,2026-04-14,PPP,,0,600,571,14.5,14.5,0,600
7096,2026-04-14,CARD,,0,550,524,13.0,13.0,0,550
7097,2026-04-14,PPP,,0,2340,2229,55.5,55.5,0,2340
7098,2026-04-14,PPP,,0,260,248,6.0,6.0,0,260
7099,2026-04-14,CASH,,550,0,524,13.0,13.0,0,550
7100,2026-04-14,CASH,,500,0,476,12.0,12.0,0,500
7101,2026-04-14,PPP,,0,150,143,3.5,3.5,0,150
7102,2026-04-14,PPP,,0,530,505,12.5,12.5,0,530
7103,2026-04-14,PPP,,0,660,629,15.5,15.5,0,660
7104,2026-04-14,PPP,,0,450,428,11.0,11.0,0,450
7105,2026-04-14,PPP,,0,300,286,7.0,7.0,0,300
7106,2026-04-14,CASH,,300,0,286,7.0,7.0,0,300
7107,2026-04-14,CASH,,120,0,114,3.0,3.0,0,120
7108,2026-04-14,PPP,,0,550,523,13.5,13.5,0,550
7109,2026-04-14,,,550,0,524,13.0,13.0,0,550
7110,2026-04-14,PPP,,0,250,238,6.0,6.0,0,250
7111,2026-04-14,CASH,,700,0,667,16.5,16.5,0,700
7112,2026-04-14,PPP,,0,2250,2143,53.5,53.5,0,2250
7113,2026-04-14,PPP,,0,260,248,6.0,6.0,0,260
7114,2026-04-14,PPP,,0,1280,1219,30.5,30.5,0,1280
7115,2026-04-14,CASH,,500,0,476,12.0,12.0,0,500
7116,2026-04-14,PPP,,0,500,476,12.0,12.0,0,500
7117,2026-04-14,CASH,,500,0,476,12.0,12.0,0,500
7118,2026-04-14,CASH,,120,0,114,3.0,3.0,0,120
7119,2026-04-14,,,120,0,114,3.0,3.0,0,120
7120,2026-04-14,,,150,0,143,3.5,3.5,0,150
7121,2026-04-14,PPP,,0,500,476,12.0,12.0,0,500
7122,2026-04-14,CASH,,350,0,333,8.5,8.5,0,350
7123,2026-04-14,PPP,,0,500,476,12.0,12.0,0,500
7124,2026-04-14,CASH,,150,0,143,3.5,3.5,0,150
7125,2026-04-14,CASH,,1400,0,1334,33.0,33.0,0,1400
7126,2026-04-14,CASH,,450,0,429,10.5,10.5,0,450
7127,2026-04-14,PPP,,0,500,476,12.0,12.0,0,500
7128,2026-04-14,CASH,,1000,0,952,24.0,24.0,0,1000
7129,2026-04-14,PPP,,0,150,143,3.5,3.5,0,150
7130,2026-04-14,,,250,0,238,6.0,6.0,0,250
7131,2026-04-14,PPPP,,0,350,333,8.5,8.5,0,350
7132,2026-04-14,CASH,,280,0,267,6.5,6.5,0,280
7133,2026-04-14,PPP,,0,800,762,19.0,19.0,0,800
7134,2026-04-14,CASH,,550,0,524,13.0,13.0,0,550
7135,2026-04-14,CASH,,550,0,523,13.5,13.5,0,550
7136,2026-04-14,PPP,,0,1150,1095,27.5,27.5,0,1150
7137,2026-04-14,PPP,,0,120,114,3.0,3.0,0,120
7138,2026-04-14,CASH,,350,0,333,8.5,8.5,0,350
7139,2026-04-14,CASH,,1280,0,1219,30.5,30.5,0,1280
7140,2026-04-14,PPP,,0,740,705,17.5,17.5,0,740
7141,2026-04-14,CASH,,600,0,571,14.5,14.5,0,600
7142,2026-04-14,PPP,,0,150,143,3.5,3.5,0,150
7143,2026-04-14,PPP,,0,1250,1190,30.0,30.0,0,1250
7144,2026-04-14,,,0,850,809,20.5,20.5,0,850
7145,2026-04-14,PPP,,0,1050,1000,25.0,25.0,0,1050
7146,2026-04-14,PPP,,0,500,476,12.0,12.0,0,500
7147,2026-04-14,PPP,,0,2600,2476,62.0,62.0,0,2600
7148,2026-04-14,PPP,,0,600,571,14.5,14.5,0,600
7149,2026-04-14,PPP,,0,1150,1095,27.5,27.5,0,1150
7150,2026-04-14,PPPP,,0,250,238,6.0,6.0,0,250
7151,2026-04-14,CARD,,0,2360,2248,56.0,56.0,0,2360
7152,2026-04-14,PPP,,0,1740,1657,41.5,41.5,0,1740
7153,2026-04-15,CASH,,260,0,248,6.0,6.0,0,260
7154,2026-04-15,MIXX,,950,0,905,22.5,22.5,0,950
7155,2026-04-15,PPP,,0,900,857,21.5,21.5,0,900
7156,2026-04-15,CASH,,40,0,38,1.0,1.0,0,40
7157,2026-04-15,PPP,,0,490,466,12.0,12.0,0,490
7158,2026-04-15,CASH,,200,0,190,5.0,5.0,0,200
7159,2026-04-15,CASH,,300,0,285,7.5,7.5,0,300
7160,2026-04-15,,,700,0,667,16.5,16.5,0,700
7161,2026-04-15,PPP,,0,1200,1143,28.5,28.5,0,1200
7162,2026-04-15,PPP,,0,500,476,12.0,12.0,0,500
7163,2026-04-15,CASH,,150,0,143,3.5,3.5,0,150
7164,2026-04-15,,,260,0,248,6.0,6.0,0,260
7165,2026-04-15,PPP,,0,60,57,1.5,1.5,0,60
7166,2026-04-15,PPP,,0,100,95,2.5,2.5,0,100
7167,2026-04-15,MIXX,,370,0,352,9.0,9.0,0,370
7168,2026-04-15,PPP,,0,550,524,13.0,13.0,0,550
7169,2026-04-15,PPP,,0,240,229,5.5,5.5,0,240
7170,2026-04-15,PPP,,0,600,571,14.5,14.5,0,600
7171,2026-04-15,PPP,,0,2190,2087,51.5,51.5,0,2190
7172,2026-04-15,,,150,0,143,3.5,3.5,0,150
7173,2026-04-15,PPP,,0,600,571,14.5,14.5,0,600
7174,2026-04-15,PPP,,0,850,810,20.0,20.0,0,850
7175,2026-04-15,PPP,,0,550,524,13.0,13.0,0,550
7176,2026-04-15,PPP,,0,450,428,11.0,11.0,0,450
7177,2026-04-15,PPP,,0,300,286,7.0,7.0,0,300
7178,2026-04-15,CASH,,100,0,95,2.5,2.5,0,100
7179,2026-04-15,PPP,,0,1500,1429,35.5,35.5,0,1500
7180,2026-04-15,CASH,,500,0,476,12.0,12.0,0,500
7181,2026-04-15,PPP,,0,440,419,10.5,10.5,0,440
7182,2026-04-15,CASH,,950,0,905,22.5,22.5,0,950
7183,2026-04-15,PPP,6002481011,0,2850,2715,67.5,67.5,0,2850
7184,2026-04-15,,,300,0,286,7.0,7.0,0,300
7185,2026-04-15,CASH,,100,0,95,2.5,2.5,0,100
7186,2026-04-15,PPP,,0,700,667,16.5,16.5,0,700
7187,2026-04-15,PPP,,0,700,666,17.0,17.0,0,700
7188,2026-04-15,PPP,,0,1500,1428,36.0,36.0,0,1500
7189,2026-04-15,CARD,,0,2270,2161,54.5,54.5,0,2270
7190,2026-04-15,PPP,,0,1270,1210,30.0,30.0,0,1270
7191,2026-04-15,,,1180,0,1123,28.5,28.5,0,1180
7192,2026-04-15,,,1000,0,953,23.5,23.5,0,1000
7193,2026-04-15,PPP,,0,650,619,15.5,15.5,0,650
7194,2026-04-15,PPP,,0,100,95,2.5,2.5,0,100
7195,2026-04-15,PPP,,0,100,95,2.5,2.5,0,100
7196,2026-04-15,PPP,,0,450,429,10.5,10.5,0,450
7197,2026-04-15,,,500,0,476,12.0,12.0,0,500
7198,2026-04-15,,,550,0,524,13.0,13.0,0,550
7199,2026-04-15,,,1300,0,1238,31.0,31.0,0,1300
7200,2026-04-15,,,150,0,143,3.5,3.5,0,150
7201,2026-04-15,,,300,0,285,7.5,7.5,0,300
7202,2026-04-15,CASH,,350,0,333,8.5,8.5,0,350
7203,2026-04-15,CASH,,300,0,286,7.0,7.0,0,300
7204,2026-04-15,PPP,,0,300,286,7.0,7.0,0,300
7205,2026-04-15,PPP,,0,1560,1486,37.0,37.0,0,1560
7206,2026-04-15,CASH,,250,0,238,6.0,6.0,0,250
7207,2026-04-15,,,5500,0,5238,131.0,131.0,0,5500
7208,2026-04-15,,,1610,0,1533,38.5,38.5,0,1610
7209,2026-04-15,,,550,0,524,13.0,13.0,0,550
7210,2026-04-15,,,500,0,476,12.0,12.0,0,500
7211,2026-04-15,,,800,0,762,19.0,19.0,0,800
7212,2026-04-15,,,1600,0,1523,38.5,38.5,0,1600
7213,2026-04-15,,,100,0,95,2.5,2.5,0,100
7214,2026-04-15,,,850,0,809,20.5,20.5,0,850
7215,2026-04-15,,,100,0,95,2.5,2.5,0,100
7216,2026-04-15,,,850,0,810,20.0,20.0,0,850
7217,2026-04-15,PPP,,0,470,447,11.5,11.5,0,470
7218,2026-04-15,PPP,,0,2650,2524,63.0,63.0,0,2650
7219,2026-04-15,CARD,,0,5470,5210,130.0,130.0,0,5470
7220,2026-04-15,PPP,,0,3110,2962,74.0,74.0,0,3110
7221,2026-04-16,PPP,,0,150,143,3.5,3.5,0,150
7222,2026-04-16,CASH,,2020,0,1924,48.0,48.0,0,2020
7223,2026-04-16,PPP,,0,250,238,6.0,6.0,0,250
7224,2026-04-16,CASH,,800,0,762,19.0,19.0,0,800
7225,2026-04-16,PPP,,0,300,286,7.0,7.0,0,300
7226,2026-04-16,PPP,,0,820,781,19.5,19.5,0,820
7227,2026-04-16,CASH,,220,0,209,5.5,5.5,0,220
7228,2026-04-16,MIXX,,0,1200,1143,28.5,28.5,0,1200
7229,2026-04-16,CASH,,600,0,571,14.5,14.5,0,600
7230,2026-04-16,,,350,0,333,8.5,8.5,0,350
7231,2026-04-16,,,0,1000,952,24.0,24.0,0,1000
7232,2026-04-16,,,0,1650,1571,39.5,39.5,0,1650
7233,2026-04-16,PPP,,0,2060,1962,49.0,49.0,0,2060
7234,2026-04-16,PPP,,0,3400,3238,81.0,81.0,0,3400
7235,2026-04-16,PPP,,0,550,524,13.0,13.0,0,550
7236,2026-04-16,CASH,,4080,0,3885,97.5,97.5,0,4080
7237,2026-04-16,,,300,0,286,7.0,7.0,0,300
7238,2026-04-16,PPP,,0,400,381,9.5,9.5,0,400
7239,2026-04-16,,,300,0,286,7.0,7.0,0,300
7240,2026-04-16,,,2880,0,2743,68.5,68.5,0,2880
7241,2026-04-16,,,850,0,810,20.0,20.0,0,850
7242,2026-04-16,CASH,,450,0,429,10.5,10.5,0,450
7243,2026-04-16,,,910,0,867,21.5,21.5,0,910
7244,2026-04-16,,,650,0,619,15.5,15.5,0,650
7245,2026-04-16,,,430,0,409,10.5,10.5,0,430
7246,2026-04-16,,,540,0,514,13.0,13.0,0,540
7247,2026-04-16,,,1400,0,1333,33.5,33.5,0,1400
7248,2026-04-16,,,350,0,333,8.5,8.5,0,350
7249,2026-04-16,,,2200,0,2096,52.0,52.0,0,2200
7250,2026-04-16,,,150,0,143,3.5,3.5,0,150
7251,2026-04-16,,,300,0,286,7.0,7.0,0,300
7252,2026-04-16,,,500,0,476,12.0,12.0,0,500
7253,2026-04-16,,,750,0,714,18.0,18.0,0,750
7254,2026-04-16,,,350,0,333,8.5,8.5,0,350
7255,2026-04-16,,,300,0,286,7.0,7.0,0,300
7256,2026-04-16,,,1300,0,1237,31.5,31.5,0,1300
7257,2026-04-16,,,2370,0,2258,56.0,56.0,0,2370
7258,2026-04-16,260,,260,0,248,6.0,6.0,0,260
7259,2026-04-16,,,910,0,867,21.5,21.5,0,910
7260,2026-04-16,,,500,0,476,12.0,12.0,0,500
7261,2026-04-16,,,300,0,286,7.0,7.0,0,300
7262,2026-04-16,,,300,0,286,7.0,7.0,0,300
7263,2026-04-16,,,800,0,762,19.0,19.0,0,800
7264,2026-04-16,,,150,0,143,3.5,3.5,0,150
7265,2026-04-16,,,690,0,658,16.0,16.0,0,690
7266,2026-04-16,CASH,,1550,0,1475,37.5,37.5,0,1550
7267,2026-04-16,CASH,,50,0,48,1.0,1.0,0,50
7268,2026-04-16,MIXXX,,0,1200,1143,28.5,28.5,0,1200
7269,2026-04-16,CASH,,500,0,476,12.0,12.0,0,500
7270,2026-04-16,,,800,0,762,19.0,19.0,0,800
7271,2026-04-16,,,1400,0,1334,33.0,33.0,0,1400
7272,2026-04-16,,,150,0,143,3.5,3.5,0,150
7273,2026-04-16,PPP,,0,250,238,6.0,6.0,0,250
7274,2026-04-17,,,7000,0,6667,166.5,166.5,0,7000
7275,2026-04-17,CASH,,0,300,286,7.0,7.0,0,300
7276,2026-04-17,PPP,,0,2400,2285,57.5,57.5,0,2400
7277,2026-04-17,,,860,0,819,20.5,20.5,0,860
7278,2026-04-17,CASH,,500,0,476,12.0,12.0,0,500
7279,2026-04-17,PPP,,0,1200,1140,30.0,30.0,0,1200
7280,2026-04-17,,,250,0,238,6.0,6.0,0,250
7281,2026-04-17,,,540,0,514,13.0,13.0,0,540
7282,2026-04-17,,,600,0,572,14.0,14.0,0,600
7283,2026-04-17,,,650,0,619,15.5,15.5,0,650
7284,2026-04-17,,,960,0,914,23.0,23.0,0,960
7285,2026-04-17,,,250,0,238,6.0,6.0,0,250
7286,2026-04-17,,,2870,0,2733,68.5,68.5,0,2870
7287,2026-04-17,,,150,0,143,3.5,3.5,0,150
7288,2026-04-17,,,1000,0,952,24.0,24.0,0,1000
7289,2026-04-17,,,150,0,143,3.5,3.5,0,150
7290,2026-04-17,PPP,,0,860,819,20.5,20.5,0,860
7291,2026-04-17,PPP,,0,250,238,6.0,6.0,0,250
7292,2026-04-17,CASH,,550,0,524,13.0,13.0,0,550
7293,2026-04-17,PPP,,0,240,229,5.5,5.5,0,240
7294,2026-04-17,PPP,,0,860,819,20.5,20.5,0,860
7295,2026-04-17,PPP,,0,3180,3028,76.0,76.0,0,3180
7296,2026-04-17,PPP,,0,1150,1095,27.5,27.5,0,1150
7297,2026-04-17,PPP,,0,950,905,22.5,22.5,0,950
7298,2026-04-17,CASH,,690,0,658,16.0,16.0,0,690
7299,2026-04-17,CARD,,0,650,619,15.5,15.5,0,650
7300,2026-04-17,PPP,,0,560,533,13.5,13.5,0,560
7301,2026-04-17,PPP,,0,440,419,10.5,10.5,0,440
7302,2026-04-17,PPP,,0,1290,1229,30.5,30.5,0,1290
7303,2026-04-17,PPP,,0,1200,1143,28.5,28.5,0,1200
7304,2026-04-17,CASH,,260,0,248,6.0,6.0,0,260
7305,2026-04-17,CASH,,500,0,476,12.0,12.0,0,500
7306,2026-04-17,PPP,,0,1000,952,24.0,24.0,0,1000
7307,2026-04-17,CASH,,500,0,476,12.0,12.0,0,500
7308,2026-04-17,CASH,,150,0,143,3.5,3.5,0,150
7309,2026-04-17,PPP,,0,670,638,16.0,16.0,0,670
7310,2026-04-17,CASH,,200,0,190,5.0,5.0,0,200
7311,2026-04-17,CASH,,350,0,333,8.5,8.5,0,350
7312,2026-04-17,PPP,,0,950,905,22.5,22.5,0,950
7313,2026-04-17,CARD,,0,810,772,19.0,19.0,0,810
7314,2026-04-17,PPP,,0,160,152,4.0,4.0,0,160
7315,2026-04-17,CASH,,120,0,114,3.0,3.0,0,120
7316,2026-04-17,PPP,,0,350,333,8.5,8.5,0,350
7317,2026-04-17,PPP,,0,1450,1381,34.5,34.5,0,1450
7318,2026-04-17,PPP,,0,360,343,8.5,8.5,0,360
7319,2026-04-17,CASH,,800,0,762,19.0,19.0,0,800
7320,2026-04-17,,,160,0,152,4.0,4.0,0,160
7321,2026-04-17,,,120,0,114,3.0,3.0,0,120
7322,2026-04-17,,,810,0,771,19.5,19.5,0,810
7323,2026-04-17,,,450,0,429,10.5,10.5,0,450
7324,2026-04-17,CASH,,500,0,476,12.0,12.0,0,500
7325,2026-04-17,CASH,,180,0,171,4.5,4.5,0,180
7326,2026-04-17,PPP,,0,620,590,15.0,15.0,0,620
7327,2026-04-17,PPP,,0,2680,2552,64.0,64.0,0,2680
7328,2026-04-17,PPP,,0,1050,1000,25.0,25.0,0,1050
7329,2026-04-17,MIXXX,,1100,0,1048,26.0,26.0,0,1100
7330,2026-04-17,CASH,,750,0,714,18.0,18.0,0,750
7331,2026-04-17,CASH,,200,0,190,5.0,5.0,0,200
7332,2026-04-17,PPP,,0,360,343,8.5,8.5,0,360
7333,2026-04-17,CASH,,1400,0,1334,33.0,33.0,0,1400
7334,2026-04-17,CASH,,250,0,238,6.0,6.0,0,250
7335,2026-04-17,PPP,,0,2130,2029,50.5,50.5,0,2130
7336,2026-04-17,CASH,,500,0,476,12.0,12.0,0,500
7337,2026-04-17,PPP,,0,120,114,3.0,3.0,0,120
7338,2026-04-17,PPP,,0,1080,1029,25.5,25.5,0,1080
7339,2026-04-17,PPP,,0,1070,1019,25.5,25.5,0,1070
7340,2026-04-17,CASH,,120,0,114,3.0,3.0,0,120
7341,2026-04-17,,,780,0,743,18.5,18.5,0,780
7342,2026-04-17,PPP,,0,800,762,19.0,19.0,0,800
7343,2026-04-17,,,1890,0,1800,45.0,45.0,0,1890
7344,2026-04-18,CASH,,120,0,114,3.0,3.0,0,120
7345,2026-04-18,,,330,0,314,8.0,8.0,0,330
7346,2026-04-18,,,510,0,485,12.5,12.5,0,510
7347,2026-04-18,PPP,,0,500,476,12.0,12.0,0,500
7348,2026-04-18,PPP,,0,2360,2247,56.5,56.5,0,2360
7349,2026-04-18,PPP,,0,280,267,6.5,6.5,0,280
7350,2026-04-18,PPP,,0,650,619,15.5,15.5,0,650
7351,2026-04-18,PPPP,,0,100,95,2.5,2.5,0,100
7352,2026-04-18,,,1050,0,1000,25.0,25.0,0,1050
7353,2026-04-18,CASH,,250,0,238,6.0,6.0,0,250
7354,2026-04-18,PPP,,0,2560,2437,61.5,61.5,0,2560
7355,2026-04-18,PPP,,0,1350,1285,32.5,32.5,0,1350
7356,2026-04-18,PPP,,0,1520,1448,36.0,36.0,0,1520
7357,2026-04-18,PPP,,0,2800,2667,66.5,66.5,0,2800
7358,2026-04-18,PPP,,0,210,200,5.0,5.0,0,210
7359,2026-04-18,,,350,0,333,8.5,8.5,0,350
7360,2026-04-18,PPP,,0,1050,1000,25.0,25.0,0,1050
7361,2026-04-18,CASH,,1300,0,1237,31.5,31.5,0,1300
7362,2026-04-18,CASH,,200,0,190,5.0,5.0,0,200
7363,2026-04-18,CASH,,1260,0,1200,30.0,30.0,0,1260
7364,2026-04-18,PPP,,0,1600,1524,38.0,38.0,0,1600
7365,2026-04-18,CASH,,250,0,238,6.0,6.0,0,250
7366,2026-04-18,,,1380,0,1314,33.0,33.0,0,1380
7367,2026-04-18,,,300,0,286,7.0,7.0,0,300
7368,2026-04-18,,,560,0,533,13.5,13.5,0,560
7369,2026-04-18,,,1830,0,1742,44.0,44.0,0,1830
7370,2026-04-18,,,110,0,105,2.5,2.5,0,110
7371,2026-04-18,PPP,,0,1150,1095,27.5,27.5,0,1150
7372,2026-04-18,MIXX,,950,0,905,22.5,22.5,0,950
7373,2026-04-18,PPP,,0,1000,952,24.0,24.0,0,1000
7374,2026-04-18,PPP,,0,300,286,7.0,7.0,0,300
7375,2026-04-18,PPP,,0,690,658,16.0,16.0,0,690
7376,2026-04-18,PPP,,0,1470,1400,35.0,35.0,0,1470
7377,2026-04-18,CAASH,,1000,0,952,24.0,24.0,0,1000
7378,2026-04-18,CASH,,2230,0,2124,53.0,53.0,0,2230
7379,2026-04-18,PPP,,0,750,714,18.0,18.0,0,750
7380,2026-04-18,CARD,,0,1520,1447,36.5,36.5,0,1520
7381,2026-04-18,,,500,0,476,12.0,12.0,0,500
7382,2026-04-18,,,550,0,524,13.0,13.0,0,550
7383,2026-04-18,,,2300,0,2190,55.0,55.0,0,2300
7384,2026-04-18,,,700,0,666,17.0,17.0,0,700
7385,2026-04-18,,,450,0,429,10.5,10.5,0,450
7386,2026-04-18,,,0,2220,2114,53.0,53.0,0,2220
7387,2026-04-18,,,0,1810,1724,43.0,43.0,0,1810
7388,2026-04-18,,,1200,0,1143,28.5,28.5,0,1200
7389,2026-04-18,,,550,0,524,13.0,13.0,0,550
7390,2026-04-18,,,650,0,619,15.5,15.5,0,650
7391,2026-04-18,,,300,0,286,7.0,7.0,0,300
7392,2026-04-18,,,1250,0,1191,29.5,29.5,0,1250
7393,2026-04-18,,,1900,0,1810,45.0,45.0,0,1900
7394,2026-04-18,,,970,0,924,23.0,23.0,0,970
7395,2026-04-18,PPP,,0,1930,1838,46.0,46.0,0,1930
7396,2026-04-18,PPP,,0,390,372,9.0,9.0,0,390
7397,2026-04-18,,,150,0,143,3.5,3.5,0,150
7398,2026-04-18,,,1320,0,1257,31.5,31.5,0,1320
7399,2026-04-18,,,700,0,667,16.5,16.5,0,700
7400,2026-04-18,,,260,0,248,6.0,6.0,0,260
7401,2026-04-18,CASH,,1050,0,1000,25.0,25.0,0,1050
7402,2026-04-18,CASH,,700,0,666,17.0,17.0,0,700
7403,2026-04-18,PPP,,0,2550,2429,60.5,60.5,0,2550
7404,2026-04-18,CASH,,1750,0,1667,41.5,41.5,0,1750
7405,2026-04-18,CASH,,710,0,676,17.0,17.0,0,710
7406,2026-04-18,PPP,,0,1900,1810,45.0,45.0,0,1900
7407,2026-04-18,PPP,,0,150,143,3.5,3.5,0,150
7408,2026-04-18,PPP,,0,120,114,3.0,3.0,0,120
7409,2026-04-18,PPP,,0,1900,1809,45.5,45.5,0,1900
7410,2026-04-18,,,1500,0,1429,35.5,35.5,0,1500
7411,2026-04-18,PPP,,0,150,143,3.5,3.5,0,150
7412,2026-04-18,PPP,,0,2600,2476,62.0,62.0,0,2600
7413,2026-04-18,PPP,,0,620,591,14.5,14.5,0,620
7414,2026-04-19,CASH,,420,0,400,10.0,10.0,0,420
7415,2026-04-19,,,0,350,333,8.5,8.5,0,350
7416,2026-04-19,,,3200,0,3047,76.5,76.5,0,3200
7417,2026-04-19,CASH,,1650,0,1571,39.5,39.5,0,1650
7418,2026-04-19,CARD,,0,1310,1248,31.0,31.0,0,1310
7419,2026-04-19,PPP,,0,830,790,20.0,20.0,0,830
7420,2026-04-19,PPP,,0,400,381,9.5,9.5,0,400
7421,2026-04-19,,,300,0,286,7.0,7.0,0,300
7422,2026-04-19,,,1490,0,1419,35.5,35.5,0,1490
7423,2026-04-19,,,270,0,257,6.5,6.5,0,270
7424,2026-04-19,PP,,0,500,476,12.0,12.0,0,500
7425,2026-04-19,CASH,,500,0,476,12.0,12.0,0,500
7426,2026-04-19,CASH,,120,0,114,3.0,3.0,0,120
7427,2026-04-19,,,0,250,238,6.0,6.0,0,250
7428,2026-04-19,CARD,,0,820,781,19.5,19.5,0,820
7429,2026-04-19,PPP,,0,750,714,18.0,18.0,0,750
7430,2026-04-19,CASH,,690,0,658,16.0,16.0,0,690
7431,2026-04-19,PPP,,0,1300,1238,31.0,31.0,0,1300
7432,2026-04-19,PPP,,0,1580,1505,37.5,37.5,0,1580
7433,2026-04-19,CARD,,0,3460,3296,82.0,82.0,0,3460
7434,2026-04-19,PPP,,0,1850,1762,44.0,44.0,0,1850
7435,2026-04-19,CARD,,0,710,677,16.5,16.5,0,710
7436,2026-04-19,PPP,,0,760,723,18.5,18.5,0,760
7437,2026-04-19,,,100,0,95,2.5,2.5,0,100
7438,2026-04-19,,,120,0,114,3.0,3.0,0,120
7439,2026-04-19,CASH,,1300,0,1238,31.0,31.0,0,1300
7440,2026-04-19,,,240,0,229,5.5,5.5,0,240
7441,2026-04-19,CASH,,660,0,628,16.0,16.0,0,660
7442,2026-04-19,PPP,,0,300,286,7.0,7.0,0,300
7443,2026-04-19,PPP,,0,960,915,22.5,22.5,0,960
7444,2026-04-19,PPP,,0,380,362,9.0,9.0,0,380
7445,2026-04-19,PPP,,0,400,381,9.5,9.5,0,400
7446,2026-04-19,PPP,,0,2950,2809,70.5,70.5,0,2950
7447,2026-04-19,PPP,,0,200,191,2.5,2.5,0,200
7448,2026-04-19,CASH,,500,0,476,12.0,12.0,0,500
7449,2026-04-19,PPP,,0,1040,990,25.0,25.0,0,1040
7450,2026-04-19,PPP,,0,200,190,5.0,5.0,0,200
7451,2026-04-19,PPP,,0,410,391,9.5,9.5,0,410
7452,2026-04-19,PPP,,0,700,667,16.5,16.5,0,700
7453,2026-04-19,PPP,,0,2700,2571,64.5,64.5,0,2700
7454,2026-04-19,CASH,,500,0,476,12.0,12.0,0,500
7455,2026-04-19,PPP,,0,1900,1809,45.5,45.5,0,1900
7456,2026-04-19,CASH,,960,0,914,23.0,23.0,0,960
7457,2026-04-19,PPP,,0,200,190,5.0,5.0,0,200
7458,2026-04-19,,,1270,0,1210,30.0,30.0,0,1270
7459,2026-04-19,,,50,0,48,1.0,1.0,0,50
7460,2026-04-19,,,600,0,571,14.5,14.5,0,600
7461,2026-04-19,,,500,0,476,12.0,12.0,0,500
7462,2026-04-19,,,900,0,857,21.5,21.5,0,900
7463,2026-04-19,,,200,0,190,5.0,5.0,0,200
7464,2026-04-19,,,230,0,219,5.5,5.5,0,230
7465,2026-04-19,PPP,,0,550,524,13.0,13.0,0,550
7466,2026-04-19,,,80,0,76,2.0,2.0,0,80
7467,2026-04-19,,,300,0,286,7.0,7.0,0,300
7468,2026-04-19,,,720,0,685,17.5,17.5,0,720
7469,2026-04-19,,,300,0,286,7.0,7.0,0,300
7470,2026-04-19,,,60,0,57,1.5,1.5,0,60
7471,2026-04-19,CASH,,250,0,238,6.0,6.0,0,250
7472,2026-04-19,,,260,0,247,6.5,6.5,0,260
7473,2026-04-19,,,300,0,286,7.0,7.0,0,300
7474,2026-04-19,,,150,0,143,3.5,3.5,0,150
7475,2026-04-19,,,800,0,762,19.0,19.0,0,800
7476,2026-04-19,CARD,,0,1370,1304,33.0,33.0,0,1370
7477,2026-04-19,,,1700,0,1619,40.5,40.5,0,1700
7478,2026-04-19,,,510,0,486,12.0,12.0,0,510
7479,2026-04-19,,,1000,0,953,23.5,23.5,0,1000
7480,2026-04-19,,,300,0,286,7.0,7.0,0,300
7481,2026-04-19,,,550,0,524,13.0,13.0,0,550
7482,2026-04-19,,,260,0,248,6.0,6.0,0,260
7483,2026-04-19,,,1190,0,1133,28.5,28.5,0,1190
7484,2026-04-19,,,750,0,714,18.0,18.0,0,750
7485,2026-04-19,,,1010,0,961,24.5,24.5,0,1010
7486,2026-04-19,,,260,0,248,6.0,6.0,0,260
7487,2026-04-20,CASH,,100,0,95,2.5,2.5,0,100
7488,2026-04-20,,,120,0,114,3.0,3.0,0,120
7489,2026-04-20,,,1000,0,952,24.0,24.0,0,1000
7490,2026-04-20,CASH,,300,0,286,7.0,7.0,0,300
7491,2026-04-20,CASH,,700,0,666,17.0,17.0,0,700
7492,2026-04-20,,,2950,0,2809,70.5,70.5,0,2950
7493,2026-04-20,,,1700,0,1619,40.5,40.5,0,1700
7494,2026-04-20,PPP,,0,240,229,5.5,5.5,0,240
7495,2026-04-20,,,150,0,143,3.5,3.5,0,150
7496,2026-04-20,CASH,,100,0,95,2.5,2.5,0,100
7497,2026-04-20,,,240,0,229,5.5,5.5,0,240
7498,2026-04-20,,,400,0,381,9.5,9.5,0,400
7499,2026-04-20,,,950,0,904,23.0,23.0,0,950
7500,2026-04-20,CASH,,250,0,238,6.0,6.0,0,250
7501,2026-04-20,PPP,,0,100,95,2.5,2.5,0,100
7502,2026-04-20,PPP,,0,350,333,8.5,8.5,0,350
7503,2026-04-20,PPP,,0,510,485,12.5,12.5,0,510
7504,2026-04-20,CASH,,350,0,333,8.5,8.5,0,350
7505,2026-04-20,CASH,,80,0,76,2.0,2.0,0,80
7506,2026-04-20,PPP,,0,360,343,8.5,8.5,0,360
7507,2026-04-20,CASH,,350,0,333,8.5,8.5,0,350
7508,2026-04-20,PPP,,0,240,229,5.5,5.5,0,240
7509,2026-04-20,PPPP,,0,400,381,9.5,9.5,0,400
7510,2026-04-20,CASH,,150,0,143,3.5,3.5,0,150
7511,2026-04-20,PPP,,0,900,857,21.5,21.5,0,900
7512,2026-04-20,CARD,,0,1090,1038,26.0,26.0,0,1090
7513,2026-04-20,CASH,,2500,0,2381,59.5,59.5,0,2500
7514,2026-04-20,PPP,,0,1560,1486,37.0,37.0,0,1560
7515,2026-04-20,PPP,,0,450,429,10.5,10.5,0,450
7516,2026-04-20,,,300,0,286,7.0,7.0,0,300
7517,2026-04-20,PPP,,0,400,381,9.5,9.5,0,400
7518,2026-04-20,CASH,,3100,0,2952,74.0,74.0,0,3100
7519,2026-04-20,PPP,,0,300,285,7.5,7.5,0,300
7520,2026-04-20,,,1650,0,1571,39.5,39.5,0,1650
7521,2026-04-20,,,640,0,610,15.0,15.0,0,640
7522,2026-04-20,,,1230,0,1171,29.5,29.5,0,1230
7523,2026-04-20,,,1900,0,1809,45.5,45.5,0,1900
7524,2026-04-20,CASH,,850,0,810,20.0,20.0,0,850
7525,2026-04-20,PPP,,0,500,476,12.0,12.0,0,500
7526,2026-04-20,PPP,,0,80,76,2.0,2.0,0,80
7527,2026-04-20,PPP,,0,2400,2286,57.0,57.0,0,2400
7528,2026-04-20,PPP,,0,1700,1618,41.0,41.0,0,1700
7529,2026-04-20,,,1100,0,1047,26.5,26.5,0,1100
7530,2026-04-20,,,900,0,857,21.5,21.5,0,900
7531,2026-04-20,CASH,,450,0,429,10.5,10.5,0,450
7532,2026-04-20,,,700,0,666,17.0,17.0,0,700
7533,2026-04-20,,,2020,0,1924,48.0,48.0,0,2020
7534,2026-04-20,CASH,,1300,0,1237,31.5,31.5,0,1300
7535,2026-04-20,PPP,,0,100,95,2.5,2.5,0,100
7536,2026-04-20,PPP,,0,300,286,7.0,7.0,0,300
7537,2026-04-20,PPP,,0,1000,952,24.0,24.0,0,1000
7538,2026-04-20,CARD,,0,1210,1153,28.5,28.5,0,1210
7539,2026-04-20,PPP,,0,900,857,21.5,21.5,0,900
7540,2026-04-20,PPP,,0,760,724,18.0,18.0,0,760
7541,2026-04-20,PPP,,0,180,171,4.5,4.5,0,180
7542,2026-04-20,PPP,,0,850,809,20.5,20.5,0,850
7543,2026-04-20,PPP,,0,500,477,11.5,11.5,0,500
7544,2026-04-21,MIXX,,0,780,742,19.0,19.0,0,780
7545,2026-04-21,,,1650,0,1572,39.0,39.0,0,1650
7546,2026-04-21,CASH,,1310,0,1248,31.0,31.0,0,1310
7547,2026-04-21,,,250,0,238,6.0,6.0,0,250
7548,2026-04-21,,,240,0,229,5.5,5.5,0,240
7549,2026-04-21,PPP,,0,270,257,6.5,6.5,0,270
7550,2026-04-21,PPPP,,0,540,515,12.5,12.5,0,540
7551,2026-04-21,,,100,0,95,2.5,2.5,0,100
7552,2026-04-21,CASH,,600,0,571,14.5,14.5,0,600
7553,2026-04-21,,,350,0,333,8.5,8.5,0,350
7554,2026-04-21,[PPP],,0,150,143,3.5,3.5,0,150
7555,2026-04-21,,,500,0,476,12.0,12.0,0,500
7556,2026-04-21,PPP,,0,350,333,8.5,8.5,0,350
7557,2026-04-21,PPP,,0,150,143,3.5,3.5,0,150
7558,2026-04-21,PPP,,0,260,247,6.5,6.5,0,260
7559,2026-04-21,CASH,,100,0,95,2.5,2.5,0,100
7560,2026-04-21,CASH,,150,0,143,3.5,3.5,0,150
7561,2026-04-21,PPP,,0,100,95,2.5,2.5,0,100
7562,2026-04-21,,,450,0,429,10.5,10.5,0,450
7563,2026-04-21,,,500,0,476,12.0,12.0,0,500
7564,2026-04-21,,,240,0,229,5.5,5.5,0,240
7565,2026-04-21,,,350,0,333,8.5,8.5,0,350
7566,2026-04-21,,,1600,0,1524,38.0,38.0,0,1600
7567,2026-04-21,,,700,0,666,17.0,17.0,0,700
7568,2026-04-21,,,350,0,333,8.5,8.5,0,350
7569,2026-04-21,,,1400,0,1334,33.0,33.0,0,1400
7570,2026-04-21,,,150,0,143,3.5,3.5,0,150
7571,2026-04-21,,,700,0,667,16.5,16.5,0,700
7572,2026-04-21,,,120,0,114,3.0,3.0,0,120
7573,2026-04-21,,,500,0,476,12.0,12.0,0,500
7574,2026-04-21,,,850,0,810,20.0,20.0,0,850
7575,2026-04-21,,,850,0,810,20.0,20.0,0,850
7576,2026-04-21,PPP,,0,2000,1905,47.5,47.5,0,2000
7577,2026-04-21,PPP,,0,1600,1523,38.5,38.5,0,1600
7578,2026-04-21,CASH,,260,0,248,6.0,6.0,0,260
7579,2026-04-21,CASH,,350,0,333,8.5,8.5,0,350
7580,2026-04-21,PPP,,0,300,286,7.0,7.0,0,300
7581,2026-04-21,PPP,,0,300,286,7.0,7.0,0,300
7582,2026-04-21,CASH,,2150,0,2049,50.5,50.5,0,2150
7583,2026-04-21,PPP,,0,200,190,5.0,5.0,0,200
7584,2026-04-21,PPP,,0,1430,1362,34.0,34.0,0,1430
7585,2026-04-21,CASH,,400,0,381,9.5,9.5,0,400
7586,2026-04-21,PPP,,0,300,286,7.0,7.0,0,300
7587,2026-04-21,PPP,,0,2550,2429,60.5,60.5,0,2550
7588,2026-04-21,PPP,,0,120,114,3.0,3.0,0,120
7589,2026-04-21,PPP,,0,700,667,16.5,16.5,0,700
7590,2026-04-21,CASH,,2370,0,2256,57.0,57.0,0,2370
7591,2026-04-21,CASH,,300,0,286,7.0,7.0,0,300
7592,2026-04-21,PPP,,0,1650,1570,40.0,40.0,0,1650
7593,2026-04-21,PPP,,0,430,409,10.5,10.5,0,430
7594,2026-04-21,PPP,,0,350,333,8.5,8.5,0,350
7595,2026-04-21,PPP,,0,1650,1571,39.5,39.5,0,1650
7596,2026-04-21,,,950,0,905,22.5,22.5,0,950
7597,2026-04-21,,,750,0,714,18.0,18.0,0,750
7598,2026-04-21,,,400,0,381,9.5,9.5,0,400
7599,2026-04-21,,,150,0,143,3.5,3.5,0,150
7600,2026-04-21,,,610,0,581,14.5,14.5,0,610
7601,2026-04-21,,,300,0,286,7.0,7.0,0,300
7602,2026-04-21,,,350,0,333,8.5,8.5,0,350
7603,2026-04-21,,,240,0,229,5.5,5.5,0,240
7604,2026-04-21,PPP,,0,150,143,3.5,3.5,0,150
7605,2026-04-21,PPPP,,0,430,409,10.5,10.5,0,430
7606,2026-04-21,CASH,,350,0,333,8.5,8.5,0,350
7607,2026-04-21,CASH,,300,0,286,7.0,7.0,0,300
7608,2026-04-21,CASH,,150,0,143,3.5,3.5,0,150
7609,2026-04-21,CASH,,250,0,238,6.0,6.0,0,250
7610,2026-04-21,PPP,,0,250,238,6.0,6.0,0,250
7611,2026-04-21,,,500,0,476,12.0,12.0,0,500
7612,2026-04-21,,,900,0,857,21.5,21.5,0,900
7613,2026-04-21,PPP,,0,1100,1047,26.5,26.5,0,1100
7614,2026-04-21,PPP,,0,240,229,5.5,5.5,0,240
7615,2026-04-21,CASH,,400,0,381,9.5,9.5,0,400
7616,2026-04-21,,,50,0,48,1.0,1.0,0,50
7617,2026-04-21,,,100,0,95,2.5,2.5,0,100
7618,2026-04-22,CASH,,100,0,95,2.5,2.5,0,100
7619,2026-04-22,,,200,0,190,5.0,5.0,0,200
7620,2026-04-22,PPP,,0,590,562,14.0,14.0,0,590
7621,2026-04-22,,,1540,0,1467,36.5,36.5,0,1540
7622,2026-04-22,,,400,0,381,9.5,9.5,0,400
7623,2026-04-22,,,160,0,152,4.0,4.0,0,160
7624,2026-04-22,,,300,0,286,7.0,7.0,0,300
7625,2026-04-22,,,100,0,95,2.5,2.5,0,100
7626,2026-04-22,,,2690,0,2563,63.5,63.5,0,2690
7627,2026-04-22,PPP,,0,160,152,4.0,4.0,0,160
7628,2026-04-22,,,300,0,286,7.0,7.0,0,300
7629,2026-04-22,PPP,,350,0,333,8.5,8.5,0,350
7630,2026-04-22,PPP,,0,150,143,3.5,3.5,0,150
7631,2026-04-22,PPP,,0,2610,2486,62.0,62.0,0,2610
7632,2026-04-22,,,300,0,286,7.0,7.0,0,300
7633,2026-04-22,PP,,0,1500,1428,36.0,36.0,0,1500
7634,2026-04-22,PPP,,0,7140,6802,169.0,169.0,0,7140
7635,2026-04-22,CASH,,400,0,381,9.5,9.5,0,400
7636,2026-04-22,PPP,,0,600,571,14.5,14.5,0,600
7637,2026-04-22,[[PPP,,0,150,143,3.5,3.5,0,150
7638,2026-04-22,,,300,0,286,7.0,7.0,0,300
7639,2026-04-22,CASH,,350,0,333,8.5,8.5,0,350
7640,2026-04-22,PPP,,0,850,809,20.5,20.5,0,850
7641,2026-04-22,,,1800,0,1714,43.0,43.0,0,1800
7642,2026-04-22,,,500,0,476,12.0,12.0,0,500
7643,2026-04-22,,,1000,0,952,24.0,24.0,0,1000
7644,2026-04-22,,,200,0,190,5.0,5.0,0,200
7645,2026-04-22,CASH,,1800,0,1713,43.5,43.5,0,1800
7646,2026-04-22,CASH,,650,0,619,15.5,15.5,0,650
7647,2026-04-22,,,500,0,476,12.0,12.0,0,500
7648,2026-04-22,,,2000,0,1905,47.5,47.5,0,2000
7649,2026-04-22,PPP,,0,500,476,12.0,12.0,0,500
7650,2026-04-22,PPPP,,0,930,886,22.0,22.0,0,930
7651,2026-04-22,PPP,,0,1950,1858,46.0,46.0,0,1950
7652,2026-04-22,PPP,,0,2510,2391,59.5,59.5,0,2510
7653,2026-04-22,,,530,0,505,12.5,12.5,0,530
7654,2026-04-22,,,370,0,352,9.0,9.0,0,370
7655,2026-04-22,,,250,0,238,6.0,6.0,0,250
7656,2026-04-22,,,680,0,647,16.5,16.5,0,680
7657,2026-04-22,,,50,0,48,1.0,1.0,0,50
7658,2026-04-22,,,700,0,666,17.0,17.0,0,700
7659,2026-04-22,,,850,0,810,20.0,20.0,0,850
7660,2026-04-22,,,200,0,190,5.0,5.0,0,200
7661,2026-04-22,,,450,0,429,10.5,10.5,0,450
7662,2026-04-22,,,500,0,476,12.0,12.0,0,500
7663,2026-04-22,,,1000,0,953,23.5,23.5,0,1000
7664,2026-04-22,CASH,,350,0,333,8.5,8.5,0,350
7665,2026-04-22,PPP,,0,570,543,13.5,13.5,0,570
7666,2026-04-22,PPP,,0,100,95,2.5,2.5,0,100
7667,2026-04-22,CASH,,350,0,333,8.5,8.5,0,350
7668,2026-04-22,PPP,,0,230,219,5.5,5.5,0,230
7669,2026-04-22,PPP,,0,1000,952,24.0,24.0,0,1000
7670,2026-04-22,CASH,,200,0,190,5.0,5.0,0,200
7671,2026-04-23,CASH,,120,0,114,3.0,3.0,0,120
7672,2026-04-23,CASH,,500,0,476,12.0,12.0,0,500
7673,2026-04-23,PPP,,0,1000,952,24.0,24.0,0,1000
7674,2026-04-23,,,310,0,295,7.5,7.5,0,310
7675,2026-04-23,PPP,,0,3650,3477,86.5,86.5,0,3650
7676,2026-04-23,CASH,,1000,0,952,24.0,24.0,0,1000
7677,2026-04-23,PPP,,0,2300,2190,55.0,55.0,0,2300
7678,2026-04-23,,,140,0,133,3.5,3.5,0,140
7679,2026-04-23,,,120,0,114,3.0,3.0,0,120
7680,2026-04-23,,,500,0,476,12.0,12.0,0,500
7681,2026-04-23,,,1860,0,1771,44.5,44.5,0,1860
7682,2026-04-23,PP,,0,500,476,12.0,12.0,0,500
7683,2026-04-23,PPP,,0,1050,1000,25.0,25.0,0,1050
7684,2026-04-23,,,950,0,905,22.5,22.5,0,950
7685,2026-04-23,PPP,,0,420,401,9.5,9.5,0,420
7686,2026-04-23,PPP,,0,3790,3611,89.5,89.5,0,3790
7687,2026-04-23,,,1050,0,1000,25.0,25.0,0,1050
7688,2026-04-23,CASH,,1400,0,1334,33.0,33.0,0,1400
7689,2026-04-23,PPP,,0,1390,1324,33.0,33.0,0,1390
7690,2026-04-23,,,150,0,143,3.5,3.5,0,150
7691,2026-04-23,PPP,,0,480,457,11.5,11.5,0,480
7692,2026-04-23,PPP,,0,700,666,17.0,17.0,0,700
7693,2026-04-23,,,160,0,152,4.0,4.0,0,160
7694,2026-04-23,,,600,0,571,14.5,14.5,0,600
7695,2026-04-23,,,360,0,343,8.5,8.5,0,360
7696,2026-04-23,,,300,0,286,7.0,7.0,0,300
7697,2026-04-23,,,150,0,143,3.5,3.5,0,150
7698,2026-04-23,,,250,0,238,6.0,6.0,0,250
7699,2026-04-23,,,0,500,476,12.0,12.0,0,500
7700,2026-04-23,,,450,0,429,10.5,10.5,0,450
7701,2026-04-23,PPP,,0,2490,2371,59.5,59.5,0,2490
7702,2026-04-23,PPP,,0,300,286,7.0,7.0,0,300
7703,2026-04-23,,,850,0,809,20.5,20.5,0,850
7704,2026-04-23,,,650,0,619,15.5,15.5,0,650
7705,2026-04-23,CASH,,1200,0,1143,28.5,28.5,0,1200
7706,2026-04-23,PPP,,0,1000,952,24.0,24.0,0,1000
7707,2026-04-23,PP,,0,270,257,6.5,6.5,0,270
7708,2026-04-23,PPP,,0,1850,1762,44.0,44.0,0,1850
7709,2026-04-23,CASH,,650,0,619,15.5,15.5,0,650
7710,2026-04-23,PPP,,0,250,238,6.0,6.0,0,250
7711,2026-04-23,CASH,,600,0,571,14.5,14.5,0,600
7712,2026-04-23,CASH,,1400,0,1333,33.5,33.5,0,1400
7713,2026-04-23,PPP,,0,1700,1619,40.5,40.5,0,1700
7714,2026-04-23,,,600,0,572,14.0,14.0,0,600
7715,2026-04-23,,,1000,0,952,24.0,24.0,0,1000
7716,2026-04-23,PPP,,0,320,305,7.5,7.5,0,320
7717,2026-04-23,PPP,,0,120,114,3.0,3.0,0,120
7718,2026-04-23,CASH,,600,0,571,14.5,14.5,0,600
7719,2026-04-23,CARD,,0,900,857,21.5,21.5,0,900
7720,2026-04-23,PPP,,0,800,762,19.0,19.0,0,800
7721,2026-04-23,,,120,0,114,3.0,3.0,0,120
7722,2026-04-23,PPP,,0,150,143,3.5,3.5,0,150
7723,2026-04-23,PPP,,1660,0,1581,39.5,39.5,0,1660
7724,2026-04-23,,,150,0,143,3.5,3.5,0,150
7725,2026-04-23,PPP,no exchange,0,300,286,7.0,7.0,0,300
7726,2026-04-23,PPP,,0,1500,1429,35.5,35.5,0,1500
7727,2026-04-23,PPP,,0,500,476,12.0,12.0,0,500
7728,2026-04-24,CASH,,300,0,286,7.0,7.0,0,300
7729,2026-04-24,PPP,,0,680,647,16.5,16.5,0,680
7730,2026-04-24,PPP,,0,400,381,9.5,9.5,0,400
7731,2026-04-24,,,0,250,238,6.0,6.0,0,250
7732,2026-04-24,,,0,300,286,7.0,7.0,0,300
7733,2026-04-24,PPP,,0,1950,1857,46.5,46.5,0,1950
7734,2026-04-24,CASH,,600,0,571,14.5,14.5,0,600
7735,2026-04-24,CASH,,300,0,286,7.0,7.0,0,300
7736,2026-04-24,CASH,,400,0,381,9.5,9.5,0,400
7737,2026-04-24,PPP,,0,90,86,2.0,2.0,0,90
7738,2026-04-24,MIXX,,0,1200,1142,29.0,29.0,0,1200
7739,2026-04-24,PPP,,0,250,238,6.0,6.0,0,250
7740,2026-04-24,PPP,,0,1150,1095,27.5,27.5,0,1150
7741,2026-04-24,CASH,,300,0,286,7.0,7.0,0,300
7742,2026-04-24,CASH,,350,0,333,8.5,8.5,0,350
7743,2026-04-24,CASH,,760,0,724,18.0,18.0,0,760
7744,2026-04-24,PPP,,0,900,857,21.5,21.5,0,900
7745,2026-04-24,CASH,,600,0,572,14.0,14.0,0,600
7746,2026-04-24,PP,,0,1400,1333,33.5,33.5,0,1400
7747,2026-04-24,CASH,,500,0,476,12.0,12.0,0,500
7748,2026-04-24,,,0,1000,952,24.0,24.0,0,1000
7749,2026-04-24,MIXX,,0,400,381,9.5,9.5,0,400
7750,2026-04-24,,,360,0,343,8.5,8.5,0,360
7751,2026-04-24,,,0,470,447,11.5,11.5,0,470
7752,2026-04-24,CASH,,1500,0,1428,36.0,36.0,0,1500
7753,2026-04-24,PPP,,0,700,667,16.5,16.5,0,700
7754,2026-04-24,PPP,,0,900,857,21.5,21.5,0,900
7755,2026-04-24,,,200,0,190,5.0,5.0,0,200
7756,2026-04-24,CASH,,0,1960,1866,47.0,47.0,0,1960
7757,2026-04-24,,,660,0,628,16.0,16.0,0,660
7758,2026-04-24,,,0,1460,1390,35.0,35.0,0,1460
7759,2026-04-24,,,500,0,476,12.0,12.0,0,500
7760,2026-04-24,,,1160,0,1105,27.5,27.5,0,1160
7761,2026-04-24,,,950,0,905,22.5,22.5,0,950
7762,2026-04-24,CASH,,300,0,286,7.0,7.0,0,300
7763,2026-04-24,PPP,,0,1050,1000,25.0,25.0,0,1050
7764,2026-04-24,PPP,,0,1660,1581,39.5,39.5,0,1660
7765,2026-04-24,PPP,,0,400,381,9.5,9.5,0,400
7766,2026-04-24,CASH,,120,0,114,3.0,3.0,0,120
7767,2026-04-24,PPP,,0,360,343,8.5,8.5,0,360
7768,2026-04-24,PPP,,0,200,190,5.0,5.0,0,200
7769,2026-04-24,PPP,,0,840,800,20.0,20.0,0,840
7770,2026-04-24,CASH,,1060,0,1010,25.0,25.0,0,1060
7771,2026-04-24,,,300,0,286,7.0,7.0,0,300
7772,2026-04-24,PPP,,0,420,400,10.0,10.0,0,420
7773,2026-04-24,,,350,0,333,8.5,8.5,0,350
7774,2026-04-24,CASH,,500,0,476,12.0,12.0,0,500
7775,2026-04-24,CASH,,2180,0,2076,52.0,52.0,0,2180
7776,2026-04-24,,,530,0,504,13.0,13.0,0,530
7777,2026-04-24,PPPP,,0,740,704,18.0,18.0,0,740
7778,2026-04-24,CASH,,3900,0,3715,92.5,92.5,0,3900
7779,2026-04-24,PPP,,0,1070,1019,25.5,25.5,0,1070
7780,2026-04-24,PPP,,0,550,524,13.0,13.0,0,550
7781,2026-04-24,PPP,,0,700,667,16.5,16.5,0,700
7782,2026-04-24,CASH,,300,0,286,7.0,7.0,0,300
7783,2026-04-24,PPP,,0,200,190,5.0,5.0,0,200
7784,2026-04-24,,,100,0,95,2.5,2.5,0,100
7785,2026-04-24,,,0,1100,1048,26.0,26.0,0,1100
7786,2026-04-24,,,100,0,95,2.5,2.5,0,100
7787,2026-04-24,PPP,,0,2050,1953,48.5,48.5,0,2050
7788,2026-04-24,CASH,,200,0,190,5.0,5.0,0,200
7789,2026-04-24,PPP,,0,730,695,17.5,17.5,0,730
7790,2026-04-25,CASH,,30,0,29,0.5,0.5,0,30
7791,2026-04-25,CASH,,650,0,619,15.5,15.5,0,650
7792,2026-04-25,PPP,,0,800,762,19.0,19.0,0,800
7793,2026-04-25,PPP,,0,500,476,12.0,12.0,0,500
7794,2026-04-25,,,350,0,334,8.0,8.0,0,350
7795,2026-04-25,CASH,,650,0,619,15.5,15.5,0,650
7796,2026-04-25,PPP,,0,1250,1191,29.5,29.5,0,1250
7797,2026-04-25,PPP,,0,450,429,10.5,10.5,0,450
7798,2026-04-25,CASH,,150,0,143,3.5,3.5,0,150
7799,2026-04-25,CASH,,500,0,477,11.5,11.5,0,500
7800,2026-04-25,PPP,,0,1000,952,24.0,24.0,0,1000
7801,2026-04-25,PPP,,0,350,333,8.5,8.5,0,350
7802,2026-04-25,,,30,0,29,0.5,0.5,0,30
7803,2026-04-25,PP,,0,2050,1952,49.0,49.0,0,2050
7804,2026-04-25,PPP,,0,100,95,2.5,2.5,0,100
7805,2026-04-25,PPP,,0,350,333,8.5,8.5,0,350
7806,2026-04-25,PPP,,0,180,171,4.5,4.5,0,180
7807,2026-04-25,,,110,0,105,2.5,2.5,0,110
7808,2026-04-25,CASH,,1140,0,1084,28.0,28.0,0,1140
7809,2026-04-25,PPP,,0,850,810,20.0,20.0,0,850
7810,2026-04-25,,,300,0,286,7.0,7.0,0,300
7811,2026-04-25,PPPP,,0,150,143,3.5,3.5,0,150
7812,2026-04-25,CASH,,350,0,333,8.5,8.5,0,350
7813,2026-04-25,PPP,,0,1000,952,24.0,24.0,0,1000
7814,2026-04-25,CASH,,300,0,286,7.0,7.0,0,300
7815,2026-04-25,PPP,,0,600,571,14.5,14.5,0,600
7816,2026-04-25,,,150,0,143,3.5,3.5,0,150
7817,2026-04-25,,,750,0,714,18.0,18.0,0,750
7818,2026-04-25,,,650,0,619,15.5,15.5,0,650
7819,2026-04-25,PPP,,0,150,143,3.5,3.5,0,150
7820,2026-04-25,PPP,,0,1640,1562,39.0,39.0,0,1640
7821,2026-04-25,,,350,0,333,8.5,8.5,0,350
7822,2026-04-25,PPP,,0,2380,2267,56.5,56.5,0,2380
7823,2026-04-25,,,650,0,618,16.0,16.0,0,650
7824,2026-04-25,,,100,0,95,2.5,2.5,0,100
7825,2026-04-25,PPP,,0,550,523,13.5,13.5,0,550
7826,2026-04-25,,,300,0,286,7.0,7.0,0,300
7827,2026-04-25,PPP,,0,1600,1523,38.5,38.5,0,1600
7828,2026-04-25,,,300,0,286,7.0,7.0,0,300
7829,2026-04-25,,,150,0,143,3.5,3.5,0,150
7830,2026-04-25,PPP,,0,750,714,18.0,18.0,0,750
7831,2026-04-25,PPP,,0,310,295,7.5,7.5,0,310
7832,2026-04-25,,,200,0,190,5.0,5.0,0,200
7833,2026-04-25,,,700,0,667,16.5,16.5,0,700
7834,2026-04-25,,,160,0,152,4.0,4.0,0,160
7835,2026-04-25,,,1260,0,1200,30.0,30.0,0,1260
7836,2026-04-25,,,1690,0,1609,40.5,40.5,0,1690
7837,2026-04-25,PPP,,0,1950,1858,46.0,46.0,0,1950
7838,2026-04-25,,,970,0,923,23.5,23.5,0,970
7839,2026-04-25,,,0,1200,1142,29.0,29.0,0,1200
7840,2026-04-25,CASH,,600,0,571,14.5,14.5,0,600
7841,2026-04-25,PPP,,0,850,810,20.0,20.0,0,850
7842,2026-04-25,PPP,,0,1900,1809,45.5,45.5,0,1900
7843,2026-04-25,,,800,0,762,19.0,19.0,0,800
7844,2026-04-25,CASH,,100,0,95,2.5,2.5,0,100
7845,2026-04-25,MIXX,,1240,0,1182,29.0,29.0,0,1240
7846,2026-04-25,PPPP,,0,300,285,7.5,7.5,0,300
7847,2026-04-25,,,300,0,285,7.5,7.5,0,300
7848,2026-04-25,PPP,,0,1000,952,24.0,24.0,0,1000
7849,2026-04-25,,,500,0,476,12.0,12.0,0,500
7850,2026-04-25,,,0,3000,2857,71.5,71.5,0,3000
7851,2026-04-25,,,380,0,362,9.0,9.0,0,380
7852,2026-04-25,PPP,,0,400,380,10.0,10.0,0,400
7853,2026-04-25,CASH,,800,0,762,19.0,19.0,0,800
7854,2026-04-25,,,630,0,599,15.5,15.5,0,630
7855,2026-04-25,PPP,,0,600,571,14.5,14.5,0,600
7856,2026-04-25,,,400,0,381,9.5,9.5,0,400
7857,2026-04-25,,,50,0,48,1.0,1.0,0,50
7858,2026-04-25,PPP,,0,3560,3391,84.5,84.5,0,3560
7859,2026-04-26,PPP,,0,1550,1476,37.0,37.0,0,1550
7860,2026-04-26,PPP,,0,380,362,9.0,9.0,0,380
7861,2026-04-26,PPP,,0,440,419,10.5,10.5,0,440
7862,2026-04-26,PPPP,,0,1400,1333,33.5,33.5,0,1400
7863,2026-04-26,PPP,,0,60,57,1.5,1.5,0,60
7864,2026-04-26,PPP,,0,1610,1533,38.5,38.5,0,1610
7865,2026-04-26,PPP,,0,100,95,2.5,2.5,0,100
7866,2026-04-26,,,1750,0,1667,41.5,41.5,0,1750
7867,2026-04-26,,,150,0,143,3.5,3.5,0,150
7868,2026-04-26,,,250,0,238,6.0,6.0,0,250
7869,2026-04-26,,,150,0,143,3.5,3.5,0,150
7870,2026-04-26,,,650,0,618,16.0,16.0,0,650
7871,2026-04-26,PPP,,0,300,286,7.0,7.0,0,300
7872,2026-04-26,CARD,,0,360,343,8.5,8.5,0,360
7873,2026-04-26,CASH,,1550,0,1477,36.5,36.5,0,1550
7874,2026-04-26,PPP,,0,1270,1210,30.0,30.0,0,1270
7875,2026-04-26,MIXXXXXXXXXXXXXXXX,,1350,0,1286,32.0,32.0,0,1350
7876,2026-04-26,,,120,0,114,3.0,3.0,0,120
7877,2026-04-26,PPP,,0,350,333,8.5,8.5,0,350
7878,2026-04-26,,,550,0,524,13.0,13.0,0,550
7879,2026-04-26,,,350,0,333,8.5,8.5,0,350
7880,2026-04-26,PPP,,0,1120,1066,27.0,27.0,0,1120
7881,2026-04-26,CASH,,1190,0,1133,28.5,28.5,0,1190
7882,2026-04-26,PP,,0,1200,1143,28.5,28.5,0,1200
7883,2026-04-26,PPP,,0,260,248,6.0,6.0,0,260
7884,2026-04-26,,,350,0,333,8.5,8.5,0,350
7885,2026-04-26,CASH,,800,0,762,19.0,19.0,0,800
7886,2026-04-26,PPP,,0,400,381,9.5,9.5,0,400
7887,2026-04-26,CASH,,2800,0,2666,67.0,67.0,0,2800
7888,2026-04-26,PPP,,0,1930,1837,46.5,46.5,0,1930
7889,2026-04-26,PPP,,0,380,362,9.0,9.0,0,380
7890,2026-04-26,,,200,0,190,5.0,5.0,0,200
7891,2026-04-26,,,550,0,524,13.0,13.0,0,550
7892,2026-04-26,CASH,,600,0,571,14.5,14.5,0,600
7893,2026-04-26,PPP,,0,150,143,3.5,3.5,0,150
7894,2026-04-26,,,0,300,286,7.0,7.0,0,300
7895,2026-04-26,CASH,,500,0,476,12.0,12.0,0,500
7896,2026-04-26,,,0,180,171,4.5,4.5,0,180
7897,2026-04-26,CASH,,700,0,665,17.5,17.5,0,700
7898,2026-04-26,,,600,0,571,14.5,14.5,0,600
7899,2026-04-26,,,440,0,419,10.5,10.5,0,440
7900,2026-04-26,,,390,0,372,9.0,9.0,0,390
7901,2026-04-26,,,150,0,143,3.5,3.5,0,150
7902,2026-04-26,,,1050,0,1000,25.0,25.0,0,1050
7903,2026-04-26,PPP,,0,450,429,10.5,10.5,0,450
7904,2026-04-26,PPPP,,0,150,143,3.5,3.5,0,150
7905,2026-04-26,PPP,,0,200,190,5.0,5.0,0,200
7906,2026-04-26,,,260,0,248,6.0,6.0,0,260
7907,2026-04-26,,,80,0,76,2.0,2.0,0,80
7908,2026-04-26,CARD,,0,1050,1000,25.0,25.0,0,1050
7909,2026-04-26,,,340,0,324,8.0,8.0,0,340
7910,2026-04-26,,,1200,0,1143,28.5,28.5,0,1200
7911,2026-04-26,,,2000,0,1905,47.5,47.5,0,2000
7912,2026-04-26,,,240,0,229,5.5,5.5,0,240
7913,2026-04-26,PPP,,0,1960,1866,47.0,47.0,0,1960
7914,2026-04-26,CASH,,650,0,619,15.5,15.5,0,650
7915,2026-04-26,CASH,,390,0,372,9.0,9.0,0,390
7916,2026-04-26,PPP,,0,700,667,16.5,16.5,0,700
7917,2026-04-26,PPP,,0,550,524,13.0,13.0,0,550
7918,2026-04-26,CASH,,1000,0,952,24.0,24.0,0,1000
7919,2026-04-26,PPP,,0,500,476,12.0,12.0,0,500
7920,2026-04-26,,,150,0,143,3.5,3.5,0,150
7921,2026-04-26,CASH,,1350,0,1286,32.0,32.0,0,1350
7922,2026-04-26,PPP,,0,350,333,8.5,8.5,0,350
7923,2026-04-26,CASH,,120,0,114,3.0,3.0,0,120
7924,2026-04-26,,,2920,0,2780,70.0,70.0,0,2920
7925,2026-04-26,,,650,0,619,15.5,15.5,0,650
7926,2026-04-26,,,150,0,143,3.5,3.5,0,150
7927,2026-04-26,,,0,2160,2057,51.5,51.5,0,2160
7928,2026-04-26,,,1750,0,1667,41.5,41.5,0,1750
7929,2026-04-26,,,550,0,523,13.5,13.5,0,550
7930,2026-04-26,,,2170,0,2067,51.5,51.5,0,2170
7931,2026-04-26,,,300,0,286,7.0,7.0,0,300
7932,2026-04-26,,,1000,0,953,23.5,23.5,0,1000
7933,2026-04-26,PPP,,0,1350,1285,32.5,32.5,0,1350
7934,2026-04-26,,,300,0,286,7.0,7.0,0,300
7935,2026-04-26,,,0,1100,1048,26.0,26.0,0,1100
7936,2026-04-26,PPP,,0,1130,1078,26.0,26.0,0,1130
7937,2026-04-26,PPP,,0,660,629,15.5,15.5,0,660
7938,2026-04-26,PPP,,0,860,819,20.5,20.5,0,860
7939,2026-04-26,,,800,0,762,19.0,19.0,0,800
7940,2026-04-26,,,1890,0,1801,44.5,44.5,0,1890
7941,2026-04-26,,,300,0,286,7.0,7.0,0,300
7942,2026-04-26,,,2740,0,2611,64.5,64.5,0,2740
7943,2026-04-26,,,550,0,524,13.0,13.0,0,550
7944,2026-04-26,,,100,0,95,2.5,2.5,0,100
7945,2026-04-26,,,540,0,515,12.5,12.5,0,540
7946,2026-04-26,,,0,1750,1667,41.5,41.5,0,1750
7947,2026-04-27,CASH,,0,100,95,2.5,2.5,0,100
7948,2026-04-27,,,80,0,76,2.0,2.0,0,80
7949,2026-04-27,CASH,,80,0,76,2.0,2.0,0,80
7950,2026-04-27,,,300,0,286,7.0,7.0,0,300
7951,2026-04-27,,,300,0,286,7.0,7.0,0,300
7952,2026-04-27,CASH,,500,0,476,12.0,12.0,0,500
7953,2026-04-27,CASH,,600,0,571,14.5,14.5,0,600
7954,2026-04-27,,,360,0,343,8.5,8.5,0,360
7955,2026-04-27,PPP,,0,760,724,18.0,18.0,0,760
7956,2026-04-27,,,200,0,190,5.0,5.0,0,200
7957,2026-04-27,,,100,0,95,2.5,2.5,0,100
7958,2026-04-27,,,900,0,857,21.5,21.5,0,900
7959,2026-04-27,,,400,0,381,9.5,9.5,0,400
7960,2026-04-27,,,300,0,286,7.0,7.0,0,300
7961,2026-04-27,PPP,,0,1000,952,24.0,24.0,0,1000
7962,2026-04-27,,,250,0,238,6.0,6.0,0,250
7963,2026-04-27,,,1300,0,1238,31.0,31.0,0,1300
7964,2026-04-27,,,550,0,524,13.0,13.0,0,550
7965,2026-04-27,,,500,0,476,12.0,12.0,0,500
7966,2026-04-27,,,4550,0,4333,108.5,108.5,0,4550
7967,2026-04-27,CASH,,100,0,95,2.5,2.5,0,100
7968,2026-04-27,MIXX,,900,0,857,21.5,21.5,0,900
7969,2026-04-27,PPPP,,0,2350,2238,56.0,56.0,0,2350
7970,2026-04-27,CASH,,920,0,876,22.0,22.0,0,920
7971,2026-04-27,,,0,120,114,3.0,3.0,0,120
7972,2026-04-27,,,150,0,143,3.5,3.5,0,150
7973,2026-04-27,,,2450,0,2333,58.5,58.5,0,2450
7974,2026-04-27,,,600,0,571,14.5,14.5,0,600
7975,2026-04-27,,,100,0,95,2.5,2.5,0,100
7976,2026-04-27,PPP,,0,700,667,16.5,16.5,0,700
7977,2026-04-27,,,350,0,333,8.5,8.5,0,350
7978,2026-04-27,,,700,0,667,16.5,16.5,0,700
7979,2026-04-27,,,850,0,810,20.0,20.0,0,850
7980,2026-04-27,,,240,0,229,5.5,5.5,0,240
7981,2026-04-27,,,820,0,781,19.5,19.5,0,820
7982,2026-04-27,,,0,150,143,3.5,3.5,0,150
7983,2026-04-27,,,0,2400,2286,57.0,57.0,0,2400
7984,2026-04-27,,,50,0,48,1.0,1.0,0,50
7985,2026-04-27,,,650,0,619,15.5,15.5,0,650
7986,2026-04-27,,,850,0,809,20.5,20.5,0,850
7987,2026-04-27,,,600,0,571,14.5,14.5,0,600
7988,2026-04-27,PPP,,0,1000,952,24.0,24.0,0,1000
7989,2026-04-27,,,1460,0,1391,34.5,34.5,0,1460
7990,2026-04-27,PPP,,0,150,143,3.5,3.5,0,150
7991,2026-04-27,CARD,,0,500,476,12.0,12.0,0,500
7992,2026-04-27,PPPP,,0,2600,2476,62.0,62.0,0,2600
7993,2026-04-27,CARD,,0,1200,1143,28.5,28.5,0,1200
7994,2026-04-27,PPP,,0,500,476,12.0,12.0,0,500
7995,2026-04-27,,,300,0,286,7.0,7.0,0,300
7996,2026-04-27,,,120,0,114,3.0,3.0,0,120
7997,2026-04-27,,,1700,0,1620,40.0,40.0,0,1700
7998,2026-04-27,CASH,,480,0,457,11.5,11.5,0,480
7999,2026-04-27,CASH,,100,0,96,2.0,2.0,0,100
8000,2026-04-27,,,60,0,57,1.5,1.5,0,60
8001,2026-04-27,CASH,,150,0,143,3.5,3.5,0,150
8002,2026-04-27,CARD,,0,1020,971,24.5,24.5,0,1020
8003,2026-04-27,CASH,,0,550,524,13.0,13.0,0,550
8004,2026-04-27,,,70,0,67,1.5,1.5,0,70
8005,2026-04-27,,,300,0,286,7.0,7.0,0,300
8006,2026-04-27,PPP,,0,1180,1123,28.5,28.5,0,1180
8007,2026-04-27,CASH,,3510,0,3343,83.5,83.5,0,3510
8008,2026-04-27,,,300,0,286,7.0,7.0,0,300
8009,2026-04-27,,,300,0,286,7.0,7.0,0,300
8010,2026-04-27,,,700,0,666,17.0,17.0,0,700
8011,2026-04-27,,,200,0,190,5.0,5.0,0,200
8012,2026-04-27,,,80,0,76,2.0,2.0,0,80
8013,2026-04-27,PPP,,0,1680,1600,40.0,40.0,0,1680
8014,2026-04-27,000,,120,0,114,3.0,3.0,0,120
8015,2026-04-28,PPP,,0,150,143,3.5,3.5,0,150
8016,2026-04-28,PPP,,0,980,933,23.5,23.5,0,980
8017,2026-04-28,PPP,,0,120,114,3.0,3.0,0,120
8018,2026-04-28,,,150,0,143,3.5,3.5,0,150
8019,2026-04-28,PPP,,0,700,666,17.0,17.0,0,700
8020,2026-04-28,PPP,,0,300,286,7.0,7.0,0,300
8021,2026-04-28,PPP,,0,400,381,9.5,9.5,0,400
8022,2026-04-28,CASH,,100,0,95,2.5,2.5,0,100
8023,2026-04-28,CASH,,120,0,114,3.0,3.0,0,120
8024,2026-04-28,CARD,,0,2170,2067,51.5,51.5,0,2170
8025,2026-04-28,,,400,0,381,9.5,9.5,0,400
8026,2026-04-28,PPP,,0,750,714,18.0,18.0,0,750
8027,2026-04-28,PPP,,0,650,619,15.5,15.5,0,650
8028,2026-04-28,CASH,,700,0,667,16.5,16.5,0,700
8029,2026-04-28,CARD,,0,1750,1667,41.5,41.5,0,1750
8030,2026-04-28,PPP,,0,1520,1447,36.5,36.5,0,1520
8031,2026-04-28,,,100,0,95,2.5,2.5,0,100
8032,2026-04-28,,,120,0,114,3.0,3.0,0,120
8033,2026-04-28,,,810,0,772,19.0,19.0,0,810
8034,2026-04-28,,,0,1000,952,24.0,24.0,0,1000
8035,2026-04-28,,,50,0,48,1.0,1.0,0,50
8036,2026-04-28,,,1850,0,1762,44.0,44.0,0,1850
8037,2026-04-28,,,150,0,143,3.5,3.5,0,150
8038,2026-04-28,,,100,0,95,2.5,2.5,0,100
8039,2026-04-28,PPP,,0,300,286,7.0,7.0,0,300
8040,2026-04-28,,,800,0,761,19.5,19.5,0,800
8041,2026-04-28,CASH,,50,0,48,1.0,1.0,0,50
8042,2026-04-28,PP,,0,400,381,9.5,9.5,0,400
8043,2026-04-28,PPPP,,0,1200,1143,28.5,28.5,0,1200
8044,2026-04-28,CASH,,350,0,333,8.5,8.5,0,350
8045,2026-04-28,CASH,,700,0,667,16.5,16.5,0,700
8046,2026-04-28,CASH,,360,0,343,8.5,8.5,0,360
8047,2026-04-28,PP,,0,500,476,12.0,12.0,0,500
8048,2026-04-28,,,110,0,105,2.5,2.5,0,110
8049,2026-04-28,,,150,0,143,3.5,3.5,0,150
8050,2026-04-28,,,150,0,143,3.5,3.5,0,150
8051,2026-04-28,PPP,,0,100,95,2.5,2.5,0,100
8052,2026-04-28,PP,,0,400,381,9.5,9.5,0,400
8053,2026-04-28,CASH,,300,0,286,7.0,7.0,0,300
8054,2026-04-28,,,770,0,733,18.5,18.5,0,770
8055,2026-04-28,,,0,740,705,17.5,17.5,0,740
8056,2026-04-28,PPP,,0,630,600,15.0,15.0,0,630
8057,2026-04-28,,,280,0,267,6.5,6.5,0,280
8058,2026-04-28,,,2350,0,2238,56.0,56.0,0,2350
8059,2026-04-28,,,100,0,95,2.5,2.5,0,100
8060,2026-04-28,,,1500,0,1429,35.5,35.5,0,1500
8061,2026-04-28,,,700,0,666,17.0,17.0,0,700
8062,2026-04-28,,,900,0,857,21.5,21.5,0,900
8063,2026-04-28,,,200,0,190,5.0,5.0,0,200
8064,2026-04-28,,,430,0,410,10.0,10.0,0,430
8065,2026-04-28,PPP,,0,1250,1190,30.0,30.0,0,1250
8066,2026-04-28,CASH,,460,0,438,11.0,11.0,0,460
8067,2026-04-28,PPP,,0,150,143,3.5,3.5,0,150
8068,2026-04-28,CASH,,250,0,238,6.0,6.0,0,250
8069,2026-04-28,,,1200,0,1143,28.5,28.5,0,1200
8070,2026-04-28,,,200,0,190,5.0,5.0,0,200
8071,2026-04-28,,,420,0,400,10.0,10.0,0,420
8072,2026-04-29,,,360,0,343,8.5,8.5,0,360
8073,2026-04-29,CASH,,150,0,143,3.5,3.5,0,150
8074,2026-04-29,PPP,,0,1310,1248,31.0,31.0,0,1310
8075,2026-04-29,,,500,0,476,12.0,12.0,0,500
8076,2026-04-29,PPP,,0,300,286,7.0,7.0,0,300
8077,2026-04-29,,,350,0,333,8.5,8.5,0,350
8078,2026-04-29,,,660,0,628,16.0,16.0,0,660
8079,2026-04-29,,,200,0,190,5.0,5.0,0,200
8080,2026-04-29,,,1390,0,1325,32.5,32.5,0,1390
8081,2026-04-29,PPP,,0,2700,2571,64.5,64.5,0,2700
8082,2026-04-29,,,1000,0,952,24.0,24.0,0,1000
8083,2026-04-29,CASH,,600,0,571,14.5,14.5,0,600
8084,2026-04-29,CASH,,720,0,685,17.5,17.5,0,720
8085,2026-04-29,PPP,,0,1760,1677,41.5,41.5,0,1760
8086,2026-04-29,PPP,,0,150,143,3.5,3.5,0,150
8087,2026-04-29,CASH,,160,0,152,4.0,4.0,0,160
8088,2026-04-29,,,30,0,29,0.5,0.5,0,30
8089,2026-04-29,PPP,,0,1100,1048,26.0,26.0,0,1100
8090,2026-04-29,PPP,,0,1860,1770,45.0,45.0,0,1860
8091,2026-04-29,,,2210,0,2104,53.0,53.0,0,2210
8092,2026-04-29,,,280,0,267,6.5,6.5,0,280
8093,2026-04-29,,,400,0,381,9.5,9.5,0,400
8094,2026-04-29,,,2000,0,1905,47.5,47.5,0,2000
8095,2026-04-29,CASH,,1890,0,1800,45.0,45.0,0,1890
8096,2026-04-29,,,2300,0,2190,55.0,55.0,0,2300
8097,2026-04-29,PPP,,0,1040,991,24.5,24.5,0,1040
8098,2026-04-29,PPP,,0,400,381,9.5,9.5,0,400
8099,2026-04-29,,,50,0,48,1.0,1.0,0,50
8100,2026-04-29,,,270,0,257,6.5,6.5,0,270
8101,2026-04-29,,,200,0,190,5.0,5.0,0,200
8102,2026-04-29,,,150,0,143,3.5,3.5,0,150
8103,2026-04-29,,,1090,0,1038,26.0,26.0,0,1090
8104,2026-04-29,,,500,0,476,12.0,12.0,0,500
8105,2026-04-29,,,3750,0,3572,89.0,89.0,0,3750
8106,2026-04-29,,,260,0,248,6.0,6.0,0,260
8107,2026-04-29,,,250,0,238,6.0,6.0,0,250
8108,2026-04-29,CASH,,1000,0,953,23.5,23.5,0,1000
8109,2026-04-29,CASH,,350,0,333,8.5,8.5,0,350
8110,2026-04-29,CASH,,200,0,190,5.0,5.0,0,200
8111,2026-04-29,PPP,,0,700,666,17.0,17.0,0,700
8112,2026-04-29,PPPP,,0,660,629,15.5,15.5,0,660
8113,2026-04-29,PPP,,0,150,143,3.5,3.5,0,150
8114,2026-04-29,PPPP,,0,500,476,12.0,12.0,0,500
8115,2026-04-29,PPP,,0,1150,1094,28.0,28.0,0,1150
8116,2026-04-29,,,500,0,476,12.0,12.0,0,500
8117,2026-04-29,,,1500,0,1428,36.0,36.0,0,1500
8118,2026-04-29,CASH,,320,0,305,7.5,7.5,0,320
8119,2026-04-30,CASH,,150,0,143,3.5,3.5,0,150
8120,2026-04-30,,,260,0,248,6.0,6.0,0,260
8121,2026-04-30,PPP,,0,500,476,12.0,12.0,0,500
8122,2026-04-30,CASH,,150,0,143,3.5,3.5,0,150
8123,2026-04-30,PPP,,0,100,95,2.5,2.5,0,100
8124,2026-04-30,,,450,0,429,10.5,10.5,0,450
8125,2026-04-30,PPP,,0,120,114,3.0,3.0,0,120
8126,2026-04-30,PPP,,0,520,495,12.5,12.5,0,520
8127,2026-04-30,PPP,,0,180,171,4.5,4.5,0,180
8128,2026-04-30,CASH,,600,0,571,14.5,14.5,0,600
8129,2026-04-30,CASH,,1000,0,952,24.0,24.0,0,1000
8130,2026-04-30,PPP,,0,400,380,10.0,10.0,0,400
8131,2026-04-30,CARD,,0,2220,2114,53.0,53.0,0,2220
8132,2026-04-30,CASH,,300,0,286,7.0,7.0,0,300
8133,2026-04-30,CASH,,300,0,286,7.0,7.0,0,300
8134,2026-04-30,,,1300,0,1237,31.5,31.5,0,1300
8135,2026-04-30,,,50,0,48,1.0,1.0,0,50
8136,2026-04-30,,,2190,0,2086,52.0,52.0,0,2190
8137,2026-04-30,,,750,0,714,18.0,18.0,0,750
8138,2026-04-30,,,1080,0,1029,25.5,25.5,0,1080
8139,2026-04-30,,,3350,0,3191,79.5,79.5,0,3350
8140,2026-04-30,,,970,0,924,23.0,23.0,0,970
8141,2026-04-30,,,700,0,667,16.5,16.5,0,700
8142,2026-04-30,,,250,0,238,6.0,6.0,0,250
8143,2026-04-30,,,1500,0,1429,35.5,35.5,0,1500
8144,2026-04-30,,,1950,0,1855,47.5,47.5,0,1950
8145,2026-04-30,,,1040,0,990,25.0,25.0,0,1040
8146,2026-04-30,CASH,,300,0,286,7.0,7.0,0,300
8147,2026-04-30,,,600,0,571,14.5,14.5,0,600
8148,2026-04-30,PPPP,,0,300,286,7.0,7.0,0,300
8149,2026-04-30,CARD,,0,690,657,16.5,16.5,0,690
8150,2026-04-30,,,150,0,143,3.5,3.5,0,150
8151,2026-04-30,,,150,0,143,3.5,3.5,0,150
8152,2026-04-30,PPP,,0,400,381,9.5,9.5,0,400
8153,2026-04-30,,,340,0,324,8.0,8.0,0,340
8154,2026-04-30,PPP,,0,360,343,8.5,8.5,0,360
8155,2026-04-30,,,550,0,524,13.0,13.0,0,550
8156,2026-04-30,CASH,,800,0,761,19.5,19.5,0,800
8157,2026-04-30,,,100,0,96,2.0,2.0,0,100
8158,2026-04-30,,,350,0,333,8.5,8.5,0,350
8159,2026-04-30,,,150,0,143,3.5,3.5,0,150
8160,2026-04-30,CASH,,300,0,286,7.0,7.0,0,300
8161,2026-04-30,PPP,,0,870,828,21.0,21.0,0,870
8162,2026-04-30,CASH,,450,0,428,11.0,11.0,0,450
8163,2026-04-30,PPP,,0,1100,1048,26.0,26.0,0,1100
8164,2026-04-30,,,150,0,143,3.5,3.5,0,150
8165,2026-04-30,CASH,,320,0,305,7.5,7.5,0,320
8166,2026-04-30,PPP,,0,500,476,12.0,12.0,0,500
8167,2026-04-30,,,500,0,476,12.0,12.0,0,500
8168,2026-04-30,,,90,0,86,2.0,2.0,0,90
8169,2026-04-30,,,150,0,143,3.5,3.5,0,150
8170,2026-04-30,,,1600,0,1524,38.0,38.0,0,1600
8171,2026-04-30,,,30,0,29,0.5,0.5,0,30
8172,2026-04-30,,,4610,0,4391,109.5,109.5,0,4610
8173,2026-04-30,,,300,0,286,7.0,7.0,0,300
8174,2026-04-30,,,4200,0,4000,100.0,100.0,0,4200
8175,2026-04-30,,,1300,0,1238,31.0,31.0,0,1300
8176,2026-04-30,,,150,0,143,3.5,3.5,0,150
8177,2026-04-30,CASH,,1710,0,1629,40.5,40.5,0,1710
8178,2026-04-30,,,150,0,143,3.5,3.5,0,150
8179,2026-04-30,PPP,,0,1700,1619,40.5,40.5,0,1700
8180,2026-04-30,,,650,0,619,15.5,15.5,0,650
8181,2026-04-30,,,180,0,171,4.5,4.5,0,180
8182,2026-04-30,,,1900,0,1810,45.0,45.0,0,1900
8183,2026-04-30,,,30,0,29,0.5,0.5,0,30
8184,2026-05-01,CASH,,150,0,143,3.5,3.5,0,150
8185,2026-05-01,CASH,,50,0,48,1.0,1.0,0,50
8186,2026-05-01,PPP,,0,1610,1534,38.0,38.0,0,1610
8187,2026-05-01,,,50,0,48,1.0,1.0,0,50
8188,2026-05-01,PPP,,0,700,667,16.5,16.5,0,700
8189,2026-05-01,,,820,0,781,19.5,19.5,0,820
8190,2026-05-01,CASH,,400,0,381,9.5,9.5,0,400
8191,2026-05-01,CASH,,500,0,476,12.0,12.0,0,500
8192,2026-05-01,PPP,,0,3800,3619,90.5,90.5,0,3800
8193,2026-05-01,CASH,,1450,0,1381,34.5,34.5,0,1450
8194,2026-05-01,PPP,,0,250,238,6.0,6.0,0,250
8195,2026-05-01,CASH,,100,0,95,2.5,2.5,0,100
8196,2026-05-01,PPP,,0,680,647,16.5,16.5,0,680
8197,2026-05-01,CASH,,160,0,152,4.0,4.0,0,160
8198,2026-05-01,CASH,,350,0,333,8.5,8.5,0,350
8199,2026-05-01,CASH,,50,0,48,1.0,1.0,0,50
8200,2026-05-01,,,300,0,286,7.0,7.0,0,300
8201,2026-05-01,PPP,,0,560,534,13.0,13.0,0,560
8202,2026-05-01,PPP,,0,1000,953,23.5,23.5,0,1000
8203,2026-05-01,CASH,,500,0,476,12.0,12.0,0,500
8204,2026-05-01,PPP,,0,300,286,7.0,7.0,0,300
8205,2026-05-01,,,200,0,190,5.0,5.0,0,200
8206,2026-05-01,,,1200,0,1143,28.5,28.5,0,1200
8207,2026-05-01,PPP,,0,360,343,8.5,8.5,0,360
8208,2026-05-01,PPPP,,0,550,524,13.0,13.0,0,550
8209,2026-05-01,,,360,0,343,8.5,8.5,0,360
8210,2026-05-01,,,80,0,76,2.0,2.0,0,80
8211,2026-05-01,PPP,,0,190,181,4.5,4.5,0,190
8212,2026-05-01,PPP,,0,1200,1143,28.5,28.5,0,1200
8213,2026-05-01,PPP,,0,60,57,1.5,1.5,0,60
8214,2026-05-01,,,500,0,476,12.0,12.0,0,500
8215,2026-05-01,,,450,0,429,10.5,10.5,0,450
8216,2026-05-01,CASH,,500,0,476,12.0,12.0,0,500
8217,2026-05-01,PPP,,0,1150,1095,27.5,27.5,0,1150
8218,2026-05-01,,,0,1950,1857,46.5,46.5,0,1950
8219,2026-05-01,,,0,2010,1914,48.0,48.0,0,2010
8220,2026-05-01,,,450,0,428,11.0,11.0,0,450
8221,2026-05-01,,,0,250,238,6.0,6.0,0,250
8222,2026-05-01,CASH,,150,0,143,3.5,3.5,0,150
8223,2026-05-01,CASH,,1900,0,1810,45.0,45.0,0,1900
8224,2026-05-01,PPP,,0,380,362,9.0,9.0,0,380
8225,2026-05-01,CASH,,400,0,381,9.5,9.5,0,400
8226,2026-05-01,PPP,,0,150,143,3.5,3.5,0,150
8227,2026-05-01,PPP,,0,770,733,18.5,18.5,0,770
8228,2026-05-01,PPP,,0,1690,1610,40.0,40.0,0,1690
8229,2026-05-01,PPP,,0,250,238,6.0,6.0,0,250
8230,2026-05-01,PPP,,0,400,381,9.5,9.5,0,400
8231,2026-05-01,CASH,,590,0,562,14.0,14.0,0,590
8232,2026-05-01,PPP,,0,150,143,3.5,3.5,0,150
8233,2026-05-01,PPP,,0,180,171,4.5,4.5,0,180
8234,2026-05-01,IOPP,,0,650,619,15.5,15.5,0,650
8235,2026-05-01,PPP,,0,900,858,21.0,21.0,0,900
8236,2026-05-01,PPP,,0,250,238,6.0,6.0,0,250
8237,2026-05-01,PPP,,0,560,533,13.5,13.5,0,560
8238,2026-05-01,,,800,0,762,19.0,19.0,0,800
8239,2026-05-01,,,1000,0,953,23.5,23.5,0,1000
8240,2026-05-01,,,150,0,143,3.5,3.5,0,150
8241,2026-05-01,,,1200,0,1143,28.5,28.5,0,1200
8242,2026-05-01,,,340,0,324,8.0,8.0,0,340
8243,2026-05-01,,,0,1950,1857,46.5,46.5,0,1950
8244,2026-05-01,,,800,0,762,19.0,19.0,0,800
8245,2026-05-01,,,850,0,810,20.0,20.0,0,850
8246,2026-05-01,,,840,0,800,20.0,20.0,0,840
8247,2026-05-01,,,910,0,866,22.0,22.0,0,910
8248,2026-05-01,,,2260,0,2152,54.0,54.0,0,2260
8249,2026-05-01,,,400,0,381,9.5,9.5,0,400
8250,2026-05-01,,,570,0,543,13.5,13.5,0,570
8251,2026-05-01,,,570,0,543,13.5,13.5,0,570
8252,2026-05-01,,,540,0,515,12.5,12.5,0,540
8253,2026-05-01,,,500,0,476,12.0,12.0,0,500
8254,2026-05-01,,,3000,0,2857,71.5,71.5,0,3000
8255,2026-05-01,,,4330,0,4123,103.5,103.5,0,4330
8256,2026-05-01,CASH,,550,0,524,13.0,13.0,0,550
8257,2026-05-01,,,2030,0,1934,48.0,48.0,0,2030
8258,2026-05-01,,,360,0,343,8.5,8.5,0,360
8259,2026-05-01,,,2590,0,2466,62.0,62.0,0,2590
8260,2026-05-01,,,480,0,457,11.5,11.5,0,480
8261,2026-05-01,,,1310,0,1247,31.5,31.5,0,1310
8262,2026-05-01,,,150,0,143,3.5,3.5,0,150
8263,2026-05-01,,,1040,0,990,25.0,25.0,0,1040
8264,2026-05-01,PPP,,0,1240,1181,29.5,29.5,0,1240
8265,2026-05-01,PPP,,0,200,190,5.0,5.0,0,200
8266,2026-05-01,PPP,,0,80,76,2.0,2.0,0,80
8267,2026-05-01,,,40,0,38,1.0,1.0,0,40
8268,2026-05-01,PPP,,0,2670,2542,64.0,64.0,0,2670
8269,2026-05-01,CASH,,4280,0,4077,101.5,101.5,0,4280
8270,2026-05-01,,,850,0,809,20.5,20.5,0,850
8271,2026-05-01,,,300,0,286,7.0,7.0,0,300
8272,2026-05-01,,,0,1820,1733,43.5,43.5,0,1820
8273,2026-05-02,CASH,,120,0,114,3.0,3.0,0,120
8274,2026-05-02,,,600,0,571,14.5,14.5,0,600
8275,2026-05-02,,,510,0,486,12.0,12.0,0,510
8276,2026-05-02,,,350,0,333,8.5,8.5,0,350
8277,2026-05-02,PPPP,,0,750,714,18.0,18.0,0,750
8278,2026-05-02,CASH,,400,0,381,9.5,9.5,0,400
8279,2026-05-02,,,150,0,143,3.5,3.5,0,150
8280,2026-05-02,,,700,0,667,16.5,16.5,0,700
8281,2026-05-02,,,120,0,114,3.0,3.0,0,120
8282,2026-05-02,,,500,0,476,12.0,12.0,0,500
8283,2026-05-02,,,200,0,190,5.0,5.0,0,200
8284,2026-05-02,CASH,,250,0,238,6.0,6.0,0,250
8285,2026-05-02,PPP,,0,300,286,7.0,7.0,0,300
8286,2026-05-02,,,1000,0,952,24.0,24.0,0,1000
8287,2026-05-02,,,710,0,676,17.0,17.0,0,710
8288,2026-05-02,,,500,0,476,12.0,12.0,0,500
8289,2026-05-02,PPP,,0,600,571,14.5,14.5,0,600
8290,2026-05-02,PPPP,,0,300,286,7.0,7.0,0,300
8291,2026-05-02,,,2550,0,2428,61.0,61.0,0,2550
8292,2026-05-02,,,30,0,29,0.5,0.5,0,30
8293,2026-05-02,PPP,,0,2560,2438,61.0,61.0,0,2560
8294,2026-05-02,PPP,,0,150,143,3.5,3.5,0,150
8295,2026-05-02,,,2800,0,2666,67.0,67.0,0,2800
8296,2026-05-02,,,90,0,86,2.0,2.0,0,90
8297,2026-05-02,,,300,0,286,7.0,7.0,0,300
8298,2026-05-02,,,360,0,343,8.5,8.5,0,360
8299,2026-05-02,,,910,0,867,21.5,21.5,0,910
8300,2026-05-02,,,2350,0,2238,56.0,56.0,0,2350
8301,2026-05-02,,,410,0,390,10.0,10.0,0,410
8302,2026-05-02,,,1080,0,1029,25.5,25.5,0,1080
8303,2026-05-02,,,150,0,143,3.5,3.5,0,150
8304,2026-05-02,,,900,0,857,21.5,21.5,0,900
8305,2026-05-02,,,580,0,552,14.0,14.0,0,580
8306,2026-05-02,,,600,0,571,14.5,14.5,0,600
8307,2026-05-02,,,250,0,238,6.0,6.0,0,250
8308,2026-05-02,,,1300,0,1238,31.0,31.0,0,1300
8309,2026-05-02,,,250,0,238,6.0,6.0,0,250
8310,2026-05-02,,,800,0,762,19.0,19.0,0,800
8311,2026-05-02,,,1300,0,1238,31.0,31.0,0,1300
8312,2026-05-02,,,3150,0,3000,75.0,75.0,0,3150
8313,2026-05-02,,,890,0,848,21.0,21.0,0,890
8314,2026-05-02,,,450,0,429,10.5,10.5,0,450
8315,2026-05-02,,,2710,0,2581,64.5,64.5,0,2710
8316,2026-05-02,,,100,0,95,2.5,2.5,0,100
8317,2026-05-02,,,1800,0,1715,42.5,42.5,0,1800
8318,2026-05-02,,,150,0,143,3.5,3.5,0,150
8319,2026-05-02,,,800,0,762,19.0,19.0,0,800
8320,2026-05-02,,,2730,0,2599,65.5,65.5,0,2730
8321,2026-05-02,,,1560,0,1485,37.5,37.5,0,1560
8322,2026-05-02,,,940,0,896,22.0,22.0,0,940
8323,2026-05-02,,,1900,0,1810,45.0,45.0,0,1900
8324,2026-05-02,,,120,0,114,3.0,3.0,0,120
8325,2026-05-02,PPP,,0,1150,1095,27.5,27.5,0,1150
8326,2026-05-02,,,200,0,190,5.0,5.0,0,200
8327,2026-05-02,,,1020,0,971,24.5,24.5,0,1020
8328,2026-05-02,,,470,0,447,11.5,11.5,0,470
8329,2026-05-02,,,450,0,428,11.0,11.0,0,450
8330,2026-05-02,,,150,0,143,3.5,3.5,0,150
8331,2026-05-02,,,160,0,152,4.0,4.0,0,160
8332,2026-05-02,,,280,0,266,7.0,7.0,0,280
8333,2026-05-02,,,300,0,286,7.0,7.0,0,300
8334,2026-05-02,,,650,0,619,15.5,15.5,0,650
8335,2026-05-02,,,670,0,638,16.0,16.0,0,670
8336,2026-05-02,,,2580,0,2457,61.5,61.5,0,2580
8337,2026-05-02,,,300,0,286,7.0,7.0,0,300
8338,2026-05-02,,,400,0,381,9.5,9.5,0,400
8339,2026-05-02,,,750,0,714,18.0,18.0,0,750
8340,2026-05-02,,,240,0,229,5.5,5.5,0,240
8341,2026-05-02,,,790,0,751,19.5,19.5,0,790
8342,2026-05-02,CASH,,780,0,743,18.5,18.5,0,780
8343,2026-05-02,PPP,,0,300,286,7.0,7.0,0,300
8344,2026-05-02,PPP,,0,300,286,7.0,7.0,0,300
8345,2026-05-02,CARD,,0,1660,1581,39.5,39.5,0,1660
8346,2026-05-02,PPP,,0,3920,3733,93.5,93.5,0,3920
8347,2026-05-02,,,1000,0,952,24.0,24.0,0,1000
8348,2026-05-02,CASH,,340,0,324,8.0,8.0,0,340
8349,2026-05-02,,,60,0,57,1.5,1.5,0,60
8350,2026-05-02,PPP,,0,1940,1848,46.0,46.0,0,1940
8351,2026-05-02,PPP,,0,60,57,1.5,1.5,0,60
8352,2026-05-02,CASH,,350,0,334,8.0,8.0,0,350
8353,2026-05-02,,,650,0,619,15.5,15.5,0,650
8354,2026-05-02,CARD,,0,12080,11505,287.5,287.5,0,12080
8355,2026-05-02,PPPP,,0,280,266,7.0,7.0,0,280
8356,2026-05-02,PPP,,0,300,286,7.0,7.0,0,300
8357,2026-05-02,PPP,,0,300,286,7.0,7.0,0,300
8358,2026-05-02,PPP,,0,1300,1238,31.0,31.0,0,1300
8359,2026-05-02,CARD,,0,2300,2189,55.5,55.5,0,2300
8360,2026-05-02,CASH,,5780,0,5503,138.5,138.5,0,5780
8361,2026-05-02,,,350,0,333,8.5,8.5,0,350
8362,2026-05-03,CASH,,60,0,57,1.5,1.5,0,60
8363,2026-05-03,,,260,0,248,6.0,6.0,0,260
8364,2026-05-03,,,100,0,95,2.5,2.5,0,100
8365,2026-05-03,CASH,,600,0,571,14.5,14.5,0,600
8366,2026-05-03,,,0,120,114,3.0,3.0,0,120
8367,2026-05-03,,,100,0,95,2.5,2.5,0,100
8368,2026-05-03,,,50,0,48,1.0,1.0,0,50
8369,2026-05-03,,,1700,0,1620,40.0,40.0,0,1700
8370,2026-05-03,,,800,0,762,19.0,19.0,0,800
8371,2026-05-03,PPP,,0,2760,2627,66.5,66.5,0,2760
8372,2026-05-03,PPP,,0,2680,2552,64.0,64.0,0,2680
8373,2026-05-03,,,200,0,190,5.0,5.0,0,200
8374,2026-05-03,,,2050,0,1952,49.0,49.0,0,2050
8375,2026-05-03,,,150,0,143,3.5,3.5,0,150
8376,2026-05-03,,,4180,0,3981,99.5,99.5,0,4180
8377,2026-05-03,,,0,2130,2028,51.0,51.0,0,2130
8378,2026-05-03,,,1500,0,1428,36.0,36.0,0,1500
8379,2026-05-03,CARD,,0,800,762,19.0,19.0,0,800
8380,2026-05-03,,,160,0,152,4.0,4.0,0,160
8381,2026-05-03,,,100,0,95,2.5,2.5,0,100
8382,2026-05-03,CASH,,700,0,666,17.0,17.0,0,700
8383,2026-05-03,CASH,,250,0,238,6.0,6.0,0,250
8384,2026-05-03,PPP,,0,300,286,7.0,7.0,0,300
8385,2026-05-03,CASH,,250,0,238,6.0,6.0,0,250
8386,2026-05-03,,,550,0,523,13.5,13.5,0,550
8387,2026-05-03,CASH,,1130,0,1076,27.0,27.0,0,1130
8388,2026-05-03,PPP,,0,120,114,3.0,3.0,0,120
8389,2026-05-03,PPP,,0,700,667,16.5,16.5,0,700
8390,2026-05-03,,,60,0,57,1.5,1.5,0,60
8391,2026-05-03,PPPP,,0,350,333,8.5,8.5,0,350
8392,2026-05-03,,,200,0,190,5.0,5.0,0,200
8393,2026-05-03,,,300,0,286,7.0,7.0,0,300
8394,2026-05-03,CASH,,2530,0,2409,60.5,60.5,0,2530
8395,2026-05-03,,,150,0,143,3.5,3.5,0,150
8396,2026-05-03,,,2490,0,2371,59.5,59.5,0,2490
8397,2026-05-03,,,400,0,381,9.5,9.5,0,400
8398,2026-05-03,,,750,0,714,18.0,18.0,0,750
8399,2026-05-03,,,1150,0,1095,27.5,27.5,0,1150
8400,2026-05-03,,,2900,0,2761,69.5,69.5,0,2900
8401,2026-05-03,,,300,0,286,7.0,7.0,0,300
8402,2026-05-03,PPP,,0,350,333,8.5,8.5,0,350
8403,2026-05-03,CASH,,150,0,143,3.5,3.5,0,150
8404,2026-05-03,PPP,,0,550,524,13.0,13.0,0,550
8405,2026-05-03,PPP,,0,650,619,15.5,15.5,0,650
8406,2026-05-03,,,300,0,286,7.0,7.0,0,300
8407,2026-05-03,CASH,,650,0,619,15.5,15.5,0,650
8408,2026-05-03,,,2950,0,2809,70.5,70.5,0,2950
8409,2026-05-03,,,550,0,524,13.0,13.0,0,550
8410,2026-05-03,CASH,,1040,0,991,24.5,24.5,0,1040
8411,2026-05-03,,,150,0,143,3.5,3.5,0,150
8412,2026-05-03,PPP,,0,600,571,14.5,14.5,0,600
8413,2026-05-03,,,700,0,666,17.0,17.0,0,700
8414,2026-05-03,PPP,,0,1700,1619,40.5,40.5,0,1700
8415,2026-05-03,PPP,,0,910,866,22.0,22.0,0,910
8416,2026-05-03,PPP,,950,0,904,23.0,23.0,0,950
8417,2026-05-03,,,800,0,762,19.0,19.0,0,800
8418,2026-05-03,PPP,,0,200,190,5.0,5.0,0,200
8419,2026-05-03,,,150,0,143,3.5,3.5,0,150
8420,2026-05-03,,,260,0,248,6.0,6.0,0,260
8421,2026-05-03,,,1860,0,1772,44.0,44.0,0,1860
8422,2026-05-03,,,480,0,457,11.5,11.5,0,480
8423,2026-05-03,,,80,0,76,2.0,2.0,0,80
8424,2026-05-03,,,520,0,495,12.5,12.5,0,520
8425,2026-05-03,,,580,0,552,14.0,14.0,0,580
8426,2026-05-03,,,780,0,743,18.5,18.5,0,780
8427,2026-05-03,,,450,0,429,10.5,10.5,0,450
8428,2026-05-03,,,550,0,524,13.0,13.0,0,550
8429,2026-05-03,,,1370,0,1305,32.5,32.5,0,1370
8430,2026-05-03,,,2400,0,2286,57.0,57.0,0,2400
8431,2026-05-03,,,1070,0,1019,25.5,25.5,0,1070
8432,2026-05-03,,,300,0,286,7.0,7.0,0,300
8433,2026-05-03,,,620,0,591,14.5,14.5,0,620
8434,2026-05-03,CASH,,800,0,762,19.0,19.0,0,800
8435,2026-05-03,,,400,0,381,9.5,9.5,0,400
8436,2026-05-03,,,80,0,76,2.0,2.0,0,80
8437,2026-05-03,CARD,,0,2430,2313,58.5,58.5,0,2430
8438,2026-05-03,PPP,,0,200,190,5.0,5.0,0,200
8439,2026-05-03,CASH,,140,0,133,3.5,3.5,0,140
8440,2026-05-03,,,100,0,95,2.5,2.5,0,100
8441,2026-05-03,,,900,0,857,21.5,21.5,0,900
8442,2026-05-03,,,300,0,286,7.0,7.0,0,300
8443,2026-05-03,,,1030,0,980,25.0,25.0,0,1030
8444,2026-05-03,,,1360,0,1295,32.5,32.5,0,1360
8445,2026-05-03,,,4120,0,3924,98.0,98.0,0,4120
8446,2026-05-03,,,920,0,875,22.5,22.5,0,920
8447,2026-05-03,,,1200,0,1143,28.5,28.5,0,1200
8448,2026-05-03,,,150,0,143,3.5,3.5,0,150
8449,2026-05-03,,,780,0,742,19.0,19.0,0,780
8450,2026-05-03,,,670,0,637,16.5,16.5,0,670
8451,2026-05-03,,,150,0,143,3.5,3.5,0,150
8452,2026-05-03,,,1250,0,1191,29.5,29.5,0,1250
8453,2026-05-03,,,300,0,286,7.0,7.0,0,300
8454,2026-05-03,,,350,0,333,8.5,8.5,0,350
8455,2026-05-03,CASH,,1290,0,1229,30.5,30.5,0,1290
8456,2026-05-03,PPP,,0,1650,1571,39.5,39.5,0,1650
8457,2026-05-03,,,1900,0,1809,45.5,45.5,0,1900
8458,2026-05-04,PPP,,0,30,29,0.5,0.5,0,30
8459,2026-05-04,PPP,,0,1200,1143,28.5,28.5,0,1200
8460,2026-05-04,,,200,0,190,5.0,5.0,0,200
8461,2026-05-04,PPP,,0,800,762,19.0,19.0,0,800
8462,2026-05-04,PPP,,0,900,857,21.5,21.5,0,900
8463,2026-05-04,PPPP,,0,550,524,13.0,13.0,0,550
8464,2026-05-04,CASH,,80,0,76,2.0,2.0,0,80
8465,2026-05-04,,,850,0,809,20.5,20.5,0,850
8466,2026-05-04,,,480,0,457,11.5,11.5,0,480
8467,2026-05-04,PPP,,0,30,29,0.5,0.5,0,30
8468,2026-05-04,PPP,,0,1950,1857,46.5,46.5,0,1950
8469,2026-05-04,,,60,0,57,1.5,1.5,0,60
8470,2026-05-04,,,200,0,190,5.0,5.0,0,200
8471,2026-05-04,,,1500,0,1428,36.0,36.0,0,1500
8472,2026-05-04,PPP,,0,1500,1429,35.5,35.5,0,1500
8473,2026-05-04,,,1550,0,1476,37.0,37.0,0,1550
8474,2026-05-04,PPPP,,0,5100,4857,121.5,121.5,0,5100
8475,2026-05-04,CARD,,0,1660,1582,39.0,39.0,0,1660
8476,2026-05-04,CASH,,500,0,476,12.0,12.0,0,500
8477,2026-05-04,PPP,,0,250,238,6.0,6.0,0,250
8478,2026-05-04,PPP,,0,210,200,5.0,5.0,0,210
8479,2026-05-04,PPP,,0,500,476,12.0,12.0,0,500
8480,2026-05-04,,,120,0,114,3.0,3.0,0,120
8481,2026-05-04,PPP,,0,1000,953,23.5,23.5,0,1000
8482,2026-05-04,PPP,,0,900,857,21.5,21.5,0,900
8483,2026-05-04,,,1200,0,1143,28.5,28.5,0,1200
8484,2026-05-04,PPP,,0,600,571,14.5,14.5,0,600
8485,2026-05-04,,,80,0,76,2.0,2.0,0,80
8486,2026-05-04,CASH,,2610,0,2485,62.5,62.5,0,2610
8487,2026-05-04,PPP,,0,510,485,12.5,12.5,0,510
8488,2026-05-04,PPP,,0,460,438,11.0,11.0,0,460
8489,2026-05-04,CASH,,330,0,314,8.0,8.0,0,330
8490,2026-05-04,PPP,,0,1000,952,24.0,24.0,0,1000
8491,2026-05-04,,,0,100,95,2.5,2.5,0,100
8492,2026-05-04,,,300,0,286,7.0,7.0,0,300
8493,2026-05-04,PP,,0,260,248,6.0,6.0,0,260
8494,2026-05-04,PPP,,0,900,857,21.5,21.5,0,900
8495,2026-05-04,PPP,,0,950,906,22.0,22.0,0,950
8496,2026-05-04,PPP,,0,1230,1171,29.5,29.5,0,1230
8497,2026-05-04,PPP,,0,1650,1571,39.5,39.5,0,1650
8498,2026-05-04,PPP,,0,1350,1286,32.0,32.0,0,1350
8499,2026-05-04,PPP,,0,150,143,3.5,3.5,0,150
8500,2026-05-04,CARD,,0,3750,3571,89.5,89.5,0,3750
8501,2026-05-04,MIXXX,,300,0,286,7.0,7.0,0,300
8502,2026-05-04,PPPP,,0,600,571,14.5,14.5,0,600
8503,2026-05-04,PPP,,0,2450,2334,58.0,58.0,0,2450
8504,2026-05-04,PPP,,0,150,143,3.5,3.5,0,150
8505,2026-05-04,PPP,,0,180,171,4.5,4.5,0,180
8506,2026-05-04,PPPP,,0,300,286,7.0,7.0,0,300
8507,2026-05-04,PPP,,0,750,714,18.0,18.0,0,750
8508,2026-05-04,CASH,,1400,0,1334,33.0,33.0,0,1400
8509,2026-05-05,PPP,,0,150,143,3.5,3.5,0,150
8510,2026-05-05,CASH,,300,0,286,7.0,7.0,0,300
8511,2026-05-05,CASH,,650,0,618,16.0,16.0,0,650
8512,2026-05-05,,,1300,0,1239,30.5,30.5,0,1300
8513,2026-05-05,PPP,,0,350,333,8.5,8.5,0,350
8514,2026-05-05,PPP,,0,720,685,17.5,17.5,0,720
8515,2026-05-05,PPP,,0,3270,3114,78.0,78.0,0,3270
8516,2026-05-05,PPP,,0,650,619,15.5,15.5,0,650
8517,2026-05-05,CASH,,670,0,638,16.0,16.0,0,670
8518,2026-05-05,PPP,,0,520,495,12.5,12.5,0,520
8519,2026-05-05,PPP,,0,850,810,20.0,20.0,0,850
8520,2026-05-05,CASH,,260,0,248,6.0,6.0,0,260
8521,2026-05-05,,,0,850,809,20.5,20.5,0,850
8522,2026-05-05,,,0,1300,1238,31.0,31.0,0,1300
8523,2026-05-05,PPP,,0,650,619,15.5,15.5,0,650
8524,2026-05-05,,,0,600,571,14.5,14.5,0,600
8525,2026-05-05,,,0,760,724,18.0,18.0,0,760
8526,2026-05-05,CASH,,390,0,372,9.0,9.0,0,390
8527,2026-05-05,MIXX,,0,900,858,21.0,21.0,0,900
8528,2026-05-05,CASH,,1750,0,1666,42.0,42.0,0,1750
8529,2026-05-05,PPP,,0,560,533,13.5,13.5,0,560
8530,2026-05-05,MICCC,,0,1000,952,24.0,24.0,0,1000
8531,2026-05-05,CASH,,600,0,572,14.0,14.0,0,600
8532,2026-05-05,CASH,,1510,0,1438,36.0,36.0,0,1510
8533,2026-05-05,PPP,,0,860,819,20.5,20.5,0,860
8534,2026-05-05,PPPP,,0,500,476,12.0,12.0,0,500
8535,2026-05-05,CSH,,550,0,524,13.0,13.0,0,550
8536,2026-05-05,PPP,,0,300,286,7.0,7.0,0,300
8537,2026-05-05,,,0,650,619,15.5,15.5,0,650
8538,2026-05-05,PPP,,0,520,495,12.5,12.5,0,520
8539,2026-05-05,PPP,,0,250,238,6.0,6.0,0,250
8540,2026-05-05,PPP,,0,360,343,8.5,8.5,0,360
8541,2026-05-05,CASH,,300,0,286,7.0,7.0,0,300
8542,2026-05-05,CASH,,120,0,114,3.0,3.0,0,120
8543,2026-05-05,,,250,0,238,6.0,6.0,0,250
8544,2026-05-05,PPP,,0,450,428,11.0,11.0,0,450
8545,2026-05-05,,,380,0,362,9.0,9.0,0,380
8546,2026-05-05,,,1500,0,1429,35.5,35.5,0,1500
8547,2026-05-05,,,120,0,114,3.0,3.0,0,120
8548,2026-05-05,,,3730,0,3551,89.5,89.5,0,3730
8549,2026-05-05,,,1600,0,1524,38.0,38.0,0,1600
8550,2026-05-05,,,610,0,581,14.5,14.5,0,610
8551,2026-05-06,CASH,,250,0,238,6.0,6.0,0,250
8552,2026-05-06,PPP,,0,100,95,2.5,2.5,0,100
8553,2026-05-06,PPP,,0,160,152,4.0,4.0,0,160
8554,2026-05-06,PPPP,,0,1050,1000,25.0,25.0,0,1050
8555,2026-05-06,CASH,,500,0,476,12.0,12.0,0,500
8556,2026-05-06,CASH,,150,0,143,3.5,3.5,0,150
8557,2026-05-06,CASH,,90,0,86,2.0,2.0,0,90
8558,2026-05-06,CASH,,1310,0,1248,31.0,31.0,0,1310
8559,2026-05-06,CASH,,1100,0,1047,26.5,26.5,0,1100
8560,2026-05-06,PPP,,0,480,457,11.5,11.5,0,480
8561,2026-05-06,PPP,,0,100,95,2.5,2.5,0,100
8562,2026-05-06,PPPP,,0,2560,2437,61.5,61.5,0,2560
8563,2026-05-06,PPP,,0,700,667,16.5,16.5,0,700
8564,2026-05-06,,,0,1360,1296,32.0,32.0,0,1360
8565,2026-05-06,,,0,300,286,7.0,7.0,0,300
8566,2026-05-06,,,300,0,286,7.0,7.0,0,300
8567,2026-05-06,CASH,,80,0,76,2.0,2.0,0,80
8568,2026-05-06,CASH,,250,0,238,6.0,6.0,0,250
8569,2026-05-06,PPP,,0,2050,1952,49.0,49.0,0,2050
8570,2026-05-06,CASH,,2200,0,2094,53.0,53.0,0,2200
8571,2026-05-06,PPP,,0,600,571,14.5,14.5,0,600
8572,2026-05-06,PPP,,0,1200,1142,29.0,29.0,0,1200
8573,2026-05-06,PPP,,0,2300,2191,54.5,54.5,0,2300
8574,2026-05-06,CASH,,500,0,476,12.0,12.0,0,500
8575,2026-05-06,CARD,,0,1850,1762,44.0,44.0,0,1850
8576,2026-05-06,CASH,,900,0,857,21.5,21.5,0,900
8577,2026-05-06,PPP,,0,1340,1276,32.0,32.0,0,1340
8578,2026-05-06,CASH,,750,0,714,18.0,18.0,0,750
8579,2026-05-06,PPPP,,0,150,143,3.5,3.5,0,150
8580,2026-05-06,CASH,,760,0,724,18.0,18.0,0,760
8581,2026-05-06,CASH,,150,0,143,3.5,3.5,0,150
8582,2026-05-06,PPP,,0,1400,1333,33.5,33.5,0,1400
8583,2026-05-06,PPPP,,0,2630,2505,62.5,62.5,0,2630
8584,2026-05-06,MIXXX,,1200,0,1143,28.5,28.5,0,1200
8585,2026-05-06,PP,,0,150,143,3.5,3.5,0,150
8586,2026-05-06,PPP,,0,800,762,19.0,19.0,0,800
8587,2026-05-06,CASH,,50,0,48,1.0,1.0,0,50
8588,2026-05-06,PPP,,0,2000,1905,47.5,47.5,0,2000
8589,2026-05-06,PPP,,0,740,704,18.0,18.0,0,740
8590,2026-05-06,PPP,,0,300,286,7.0,7.0,0,300
8591,2026-05-06,PPP,,0,350,333,8.5,8.5,0,350
8592,2026-05-06,CASH,,2000,0,1905,47.5,47.5,0,2000
8593,2026-05-06,CASH,,1000,0,953,23.5,23.5,0,1000
8594,2026-05-06,CASH,,1000,0,953,23.5,23.5,0,1000
8595,2026-05-06,PPP,,0,780,743,18.5,18.5,0,780
8596,2026-05-06,PP,,0,1000,952,24.0,24.0,0,1000
8597,2026-05-06,CASH,,260,0,247,6.5,6.5,0,260
8598,2026-05-06,PPP,,0,410,391,9.5,9.5,0,410
8599,2026-05-06,PPP,,0,250,238,6.0,6.0,0,250
8600,2026-05-06,,,50,0,48,1.0,1.0,0,50
8601,2026-05-06,,,250,0,238,6.0,6.0,0,250
8602,2026-05-06,PPPP,,0,360,343,8.5,8.5,0,360
8603,2026-05-06,PPP,,0,1410,1343,33.5,33.5,0,1410
8604,2026-05-06,PPP,,0,200,190,5.0,5.0,0,200
8605,2026-05-06,,,200,0,190,5.0,5.0,0,200
8606,2026-05-06,CASH,,300,0,286,7.0,7.0,0,300
8607,2026-05-06,CASH,,2990,0,2847,71.5,71.5,0,2990
8608,2026-05-06,,,120,0,114,3.0,3.0,0,120
8609,2026-05-06,,,550,0,524,13.0,13.0,0,550
8610,2026-05-06,CASH,,260,0,248,6.0,6.0,0,260
8611,2026-05-06,PPP,,0,800,762,19.0,19.0,0,800
8612,2026-05-06,PPP,,0,2900,2762,69.0,69.0,0,2900
8613,2026-05-06,PPP,,0,150,143,3.5,3.5,0,150
8614,2026-05-06,PPP,,0,50,48,1.0,1.0,0,50
8615,2026-05-06,PPP,,0,560,534,13.0,13.0,0,560
8616,2026-05-06,CASH,,550,0,524,13.0,13.0,0,550
8617,2026-05-06,CASH,,0,150,143,3.5,3.5,0,150
8618,2026-05-06,,,250,0,238,6.0,6.0,0,250
8619,2026-05-06,PPP,,0,450,429,10.5,10.5,0,450
8620,2026-05-06,,,150,0,143,3.5,3.5,0,150
8621,2026-05-06,CARD,,0,300,286,7.0,7.0,0,300
8622,2026-05-07,PPP,,0,300,286,7.0,7.0,0,300
8623,2026-05-07,PPP,,0,50,48,1.0,1.0,0,50
8624,2026-05-07,PPP,,0,340,323,8.5,8.5,0,340
8625,2026-05-07,PPP,,0,100,96,2.0,2.0,0,100
8626,2026-05-07,,,500,0,476,12.0,12.0,0,500
8627,2026-05-07,,,0,480,458,11.0,11.0,0,480
8628,2026-05-07,PPP,,0,1000,952,24.0,24.0,0,1000
8629,2026-05-07,PPP777,,0,330,314,8.0,8.0,0,330
8630,2026-05-07,CASH,,800,0,762,19.0,19.0,0,800
8631,2026-05-07,PPP,,0,900,857,21.5,21.5,0,900
8632,2026-05-07,CASH,,500,0,476,12.0,12.0,0,500
8633,2026-05-07,PPPP,,0,4140,3942,99.0,99.0,0,4140
8634,2026-05-07,PPP,,0,30,29,0.5,0.5,0,30
8635,2026-05-07,,,40,0,38,1.0,1.0,0,40
8636,2026-05-07,,,400,0,381,9.5,9.5,0,400
8637,2026-05-07,CASH,,1900,0,1809,45.5,45.5,0,1900
8638,2026-05-07,CASRD,,0,1620,1543,38.5,38.5,0,1620
8639,2026-05-07,,,50,0,48,1.0,1.0,0,50
8640,2026-05-07,PPP,,0,520,495,12.5,12.5,0,520
8641,2026-05-07,PPP,,0,260,248,6.0,6.0,0,260
8642,2026-05-07,PPP,,0,950,905,22.5,22.5,0,950
8643,2026-05-07,[PPP],,0,700,666,17.0,17.0,0,700
8644,2026-05-07,CASH,,1080,0,1028,26.0,26.0,0,1080
8645,2026-05-07,PPP,,0,1400,1333,33.5,33.5,0,1400
8646,2026-05-07,MIXX,,0,1730,1649,40.5,40.5,0,1730
8647,2026-05-07,PPP,,0,120,114,3.0,3.0,0,120
8648,2026-05-07,,,0,200,190,5.0,5.0,0,200
8649,2026-05-07,,,110,0,105,2.5,2.5,0,110
8650,2026-05-07,,,900,0,857,21.5,21.5,0,900
8651,2026-05-07,CASH,,1290,0,1229,30.5,30.5,0,1290
8652,2026-05-07,CASH,,370,0,352,9.0,9.0,0,370
8653,2026-05-07,CASH,,60,0,57,1.5,1.5,0,60
8654,2026-05-07,CASH,,150,0,143,3.5,3.5,0,150
8655,2026-05-07,,,900,0,857,21.5,21.5,0,900
8656,2026-05-07,PPP,,0,340,324,8.0,8.0,0,340
8657,2026-05-07,MIXX,,0,900,857,21.5,21.5,0,900
8658,2026-05-07,CASH,,540,0,515,12.5,12.5,0,540
8659,2026-05-07,PPP,,0,320,305,7.5,7.5,0,320
8660,2026-05-07,PPP,,0,500,476,12.0,12.0,0,500
8661,2026-05-07,PPP,,0,300,286,7.0,7.0,0,300
8662,2026-05-07,CASH,,300,0,286,7.0,7.0,0,300
8663,2026-05-07,CASH,,600,0,571,14.5,14.5,0,600
8664,2026-05-07,PPP,,0,2050,1953,48.5,48.5,0,2050
8665,2026-05-07,CASH,,150,0,143,3.5,3.5,0,150
8666,2026-05-07,PPP,,0,1050,1001,24.5,24.5,0,1050
8667,2026-05-07,PPP,,0,1950,1857,46.5,46.5,0,1950
8668,2026-05-07,CASH,,200,0,190,5.0,5.0,0,200
8669,2026-05-07,PPP,,0,950,904,23.0,23.0,0,950
8670,2026-05-07,,,600,0,571,14.5,14.5,0,600
8671,2026-05-07,PPP,,0,650,619,15.5,15.5,0,650
8672,2026-05-07,PPP,,0,30,29,0.5,0.5,0,30
8673,2026-05-07,CASH,,700,0,666,17.0,17.0,0,700
8674,2026-05-07,,,550,0,524,13.0,13.0,0,550
8675,2026-05-07,,,350,0,333,8.5,8.5,0,350
8676,2026-05-07,PPP,,0,2720,2590,65.0,65.0,0,2720
8677,2026-05-07,PPP,,0,230,219,5.5,5.5,0,230
8678,2026-05-07,PPP,,0,3520,3353,83.5,83.5,0,3520
8679,2026-05-07,PPP,,0,1000,953,23.5,23.5,0,1000
8680,2026-05-07,CASH,,100,0,95,2.5,2.5,0,100
8681,2026-05-07,,,0,260,248,6.0,6.0,0,260
8682,2026-05-07,PPP,,0,500,476,12.0,12.0,0,500
8683,2026-05-07,PPP,,0,500,476,12.0,12.0,0,500
8684,2026-05-07,PPP,,0,150,143,3.5,3.5,0,150
8685,2026-05-07,PPP,,0,240,229,5.5,5.5,0,240
8686,2026-05-07,,,0,1150,1095,27.5,27.5,0,1150
8687,2026-05-07,CASH,,30,0,29,0.5,0.5,0,30
8688,2026-05-07,PPP,,0,50,48,1.0,1.0,0,50
8689,2026-05-07,CASH,,600,0,571,14.5,14.5,0,600
8690,2026-05-07,PPP,,0,1300,1238,31.0,31.0,0,1300
8691,2026-05-07,CASH,,700,0,667,16.5,16.5,0,700
8692,2026-05-07,PPP,,0,350,333,8.5,8.5,0,350
8693,2026-05-07,CASH,,240,0,229,5.5,5.5,0,240
8694,2026-05-07,PPPP,,0,850,810,20.0,20.0,0,850
8695,2026-05-07,PPP,,0,1010,962,24.0,24.0,0,1010
8696,2026-05-07,CASH,,200,0,190,5.0,5.0,0,200
8697,2026-05-07,PPP,,0,250,238,6.0,6.0,0,250
8698,2026-05-07,PPP,,0,1200,1143,28.5,28.5,0,1200
8699,2026-05-07,PPP,,0,350,333,8.5,8.5,0,350
8700,2026-05-07,CASH,,250,0,238,6.0,6.0,0,250
8701,2026-05-07,PPP,,0,500,476,12.0,12.0,0,500
8702,2026-05-07,CASH,,350,0,333,8.5,8.5,0,350
8703,2026-05-08,PPP,,0,1050,1000,25.0,25.0,0,1050
8704,2026-05-08,CASH,,100,0,95,2.5,2.5,0,100
8705,2026-05-08,PPP,,0,150,143,3.5,3.5,0,150
8706,2026-05-08,,,0,500,476,12.0,12.0,0,500
8707,2026-05-08,,,0,250,238,6.0,6.0,0,250
8708,2026-05-08,PPP,,0,720,685,17.5,17.5,0,720
8709,2026-05-08,,,0,950,905,22.5,22.5,0,950
8710,2026-05-08,PPP,,0,150,143,3.5,3.5,0,150
8711,2026-05-08,CARD,,0,950,905,22.5,22.5,0,950
8712,2026-05-08,CASH,,500,0,476,12.0,12.0,0,500
8713,2026-05-08,PPP,,0,950,905,22.5,22.5,0,950
8714,2026-05-08,CASH,,520,0,495,12.5,12.5,0,520
8715,2026-05-08,CASH,,750,0,714,18.0,18.0,0,750
8716,2026-05-08,PPP,,0,550,524,13.0,13.0,0,550
8717,2026-05-08,CASH,,400,0,381,9.5,9.5,0,400
8718,2026-05-08,,,150,0,143,3.5,3.5,0,150
8719,2026-05-08,PPP,,0,660,629,15.5,15.5,0,660
8720,2026-05-08,,,550,0,524,13.0,13.0,0,550
8721,2026-05-08,,,50,0,48,1.0,1.0,0,50
8722,2026-05-08,,,250,0,238,6.0,6.0,0,250
8723,2026-05-08,,,950,0,905,22.5,22.5,0,950
8724,2026-05-08,,,0,350,333,8.5,8.5,0,350
8725,2026-05-08,,,0,180,172,4.0,4.0,0,180
8726,2026-05-08,,,150,0,143,3.5,3.5,0,150
8727,2026-05-08,,,300,0,286,7.0,7.0,0,300
8728,2026-05-08,,,100,0,95,2.5,2.5,0,100
8729,2026-05-08,,,350,0,333,8.5,8.5,0,350
8730,2026-05-08,,,100,0,95,2.5,2.5,0,100
8731,2026-05-08,CASH,,460,0,438,11.0,11.0,0,460
8732,2026-05-08,MIXX,,700,0,667,16.5,16.5,0,700
8733,2026-05-08,CASH,,150,0,143,3.5,3.5,0,150
8734,2026-05-08,,,500,0,476,12.0,12.0,0,500
8735,2026-05-08,CASH,,2750,0,2619,65.5,65.5,0,2750
8736,2026-05-08,,,1230,0,1172,29.0,29.0,0,1230
8737,2026-05-08,,,3000,0,2857,71.5,71.5,0,3000
8738,2026-05-08,,,350,0,333,8.5,8.5,0,350
8739,2026-05-08,,,1400,0,1333,33.5,33.5,0,1400
8740,2026-05-08,,,240,0,229,5.5,5.5,0,240
8741,2026-05-08,,,80,0,76,2.0,2.0,0,80
8742,2026-05-08,,,450,0,428,11.0,11.0,0,450
8743,2026-05-08,,,950,0,905,22.5,22.5,0,950
8744,2026-05-08,,,120,0,114,3.0,3.0,0,120
8745,2026-05-08,,,1150,0,1095,27.5,27.5,0,1150
8746,2026-05-08,,,500,0,476,12.0,12.0,0,500
8747,2026-05-08,,,450,0,429,10.5,10.5,0,450
8748,2026-05-08,,,400,0,381,9.5,9.5,0,400
8749,2026-05-08,,,1320,0,1257,31.5,31.5,0,1320
8750,2026-05-08,,,1310,0,1248,31.0,31.0,0,1310
8751,2026-05-08,,,600,0,572,14.0,14.0,0,600
8752,2026-05-08,,,500,0,476,12.0,12.0,0,500
8753,2026-05-08,,,1000,0,953,23.5,23.5,0,1000
8754,2026-05-08,,,300,0,286,7.0,7.0,0,300
8755,2026-05-08,,,300,0,286,7.0,7.0,0,300
8756,2026-05-08,,,150,0,143,3.5,3.5,0,150
8757,2026-05-08,,,150,0,143,3.5,3.5,0,150
8758,2026-05-08,,,430,0,410,10.0,10.0,0,430
8759,2026-05-08,,,660,0,629,15.5,15.5,0,660
8760,2026-05-08,CASH,,3690,0,3514,88.0,88.0,0,3690
8761,2026-05-08,,,260,0,248,6.0,6.0,0,260
8762,2026-05-08,,,1000,0,952,24.0,24.0,0,1000
8763,2026-05-08,,,580,0,552,14.0,14.0,0,580
8764,2026-05-08,,,2020,0,1923,48.5,48.5,0,2020
8765,2026-05-08,,,360,0,343,8.5,8.5,0,360
8766,2026-05-08,,,300,0,286,7.0,7.0,0,300
8767,2026-05-08,,,1810,0,1724,43.0,43.0,0,1810
8768,2026-05-08,,,550,0,524,13.0,13.0,0,550
8769,2026-05-08,CASH,,80,0,76,2.0,2.0,0,80
8770,2026-05-08,PPP,,0,550,524,13.0,13.0,0,550
8771,2026-05-08,CASH,,1000,0,952,24.0,24.0,0,1000
8772,2026-05-08,CASH,,480,0,457,11.5,11.5,0,480
8773,2026-05-08,PPP,,0,300,286,7.0,7.0,0,300
8774,2026-05-08,PPP,,0,1300,1237,31.5,31.5,0,1300
8775,2026-05-08,PPP,,0,100,95,2.5,2.5,0,100
8776,2026-05-08,,,460,0,438,11.0,11.0,0,460
8777,2026-05-08,,,600,0,571,14.5,14.5,0,600
8778,2026-05-08,,,620,0,590,15.0,15.0,0,620
8779,2026-05-08,,,360,0,342,9.0,9.0,0,360
8780,2026-05-08,,,1180,0,1123,28.5,28.5,0,1180
8781,2026-05-08,,,1550,0,1477,36.5,36.5,0,1550
8782,2026-05-08,,,60,0,58,1.0,1.0,0,60
8783,2026-05-08,,,150,0,143,3.5,3.5,0,150
8784,2026-05-08,,,1200,0,1143,28.5,28.5,0,1200
8785,2026-05-08,,,180,0,171,4.5,4.5,0,180
8786,2026-05-09,CASH,,500,0,476,12.0,12.0,0,500
8787,2026-05-09,PPP,,0,100,95,2.5,2.5,0,100
8788,2026-05-09,PPP,,0,250,238,6.0,6.0,0,250
8789,2026-05-09,PPP,,0,1000,952,24.0,24.0,0,1000
8790,2026-05-09,PPP,,0,330,314,8.0,8.0,0,330
8791,2026-05-09,CARD,,0,520,495,12.5,12.5,0,520
8792,2026-05-09,PPP,,0,120,114,3.0,3.0,0,120
8793,2026-05-09,PPP,,0,60,57,1.5,1.5,0,60
8794,2026-05-09,CARD,,0,750,714,18.0,18.0,0,750
8795,2026-05-09,CASH,150,200,0,191,4.5,4.5,0,200
8796,2026-05-09,CASH,,500,0,476,12.0,12.0,0,500
8797,2026-05-09,PPP,,0,320,304,8.0,8.0,0,320
8798,2026-05-09,CASH,,200,0,190,5.0,5.0,0,200
8799,2026-05-09,CARD,,0,6610,6297,156.5,156.5,0,6610
8800,2026-05-09,PPP,,0,450,429,10.5,10.5,0,450
8801,2026-05-09,CARD,,0,900,857,21.5,21.5,0,900
8802,2026-05-09,CASH,,3000,0,2858,71.0,71.0,0,3000
8803,2026-05-09,PPP,,0,630,600,15.0,15.0,0,630
8804,2026-05-09,CASH,,250,0,238,6.0,6.0,0,250
8805,2026-05-09,,,220,0,209,5.5,5.5,0,220
8806,2026-05-09,PPP,,0,350,333,8.5,8.5,0,350
8807,2026-05-09,MIXXX,,0,1750,1666,42.0,42.0,0,1750
8808,2026-05-09,CARD,,0,710,676,17.0,17.0,0,710
8809,2026-05-09,PP,,0,100,95,2.5,2.5,0,100
8810,2026-05-09,,,900,0,857,21.5,21.5,0,900
8811,2026-05-09,,,2100,0,2000,50.0,50.0,0,2100
8812,2026-05-09,PPPP,,0,400,381,9.5,9.5,0,400
8813,2026-05-09,PPP,,0,600,572,14.0,14.0,0,600
8814,2026-05-09,PP,,0,350,333,8.5,8.5,0,350
8815,2026-05-09,PPP,,0,240,229,5.5,5.5,0,240
8816,2026-05-09,CASH,,1140,0,1086,27.0,27.0,0,1140
8817,2026-05-09,PPP,,0,650,619,15.5,15.5,0,650
8818,2026-05-09,CASH,,1700,0,1619,40.5,40.5,0,1700
8819,2026-05-09,,,400,0,381,9.5,9.5,0,400
8820,2026-05-09,PPP,,0,640,609,15.5,15.5,0,640
8821,2026-05-09,PPP,,0,2100,2001,49.5,49.5,0,2100
8822,2026-05-09,,,700,0,666,17.0,17.0,0,700
8823,2026-05-09,MIXXX,,1580,0,1503,38.5,38.5,0,1580
8824,2026-05-09,,,600,0,572,14.0,14.0,0,600
8825,2026-05-09,PPPP,,0,650,619,15.5,15.5,0,650
8826,2026-05-09,CASH,,400,0,381,9.5,9.5,0,400
8827,2026-05-09,PPP,,0,650,620,15.0,15.0,0,650
8828,2026-05-09,PPP,,0,600,571,14.5,14.5,0,600
8829,2026-05-09,MIXX,,1800,0,1715,42.5,42.5,0,1800
8830,2026-05-09,,,100,0,95,2.5,2.5,0,100
8831,2026-05-09,CARD,,0,2250,2142,54.0,54.0,0,2250
8832,2026-05-09,PPP,,0,780,743,18.5,18.5,0,780
8833,2026-05-09,CASH,,1940,0,1847,46.5,46.5,0,1940
8834,2026-05-09,PPP,,0,930,886,22.0,22.0,0,930
8835,2026-05-09,CASH,,17010,0,16204,403.0,403.0,0,17010
8836,2026-05-09,,,530,0,505,12.5,12.5,0,530
8837,2026-05-09,,,500,0,476,12.0,12.0,0,500
8838,2026-05-09,PPP,,0,800,762,19.0,19.0,0,800
8839,2026-05-09,CASH,,1680,0,1599,40.5,40.5,0,1680
8840,2026-05-09,PPP,,0,2200,2096,52.0,52.0,0,2200
8841,2026-05-09,PPP,,0,880,838,21.0,21.0,0,880
8842,2026-05-09,PPP,,0,400,381,9.5,9.5,0,400
8843,2026-05-09,;;;PPP,,0,950,904,23.0,23.0,0,950
8844,2026-05-09,PPP,,0,550,524,13.0,13.0,0,550
8845,2026-05-09,,,0,720,686,17.0,17.0,0,720
8846,2026-05-09,,,1450,0,1381,34.5,34.5,0,1450
8847,2026-05-09,,,400,0,381,9.5,9.5,0,400
8848,2026-05-09,CARD,,0,600,571,14.5,14.5,0,600
8849,2026-05-09,CASH,,160,0,152,4.0,4.0,0,160
8850,2026-05-09,PPP,,0,300,286,7.0,7.0,0,300
8851,2026-05-09,PPP,,0,1450,1381,34.5,34.5,0,1450
8852,2026-05-09,CASH,,70,0,67,2.5,2.5,0,70
8853,2026-05-09,PPP,,0,1310,1248,31.0,31.0,0,1310
8854,2026-05-09,PPPP,,0,4050,3857,96.5,96.5,0,4050
8855,2026-05-09,PPP,,0,1700,1619,40.5,40.5,0,1700
8856,2026-05-09,CARD,,0,1840,1752,44.0,44.0,0,1840
8857,2026-05-09,PPP,,0,500,476,12.0,12.0,0,500
8858,2026-05-09,,,1190,0,1134,28.0,28.0,0,1190
8859,2026-05-09,,,150,0,143,3.5,3.5,0,150
8860,2026-05-10,CASH,,150,0,143,3.5,3.5,0,150
8861,2026-05-10,,,50,0,48,1.0,1.0,0,50
8862,2026-05-10,PPP,,0,240,229,5.5,5.5,0,240
8863,2026-05-10,CARD,,0,1920,1829,45.5,45.5,0,1920
8864,2026-05-10,MIXX,,0,580,552,14.0,14.0,0,580
8865,2026-05-10,,,1730,0,1647,41.5,41.5,0,1730
8866,2026-05-10,CASH,,100,0,95,2.5,2.5,0,100
8867,2026-05-10,PPP,,0,300,286,7.0,7.0,0,300
8868,2026-05-10,MIXX,,850,0,809,20.5,20.5,0,850
8869,2026-05-10,CASH,,850,0,810,20.0,20.0,0,850
8870,2026-05-10,OPPP,,0,160,152,4.0,4.0,0,160
8871,2026-05-10,PPP,,0,1300,1238,31.0,31.0,0,1300
8872,2026-05-10,,,1100,0,1047,26.5,26.5,0,1100
8873,2026-05-10,,,810,0,771,19.5,19.5,0,810
8874,2026-05-10,,,100,0,95,2.5,2.5,0,100
8875,2026-05-10,,,950,0,905,22.5,22.5,0,950
8876,2026-05-10,,,50,0,48,1.0,1.0,0,50
8877,2026-05-10,PP,,0,1110,1057,26.5,26.5,0,1110
8878,2026-05-10,,,300,0,286,7.0,7.0,0,300
8879,2026-05-10,,,300,0,286,7.0,7.0,0,300
8880,2026-05-10,PPP,,0,720,685,17.5,17.5,0,720
8881,2026-05-10,,,1300,0,1238,31.0,31.0,0,1300
8882,2026-05-10,,,850,0,810,20.0,20.0,0,850
8883,2026-05-10,,,600,0,571,14.5,14.5,0,600
8884,2026-05-10,,,400,0,381,9.5,9.5,0,400
8885,2026-05-10,,,1230,0,1172,29.0,29.0,0,1230
8886,2026-05-10,,,1000,0,952,24.0,24.0,0,1000
8887,2026-05-10,,,200,0,190,5.0,5.0,0,200
8888,2026-05-10,PPP,,0,2270,2160,55.0,55.0,0,2270
8889,2026-05-10,CARD,,0,4800,4571,114.5,114.5,0,4800
8890,2026-05-10,,,520,0,496,12.0,12.0,0,520
8891,2026-05-10,,,700,0,667,16.5,16.5,0,700
8892,2026-05-10,,,60,0,57,1.5,1.5,0,60
8893,2026-05-10,,,350,0,333,8.5,8.5,0,350
8894,2026-05-10,,,470,0,447,11.5,11.5,0,470
8895,2026-05-10,,,850,0,810,20.0,20.0,0,850
8896,2026-05-10,,,1140,0,1086,27.0,27.0,0,1140
8897,2026-05-10,,,420,0,400,10.0,10.0,0,420
8898,2026-05-10,,,950,0,904,23.0,23.0,0,950
8899,2026-05-10,,,100,0,95,2.5,2.5,0,100
8900,2026-05-10,,,750,0,714,18.0,18.0,0,750
8901,2026-05-10,,,2610,0,2485,62.5,62.5,0,2610
8902,2026-05-10,,,150,0,143,3.5,3.5,0,150
8903,2026-05-10,,,4500,0,4285,107.5,107.5,0,4500
8904,2026-05-10,,,200,0,190,5.0,5.0,0,200
8905,2026-05-10,,,2000,0,1904,48.0,48.0,0,2000
8906,2026-05-10,,,100,0,95,2.5,2.5,0,100
8907,2026-05-10,CASH,,400,0,381,9.5,9.5,0,400
8908,2026-05-10,CARD,,0,990,943,23.5,23.5,0,990
8909,2026-05-10,,,550,0,524,13.0,13.0,0,550
8910,2026-05-10,,,770,0,734,18.0,18.0,0,770
8911,2026-05-10,,,550,0,524,13.0,13.0,0,550
8912,2026-05-10,,,300,0,286,7.0,7.0,0,300
8913,2026-05-10,,,400,0,381,9.5,9.5,0,400
8914,2026-05-10,,,170,0,162,4.0,4.0,0,170
8915,2026-05-10,,,850,0,809,20.5,20.5,0,850
8916,2026-05-10,,,170,0,162,4.0,4.0,0,170
8917,2026-05-10,,,60,0,57,1.5,1.5,0,60
8918,2026-05-10,,,1500,0,1428,36.0,36.0,0,1500
8919,2026-05-10,,,1500,0,1429,35.5,35.5,0,1500
8920,2026-05-10,,,840,0,801,19.5,19.5,0,840
8921,2026-05-10,,,1020,0,971,24.5,24.5,0,1020
8922,2026-05-10,,,150,0,143,3.5,3.5,0,150
8923,2026-05-10,,,830,0,789,20.5,20.5,0,830
8924,2026-05-10,,,170,0,162,4.0,4.0,0,170
8925,2026-05-10,,,1300,0,1238,31.0,31.0,0,1300
8926,2026-05-10,,,1100,0,1048,26.0,26.0,0,1100
8927,2026-05-10,,,700,0,666,17.0,17.0,0,700
8928,2026-05-10,,,700,0,667,16.5,16.5,0,700
8929,2026-05-10,,,1000,0,952,24.0,24.0,0,1000
8930,2026-05-10,,,270,0,257,6.5,6.5,0,270
8931,2026-05-10,,,980,0,933,23.5,23.5,0,980
8932,2026-05-10,,,1200,0,1143,28.5,28.5,0,1200
8933,2026-05-10,,,160,0,152,4.0,4.0,0,160
8934,2026-05-10,,,850,0,810,20.0,20.0,0,850
8935,2026-05-10,,,700,0,667,16.5,16.5,0,700
8936,2026-05-10,,,500,0,476,12.0,12.0,0,500
8937,2026-05-10,,,150,0,143,3.5,3.5,0,150
8938,2026-05-10,,,910,0,867,21.5,21.5,0,910
8939,2026-05-10,,,500,0,476,12.0,12.0,0,500
8940,2026-05-10,,,2530,0,2410,60.0,60.0,0,2530
8941,2026-05-10,,,100,0,95,2.5,2.5,0,100
8942,2026-05-10,,,480,0,457,11.5,11.5,0,480
8943,2026-05-10,,,1320,0,1257,31.5,31.5,0,1320
8944,2026-05-10,,,390,0,372,9.0,9.0,0,390
8945,2026-05-10,,,560,0,533,13.5,13.5,0,560
8946,2026-05-10,,,1030,0,981,24.5,24.5,0,1030
8947,2026-05-10,,,850,0,810,20.0,20.0,0,850
8948,2026-05-10,,,250,0,238,6.0,6.0,0,250
8949,2026-05-10,,,930,0,886,22.0,22.0,0,930
8950,2026-05-10,,,1750,0,1667,41.5,41.5,0,1750
8951,2026-05-10,,,800,0,762,19.0,19.0,0,800
8952,2026-05-10,,,100,0,95,2.5,2.5,0,100
8953,2026-05-10,,,200,0,190,5.0,5.0,0,200
8954,2026-05-10,,,120,0,114,3.0,3.0,0,120
8955,2026-05-10,,,1090,0,1039,25.5,25.5,0,1090
8956,2026-05-10,,,250,0,238,6.0,6.0,0,250
8957,2026-05-10,,,100,0,95,2.5,2.5,0,100
8958,2026-05-10,,,620,0,590,15.0,15.0,0,620
8959,2026-05-11,PPP,,0,500,476,12.0,12.0,0,500
8960,2026-05-11,CASH,,100,0,95,2.5,2.5,0,100
8961,2026-05-11,CASH,,420,0,400,10.0,10.0,0,420
8962,2026-05-11,PPP,,0,250,238,6.0,6.0,0,250
8963,2026-05-11,,,50,0,48,1.0,1.0,0,50
8964,2026-05-11,CASH,,150,0,143,3.5,3.5,0,150
8965,2026-05-11,PPP,,0,220,210,5.0,5.0,0,220
8966,2026-05-11,,,20,0,19,0.5,0.5,0,20
8967,2026-05-11,PPP,,0,770,733,18.5,18.5,0,770
8968,2026-05-11,PPP,,0,700,666,17.0,17.0,0,700
8969,2026-05-11,CARD,,0,300,286,7.0,7.0,0,300
8970,2026-05-11,PPP,,0,1520,1448,36.0,36.0,0,1520
8971,2026-05-11,CASH,,280,0,267,6.5,6.5,0,280
8972,2026-05-11,,,500,0,476,12.0,12.0,0,500
8973,2026-05-11,CASH,,500,0,476,12.0,12.0,0,500
8974,2026-05-11,,,350,0,333,8.5,8.5,0,350
8975,2026-05-11,PPP,,0,300,285,7.5,7.5,0,300
8976,2026-05-11,,,250,0,238,6.0,6.0,0,250
8977,2026-05-11,CASH,,480,0,457,11.5,11.5,0,480
8978,2026-05-11,,,120,0,114,3.0,3.0,0,120
8979,2026-05-11,CASH,,100,0,95,2.5,2.5,0,100
8980,2026-05-11,PPP,,0,4260,4057,101.5,101.5,0,4260
8981,2026-05-11,,,580,0,553,13.5,13.5,0,580
8982,2026-05-11,CASH,,550,0,524,13.0,13.0,0,550
8983,2026-05-11,PPP,,0,350,333,8.5,8.5,0,350
8984,2026-05-11,PP,,0,620,590,15.0,15.0,0,620
8985,2026-05-11,,,250,0,238,6.0,6.0,0,250
8986,2026-05-11,,,1890,0,1800,45.0,45.0,0,1890
8987,2026-05-11,,,410,0,390,10.0,10.0,0,410
8988,2026-05-11,,,550,0,523,13.5,13.5,0,550
8989,2026-05-11,CASH,,480,0,457,11.5,11.5,0,480
8990,2026-05-11,,,1110,0,1057,26.5,26.5,0,1110
8991,2026-05-11,,,120,0,114,3.0,3.0,0,120
8992,2026-05-11,,,800,0,762,19.0,19.0,0,800
8993,2026-05-11,,,700,0,667,16.5,16.5,0,700
8994,2026-05-11,,,850,0,810,20.0,20.0,0,850
8995,2026-05-11,,,220,0,209,5.5,5.5,0,220
8996,2026-05-11,CASH,,1050,0,1000,25.0,25.0,0,1050
8997,2026-05-11,,,150,0,143,3.5,3.5,0,150
8998,2026-05-11,,,1050,0,1000,25.0,25.0,0,1050
8999,2026-05-11,,,650,0,619,15.5,15.5,0,650
9000,2026-05-11,,,300,0,286,7.0,7.0,0,300
9001,2026-05-11,,,500,0,476,12.0,12.0,0,500
9002,2026-05-11,,,300,0,286,7.0,7.0,0,300
9003,2026-05-11,,,200,0,190,5.0,5.0,0,200
9004,2026-05-11,,,950,0,905,22.5,22.5,0,950
9005,2026-05-11,,,1810,0,1724,43.0,43.0,0,1810
9006,2026-05-11,PPP,,0,1200,1143,28.5,28.5,0,1200
9007,2026-05-11,,,380,0,362,9.0,9.0,0,380
9008,2026-05-11,,,1060,0,1009,25.5,25.5,0,1060
9009,2026-05-11,,,500,0,476,12.0,12.0,0,500
9010,2026-05-11,PPP,,0,760,724,18.0,18.0,0,760
9011,2026-05-11,,,250,0,238,6.0,6.0,0,250
9012,2026-05-11,PPPP,,0,1490,1419,35.5,35.5,0,1490
9013,2026-05-12,CASH,,1800,0,1715,42.5,42.5,0,1800
9014,2026-05-12,PPP,,0,50,48,1.0,1.0,0,50
9015,2026-05-12,,,1810,0,1724,43.0,43.0,0,1810
9016,2026-05-12,PPP,,0,1000,952,24.0,24.0,0,1000
9017,2026-05-12,PPP,,0,3720,3542,89.0,89.0,0,3720
9018,2026-05-12,CASH,,150,0,143,3.5,3.5,0,150
9019,2026-05-12,PPP,,0,280,266,7.0,7.0,0,280
9020,2026-05-12,CASH,,1630,0,1552,39.0,39.0,0,1630
9021,2026-05-12,PPP,,0,150,143,3.5,3.5,0,150
9022,2026-05-12,PPP,,0,1500,1429,35.5,35.5,0,1500
9023,2026-05-12,PPP,,0,700,667,16.5,16.5,0,700
9024,2026-05-12,,,120,0,114,3.0,3.0,0,120
9025,2026-05-12,,,210,0,200,5.0,5.0,0,210
9026,2026-05-12,PPP,,0,500,476,12.0,12.0,0,500
9027,2026-05-12,PPP,,0,120,114,3.0,3.0,0,120
9028,2026-05-12,PPP,,0,260,248,6.0,6.0,0,260
9029,2026-05-12,,,0,900,857,21.5,21.5,0,900
9030,2026-05-12,,,0,300,286,7.0,7.0,0,300
9031,2026-05-12,CASH,,0,400,381,9.5,9.5,0,400
9032,2026-05-12,CASH,,650,0,619,15.5,15.5,0,650
9033,2026-05-12,,,850,0,810,20.0,20.0,0,850
9034,2026-05-12,PPP,,0,2930,2791,69.5,69.5,0,2930
9035,2026-05-12,[PPP,,0,120,114,3.0,3.0,0,120
9036,2026-05-12,,,500,0,477,11.5,11.5,0,500
9037,2026-05-12,PPP,,0,480,457,11.5,11.5,0,480
9038,2026-05-12,,,340,0,324,8.0,8.0,0,340
9039,2026-05-12,PPP,,0,680,647,16.5,16.5,0,680
9040,2026-05-12,,,100,0,95,2.5,2.5,0,100
9041,2026-05-12,,,250,0,238,6.0,6.0,0,250
9042,2026-05-12,,,450,0,429,10.5,10.5,0,450
9043,2026-05-12,,,250,0,238,6.0,6.0,0,250
9044,2026-05-12,CASH,,590,0,562,14.0,14.0,0,590
9045,2026-05-12,CASH,,350,0,333,8.5,8.5,0,350
9046,2026-05-12,PPP,,0,250,238,6.0,6.0,0,250
9047,2026-05-12,,,150,0,143,3.5,3.5,0,150
9048,2026-05-12,,,300,0,286,7.0,7.0,0,300
9049,2026-05-12,PPP,,0,100,95,2.5,2.5,0,100
9050,2026-05-12,CARD,,0,500,476,12.0,12.0,0,500
9051,2026-05-12,,,150,0,143,3.5,3.5,0,150
9052,2026-05-12,,,650,0,619,15.5,15.5,0,650
9053,2026-05-12,,,4550,0,4334,108.0,108.0,0,4550
9054,2026-05-12,,,120,0,114,3.0,3.0,0,120
9055,2026-05-12,PPP,,0,300,286,7.0,7.0,0,300
9056,2026-05-12,,,2800,0,2666,67.0,67.0,0,2800
9057,2026-05-12,,,800,0,762,19.0,19.0,0,800
9058,2026-05-12,,,560,0,533,13.5,13.5,0,560
9059,2026-05-12,,,350,0,333,8.5,8.5,0,350
9060,2026-05-12,,,1400,0,1333,33.5,33.5,0,1400
9061,2026-05-12,,,400,0,381,9.5,9.5,0,400
9062,2026-05-12,CASH,,350,0,333,8.5,8.5,0,350
9063,2026-05-12,,,400,0,381,9.5,9.5,0,400
9064,2026-05-12,PPP,,0,840,800,20.0,20.0,0,840
9065,2026-05-12,,,120,0,114,3.0,3.0,0,120
9066,2026-05-12,,,150,0,143,3.5,3.5,0,150
9067,2026-05-12,CASH,,350,0,333,8.5,8.5,0,350
9068,2026-05-12,PPP,,0,850,810,20.0,20.0,0,850
9069,2026-05-12,PPP,,0,300,286,7.0,7.0,0,300
9070,2026-05-12,,,150,0,143,3.5,3.5,0,150
9071,2026-05-12,PPP,,0,520,495,12.5,12.5,0,520
9072,2026-05-13,,,300,0,286,7.0,7.0,0,300
9073,2026-05-13,,,380,0,362,9.0,9.0,0,380
9074,2026-05-13,,,300,0,286,7.0,7.0,0,300
9075,2026-05-13,PPP,,0,100,95,2.5,2.5,0,100
9076,2026-05-13,CASH,,1200,0,1143,28.5,28.5,0,1200
9077,2026-05-13,,,300,0,286,7.0,7.0,0,300
9078,2026-05-13,,,1050,0,1000,25.0,25.0,0,1050
9079,2026-05-13,,,100,0,95,2.5,2.5,0,100
9080,2026-05-13,,,100,0,95,2.5,2.5,0,100
9081,2026-05-13,PPP,,0,1000,952,24.0,24.0,0,1000
9082,2026-05-13,,,900,0,857,21.5,21.5,0,900
9083,2026-05-13,,,50,0,48,1.0,1.0,0,50
9084,2026-05-13,CASH,,150,0,143,3.5,3.5,0,150
9085,2026-05-13,,,200,0,190,5.0,5.0,0,200
9086,2026-05-13,,,50,0,48,1.0,1.0,0,50
9087,2026-05-13,PPP,,0,1320,1256,32.0,32.0,0,1320
9088,2026-05-13,,,650,0,619,15.5,15.5,0,650
9089,2026-05-13,,,1220,0,1161,29.5,29.5,0,1220
9090,2026-05-13,,,240,0,229,5.5,5.5,0,240
9091,2026-05-13,,,1350,0,1286,32.0,32.0,0,1350
9092,2026-05-13,,,120,0,114,3.0,3.0,0,120
9093,2026-05-13,,,4100,0,3904,98.0,98.0,0,4100
9094,2026-05-13,,,200,0,190,5.0,5.0,0,200
9095,2026-05-13,,,0,800,761,19.5,19.5,0,800
9096,2026-05-13,PPP,,0,60,57,1.5,1.5,0,60
9097,2026-05-13,PPP,,0,320,304,8.0,8.0,0,320
9098,2026-05-13,PPP,,0,1000,952,24.0,24.0,0,1000
9099,2026-05-13,CASH,,150,0,143,3.5,3.5,0,150
9100,2026-05-13,,,350,0,334,8.0,8.0,0,350
9101,2026-05-13,,,2350,0,2238,56.0,56.0,0,2350
9102,2026-05-13,PPP,,0,2200,2095,52.5,52.5,0,2200
9103,2026-05-13,,,500,0,476,12.0,12.0,0,500
9104,2026-05-13,,,350,0,333,8.5,8.5,0,350
9105,2026-05-13,,,1000,0,951,24.5,24.5,0,1000
9106,2026-05-13,,,0,350,334,8.0,8.0,0,350
9107,2026-05-13,,,50,0,48,1.0,1.0,0,50
9108,2026-05-13,,,0,2050,1953,48.5,48.5,0,2050
9109,2026-05-13,,,0,150,143,3.5,3.5,0,150
9110,2026-05-13,,,0,200,190,5.0,5.0,0,200
9111,2026-05-13,,,1200,0,1143,28.5,28.5,0,1200
9112,2026-05-13,,,50,0,48,1.0,1.0,0,50
9113,2026-05-13,,,1000,0,952,24.0,24.0,0,1000
9114,2026-05-13,,,2220,0,2115,52.5,52.5,0,2220
9115,2026-05-13,,,290,0,277,6.5,6.5,0,290
9116,2026-05-13,PPP,,0,150,143,3.5,3.5,0,150
9117,2026-05-13,,,400,0,381,9.5,9.5,0,400
9118,2026-05-13,PPP,,0,700,667,16.5,16.5,0,700
9119,2026-05-13,,,250,0,238,6.0,6.0,0,250
9120,2026-05-13,,,150,0,143,3.5,3.5,0,150
9121,2026-05-13,,,300,0,286,7.0,7.0,0,300
9122,2026-05-13,,,150,0,143,3.5,3.5,0,150
9123,2026-05-13,CASH,,200,0,190,5.0,5.0,0,200
9124,2026-05-13,,,1270,0,1209,30.5,30.5,0,1270
9125,2026-05-13,,,2400,0,2285,57.5,57.5,0,2400
9126,2026-05-13,PPP,,0,920,876,22.0,22.0,0,920
9127,2026-05-13,,,1570,0,1496,37.0,37.0,0,1570
9128,2026-05-13,,,650,0,619,15.5,15.5,0,650
9129,2026-05-13,,,560,0,534,13.0,13.0,0,560
9130,2026-05-13,,,300,0,286,7.0,7.0,0,300
9131,2026-05-13,,,520,0,495,12.5,12.5,0,520
9132,2026-05-13,,,180,0,171,4.5,4.5,0,180
9133,2026-05-13,,,260,0,247,6.5,6.5,0,260
9134,2026-05-13,PPP,,0,100,95,2.5,2.5,0,100
9135,2026-05-13,,,400,0,381,9.5,9.5,0,400
9136,2026-05-13,,,700,0,666,17.0,17.0,0,700
9137,2026-05-13,,,120,0,114,3.0,3.0,0,120
9138,2026-05-13,CARD,,0,180,171,4.5,4.5,0,180
9139,2026-05-13,,,0,450,429,10.5,10.5,0,450
9140,2026-05-13,PPP,,0,100,95,2.5,2.5,0,100
9141,2026-05-13,PPP,,0,550,524,13.0,13.0,0,550
9142,2026-05-13,PPP,,0,2990,2848,71.0,71.0,0,2990
9143,2026-05-13,,,300,0,285,7.5,7.5,0,300
9144,2026-05-13,,,2940,0,2799,70.5,70.5,0,2940
9145,2026-05-13,PPP,,0,1800,1713,43.5,43.5,0,1800
9146,2026-05-14,PPP,,0,580,553,13.5,13.5,0,580
9147,2026-05-14,,,150,0,143,3.5,3.5,0,150
9148,2026-05-14,PPP,,0,410,391,9.5,9.5,0,410
9149,2026-05-14,,,500,0,476,12.0,12.0,0,500
9150,2026-05-14,,,450,0,429,10.5,10.5,0,450
9151,2026-05-14,,,0,350,333,8.5,8.5,0,350
9152,2026-05-14,PPP,,0,300,285,7.5,7.5,0,300
9153,2026-05-14,,,100,0,95,2.5,2.5,0,100
9154,2026-05-14,,,200,0,190,5.0,5.0,0,200
9155,2026-05-14,,,1920,0,1828,46.0,46.0,0,1920
9156,2026-05-14,,,200,0,190,5.0,5.0,0,200
9157,2026-05-14,PPP,,0,300,286,7.0,7.0,0,300
9158,2026-05-14,MIXXX,,0,6570,6258,156.0,156.0,0,6570
9159,2026-05-14,[PPP,,0,350,333,8.5,8.5,0,350
9160,2026-05-14,CASH,,1990,0,1895,47.5,47.5,0,1990
9161,2026-05-14,,,120,0,114,3.0,3.0,0,120
9162,2026-05-14,CASH,holesale,19500,0,18571,464.5,464.5,0,19500
9163,2026-05-14,,,560,0,533,13.5,13.5,0,560
9164,2026-05-14,CARD,,0,300,286,7.0,7.0,0,300
9165,2026-05-14,,,300,0,286,7.0,7.0,0,300
9166,2026-05-14,,,50,0,48,1.0,1.0,0,50
9167,2026-05-14,,,120,0,114,3.0,3.0,0,120
9168,2026-05-14,,,560,0,534,13.0,13.0,0,560
9169,2026-05-14,,,1180,0,1124,28.0,28.0,0,1180
9170,2026-05-14,,,1830,0,1743,43.5,43.5,0,1830
9171,2026-05-14,,,340,0,324,8.0,8.0,0,340
9172,2026-05-14,,,300,0,286,7.0,7.0,0,300
9173,2026-05-14,,,0,120,114,3.0,3.0,0,120
9174,2026-05-14,,,1650,0,1571,39.5,39.5,0,1650
9175,2026-05-14,,,830,0,791,19.5,19.5,0,830
9176,2026-05-14,PPP,,0,1040,991,24.5,24.5,0,1040
9177,2026-05-14,,,1170,0,1114,28.0,28.0,0,1170
9178,2026-05-14,PPP,,0,1450,1381,34.5,34.5,0,1450
9179,2026-05-14,,,480,0,457,11.5,11.5,0,480
9180,2026-05-14,,,0,120,114,3.0,3.0,0,120
9181,2026-05-14,CASH,,3480,0,3316,82.0,82.0,0,3480
9182,2026-05-14,CASH,,150,0,143,3.5,3.5,0,150
9183,2026-05-14,PPP,,0,1350,1286,32.0,32.0,0,1350
9184,2026-05-14,[PPP,,0,120,114,3.0,3.0,0,120
9185,2026-05-14,PPP,,0,4320,4114,103.0,103.0,0,4320
9186,2026-05-14,PPP,,0,80,76,2.0,2.0,0,80
9187,2026-05-14,,,150,0,143,3.5,3.5,0,150
9188,2026-05-14,,,750,0,714,18.0,18.0,0,750
9189,2026-05-14,,,330,0,315,7.5,7.5,0,330
9190,2026-05-14,,,350,0,333,8.5,8.5,0,350
9191,2026-05-14,PPP,,0,350,333,8.5,8.5,0,350
9192,2026-05-14,,,150,0,143,3.5,3.5,0,150
9193,2026-05-14,,,50,0,48,1.0,1.0,0,50
9194,2026-05-14,,,570,0,542,14.0,14.0,0,570
9195,2026-05-14,,,3050,0,2905,72.5,72.5,0,3050
9196,2026-05-14,,,1050,0,1000,25.0,25.0,0,1050
9197,2026-05-14,,,250,0,238,6.0,6.0,0,250
9198,2026-05-14,CASH,,1900,0,1810,45.0,45.0,0,1900
9199,2026-05-14,PPP,,0,750,714,18.0,18.0,0,750
9200,2026-05-14,,,150,0,143,3.5,3.5,0,150
9201,2026-05-14,,,1270,0,1209,30.5,30.5,0,1270
9202,2026-05-14,,,4150,0,3952,99.0,99.0,0,4150
9203,2026-05-14,,,300,0,286,7.0,7.0,0,300
9204,2026-05-14,,,250,0,238,6.0,6.0,0,250
9205,2026-05-14,PPP,,0,4910,4676,117.0,117.0,0,4910
9206,2026-05-14,PPP,,0,500,476,12.0,12.0,0,500
9207,2026-05-14,CASH,,500,0,476,12.0,12.0,0,500
9208,2026-05-14,,,1600,0,1524,38.0,38.0,0,1600
9209,2026-05-15,CASH,,150,0,143,3.5,3.5,0,150
9210,2026-05-15,PPP,,0,120,114,3.0,3.0,0,120
9211,2026-05-15,,,1500,0,1429,35.5,35.5,0,1500
9212,2026-05-15,CASH,6002481011,440,0,420,10.0,10.0,0,440
9213,2026-05-15,,,850,0,810,20.0,20.0,0,850
9214,2026-05-15,,,100,0,95,2.5,2.5,0,100
9215,2026-05-15,,,150,0,143,3.5,3.5,0,150
9216,2026-05-15,,,120,0,114,3.0,3.0,0,120
9217,2026-05-15,,,2140,0,2036,52.0,52.0,0,2140
9218,2026-05-15,,,100,0,95,2.5,2.5,0,100
9219,2026-05-15,,,120,0,114,3.0,3.0,0,120
9220,2026-05-15,,,980,0,933,23.5,23.5,0,980
9221,2026-05-15,,,780,0,743,18.5,18.5,0,780
9222,2026-05-15,,,1100,0,1048,26.0,26.0,0,1100
9223,2026-05-15,,,350,0,333,8.5,8.5,0,350
9224,2026-05-15,,,280,0,266,7.0,7.0,0,280
9225,2026-05-15,,,350,0,333,8.5,8.5,0,350
9226,2026-05-15,,,300,0,286,7.0,7.0,0,300
9227,2026-05-15,,,350,0,333,8.5,8.5,0,350
9228,2026-05-15,,,260,0,248,6.0,6.0,0,260
9229,2026-05-15,,,300,0,286,7.0,7.0,0,300
9230,2026-05-15,,,300,0,286,7.0,7.0,0,300
9231,2026-05-15,,,500,0,476,12.0,12.0,0,500
9232,2026-05-15,,,310,0,295,7.5,7.5,0,310
9233,2026-05-15,,,650,0,619,15.5,15.5,0,650
9234,2026-05-15,,,180,0,171,4.5,4.5,0,180
9235,2026-05-15,,,1050,0,1000,25.0,25.0,0,1050
9236,2026-05-15,PPP,,0,1000,953,23.5,23.5,0,1000
9237,2026-05-15,,,200,0,190,5.0,5.0,0,200
9238,2026-05-15,,,700,0,667,16.5,16.5,0,700
9239,2026-05-15,,,390,0,372,9.0,9.0,0,390
9240,2026-05-15,,,360,0,343,8.5,8.5,0,360
9241,2026-05-15,,,300,0,286,7.0,7.0,0,300
9242,2026-05-15,,,350,0,333,8.5,8.5,0,350
9243,2026-05-15,,,2050,0,1953,48.5,48.5,0,2050
9244,2026-05-15,,,5120,0,4876,122.0,122.0,0,5120
9245,2026-05-15,,,1300,0,1238,31.0,31.0,0,1300
9246,2026-05-15,,,730,0,695,17.5,17.5,0,730
9247,2026-05-15,,,850,0,810,20.0,20.0,0,850
9248,2026-05-15,,,2000,0,1905,47.5,47.5,0,2000
9249,2026-05-15,,,510,0,486,12.0,12.0,0,510
9250,2026-05-15,,,530,0,504,13.0,13.0,0,530
9251,2026-05-15,,,950,0,904,23.0,23.0,0,950
9252,2026-05-15,,,680,0,648,16.0,16.0,0,680
9253,2026-05-15,,,5370,0,5115,127.5,127.5,0,5370
9254,2026-05-15,,,600,0,571,14.5,14.5,0,600
9255,2026-05-15,,,1020,0,971,24.5,24.5,0,1020
9256,2026-05-15,,,1250,0,1190,30.0,30.0,0,1250
9257,2026-05-15,,,270,0,257,6.5,6.5,0,270
9258,2026-05-15,,,280,0,267,6.5,6.5,0,280
9259,2026-05-16,CASH,,350,0,333,8.5,8.5,0,350
9260,2026-05-16,,,1030,0,980,25.0,25.0,0,1030
9261,2026-05-16,,,0,150,143,3.5,3.5,0,150
9262,2026-05-16,,,590,0,562,14.0,14.0,0,590
9263,2026-05-16,PP,,0,260,248,6.0,6.0,0,260
9264,2026-05-16,PPP,,0,200,190,5.0,5.0,0,200
9265,2026-05-16,,,950,0,905,22.5,22.5,0,950
9266,2026-05-16,,,1000,0,952,24.0,24.0,0,1000
9267,2026-05-16,PPP,,0,13250,12619,315.5,315.5,0,13250
9268,2026-05-16,,,0,1090,1038,26.0,26.0,0,1090
9269,2026-05-16,,,660,0,629,15.5,15.5,0,660
9270,2026-05-16,,,350,0,333,8.5,8.5,0,350
9271,2026-05-16,,,330,0,314,8.0,8.0,0,330
9272,2026-05-16,,,350,0,333,8.5,8.5,0,350
9273,2026-05-16,,,80,0,76,2.0,2.0,0,80
9274,2026-05-16,,,1700,0,1619,40.5,40.5,0,1700
9275,2026-05-16,,,3800,0,3620,90.0,90.0,0,3800
9276,2026-05-16,,,700,0,666,17.0,17.0,0,700
9277,2026-05-16,,,80,0,76,2.0,2.0,0,80
9278,2026-05-16,,,640,0,610,15.0,15.0,0,640
9279,2026-05-16,,,850,0,809,20.5,20.5,0,850
9280,2026-05-16,CASH,,450,0,429,10.5,10.5,0,450
9281,2026-05-16,,,1100,0,1047,26.5,26.5,0,1100
9282,2026-05-16,PPP,,0,910,866,22.0,22.0,0,910
9283,2026-05-16,,,1270,0,1209,30.5,30.5,0,1270
9284,2026-05-16,,,600,0,571,14.5,14.5,0,600
9285,2026-05-16,,,120,0,114,3.0,3.0,0,120
9286,2026-05-16,,,700,0,667,16.5,16.5,0,700
9287,2026-05-16,,,0,240,229,5.5,5.5,0,240
9288,2026-05-16,PPP,,0,650,619,15.5,15.5,0,650
9289,2026-05-16,,,250,0,238,6.0,6.0,0,250
9290,2026-05-16,,,300,0,286,7.0,7.0,0,300
9291,2026-05-16,,,100,0,95,2.5,2.5,0,100
9292,2026-05-16,,,1050,0,1000,25.0,25.0,0,1050
9293,2026-05-16,,,850,0,810,20.0,20.0,0,850
9294,2026-05-16,,,350,0,333,8.5,8.5,0,350
9295,2026-05-16,,,400,0,381,9.5,9.5,0,400
9296,2026-05-16,,,180,0,171,4.5,4.5,0,180
9297,2026-05-16,,,0,1150,1095,27.5,27.5,0,1150
9298,2026-05-16,,,450,0,429,10.5,10.5,0,450
9299,2026-05-16,,,900,0,857,21.5,21.5,0,900
9300,2026-05-16,,,380,0,362,9.0,9.0,0,380
9301,2026-05-16,,,1200,0,1143,28.5,28.5,0,1200
9302,2026-05-16,,,150,0,143,3.5,3.5,0,150
9303,2026-05-16,,,1050,0,1000,25.0,25.0,0,1050
9304,2026-05-16,,,600,0,571,14.5,14.5,0,600
9305,2026-05-16,,,520,0,496,12.0,12.0,0,520
9306,2026-05-16,,,460,0,438,11.0,11.0,0,460
9307,2026-05-16,,,80,0,76,2.0,2.0,0,80
9308,2026-05-16,,,350,0,333,8.5,8.5,0,350
9309,2026-05-16,,,300,0,286,7.0,7.0,0,300
9310,2026-05-16,,,650,0,619,15.5,15.5,0,650
9311,2026-05-16,,,150,0,143,3.5,3.5,0,150
9312,2026-05-16,,,80,0,76,2.0,2.0,0,80
9313,2026-05-16,,,350,0,333,8.5,8.5,0,350
9314,2026-05-16,,,370,0,352,9.0,9.0,0,370
9315,2026-05-16,,,50,0,48,1.0,1.0,0,50
9316,2026-05-16,,,150,0,143,3.5,3.5,0,150
9317,2026-05-16,,,700,0,667,16.5,16.5,0,700
9318,2026-05-16,PPP,,0,3850,3667,91.5,91.5,0,3850
9319,2026-05-16,,,3050,0,2906,72.0,72.0,0,3050
9320,2026-05-16,CARD,,0,3290,3133,78.5,78.5,0,3290
9321,2026-05-16,,,800,0,762,19.0,19.0,0,800
9322,2026-05-16,,,100,0,95,2.5,2.5,0,100
9323,2026-05-16,,,2780,0,2648,66.0,66.0,0,2780
9324,2026-05-16,,,300,0,286,7.0,7.0,0,300
9325,2026-05-16,,,4830,0,4601,114.5,114.5,0,4830
9326,2026-05-16,,,1430,0,1362,34.0,34.0,0,1430
9327,2026-05-16,,,1050,0,999,25.5,25.5,0,1050
9328,2026-05-16,,,4680,0,4459,110.5,110.5,0,4680
9329,2026-05-16,,,950,0,904,23.0,23.0,0,950
9330,2026-05-16,,,850,0,810,20.0,20.0,0,850
9331,2026-05-16,,,1710,0,1628,41.0,41.0,0,1710
9332,2026-05-16,,,150,0,143,3.5,3.5,0,150
9333,2026-05-16,,,1950,0,1858,46.0,46.0,0,1950
9334,2026-05-16,,,1980,0,1886,47.0,47.0,0,1980
9335,2026-05-17,PPP,,0,150,143,3.5,3.5,0,150
9336,2026-05-17,CASH,,190,0,181,4.5,4.5,0,190
9337,2026-05-17,PP,,0,200,190,5.0,5.0,0,200
9338,2026-05-17,,,1000,0,953,23.5,23.5,0,1000
9339,2026-05-17,,,80,0,76,2.0,2.0,0,80
9340,2026-05-17,,,150,0,143,3.5,3.5,0,150
9341,2026-05-17,,,700,0,666,17.0,17.0,0,700
9342,2026-05-17,,,350,0,333,8.5,8.5,0,350
9343,2026-05-17,PPP,,0,1230,1171,29.5,29.5,0,1230
9344,2026-05-17,,,380,0,362,9.0,9.0,0,380
9345,2026-05-17,MIXX,,4870,0,4637,116.5,116.5,0,4870
9346,2026-05-17,,,3140,0,2990,75.0,75.0,0,3140
9347,2026-05-17,,,250,0,238,6.0,6.0,0,250
9348,2026-05-17,,,450,0,428,11.0,11.0,0,450
9349,2026-05-17,,,280,0,266,7.0,7.0,0,280
9350,2026-05-17,,,950,0,905,22.5,22.5,0,950
9351,2026-05-17,,,900,0,857,21.5,21.5,0,900
9352,2026-05-17,,,640,0,609,15.5,15.5,0,640
9353,2026-05-17,,,610,0,581,14.5,14.5,0,610
9354,2026-05-17,,,50,0,48,1.0,1.0,0,50
9355,2026-05-17,,,650,0,619,15.5,15.5,0,650
9356,2026-05-17,,,1330,0,1267,31.5,31.5,0,1330
9357,2026-05-17,,,100,0,95,2.5,2.5,0,100
9358,2026-05-17,,,850,0,810,20.0,20.0,0,850
9359,2026-05-17,,,240,0,229,5.5,5.5,0,240
9360,2026-05-17,,,420,0,400,10.0,10.0,0,420
9361,2026-05-17,,,1280,0,1219,30.5,30.5,0,1280
9362,2026-05-17,PPP,,0,1220,1161,29.5,29.5,0,1220
9363,2026-05-17,,,850,0,809,20.5,20.5,0,850
9364,2026-05-17,,,1100,0,1047,26.5,26.5,0,1100
9365,2026-05-17,,,0,350,333,8.5,8.5,0,350
9366,2026-05-17,,,1400,0,1333,33.5,33.5,0,1400
9367,2026-05-17,PPP,,0,3730,3552,89.0,89.0,0,3730
9368,2026-05-17,CARD,,0,1000,952,24.0,24.0,0,1000
9369,2026-05-17,,,0,1260,1200,30.0,30.0,0,1260
9370,2026-05-17,CASH,,700,0,667,16.5,16.5,0,700
9371,2026-05-17,PPP,,0,3070,2924,73.0,73.0,0,3070
9372,2026-05-17,,,220,0,209,5.5,5.5,0,220
9373,2026-05-17,PPP,,0,680,647,16.5,16.5,0,680
9374,2026-05-17,,,700,0,667,16.5,16.5,0,700
9375,2026-05-17,PPP,,0,1020,970,25.0,25.0,0,1020
9376,2026-05-17,CASH,,740,0,704,18.0,18.0,0,740
9377,2026-05-17,,,1370,0,1305,32.5,32.5,0,1370
9378,2026-05-17,,,1050,0,1000,25.0,25.0,0,1050
9379,2026-05-17,,,0,2860,2724,68.0,68.0,0,2860
9380,2026-05-17,CARD,,0,1550,1477,36.5,36.5,0,1550
9381,2026-05-17,,,350,0,333,8.5,8.5,0,350
9382,2026-05-17,,,650,0,619,15.5,15.5,0,650
9383,2026-05-17,,,240,0,228,6.0,6.0,0,240
9384,2026-05-17,PPP,,0,550,524,13.0,13.0,0,550
9385,2026-05-17,PPP,,0,270,257,6.5,6.5,0,270
9386,2026-05-17,,,0,150,143,3.5,3.5,0,150
9387,2026-05-17,PPP,,0,750,714,18.0,18.0,0,750
9388,2026-05-17,,,470,0,447,11.5,11.5,0,470
9389,2026-05-17,,,280,0,266,7.0,7.0,0,280
9390,2026-05-17,,,480,0,457,11.5,11.5,0,480
9391,2026-05-17,,,300,0,286,7.0,7.0,0,300
9392,2026-05-17,PPP,,0,650,619,15.5,15.5,0,650
9393,2026-05-17,,,100,0,95,2.5,2.5,0,100
9394,2026-05-17,,,910,0,867,21.5,21.5,0,910
9395,2026-05-17,PPP,,0,1000,952,24.0,24.0,0,1000
9396,2026-05-17,,,250,0,238,6.0,6.0,0,250
9397,2026-05-17,,,1120,0,1066,27.0,27.0,0,1120
9398,2026-05-17,,,200,0,190,5.0,5.0,0,200
9399,2026-05-17,PPP,,0,2610,2486,62.0,62.0,0,2610
9400,2026-05-17,,,100,0,95,2.5,2.5,0,100
9401,2026-05-17,,,700,0,667,16.5,16.5,0,700
9402,2026-05-17,PPP,,0,1500,1429,35.5,35.5,0,1500
9403,2026-05-17,,,350,0,333,8.5,8.5,0,350
9404,2026-05-17,,,1000,0,953,23.5,23.5,0,1000
9405,2026-05-17,PPP,,0,2580,2457,61.5,61.5,0,2580
9406,2026-05-17,PP,,0,700,667,16.5,16.5,0,700
9407,2026-05-17,,,240,0,229,5.5,5.5,0,240
9408,2026-05-17,,,150,0,143,3.5,3.5,0,150
9409,2026-05-17,,,1450,0,1381,34.5,34.5,0,1450
9410,2026-05-17,,,160,0,152,4.0,4.0,0,160
9411,2026-05-17,CASH,,700,0,666,17.0,17.0,0,700
9412,2026-05-17,PPP,,0,1870,1781,44.5,44.5,0,1870
9413,2026-05-17,,,100,0,95,2.5,2.5,0,100
9414,2026-05-17,,,1010,0,961,24.5,24.5,0,1010
9415,2026-05-17,,,500,0,476,12.0,12.0,0,500
9416,2026-05-17,,,460,0,438,11.0,11.0,0,460
9417,2026-05-17,,,1420,0,1353,33.5,33.5,0,1420
9418,2026-05-17,,,800,0,762,19.0,19.0,0,800
9419,2026-05-17,,,480,0,457,11.5,11.5,0,480
9420,2026-05-17,,,1700,0,1619,40.5,40.5,0,1700
9421,2026-05-17,,,50,0,48,1.0,1.0,0,50
9422,2026-05-17,PPP,,0,280,266,7.0,7.0,0,280
9423,2026-05-18,CASH,,200,0,191,4.5,4.5,0,200
9424,2026-05-18,,,640,0,610,15.0,15.0,0,640
9425,2026-05-18,PPP,,0,1200,1142,29.0,29.0,0,1200
9426,2026-05-18,PPP,,0,1350,1285,32.5,32.5,0,1350
9427,2026-05-18,,,3480,0,3314,83.0,83.0,0,3480
9428,2026-05-18,CASH,,300,0,286,7.0,7.0,0,300
9429,2026-05-18,,,2200,0,2096,52.0,52.0,0,2200
9430,2026-05-18,PPP,,0,1800,1715,42.5,42.5,0,1800
9431,2026-05-18,,,900,0,857,21.5,21.5,0,900
9432,2026-05-18,,,550,0,524,13.0,13.0,0,550
9433,2026-05-18,PPP,,0,350,333,8.5,8.5,0,350
9434,2026-05-18,,,2160,0,2057,51.5,51.5,0,2160
9435,2026-05-18,,,1510,0,1438,36.0,36.0,0,1510
9436,2026-05-18,,,250,0,238,6.0,6.0,0,250
9437,2026-05-18,PPP,,0,2000,1905,47.5,47.5,0,2000
9438,2026-05-18,CASH,,1300,0,1238,31.0,31.0,0,1300
9439,2026-05-18,,,1510,0,1437,36.5,36.5,0,1510
9440,2026-05-18,,,200,0,190,5.0,5.0,0,200
9441,2026-05-18,,,150,0,143,3.5,3.5,0,150
9442,2026-05-18,,,2200,0,2095,52.5,52.5,0,2200
9443,2026-05-18,,,350,0,334,8.0,8.0,0,350
9444,2026-05-18,,,120,0,114,3.0,3.0,0,120
9445,2026-05-18,,,750,0,714,18.0,18.0,0,750
9446,2026-05-18,PPP,,0,2760,2629,65.5,65.5,0,2760
9447,2026-05-18,PPP,,0,300,285,7.5,7.5,0,300
9448,2026-05-18,,,1300,0,1238,31.0,31.0,0,1300
9449,2026-05-18,,,1500,0,1428,36.0,36.0,0,1500
9450,2026-05-18,,,0,1000,952,24.0,24.0,0,1000
9451,2026-05-18,CASH,,2670,0,2542,64.0,64.0,0,2670
9452,2026-05-18,,,0,500,476,12.0,12.0,0,500
9453,2026-05-18,,,990,0,942,24.0,24.0,0,990
9454,2026-05-18,,,240,0,229,5.5,5.5,0,240
9455,2026-05-18,,,300,0,286,7.0,7.0,0,300
9456,2026-05-18,,,0,150,143,3.5,3.5,0,150
9457,2026-05-18,,,150,0,143,3.5,3.5,0,150
9458,2026-05-18,,,2350,0,2239,55.5,55.5,0,2350
9459,2026-05-18,,,1050,0,1000,25.0,25.0,0,1050
9460,2026-05-18,,,1150,0,1095,27.5,27.5,0,1150
9461,2026-05-18,,,470,0,447,11.5,11.5,0,470
9462,2026-05-18,,,0,750,714,18.0,18.0,0,750
9463,2026-05-18,PPP,,0,2660,2535,62.5,62.5,0,2660
9464,2026-05-18,PPP,,0,1400,1334,33.0,33.0,0,1400
9465,2026-05-18,PPP,,0,700,667,16.5,16.5,0,700
9466,2026-05-18,,,700,0,667,16.5,16.5,0,700
9467,2026-05-18,,,2350,0,2238,56.0,56.0,0,2350
9468,2026-05-18,PPP,,0,1550,1476,37.0,37.0,0,1550
9469,2026-05-18,,,0,250,238,6.0,6.0,0,250
9470,2026-05-18,,,300,0,286,7.0,7.0,0,300
9471,2026-05-18,,,0,500,476,12.0,12.0,0,500
9472,2026-05-18,,,600,0,571,14.5,14.5,0,600
9473,2026-05-18,,,250,0,238,6.0,6.0,0,250
9474,2026-05-18,,,750,0,714,18.0,18.0,0,750
9475,2026-05-18,,,150,0,143,3.5,3.5,0,150
9476,2026-05-18,,,300,0,286,7.0,7.0,0,300
9477,2026-05-18,,,0,800,761,19.5,19.5,0,800
9478,2026-05-18,,,150,0,143,3.5,3.5,0,150
9479,2026-05-18,CARD,,0,1710,1629,40.5,40.5,0,1710
9480,2026-05-19,,,300,0,286,7.0,7.0,0,300
9481,2026-05-19,,,100,0,95,2.5,2.5,0,100
9482,2026-05-19,,,340,0,324,8.0,8.0,0,340
9483,2026-05-19,,,1760,0,1676,42.0,42.0,0,1760
9484,2026-05-19,,,500,0,476,12.0,12.0,0,500
9485,2026-05-19,PPP,,0,350,333,8.5,8.5,0,350
9486,2026-05-19,,,500,0,476,12.0,12.0,0,500
9487,2026-05-19,,,40,0,38,1.0,1.0,0,40
9488,2026-05-19,,,6510,0,6201,154.5,154.5,0,6510
9489,2026-05-19,PPP,,0,800,762,19.0,19.0,0,800
9490,2026-05-19,,,0,120,114,3.0,3.0,0,120
9491,2026-05-19,,,120,0,114,3.0,3.0,0,120
9492,2026-05-19,PPP,,0,1300,1238,31.0,31.0,0,1300
9493,2026-05-19,PPP,,0,1700,1618,41.0,41.0,0,1700
9494,2026-05-19,CASH,,1450,0,1381,34.5,34.5,0,1450
9495,2026-05-19,,,1850,0,1761,44.5,44.5,0,1850
9496,2026-05-19,,,8870,0,8448,211.0,211.0,0,8870
9497,2026-05-19,,,240,0,229,5.5,5.5,0,240
9498,2026-05-19,,,1010,0,962,24.0,24.0,0,1010
9499,2026-05-19,,,100,0,95,2.5,2.5,0,100
9500,2026-05-19,,,900,0,857,21.5,21.5,0,900
9501,2026-05-19,,,250,0,238,6.0,6.0,0,250
9502,2026-05-19,CASH,,3800,0,3618,91.0,91.0,0,3800
9503,2026-05-19,,,2160,0,2057,51.5,51.5,0,2160
9504,2026-05-19,,,1000,0,952,24.0,24.0,0,1000
9505,2026-05-19,,,550,0,524,13.0,13.0,0,550
9506,2026-05-19,CASH,,150,0,143,3.5,3.5,0,150
9507,2026-05-19,CASH,,150,0,143,3.5,3.5,0,150
9508,2026-05-19,,,700,0,667,16.5,16.5,0,700
9509,2026-05-19,,,400,0,381,9.5,9.5,0,400
9510,2026-05-19,,,440,0,419,10.5,10.5,0,440
9511,2026-05-19,,,550,0,524,13.0,13.0,0,550
9512,2026-05-19,CASH,,550,0,524,13.0,13.0,0,550
9513,2026-05-19,,,1380,0,1314,33.0,33.0,0,1380
9514,2026-05-19,,,250,0,238,6.0,6.0,0,250
9515,2026-05-19,,,50,0,48,1.0,1.0,0,50
9516,2026-05-19,,,350,0,333,8.5,8.5,0,350
9517,2026-05-19,,,2500,0,2381,59.5,59.5,0,2500
9518,2026-05-19,,,1340,0,1275,32.5,32.5,0,1340
9519,2026-05-19,,,50,0,48,1.0,1.0,0,50
9520,2026-05-19,,,200,0,190,5.0,5.0,0,200
9521,2026-05-19,CASH,,650,0,619,15.5,15.5,0,650
9522,2026-05-19,,,650,0,619,15.5,15.5,0,650
9523,2026-05-19,,,1700,0,1619,40.5,40.5,0,1700
9524,2026-05-19,CASH,,920,0,877,21.5,21.5,0,920
9525,2026-05-19,,,1780,0,1696,42.0,42.0,0,1780
9526,2026-05-19,,,300,0,286,7.0,7.0,0,300
9527,2026-05-19,PPP,,0,600,571,14.5,14.5,0,600
9528,2026-05-19,,,1200,0,1143,28.5,28.5,0,1200
9529,2026-05-19,PPP,,0,1250,1190,30.0,30.0,0,1250
9530,2026-05-19,,,300,0,286,7.0,7.0,0,300
9531,2026-05-19,PPP,,0,300,286,7.0,7.0,0,300
9532,2026-05-19,,,250,0,238,6.0,6.0,0,250
9533,2026-05-19,,,500,0,477,11.5,11.5,0,500
9534,2026-05-19,,,500,0,476,12.0,12.0,0,500
9535,2026-05-19,,,860,0,819,20.5,20.5,0,860
9536,2026-05-19,PPP,,0,250,238,6.0,6.0,0,250
9537,2026-05-19,PPP,,0,1710,1628,41.0,41.0,0,1710
9538,2026-05-19,,,850,0,810,20.0,20.0,0,850
9539,2026-05-19,,,120,0,114,3.0,3.0,0,120
9540,2026-05-19,,,150,0,143,3.5,3.5,0,150
9541,2026-05-19,,,50,0,48,1.0,1.0,0,50
9542,2026-05-19,,,850,0,810,20.0,20.0,0,850
9543,2026-05-19,,,150,0,143,3.5,3.5,0,150
9544,2026-05-19,PPP,,0,3370,3210,80.0,80.0,0,3370
9545,2026-05-19,,,160,0,152,4.0,4.0,0,160
9546,2026-05-19,,,1000,0,952,24.0,24.0,0,1000
9547,2026-05-19,,,100,0,95,2.5,2.5,0,100
9548,2026-05-19,,,150,0,143,3.5,3.5,0,150
9549,2026-05-19,,,350,0,333,8.5,8.5,0,350
9550,2026-05-19,,,300,0,286,7.0,7.0,0,300
9551,2026-05-19,,,550,0,524,13.0,13.0,0,550
9552,2026-05-19,PPP,,0,620,590,15.0,15.0,0,620
9553,2026-05-19,,,900,0,857,21.5,21.5,0,900
9554,2026-05-19,,,850,0,810,20.0,20.0,0,850
9555,2026-05-19,,,0,1200,1142,29.0,29.0,0,1200
9556,2026-05-19,PPP,,0,1290,1228,31.0,31.0,0,1290
9557,2026-05-19,PPP,,0,150,143,3.5,3.5,0,150
9558,2026-05-19,,,750,0,714,18.0,18.0,0,750
9559,2026-05-19,,,250,0,238,6.0,6.0,0,250
9560,2026-05-19,PPP,,0,1400,1333,33.5,33.5,0,1400
9561,2026-05-19,,,1240,0,1181,29.5,29.5,0,1240
9562,2026-05-19,PPP,,0,500,476,12.0,12.0,0,500
9563,2026-05-19,,,750,0,714,18.0,18.0,0,750
9564,2026-05-19,PPP,,0,420,400,10.0,10.0,0,420
9565,2026-05-19,PPP,,0,1510,1438,36.0,36.0,0,1510
9566,2026-05-19,CARD,,500,0,476,12.0,12.0,0,500
9567,2026-05-19,,,500,0,476,12.0,12.0,0,500
9568,2026-05-19,,,550,0,524,13.0,13.0,0,550
9569,2026-05-19,,,550,0,524,13.0,13.0,0,550
9570,2026-05-20,CASH,,150,0,143,3.5,3.5,0,150
9571,2026-05-20,,,90,0,86,2.0,2.0,0,90
9572,2026-05-20,,,300,0,286,7.0,7.0,0,300
9573,2026-05-20,,,550,0,524,13.0,13.0,0,550
9574,2026-05-20,,,800,0,762,19.0,19.0,0,800
9575,2026-05-20,,,200,0,190,5.0,5.0,0,200
9576,2026-05-20,,,160,0,152,4.0,4.0,0,160
9577,2026-05-20,,,800,0,762,19.0,19.0,0,800
9578,2026-05-20,,,2500,0,2381,59.5,59.5,0,2500
9579,2026-05-20,,,600,0,571,14.5,14.5,0,600
9580,2026-05-20,,,50,0,48,1.0,1.0,0,50
9581,2026-05-20,PPP,,0,2000,1905,47.5,47.5,0,2000
9582,2026-05-20,,,2000,0,1905,47.5,47.5,0,2000
9583,2026-05-20,,,50,0,48,1.0,1.0,0,50
9584,2026-05-20,,,150,0,143,3.5,3.5,0,150
9585,2026-05-20,,,420,0,400,10.0,10.0,0,420
9586,2026-05-20,,,700,0,667,16.5,16.5,0,700
9587,2026-05-20,,,200,0,191,4.5,4.5,0,200
9588,2026-05-20,,,600,0,571,14.5,14.5,0,600
9589,2026-05-20,,,360,0,343,8.5,8.5,0,360
9590,2026-05-20,,,1500,0,1429,35.5,35.5,0,1500
9591,2026-05-20,,,250,0,238,6.0,6.0,0,250
9592,2026-05-20,,,500,0,476,12.0,12.0,0,500
9593,2026-05-20,,,250,0,238,6.0,6.0,0,250
9594,2026-05-20,,,200,0,190,5.0,5.0,0,200
9595,2026-05-20,,,650,0,619,15.5,15.5,0,650
9596,2026-05-20,,,500,0,476,12.0,12.0,0,500
9597,2026-05-20,PPP,,0,780,742,19.0,19.0,0,780
9598,2026-05-20,,,300,0,286,7.0,7.0,0,300
9599,2026-05-20,PPP,,0,650,619,15.5,15.5,0,650
9600,2026-05-20,,,870,0,828,21.0,21.0,0,870
9601,2026-05-20,,,120,0,114,3.0,3.0,0,120
9602,2026-05-20,,,240,0,229,5.5,5.5,0,240
9603,2026-05-20,,,460,0,438,11.0,11.0,0,460
9604,2026-05-20,CARD,,0,500,476,12.0,12.0,0,500
9605,2026-05-20,PPP,,0,250,238,6.0,6.0,0,250
9606,2026-05-20,,,50,0,48,1.0,1.0,0,50
9607,2026-05-20,,,500,0,476,12.0,12.0,0,500
9608,2026-05-20,,,0,2050,1952,49.0,49.0,0,2050
9609,2026-05-20,,,440,0,419,10.5,10.5,0,440
9610,2026-05-20,,,0,120,114,3.0,3.0,0,120
9611,2026-05-20,,,1000,0,952,24.0,24.0,0,1000
9612,2026-05-20,,,1100,0,1047,26.5,26.5,0,1100
9613,2026-05-20,PPP,,0,4100,3905,97.5,97.5,0,4100
9614,2026-05-20,,,120,0,114,3.0,3.0,0,120
9615,2026-05-20,,,360,0,343,8.5,8.5,0,360
9616,2026-05-20,,,100,0,95,2.5,2.5,0,100
9617,2026-05-20,,,650,0,618,16.0,16.0,0,650
9618,2026-05-20,,,1600,0,1524,38.0,38.0,0,1600
9619,2026-05-20,,,1000,0,952,24.0,24.0,0,1000
9620,2026-05-20,,,720,0,686,17.0,17.0,0,720
9621,2026-05-20,,,460,0,438,11.0,11.0,0,460
9622,2026-05-20,,,250,0,238,6.0,6.0,0,250
9623,2026-05-20,,,300,0,286,7.0,7.0,0,300
9624,2026-05-20,,,1200,0,1143,28.5,28.5,0,1200
9625,2026-05-20,,,320,0,305,7.5,7.5,0,320
9626,2026-05-20,,,700,0,667,16.5,16.5,0,700
9627,2026-05-20,,,700,0,666,17.0,17.0,0,700
9628,2026-05-20,,,700,0,667,16.5,16.5,0,700
9629,2026-05-20,,,850,0,810,20.0,20.0,0,850
9630,2026-05-20,,,500,0,476,12.0,12.0,0,500
9631,2026-05-20,,,300,0,286,7.0,7.0,0,300
9632,2026-05-20,PPP,,0,1800,1714,43.0,43.0,0,1800
9633,2026-05-20,,,900,0,858,21.0,21.0,0,900
9634,2026-05-20,,,1050,0,1000,25.0,25.0,0,1050
9635,2026-05-20,,,1300,0,1238,31.0,31.0,0,1300
9636,2026-05-20,,,1480,0,1409,35.5,35.5,0,1480
9637,2026-05-20,,,930,0,885,22.5,22.5,0,930
9638,2026-05-20,,,2480,0,2362,59.0,59.0,0,2480
9639,2026-05-20,,,500,0,477,11.5,11.5,0,500
9640,2026-05-20,,,400,0,381,9.5,9.5,0,400
9641,2026-05-20,CARD,,0,2750,2619,65.5,65.5,0,2750
9642,2026-05-21,,,570,0,543,13.5,13.5,0,570
9643,2026-05-21,PPP,,1300,0,1238,31.0,31.0,0,1300
9644,2026-05-21,PPP,,0,2290,2181,54.5,54.5,0,2290
9645,2026-05-21,00],,500,0,476,12.0,12.0,0,500
9646,2026-05-21,,,280,0,266,7.0,7.0,0,280
9647,2026-05-21,,,80,0,76,2.0,2.0,0,80
9648,2026-05-21,CASH,,1000,0,953,23.5,23.5,0,1000
9649,2026-05-21,PPP,,0,2900,2762,69.0,69.0,0,2900
9650,2026-05-21,,,300,0,286,7.0,7.0,0,300
9651,2026-05-21,,,1100,0,1048,26.0,26.0,0,1100
9652,2026-05-21,,,30,0,29,0.5,0.5,0,30
9653,2026-05-21,,,550,0,524,13.0,13.0,0,550
9654,2026-05-21,,,1500,0,1429,35.5,35.5,0,1500
9655,2026-05-21,PPP,,0,1600,1524,38.0,38.0,0,1600
9656,2026-05-21,,,0,150,143,3.5,3.5,0,150
9657,2026-05-21,,,100,0,95,2.5,2.5,0,100
9658,2026-05-21,,,50,0,48,1.0,1.0,0,50
9659,2026-05-21,,,1260,0,1200,30.0,30.0,0,1260
9660,2026-05-21,,,1070,0,1019,25.5,25.5,0,1070
9661,2026-05-21,,,300,0,286,7.0,7.0,0,300
9662,2026-05-21,,,0,80,76,2.0,2.0,0,80
9663,2026-05-21,,,150,0,143,3.5,3.5,0,150
9664,2026-05-21,CASH,,500,0,476,12.0,12.0,0,500
9665,2026-05-21,,,350,0,333,8.5,8.5,0,350
9666,2026-05-21,,,500,0,476,12.0,12.0,0,500
9667,2026-05-21,PPP,,0,1150,1095,27.5,27.5,0,1150
9668,2026-05-21,,,1200,0,1143,28.5,28.5,0,1200
9669,2026-05-21,CASH,,3150,0,3000,75.0,75.0,0,3150
9670,2026-05-21,,,320,0,305,7.5,7.5,0,320
9671,2026-05-21,,,350,0,333,8.5,8.5,0,350
9672,2026-05-21,,,210,0,200,5.0,5.0,0,210
9673,2026-05-21,PPP,,840,0,799,20.5,20.5,0,840
9674,2026-05-21,,,700,0,667,16.5,16.5,0,700
9675,2026-05-21,,,840,0,800,20.0,20.0,0,840
9676,2026-05-21,,,180,0,171,4.5,4.5,0,180
9677,2026-05-21,,,200,0,190,5.0,5.0,0,200
9678,2026-05-21,,,400,0,381,9.5,9.5,0,400
9679,2026-05-21,,,380,0,362,9.0,9.0,0,380
9680,2026-05-21,,,50,0,48,1.0,1.0,0,50
9681,2026-05-21,,,860,0,819,20.5,20.5,0,860
9682,2026-05-21,,,500,0,476,12.0,12.0,0,500
9683,2026-05-21,,,350,0,333,8.5,8.5,0,350
9684,2026-05-21,,,700,0,667,16.5,16.5,0,700
9685,2026-05-21,,,350,0,333,8.5,8.5,0,350
9686,2026-05-21,,,260,0,247,6.5,6.5,0,260
9687,2026-05-21,CARD,,0,1450,1381,34.5,34.5,0,1450
9688,2026-05-21,,,300,0,286,7.0,7.0,0,300
9689,2026-05-21,,,160,0,152,4.0,4.0,0,160
9690,2026-05-21,,,500,0,476,12.0,12.0,0,500
9691,2026-05-21,,,850,0,809,20.5,20.5,0,850
9692,2026-05-21,,,600,0,571,14.5,14.5,0,600
9693,2026-05-21,PPP,,0,600,571,14.5,14.5,0,600
9694,2026-05-21,,,500,0,476,12.0,12.0,0,500
9695,2026-05-21,PPP,,0,1960,1866,47.0,47.0,0,1960
9696,2026-05-21,,,120,0,114,3.0,3.0,0,120
9697,2026-05-21,CASH,,100,0,95,2.5,2.5,0,100
9698,2026-05-21,PPP,,0,620,591,14.5,14.5,0,620
9699,2026-05-21,,,50,0,48,1.0,1.0,0,50
9700,2026-05-21,PPP,,0,50,48,1.0,1.0,0,50
9701,2026-05-21,,,50,0,48,1.0,1.0,0,50
9702,2026-05-21,PPP,,0,1690,1609,40.5,40.5,0,1690
9703,2026-05-21,,,350,0,333,8.5,8.5,0,350
9704,2026-05-21,,,1000,0,952,24.0,24.0,0,1000
9705,2026-05-21,,,1300,0,1238,31.0,31.0,0,1300
9706,2026-05-21,PPP,,0,1340,1276,32.0,32.0,0,1340
9707,2026-05-21,,,650,0,619,15.5,15.5,0,650
9708,2026-05-21,,,650,0,620,15.0,15.0,0,650
9709,2026-05-21,,,700,0,666,17.0,17.0,0,700
9710,2026-05-22,CASH,,3100,0,2952,74.0,74.0,0,3100
9711,2026-05-22,CASH,,1100,0,1048,26.0,26.0,0,1100
9712,2026-05-22,,,1550,0,1476,37.0,37.0,0,1550
9713,2026-05-22,,,400,0,381,9.5,9.5,0,400
9714,2026-05-22,,,220,0,209,5.5,5.5,0,220
9715,2026-05-22,,,550,0,523,13.5,13.5,0,550
9716,2026-05-22,,,700,0,667,16.5,16.5,0,700
9717,2026-05-22,,,1110,0,1057,26.5,26.5,0,1110
9718,2026-05-22,,,1020,0,972,24.0,24.0,0,1020
9719,2026-05-22,,,1350,0,1285,32.5,32.5,0,1350
9720,2026-05-22,,,50,0,48,1.0,1.0,0,50
9721,2026-05-22,CASH,,350,0,333,8.5,8.5,0,350
9722,2026-05-22,,,1500,0,1429,35.5,35.5,0,1500
9723,2026-05-22,,,3000,0,2857,71.5,71.5,0,3000
9724,2026-05-22,,,1540,0,1466,37.0,37.0,0,1540
9725,2026-05-22,PPP,,0,9200,8761,219.5,219.5,0,9200
9726,2026-05-22,,,500,0,476,12.0,12.0,0,500
9727,2026-05-22,,,100,0,95,2.5,2.5,0,100
9728,2026-05-22,PPP,,0,5650,5381,134.5,134.5,0,5650
9729,2026-05-22,,,220,0,209,5.5,5.5,0,220
9730,2026-05-22,,,150,0,143,3.5,3.5,0,150
9731,2026-05-22,,,260,0,248,6.0,6.0,0,260
9732,2026-05-22,,,650,0,619,15.5,15.5,0,650
9733,2026-05-22,,,200,0,190,5.0,5.0,0,200
9734,2026-05-22,,,400,0,381,9.5,9.5,0,400
9735,2026-05-22,,,1150,0,1095,27.5,27.5,0,1150
9736,2026-05-22,,,150,0,143,3.5,3.5,0,150
9737,2026-05-22,,,200,0,190,5.0,5.0,0,200
9738,2026-05-22,,,340,0,324,8.0,8.0,0,340
9739,2026-05-22,,,160,0,152,4.0,4.0,0,160
9740,2026-05-22,,,700,0,667,16.5,16.5,0,700
9741,2026-05-22,,,250,0,238,6.0,6.0,0,250
9742,2026-05-22,,,300,0,286,7.0,7.0,0,300
9743,2026-05-22,,,150,0,143,3.5,3.5,0,150
9744,2026-05-22,,,1200,0,1143,28.5,28.5,0,1200
9745,2026-05-22,,,2800,0,2667,66.5,66.5,0,2800
9746,2026-05-22,,,840,0,800,20.0,20.0,0,840
9747,2026-05-22,,,790,0,753,18.5,18.5,0,790
9748,2026-05-22,,,550,0,524,13.0,13.0,0,550
9749,2026-05-22,,,320,0,305,7.5,7.5,0,320
9750,2026-05-22,,,2200,0,2095,52.5,52.5,0,2200
9751,2026-05-22,,,420,0,400,10.0,10.0,0,420
9752,2026-05-22,,,150,0,143,3.5,3.5,0,150
9753,2026-05-22,,,1800,0,1714,43.0,43.0,0,1800
9754,2026-05-22,,,650,0,619,15.5,15.5,0,650
9755,2026-05-22,,,1200,0,1143,28.5,28.5,0,1200
9756,2026-05-22,PPP,,0,500,476,12.0,12.0,0,500
9757,2026-05-22,,,0,1230,1172,29.0,29.0,0,1230
9758,2026-05-22,,,280,0,267,6.5,6.5,0,280
9759,2026-05-22,,,260,0,248,6.0,6.0,0,260
9760,2026-05-22,,,1480,0,1409,35.5,35.5,0,1480
9761,2026-05-22,,,5000,0,4761,119.5,119.5,0,5000
9762,2026-05-22,,,200,0,190,5.0,5.0,0,200
9763,2026-05-22,CARD,,0,1550,1477,36.5,36.5,0,1550
9764,2026-05-22,,,1410,0,1343,33.5,33.5,0,1410
9765,2026-05-22,,,840,0,801,19.5,19.5,0,840
9766,2026-05-22,,,100,0,95,2.5,2.5,0,100
9767,2026-05-22,,,50,0,48,1.0,1.0,0,50
9768,2026-05-22,,,470,0,447,11.5,11.5,0,470
9769,2026-05-22,,,1350,0,1285,32.5,32.5,0,1350
9770,2026-05-23,CASH,,450,0,428,11.0,11.0,0,450
9771,2026-05-23,PPP,,0,870,828,21.0,21.0,0,870
9772,2026-05-23,,,760,0,724,18.0,18.0,0,760
9773,2026-05-23,,,250,0,238,6.0,6.0,0,250
9774,2026-05-23,,,700,0,667,16.5,16.5,0,700
9775,2026-05-23,CASH,,4420,0,4208,106.0,106.0,0,4420
9776,2026-05-23,PPP,,0,1550,1477,36.5,36.5,0,1550
9777,2026-05-23,,,550,0,524,13.0,13.0,0,550
9778,2026-05-23,,,950,0,905,22.5,22.5,0,950
9779,2026-05-23,,,1550,0,1476,37.0,37.0,0,1550
9780,2026-05-23,,,300,0,286,7.0,7.0,0,300
9781,2026-05-23,,,760,0,724,18.0,18.0,0,760
9782,2026-05-23,,,0,300,286,7.0,7.0,0,300
9783,2026-05-23,,,300,0,286,7.0,7.0,0,300
9784,2026-05-23,,,50,0,48,1.0,1.0,0,50
9785,2026-05-23,,,150,0,143,3.5,3.5,0,150
9786,2026-05-23,,,500,0,476,12.0,12.0,0,500
9787,2026-05-23,,,660,0,628,16.0,16.0,0,660
9788,2026-05-23,,,2900,0,2763,68.5,68.5,0,2900
9789,2026-05-23,,,200,0,191,4.5,4.5,0,200
9790,2026-05-23,,,1400,0,1332,34.0,34.0,0,1400
9791,2026-05-23,,,250,0,238,6.0,6.0,0,250
9792,2026-05-23,,,0,240,229,5.5,5.5,0,240
9793,2026-05-23,,,500,0,476,12.0,12.0,0,500
9794,2026-05-23,,,860,0,818,21.0,21.0,0,860
9795,2026-05-23,,,1100,0,1048,26.0,26.0,0,1100
9796,2026-05-23,CASHPPP,,1700,0,1619,40.5,40.5,0,1700
9797,2026-05-23,PPP,,0,3200,3048,76.0,76.0,0,3200
9798,2026-05-23,,,280,0,267,6.5,6.5,0,280
9799,2026-05-23,,,400,0,381,9.5,9.5,0,400
9800,2026-05-23,,,200,0,190,5.0,5.0,0,200
9801,2026-05-23,,,500,0,476,12.0,12.0,0,500
9802,2026-05-23,,,300,0,285,7.5,7.5,0,300
9803,2026-05-23,,,1900,0,1810,45.0,45.0,0,1900
9804,2026-05-23,,,1820,0,1733,43.5,43.5,0,1820
9805,2026-05-23,,,0,460,438,11.0,11.0,0,460
9806,2026-05-23,,,1210,0,1152,29.0,29.0,0,1210
9807,2026-05-23,PPP,,0,240,229,5.5,5.5,0,240
9808,2026-05-23,,,80,0,76,2.0,2.0,0,80
9809,2026-05-23,,,500,0,476,12.0,12.0,0,500
9810,2026-05-23,,,0,1000,953,23.5,23.5,0,1000
9811,2026-05-23,PPP,,0,1750,1667,41.5,41.5,0,1750
9812,2026-05-23,PPP,,0,200,190,5.0,5.0,0,200
9813,2026-05-23,CASH,,600,0,571,14.5,14.5,0,600
9814,2026-05-23,,,580,0,553,13.5,13.5,0,580
9815,2026-05-23,PPP,,0,1810,1724,43.0,43.0,0,1810
9816,2026-05-23,,,350,0,333,8.5,8.5,0,350
9817,2026-05-23,,,250,0,238,6.0,6.0,0,250
9818,2026-05-23,,,1000,0,952,24.0,24.0,0,1000
9819,2026-05-23,PPP,,0,2720,2592,64.0,64.0,0,2720
9820,2026-05-23,CASH,,1500,0,1429,35.5,35.5,0,1500
9821,2026-05-23,PPP,,0,1100,1048,26.0,26.0,0,1100
9822,2026-05-23,CASH,,1150,0,1095,27.5,27.5,0,1150
9823,2026-05-23,,,350,0,333,8.5,8.5,0,350
9824,2026-05-23,,,160,0,152,4.0,4.0,0,160
9825,2026-05-23,,,1020,0,971,24.5,24.5,0,1020
9826,2026-05-23,,,240,0,229,5.5,5.5,0,240
9827,2026-05-23,PPP,,0,1550,1476,37.0,37.0,0,1550
9828,2026-05-23,PPP,,0,1200,1143,28.5,28.5,0,1200
9829,2026-05-23,,,860,0,819,20.5,20.5,0,860
9830,2026-05-23,,,1810,0,1724,43.0,43.0,0,1810
9831,2026-05-23,,,650,0,619,15.5,15.5,0,650
9832,2026-05-23,,,700,0,666,17.0,17.0,0,700
9833,2026-05-23,,,800,0,761,19.5,19.5,0,800
9834,2026-05-23,,,0,60,57,1.5,1.5,0,60
9835,2026-05-23,,,550,0,524,13.0,13.0,0,550
9836,2026-05-23,,,220,0,209,5.5,5.5,0,220
9837,2026-05-23,CASH,,1400,0,1333,33.5,33.5,0,1400
9838,2026-05-23,CASH,,1250,0,1191,29.5,29.5,0,1250
9839,2026-05-23,,,1050,0,1000,25.0,25.0,0,1050
9840,2026-05-23,,,1500,0,1428,36.0,36.0,0,1500
9841,2026-05-23,PPP,,0,460,438,11.0,11.0,0,460
9842,2026-05-23,,,580,0,553,13.5,13.5,0,580
9843,2026-05-23,,,2240,0,2134,53.0,53.0,0,2240
9844,2026-05-23,,,800,0,762,19.0,19.0,0,800
9845,2026-05-23,,,1950,0,1857,46.5,46.5,0,1950
9846,2026-05-23,PPP,,0,4810,4581,114.5,114.5,0,4810
9847,2026-05-23,,,110,0,105,2.5,2.5,0,110
9848,2026-05-23,,,400,0,381,9.5,9.5,0,400
9849,2026-05-23,PPP,,0,940,896,22.0,22.0,0,940
9850,2026-05-23,PPP,,0,330,314,8.0,8.0,0,330
9851,2026-05-24,CASH,,400,0,381,9.5,9.5,0,400
9852,2026-05-24,,,900,0,857,21.5,21.5,0,900
9853,2026-05-24,,,100,0,95,2.5,2.5,0,100
9854,2026-05-24,,,100,0,95,2.5,2.5,0,100
9855,2026-05-24,PPP,,0,860,819,20.5,20.5,0,860
9856,2026-05-24,,,2100,0,2000,50.0,50.0,0,2100
9857,2026-05-24,,,0,300,286,7.0,7.0,0,300
9858,2026-05-24,CASH,,150,0,143,3.5,3.5,0,150
9859,2026-05-24,PPP,,0,450,429,10.5,10.5,0,450
9860,2026-05-24,,,740,0,705,17.5,17.5,0,740
9861,2026-05-24,,,950,0,905,22.5,22.5,0,950
9862,2026-05-24,,,300,0,286,7.0,7.0,0,300
9863,2026-05-24,PPP,,0,900,857,21.5,21.5,0,900
9864,2026-05-24,,,400,0,381,9.5,9.5,0,400
9865,2026-05-24,,,550,0,524,13.0,13.0,0,550
9866,2026-05-24,PPP,,0,1490,1419,35.5,35.5,0,1490
9867,2026-05-24,,,0,250,238,6.0,6.0,0,250
9868,2026-05-24,PPP,,0,550,524,13.0,13.0,0,550
9869,2026-05-24,,,200,0,190,5.0,5.0,0,200
9870,2026-05-24,CASH,,3210,0,3057,76.5,76.5,0,3210
9871,2026-05-24,,,0,2300,2191,54.5,54.5,0,2300
9872,2026-05-24,,,0,1050,1000,25.0,25.0,0,1050
9873,2026-05-24,,,1050,0,1000,25.0,25.0,0,1050
9874,2026-05-24,PPP,,0,500,476,12.0,12.0,0,500
9875,2026-05-24,PPP,,0,150,143,3.5,3.5,0,150
9876,2026-05-24,CASH,,80,0,76,2.0,2.0,0,80
9877,2026-05-24,,,100,0,95,2.5,2.5,0,100
9878,2026-05-24,,,360,0,343,8.5,8.5,0,360
9879,2026-05-24,,,500,0,477,11.5,11.5,0,500
9880,2026-05-24,,,150,0,143,3.5,3.5,0,150
9881,2026-05-24,,,1250,0,1191,29.5,29.5,0,1250
9882,2026-05-24,,,260,0,248,6.0,6.0,0,260
9883,2026-05-24,,,1660,0,1580,40.0,40.0,0,1660
9884,2026-05-24,,,500,0,476,12.0,12.0,0,500
9885,2026-05-24,CASH,,1590,0,1513,38.5,38.5,0,1590
9886,2026-05-24,,,150,0,143,3.5,3.5,0,150
9887,2026-05-24,,,160,0,152,4.0,4.0,0,160
9888,2026-05-24,,,240,0,229,5.5,5.5,0,240
9889,2026-05-24,,,150,0,143,3.5,3.5,0,150
9890,2026-05-24,,,150,0,143,3.5,3.5,0,150
9891,2026-05-24,,,1750,0,1666,42.0,42.0,0,1750
9892,2026-05-24,,,900,0,857,21.5,21.5,0,900
9893,2026-05-24,,,630,0,600,15.0,15.0,0,630
9894,2026-05-24,,,120,0,114,3.0,3.0,0,120
9895,2026-05-24,,,260,0,247,6.5,6.5,0,260
9896,2026-05-24,,,650,0,619,15.5,15.5,0,650
9897,2026-05-24,,,410,0,391,9.5,9.5,0,410
9898,2026-05-24,,,250,0,238,6.0,6.0,0,250
9899,2026-05-24,,,300,0,286,7.0,7.0,0,300
9900,2026-05-24,,,2800,0,2666,67.0,67.0,0,2800
9901,2026-05-24,,,10750,0,10238,256.0,256.0,0,10750
9902,2026-05-24,,,2500,0,2381,59.5,59.5,0,2500
9903,2026-05-24,,,100,0,95,2.5,2.5,0,100
9904,2026-05-24,,,1100,0,1048,26.0,26.0,0,1100
9905,2026-05-24,,,2850,0,2714,68.0,68.0,0,2850
9906,2026-05-24,,,670,0,638,16.0,16.0,0,670
9907,2026-05-24,,,1350,0,1286,32.0,32.0,0,1350
9908,2026-05-24,,,860,0,819,20.5,20.5,0,860
9909,2026-05-24,,,350,0,333,8.5,8.5,0,350
9910,2026-05-24,,,300,0,286,7.0,7.0,0,300
9911,2026-05-24,,,850,0,809,20.5,20.5,0,850
9912,2026-05-24,,,1050,0,1000,25.0,25.0,0,1050
9913,2026-05-24,,,2750,0,2619,65.5,65.5,0,2750
9914,2026-05-24,,,6140,0,5847,146.5,146.5,0,6140
9915,2026-05-24,,,500,0,476,12.0,12.0,0,500
9916,2026-05-24,,,500,0,476,12.0,12.0,0,500
9917,2026-05-24,,,650,0,619,15.5,15.5,0,650
9918,2026-05-24,,,400,0,381,9.5,9.5,0,400
9919,2026-05-24,,,170,0,162,4.0,4.0,0,170
9920,2026-05-24,,,1350,0,1286,32.0,32.0,0,1350
9921,2026-05-24,,,4750,0,4524,113.0,113.0,0,4750
9922,2026-05-24,,,460,0,438,11.0,11.0,0,460
9923,2026-05-24,,,700,0,667,16.5,16.5,0,700
9924,2026-05-24,,,150,0,143,3.5,3.5,0,150
9925,2026-05-24,,,150,0,143,3.5,3.5,0,150
9926,2026-05-24,,,100,0,95,2.5,2.5,0,100
9927,2026-05-24,,,1550,0,1476,37.0,37.0,0,1550
9928,2026-05-24,,,160,0,152,4.0,4.0,0,160
9929,2026-05-24,,,2730,0,2601,64.5,64.5,0,2730
9930,2026-05-24,,,3700,0,3523,88.5,88.5,0,3700
9931,2026-05-24,,,730,0,695,17.5,17.5,0,730
9932,2026-05-24,,,100,0,95,2.5,2.5,0,100
9933,2026-05-24,,,120,0,114,3.0,3.0,0,120
9934,2026-05-24,,,170,0,162,4.0,4.0,0,170
9935,2026-05-24,,,1170,0,1114,28.0,28.0,0,1170
9936,2026-05-24,CASH,,640,0,609,15.5,15.5,0,640
9937,2026-05-24,,,150,0,143,3.5,3.5,0,150
9938,2026-05-24,CASH,,580,0,552,14.0,14.0,0,580
9939,2026-05-24,SWAMY,,1800,0,1714,43.0,43.0,0,1800
9940,2026-05-24,,,180,0,171,4.5,4.5,0,180
9941,2026-05-24,,,2370,0,2257,56.5,56.5,0,2370
9942,2026-05-24,,,500,0,476,12.0,12.0,0,500
9943,2026-05-24,,,100,0,95,2.5,2.5,0,100
9944,2026-05-24,,,300,0,286,7.0,7.0,0,300
9945,2026-05-24,CASH,,200,0,190,5.0,5.0,0,200
9946,2026-05-24,,,350,0,333,8.5,8.5,0,350
9947,2026-05-25,PPP,,0,80,76,2.0,2.0,0,80
9948,2026-05-25,,,400,0,381,9.5,9.5,0,400
9949,2026-05-25,CASH,,1800,0,1714,43.0,43.0,0,1800
9950,2026-05-25,PPP,,0,150,143,3.5,3.5,0,150
9951,2026-05-25,CARD,,0,540,515,12.5,12.5,0,540
9952,2026-05-25,,,900,0,857,21.5,21.5,0,900
9953,2026-05-25,,,1200,0,1143,28.5,28.5,0,1200
9954,2026-05-25,,,1000,0,952,24.0,24.0,0,1000
9955,2026-05-25,,,200,0,190,5.0,5.0,0,200
9956,2026-05-25,,,1600,0,1525,37.5,37.5,0,1600
9957,2026-05-25,,,1250,0,1190,30.0,30.0,0,1250
9958,2026-05-25,,,1100,0,1047,26.5,26.5,0,1100
9959,2026-05-25,CASH,,5700,0,5428,136.0,136.0,0,5700
9960,2026-05-25,,,150,0,143,3.5,3.5,0,150
9961,2026-05-25,,,230,0,219,5.5,5.5,0,230
9962,2026-05-25,,,130,0,124,3.0,3.0,0,130
9963,2026-05-25,,,1170,0,1114,28.0,28.0,0,1170
9964,2026-05-25,PPP,,0,520,495,12.5,12.5,0,520
9965,2026-05-25,,,50,0,48,1.0,1.0,0,50
9966,2026-05-25,PPP,,0,1490,1419,35.5,35.5,0,1490
9967,2026-05-25,,,830,0,790,20.0,20.0,0,830
9968,2026-05-25,PPP,,0,750,714,18.0,18.0,0,750
9969,2026-05-25,,,0,300,286,7.0,7.0,0,300
9970,2026-05-25,,,560,0,534,13.0,13.0,0,560
9971,2026-05-25,PPP,,0,1020,972,24.0,24.0,0,1020
9972,2026-05-25,PPP,,0,530,505,12.5,12.5,0,530
9973,2026-05-25,,,0,500,476,12.0,12.0,0,500
9974,2026-05-25,PPP,,0,2220,2114,53.0,53.0,0,2220
9975,2026-05-25,,,650,0,619,15.5,15.5,0,650
9976,2026-05-25,PPP,,0,1250,1191,29.5,29.5,0,1250
9977,2026-05-25,,,0,660,628,16.0,16.0,0,660
9978,2026-05-25,,,200,0,191,4.5,4.5,0,200
9979,2026-05-25,,,0,490,467,11.5,11.5,0,490
9980,2026-05-25,,,200,0,190,5.0,5.0,0,200
9981,2026-05-25,,,150,0,143,3.5,3.5,0,150
9982,2026-05-25,,,500,0,476,12.0,12.0,0,500
9983,2026-05-25,CASH,,950,0,905,22.5,22.5,0,950
9984,2026-05-25,,,300,0,286,7.0,7.0,0,300
9985,2026-05-25,,,330,0,314,8.0,8.0,0,330
9986,2026-05-25,PPP,,0,600,572,14.0,14.0,0,600
9987,2026-05-25,,,1850,0,1762,44.0,44.0,0,1850
9988,2026-05-25,,,150,0,143,3.5,3.5,0,150
9989,2026-05-25,,,1050,0,1000,25.0,25.0,0,1050
9990,2026-05-25,,,1000,0,952,24.0,24.0,0,1000
9991,2026-05-25,,,2200,0,2095,52.5,52.5,0,2200
9992,2026-05-25,,,50,0,48,1.0,1.0,0,50
9993,2026-05-25,,,400,0,381,9.5,9.5,0,400
9994,2026-05-25,,,760,0,724,18.0,18.0,0,760
9995,2026-05-25,,,50,0,48,1.0,1.0,0,50
9996,2026-05-25,,,150,0,143,3.5,3.5,0,150
9997,2026-05-25,PPP,,0,3580,3410,85.0,85.0,0,3580
9998,2026-05-25,,,490,0,467,11.5,11.5,0,490
9999,2026-05-25,,,1360,0,1296,32.0,32.0,0,1360
10000,2026-05-25,,,0,550,524,13.0,13.0,0,550
10001,2026-05-25,,,150,0,143,3.5,3.5,0,150
10002,2026-05-25,,,1800,0,1714,43.0,43.0,0,1800
10003,2026-05-25,,,750,0,714,18.0,18.0,0,750
10004,2026-05-25,,,250,0,238,6.0,6.0,0,250
10005,2026-05-25,CASH,,2300,0,2190,55.0,55.0,0,2300
10006,2026-05-25,,,1370,0,1304,33.0,33.0,0,1370
10007,2026-05-25,,,550,0,523,13.5,13.5,0,550
10008,2026-05-25,,,2810,0,2676,67.0,67.0,0,2810
10009,2026-05-25,,,150,0,143,3.5,3.5,0,150
10010,2026-05-25,,,2000,0,1905,47.5,47.5,0,2000
10011,2026-05-25,,,850,0,810,20.0,20.0,0,850
10012,2026-05-25,,,300,0,286,7.0,7.0,0,300
10013,2026-05-25,,,5850,0,5572,139.0,139.0,0,5850
10014,2026-05-25,,,1500,0,1429,35.5,35.5,0,1500
10015,2026-05-25,,,260,0,248,6.0,6.0,0,260
10016,2026-05-25,,,1350,0,1286,32.0,32.0,0,1350
10017,2026-05-25,,,950,0,905,22.5,22.5,0,950
10018,2026-05-25,,,800,0,762,19.0,19.0,0,800
10019,2026-05-25,,,150,0,143,3.5,3.5,0,150
10020,2026-05-25,,,2500,0,2380,60.0,60.0,0,2500
10021,2026-05-25,,,100,0,95,2.5,2.5,0,100
10022,2026-05-26,,,400,0,381,9.5,9.5,0,400
10023,2026-05-26,,,450,0,428,11.0,11.0,0,450
10024,2026-05-26,,,230,0,219,5.5,5.5,0,230
10025,2026-05-26,,,300,0,286,7.0,7.0,0,300
10026,2026-05-26,,,210,0,200,5.0,5.0,0,210
10027,2026-05-26,,,750,0,714,18.0,18.0,0,750
10028,2026-05-26,PPP,,0,850,810,20.0,20.0,0,850
10029,2026-05-26,,,1220,0,1162,29.0,29.0,0,1220
10030,2026-05-26,,,670,0,637,16.5,16.5,0,670
10031,2026-05-26,,,350,0,333,8.5,8.5,0,350
10032,2026-05-26,,,50,0,48,1.0,1.0,0,50
10033,2026-05-26,PPP,,0,620,590,15.0,15.0,0,620
10034,2026-05-26,CASH,,400,0,381,9.5,9.5,0,400
10035,2026-05-26,,,1830,0,1743,43.5,43.5,0,1830
10036,2026-05-26,,,380,0,361,9.5,9.5,0,380
10037,2026-05-26,,,100,0,95,2.5,2.5,0,100
10038,2026-05-26,,,400,0,381,9.5,9.5,0,400
10039,2026-05-26,,,1940,0,1848,46.0,46.0,0,1940
10040,2026-05-26,,,900,0,857,21.5,21.5,0,900
10041,2026-05-26,,,1200,0,1143,28.5,28.5,0,1200
10042,2026-05-26,,,960,0,915,22.5,22.5,0,960
10043,2026-05-26,PPP,,0,350,333,8.5,8.5,0,350
10044,2026-05-26,,,1700,0,1619,40.5,40.5,0,1700
10045,2026-05-26,PPP,,0,400,381,9.5,9.5,0,400
10046,2026-05-26,,,160,0,152,4.0,4.0,0,160
10047,2026-05-26,,,650,0,618,16.0,16.0,0,650
10048,2026-05-26,,,400,0,381,9.5,9.5,0,400
10049,2026-05-26,,,710,0,676,17.0,17.0,0,710
10050,2026-05-26,PPP,,0,310,295,7.5,7.5,0,310
10051,2026-05-26,,,900,0,857,21.5,21.5,0,900
10052,2026-05-26,,,650,0,619,15.5,15.5,0,650
10053,2026-05-26,,,350,0,333,8.5,8.5,0,350
10054,2026-05-26,,,350,0,333,8.5,8.5,0,350
10055,2026-05-26,PPP,,0,920,877,21.5,21.5,0,920
10056,2026-05-26,,,100,0,95,2.5,2.5,0,100
10057,2026-05-26,,,120,0,114,3.0,3.0,0,120
10058,2026-05-26,,,150,0,143,3.5,3.5,0,150
10059,2026-05-26,,,1900,0,1809,45.5,45.5,0,1900
10060,2026-05-26,,,200,0,190,5.0,5.0,0,200
10061,2026-05-26,,,1850,0,1762,44.0,44.0,0,1850
10062,2026-05-27,CASH,,950,0,905,22.5,22.5,0,950
10063,2026-05-27,,,900,0,857,21.5,21.5,0,900
10064,2026-05-27,,,1340,0,1277,31.5,31.5,0,1340
10065,2026-05-27,CARD,,0,400,381,9.5,9.5,0,400
10066,2026-05-27,,,200,0,190,5.0,5.0,0,200
10067,2026-05-27,,,300,0,286,7.0,7.0,0,300
10068,2026-05-27,PPP,,0,4300,4096,102.0,102.0,0,4300
10069,2026-05-27,PPP,,0,1000,952,24.0,24.0,0,1000
10070,2026-05-27,CASH,land owner,1150,0,1095,27.5,27.5,0,1150
10071,2026-05-27,,,530,0,504,13.0,13.0,0,530
10072,2026-05-27,,,250,0,238,6.0,6.0,0,250
10073,2026-05-27,,,390,0,371,9.5,9.5,0,390
10074,2026-05-27,,,2650,0,2523,63.5,63.5,0,2650
10075,2026-05-27,,,550,0,524,13.0,13.0,0,550
10076,2026-05-27,,,600,0,571,14.5,14.5,0,600
10077,2026-05-27,,,180,0,172,4.0,4.0,0,180
10078,2026-05-27,,,400,0,381,9.5,9.5,0,400
10079,2026-05-27,,,100,0,95,2.5,2.5,0,100
10080,2026-05-27,,,300,0,286,7.0,7.0,0,300
10081,2026-05-27,,,380,0,362,9.0,9.0,0,380
10082,2026-05-27,,,260,0,248,6.0,6.0,0,260
10083,2026-05-27,,,2870,0,2734,68.0,68.0,0,2870
10084,2026-05-27,,,270,0,257,6.5,6.5,0,270
10085,2026-05-27,,,950,0,905,22.5,22.5,0,950
10086,2026-05-27,,,200,0,190,5.0,5.0,0,200
10087,2026-05-27,,,60,0,57,1.5,1.5,0,60
10088,2026-05-27,,,0,150,143,3.5,3.5,0,150
10089,2026-05-27,,,330,0,314,8.0,8.0,0,330
10090,2026-05-27,,,1200,0,1143,28.5,28.5,0,1200
10091,2026-05-27,,,250,0,238,6.0,6.0,0,250
10092,2026-05-27,,,70,0,67,1.5,1.5,0,70
10093,2026-05-27,,,300,0,286,7.0,7.0,0,300
10094,2026-05-27,,,750,0,714,18.0,18.0,0,750
10095,2026-05-27,,,700,0,667,16.5,16.5,0,700
10096,2026-05-27,,,2020,0,1924,48.0,48.0,0,2020
10097,2026-05-27,,,1000,0,952,24.0,24.0,0,1000
10098,2026-05-27,,,650,0,619,15.5,15.5,0,650
10099,2026-05-27,,,50,0,48,1.0,1.0,0,50
10100,2026-05-27,PPP,,0,700,667,16.5,16.5,0,700
10101,2026-05-27,,,1850,0,1762,44.0,44.0,0,1850
10102,2026-05-27,,,350,0,333,8.5,8.5,0,350
10103,2026-05-27,,,350,0,333,8.5,8.5,0,350
10104,2026-05-27,,,2000,0,1904,48.0,48.0,0,2000
10105,2026-05-27,,,1500,0,1429,35.5,35.5,0,1500
10106,2026-05-27,,,500,0,476,12.0,12.0,0,500
10107,2026-05-27,,,350,0,333,8.5,8.5,0,350
10108,2026-05-27,,,2000,0,1905,47.5,47.5,0,2000
10109,2026-05-27,,,1890,0,1801,44.5,44.5,0,1890
10110,2026-05-27,,,360,0,343,8.5,8.5,0,360
10111,2026-05-27,,,250,0,238,6.0,6.0,0,250
10112,2026-05-27,,,100,0,95,2.5,2.5,0,100
10113,2026-05-27,,,300,0,286,7.0,7.0,0,300
10114,2026-05-27,,,120,0,114,3.0,3.0,0,120
10115,2026-05-27,,,0,2220,2115,52.5,52.5,0,2220
10116,2026-05-27,,,240,0,229,5.5,5.5,0,240
10117,2026-05-27,,,4210,0,4009,100.5,100.5,0,4210
10118,2026-05-27,,,470,0,447,11.5,11.5,0,470
10119,2026-05-27,,,100,0,95,2.5,2.5,0,100
10120,2026-05-27,,,1800,0,1714,43.0,43.0,0,1800
10121,2026-05-27,,,2050,0,1953,48.5,48.5,0,2050
10122,2026-05-27,,,200,0,190,5.0,5.0,0,200
10123,2026-05-27,,,570,0,543,13.5,13.5,0,570
10124,2026-05-27,,,200,0,190,5.0,5.0,0,200
10125,2026-05-27,,,350,0,333,8.5,8.5,0,350
10126,2026-05-27,,,350,0,333,8.5,8.5,0,350
10127,2026-05-27,,,1170,0,1115,27.5,27.5,0,1170
10128,2026-05-27,,,800,0,761,19.5,19.5,0,800
10129,2026-05-27,,,1100,0,1048,26.0,26.0,0,1100
10130,2026-05-27,PPP,,0,200,190,5.0,5.0,0,200
10131,2026-05-27,,,500,0,476,12.0,12.0,0,500
10132,2026-05-27,,,600,0,572,14.0,14.0,0,600
10133,2026-05-27,,,30,0,29,0.5,0.5,0,30
10134,2026-05-27,,,2000,0,1904,48.0,48.0,0,2000
10135,2026-05-27,,,350,0,333,8.5,8.5,0,350
10136,2026-05-27,,,250,0,238,6.0,6.0,0,250
10137,2026-05-27,,,150,0,143,3.5,3.5,0,150
10138,2026-05-27,,,1440,0,1372,34.0,34.0,0,1440
10139,2026-05-27,,,950,0,905,22.5,22.5,0,950
10140,2026-05-27,,,400,0,381,9.5,9.5,0,400
10141,2026-05-27,,,150,0,143,3.5,3.5,0,150
10142,2026-05-27,,,1300,0,1238,31.0,31.0,0,1300
10143,2026-05-27,,,1100,0,1048,26.0,26.0,0,1100
10144,2026-05-27,,,1120,0,1066,27.0,27.0,0,1120
10145,2026-05-27,,,200,0,190,5.0,5.0,0,200
10146,2026-05-27,,,1300,0,1238,31.0,31.0,0,1300
10147,2026-05-27,,,40,0,38,1.0,1.0,0,40
10148,2026-05-27,,,350,0,333,8.5,8.5,0,350
10149,2026-05-27,,,20,0,19,0.5,0.5,0,20
10150,2026-05-27,,,550,0,524,13.0,13.0,0,550
10151,2026-05-27,,,400,0,381,9.5,9.5,0,400
10152,2026-05-27,,,450,0,428,11.0,11.0,0,450
10153,2026-05-27,,,290,0,277,6.5,6.5,0,290
10154,2026-05-27,,,850,0,810,20.0,20.0,0,850
10155,2026-05-28,CASH,,200,0,191,4.5,4.5,0,200
10156,2026-05-28,,,540,0,515,12.5,12.5,0,540
10157,2026-05-28,,,1150,0,1095,27.5,27.5,0,1150
10158,2026-05-28,,,400,0,381,9.5,9.5,0,400
10159,2026-05-28,,,50,0,48,1.0,1.0,0,50
10160,2026-05-28,,,1900,0,1809,45.5,45.5,0,1900
10161,2026-05-28,,,150,0,143,3.5,3.5,0,150
10162,2026-05-28,,,150,0,143,3.5,3.5,0,150
10163,2026-05-28,P,,0,1800,1715,42.5,42.5,0,1800
10164,2026-05-28,PPP,,0,1350,1286,32.0,32.0,0,1350
10165,2026-05-28,,,0,570,543,13.5,13.5,0,570
10166,2026-05-28,,,2030,0,1934,48.0,48.0,0,2030
10167,2026-05-28,,,700,0,667,16.5,16.5,0,700
10168,2026-05-28,,,750,0,714,18.0,18.0,0,750
10169,2026-05-28,,,90,0,86,2.0,2.0,0,90
10170,2026-05-28,,,50,0,48,1.0,1.0,0,50
10171,2026-05-28,,,0,1550,1477,36.5,36.5,0,1550
10172,2026-05-28,PPP,,0,2100,1999,50.5,50.5,0,2100
10173,2026-05-28,CASH,,320,0,305,7.5,7.5,0,320
10174,2026-05-28,,,860,0,819,20.5,20.5,0,860
10175,2026-05-28,,,900,0,858,21.0,21.0,0,900
10176,2026-05-28,,,150,0,143,3.5,3.5,0,150
10177,2026-05-28,,,880,0,837,21.5,21.5,0,880
10178,2026-05-28,,,270,0,257,6.5,6.5,0,270
10179,2026-05-28,,,650,0,619,15.5,15.5,0,650
10180,2026-05-28,,,280,0,267,6.5,6.5,0,280
10181,2026-05-28,,,650,0,619,15.5,15.5,0,650
10182,2026-05-28,,,450,0,429,10.5,10.5,0,450
10183,2026-05-28,,,850,0,811,19.5,19.5,0,850
10184,2026-05-28,,,1080,0,1028,26.0,26.0,0,1080
10185,2026-05-28,,,1920,0,1828,46.0,46.0,0,1920
10186,2026-05-28,,,120,0,114,3.0,3.0,0,120
10187,2026-05-28,,,50,0,48,1.0,1.0,0,50
10188,2026-05-28,,,350,0,333,8.5,8.5,0,350
10189,2026-05-28,,,250,0,238,6.0,6.0,0,250
10190,2026-05-28,,,700,0,667,16.5,16.5,0,700
10191,2026-05-28,,,2000,0,1905,47.5,47.5,0,2000
10192,2026-05-28,,,1050,0,1000,25.0,25.0,0,1050
10193,2026-05-28,,,770,0,733,18.5,18.5,0,770
10194,2026-05-28,,,320,0,305,7.5,7.5,0,320
10195,2026-05-28,,,850,0,809,20.5,20.5,0,850
10196,2026-05-28,500,,2250,0,2143,53.5,53.5,0,2250
10197,2026-05-28,,,600,0,571,14.5,14.5,0,600
10198,2026-05-28,,,1780,0,1696,42.0,42.0,0,1780
10199,2026-05-28,,,1370,0,1304,33.0,33.0,0,1370
10200,2026-05-28,,,150,0,143,3.5,3.5,0,150
10201,2026-05-28,,,1700,0,1619,40.5,40.5,0,1700
10202,2026-05-28,,,350,0,333,8.5,8.5,0,350
10203,2026-05-28,,,1260,0,1200,30.0,30.0,0,1260
10204,2026-05-28,,,900,0,857,21.5,21.5,0,900
10205,2026-05-28,,,900,0,857,21.5,21.5,0,900
10206,2026-05-28,,,910,0,866,22.0,22.0,0,910
10207,2026-05-28,,,600,0,571,14.5,14.5,0,600
10208,2026-05-28,,,3550,0,3381,84.5,84.5,0,3550
10209,2026-05-28,,,100,0,95,2.5,2.5,0,100
10210,2026-05-28,,,120,0,114,3.0,3.0,0,120
10211,2026-05-28,,,300,0,286,7.0,7.0,0,300
10212,2026-05-28,,,630,0,599,15.5,15.5,0,630
10213,2026-05-28,,,180,0,171,4.5,4.5,0,180
10214,2026-05-28,,,770,0,733,18.5,18.5,0,770
10215,2026-05-28,,,300,0,286,7.0,7.0,0,300
10216,2026-05-28,,,770,0,733,18.5,18.5,0,770
10217,2026-05-28,,,1500,0,1429,35.5,35.5,0,1500
10218,2026-05-28,,,1800,0,1714,43.0,43.0,0,1800
10219,2026-05-28,,,1200,0,1143,28.5,28.5,0,1200
10220,2026-05-28,,,2490,0,2371,59.5,59.5,0,2490
10221,2026-05-28,,,1100,0,1048,26.0,26.0,0,1100
10222,2026-05-28,CASH,,0,1860,1771,44.5,44.5,0,1860
10223,2026-05-28,PPP,,0,1100,1047,26.5,26.5,0,1100
10224,2026-05-28,CASH,,150,0,143,3.5,3.5,0,150
10225,2026-05-28,,,300,0,286,7.0,7.0,0,300
10226,2026-05-28,,,3000,0,2858,71.0,71.0,0,3000
10227,2026-05-28,,,100,0,95,2.5,2.5,0,100
10228,2026-05-28,,,350,0,333,8.5,8.5,0,350
10229,2026-05-28,,,850,0,809,20.5,20.5,0,850
10230,2026-05-28,,,1000,0,952,24.0,24.0,0,1000
10231,2026-05-28,,,3350,0,3191,79.5,79.5,0,3350
10232,2026-05-29,CASH,,120,0,114,3.0,3.0,0,120
10233,2026-05-29,,,700,0,667,16.5,16.5,0,700
10234,2026-05-29,,,1400,0,1333,33.5,33.5,0,1400
10235,2026-05-29,,,50,0,48,1.0,1.0,0,50
10236,2026-05-29,,,350,0,333,8.5,8.5,0,350
10237,2026-05-29,,,420,0,400,10.0,10.0,0,420
10238,2026-05-29,,,80,0,76,2.0,2.0,0,80
10239,2026-05-29,PPP,,0,120,114,3.0,3.0,0,120
10240,2026-05-29,PPP,,0,5460,5201,129.5,129.5,0,5460
10241,2026-05-29,,,250,0,238,6.0,6.0,0,250
10242,2026-05-29,,,150,0,143,3.5,3.5,0,150
10243,2026-05-29,,,150,0,143,3.5,3.5,0,150
10244,2026-05-29,,,150,0,143,3.5,3.5,0,150
10245,2026-05-29,PPP,,0,5030,4790,120.0,120.0,0,5030
10246,2026-05-29,,,350,0,333,8.5,8.5,0,350
10247,2026-05-29,,,250,0,238,6.0,6.0,0,250
10248,2026-05-29,,,1100,0,1047,26.5,26.5,0,1100
10249,2026-05-29,,,1370,0,1305,32.5,32.5,0,1370
10250,2026-05-29,,,500,0,476,12.0,12.0,0,500
10251,2026-05-29,,,1600,0,1523,38.5,38.5,0,1600
10252,2026-05-29,PPP,,0,200,190,5.0,5.0,0,200
10253,2026-05-29,,,150,0,143,3.5,3.5,0,150
10254,2026-05-29,PPP,,0,950,904,23.0,23.0,0,950
10255,2026-05-29,,,1050,0,1000,25.0,25.0,0,1050
10256,2026-05-29,,,240,0,229,5.5,5.5,0,240
10257,2026-05-29,,,1500,0,1430,35.0,35.0,0,1500
10258,2026-05-29,,,0,600,571,14.5,14.5,0,600
10259,2026-05-29,PPP,,0,770,733,18.5,18.5,0,770
10260,2026-05-29,PPP,,0,850,809,20.5,20.5,0,850
10261,2026-05-29,,,120,0,114,3.0,3.0,0,120
10262,2026-05-29,,,1320,0,1258,31.0,31.0,0,1320
10263,2026-05-29,,,0,250,238,6.0,6.0,0,250
10264,2026-05-29,,,300,0,286,7.0,7.0,0,300
10265,2026-05-29,,,500,0,476,12.0,12.0,0,500
10266,2026-05-29,,,200,0,190,5.0,5.0,0,200
10267,2026-05-29,,,700,0,667,16.5,16.5,0,700
10268,2026-05-29,CASH,,30,0,29,0.5,0.5,0,30
10269,2026-05-29,CASH,,2520,0,2399,60.5,60.5,0,2520
10270,2026-05-29,CASH,,700,0,667,16.5,16.5,0,700
10271,2026-05-29,,,30,0,29,0.5,0.5,0,30
10272,2026-05-29,,,930,0,886,22.0,22.0,0,930
10273,2026-05-29,,,190,0,181,4.5,4.5,0,190
10274,2026-05-29,,,200,0,190,5.0,5.0,0,200
10275,2026-05-29,,,120,0,114,3.0,3.0,0,120
10276,2026-05-29,,,500,0,476,12.0,12.0,0,500
10277,2026-05-29,,,700,0,667,16.5,16.5,0,700
10278,2026-05-29,,,420,0,400,10.0,10.0,0,420
10279,2026-05-29,,,180,0,171,4.5,4.5,0,180
10280,2026-05-29,,,610,0,581,14.5,14.5,0,610
10281,2026-05-29,,,950,0,904,23.0,23.0,0,950
10282,2026-05-29,PPP,,0,200,190,5.0,5.0,0,200
10283,2026-05-29,,,150,0,143,3.5,3.5,0,150
10284,2026-05-29,CASH,,650,0,619,15.5,15.5,0,650
10285,2026-05-29,CASH,,1990,0,1895,47.5,47.5,0,1990
10286,2026-05-29,,,800,0,762,19.0,19.0,0,800
10287,2026-05-29,PPP,,0,250,238,6.0,6.0,0,250
10288,2026-05-29,,,400,0,381,9.5,9.5,0,400
10289,2026-05-29,CARD,,0,3400,3238,81.0,81.0,0,3400
10290,2026-05-29,,,500,0,476,12.0,12.0,0,500
10291,2026-05-29,,,150,0,143,3.5,3.5,0,150
10292,2026-05-29,,,1350,0,1285,32.5,32.5,0,1350
10293,2026-05-29,,,150,0,143,3.5,3.5,0,150
10294,2026-05-29,,,300,0,286,7.0,7.0,0,300
10295,2026-05-30,PPP,,0,1900,1809,45.5,45.5,0,1900
10296,2026-05-30,PPP,,0,700,666,17.0,17.0,0,700
10297,2026-05-30,,,400,0,381,9.5,9.5,0,400
10298,2026-05-30,,,40,0,38,1.0,1.0,0,40
10299,2026-05-30,,,1400,0,1333,33.5,33.5,0,1400
10300,2026-05-30,,,0,700,667,16.5,16.5,0,700
10301,2026-05-30,,,1200,0,1143,28.5,28.5,0,1200
10302,2026-05-30,,,550,0,524,13.0,13.0,0,550
10303,2026-05-30,,,200,0,191,4.5,4.5,0,200
10304,2026-05-30,,,500,0,476,12.0,12.0,0,500
10305,2026-05-30,,,800,0,762,19.0,19.0,0,800
10306,2026-05-30,,,700,0,666,17.0,17.0,0,700
10307,2026-05-30,,,400,0,381,9.5,9.5,0,400
10308,2026-05-30,PPP,,0,3510,3342,84.0,84.0,0,3510
10309,2026-05-30,,,150,0,143,3.5,3.5,0,150
10310,2026-05-30,,,650,0,619,15.5,15.5,0,650
10311,2026-05-30,,,0,1300,1238,31.0,31.0,0,1300
10312,2026-05-30,,,350,0,333,8.5,8.5,0,350
10313,2026-05-30,,,600,0,572,14.0,14.0,0,600
10314,2026-05-30,,,420,0,400,10.0,10.0,0,420
10315,2026-05-30,,,550,0,524,13.0,13.0,0,550
10316,2026-05-30,,,270,0,257,6.5,6.5,0,270
10317,2026-05-30,,,300,0,286,7.0,7.0,0,300
10318,2026-05-30,,,200,0,190,5.0,5.0,0,200
10319,2026-05-30,,,1050,0,1000,25.0,25.0,0,1050
10320,2026-05-30,,,920,0,876,22.0,22.0,0,920
10321,2026-05-30,,,550,0,524,13.0,13.0,0,550
10322,2026-05-30,,,630,0,599,15.5,15.5,0,630
10323,2026-05-30,,,100,0,95,2.5,2.5,0,100
10324,2026-05-30,,,0,250,238,6.0,6.0,0,250
10325,2026-05-30,PPP,,0,600,571,14.5,14.5,0,600
10326,2026-05-30,,,250,0,238,6.0,6.0,0,250
10327,2026-05-30,,,150,0,143,3.5,3.5,0,150
10328,2026-05-30,,,300,0,286,7.0,7.0,0,300
10329,2026-05-30,,,500,0,476,12.0,12.0,0,500
10330,2026-05-30,,,550,0,524,13.0,13.0,0,550
10331,2026-05-30,,,0,700,667,16.5,16.5,0,700
10332,2026-05-30,PPP,,0,980,933,23.5,23.5,0,980
10333,2026-05-30,PPP,,0,2000,1904,48.0,48.0,0,2000
10334,2026-05-30,,,1110,0,1058,26.0,26.0,0,1110
10335,2026-05-30,,,1300,0,1238,31.0,31.0,0,1300
10336,2026-05-30,,,0,920,876,22.0,22.0,0,920
10337,2026-05-30,,,300,0,286,7.0,7.0,0,300
10338,2026-05-30,,,200,0,190,5.0,5.0,0,200
10339,2026-05-30,PPP,,0,440,418,11.0,11.0,0,440
10340,2026-05-30,PPP,,0,200,190,5.0,5.0,0,200
10341,2026-05-30,,,300,0,286,7.0,7.0,0,300
10342,2026-05-30,PPP,,0,500,476,12.0,12.0,0,500
10343,2026-05-30,,,150,0,143,3.5,3.5,0,150
10344,2026-05-30,,,450,0,428,11.0,11.0,0,450
10345,2026-05-30,CASH,,960,0,915,22.5,22.5,0,960
10346,2026-05-30,,,1100,0,1047,26.5,26.5,0,1100
10347,2026-05-30,,,1100,0,1048,26.0,26.0,0,1100
10348,2026-05-30,,,200,0,190,5.0,5.0,0,200
10349,2026-05-30,,,1000,0,952,24.0,24.0,0,1000
10350,2026-05-30,,,100,0,96,2.0,2.0,0,100
10351,2026-05-30,,,950,0,905,22.5,22.5,0,950
10352,2026-05-30,,,2570,0,2447,61.5,61.5,0,2570
10353,2026-05-30,,,300,0,286,7.0,7.0,0,300
10354,2026-05-30,,,750,0,714,18.0,18.0,0,750
10355,2026-05-30,,,50,0,48,1.0,1.0,0,50
10356,2026-05-30,,,400,0,381,9.5,9.5,0,400
10357,2026-05-30,,,1200,0,1143,28.5,28.5,0,1200
10358,2026-05-30,,,200,0,190,5.0,5.0,0,200
10359,2026-05-30,,,1700,0,1619,40.5,40.5,0,1700
10360,2026-05-30,,,500,0,476,12.0,12.0,0,500
10361,2026-05-30,,,240,0,229,5.5,5.5,0,240
10362,2026-05-30,,,1650,0,1572,39.0,39.0,0,1650
10363,2026-05-30,,,1260,0,1201,29.5,29.5,0,1260
10364,2026-05-30,,,450,0,429,10.5,10.5,0,450
10365,2026-05-30,,,2350,0,2239,55.5,55.5,0,2350
10366,2026-05-30,,,5200,0,4952,124.0,124.0,0,5200
10367,2026-05-30,,,1200,0,1143,28.5,28.5,0,1200
10368,2026-05-30,,,2650,0,2524,63.0,63.0,0,2650
10369,2026-05-30,,,600,0,572,14.0,14.0,0,600
10370,2026-05-30,,,950,0,905,22.5,22.5,0,950
10371,2026-05-30,,,1330,0,1267,31.5,31.5,0,1330
10372,2026-05-30,,,1180,0,1124,28.0,28.0,0,1180
10373,2026-05-30,,,550,0,524,13.0,13.0,0,550
10374,2026-05-30,,,400,0,381,9.5,9.5,0,400
10375,2026-05-30,,,1200,0,1142,29.0,29.0,0,1200
10376,2026-05-30,CASH,,870,0,828,21.0,21.0,0,870
10377,2026-05-30,,,100,0,95,2.5,2.5,0,100
10378,2026-05-31,PPP,,0,1810,1724,43.0,43.0,0,1810
10379,2026-05-31,PPP,,0,100,95,2.5,2.5,0,100
10380,2026-05-31,,,240,0,229,5.5,5.5,0,240
10381,2026-05-31,,,120,0,114,3.0,3.0,0,120
10382,2026-05-31,,,150,0,143,3.5,3.5,0,150
10383,2026-05-31,,,50,0,48,1.0,1.0,0,50
10384,2026-05-31,,,300,0,286,7.0,7.0,0,300
10385,2026-05-31,,,120,0,114,3.0,3.0,0,120
10386,2026-05-31,,,1750,0,1667,41.5,41.5,0,1750
10387,2026-05-31,,,350,0,333,8.5,8.5,0,350
10388,2026-05-31,,,0,850,809,20.5,20.5,0,850
10389,2026-05-31,PPP,,0,120,114,3.0,3.0,0,120
10390,2026-05-31,,,750,0,714,18.0,18.0,0,750
10391,2026-05-31,PPP,,0,250,238,6.0,6.0,0,250
10392,2026-05-31,,,0,400,381,9.5,9.5,0,400
10393,2026-05-31,,,1500,0,1429,35.5,35.5,0,1500
10394,2026-05-31,,,1200,0,1143,28.5,28.5,0,1200
10395,2026-05-31,,,350,0,333,8.5,8.5,0,350
10396,2026-05-31,,,400,0,381,9.5,9.5,0,400
10397,2026-05-31,,,100,0,95,2.5,2.5,0,100
10398,2026-05-31,,,450,0,428,11.0,11.0,0,450
10399,2026-05-31,,,350,0,333,8.5,8.5,0,350
10400,2026-05-31,,,250,0,238,6.0,6.0,0,250
10401,2026-05-31,CARD,,0,3800,3619,90.5,90.5,0,3800
10402,2026-05-31,PPP,,0,1400,1333,33.5,33.5,0,1400
10403,2026-05-31,,,700,0,667,16.5,16.5,0,700
10404,2026-05-31,,,420,0,400,10.0,10.0,0,420
10405,2026-05-31,,,360,0,343,8.5,8.5,0,360
10406,2026-05-31,,,560,0,533,13.5,13.5,0,560
10407,2026-05-31,,,350,0,333,8.5,8.5,0,350
10408,2026-05-31,,,0,790,753,18.5,18.5,0,790
10409,2026-05-31,PPP,,0,1480,1409,35.5,35.5,0,1480
10410,2026-05-31,,,800,0,762,19.0,19.0,0,800
10411,2026-05-31,,,600,0,571,14.5,14.5,0,600
10412,2026-05-31,,,600,0,571,14.5,14.5,0,600
10413,2026-05-31,,,550,0,524,13.0,13.0,0,550
10414,2026-05-31,,,200,0,190,5.0,5.0,0,200
10415,2026-05-31,,,900,0,857,21.5,21.5,0,900
10416,2026-05-31,CASH,,1410,0,1343,33.5,33.5,0,1410
10417,2026-05-31,,,4210,0,4009,100.5,100.5,0,4210
10418,2026-05-31,,,360,0,343,8.5,8.5,0,360
10419,2026-05-31,,,350,0,333,8.5,8.5,0,350
10420,2026-05-31,,,970,0,924,23.0,23.0,0,970
10421,2026-05-31,,,1190,0,1133,28.5,28.5,0,1190
10422,2026-05-31,,,220,0,209,5.5,5.5,0,220
10423,2026-05-31,,,1000,0,953,23.5,23.5,0,1000
10424,2026-05-31,,,2500,0,2381,59.5,59.5,0,2500
10425,2026-05-31,,,660,0,628,16.0,16.0,0,660
10426,2026-05-31,,,1300,0,1238,31.0,31.0,0,1300
10427,2026-05-31,,,100,0,95,2.5,2.5,0,100
10428,2026-05-31,,,2350,0,2237,56.5,56.5,0,2350
10429,2026-05-31,,,1330,0,1267,31.5,31.5,0,1330
10430,2026-05-31,,,160,0,152,4.0,4.0,0,160
10431,2026-05-31,,,800,0,762,19.0,19.0,0,800
10432,2026-05-31,,,2450,0,2332,59.0,59.0,0,2450
10433,2026-05-31,,,140,0,133,3.5,3.5,0,140
10434,2026-05-31,,,630,0,600,15.0,15.0,0,630
10435,2026-05-31,,,650,0,619,15.5,15.5,0,650
10436,2026-05-31,CASH,,6380,0,6076,152.0,152.0,0,6380
10437,2026-05-31,,,0,3600,3429,85.5,85.5,0,3600
10438,2026-05-31,,,2050,0,1952,49.0,49.0,0,2050
10439,2026-05-31,,,200,0,190,5.0,5.0,0,200
10440,2026-05-31,,,200,0,190,5.0,5.0,0,200
10441,2026-05-31,,,200,0,190,5.0,5.0,0,200
10442,2026-05-31,,,150,0,143,3.5,3.5,0,150
10443,2026-05-31,CASH,,310,0,295,7.5,7.5,0,310
10444,2026-05-31,,,2650,0,2524,63.0,63.0,0,2650
10445,2026-05-31,,,30,0,29,0.5,0.5,0,30
10446,2026-05-31,PPP,,0,500,475,12.5,12.5,0,500
10447,2026-06-01,CASH,,100,0,95,2.5,2.5,0,100
10448,2026-06-01,,,200,0,190,5.0,5.0,0,200
10449,2026-06-01,,,1000,0,952,24.0,24.0,0,1000
10450,2026-06-01,,,200,0,190,5.0,5.0,0,200
10451,2026-06-01,,,600,0,572,14.0,14.0,0,600
10452,2026-06-01,PPP,,0,1110,1057,26.5,26.5,0,1110
10453,2026-06-01,PPP,,0,450,428,11.0,11.0,0,450
10454,2026-06-01,,,550,0,524,13.0,13.0,0,550
10455,2026-06-01,,,300,0,285,7.5,7.5,0,300
10456,2026-06-01,,,350,0,333,8.5,8.5,0,350
10457,2026-06-01,,,240,0,229,5.5,5.5,0,240
10458,2026-06-01,,,300,0,286,7.0,7.0,0,300
10459,2026-06-01,,,2100,0,2000,50.0,50.0,0,2100
10460,2026-06-01,,,400,0,381,9.5,9.5,0,400
10461,2026-06-01,,,700,0,667,16.5,16.5,0,700
10462,2026-06-01,PPP,,0,610,581,14.5,14.5,0,610
10463,2026-06-01,,,500,0,476,12.0,12.0,0,500
10464,2026-06-01,,,1750,0,1666,42.0,42.0,0,1750
10465,2026-06-01,,,2100,0,1999,50.5,50.5,0,2100
10466,2026-06-01,,,400,0,381,9.5,9.5,0,400
10467,2026-06-01,,,570,0,542,14.0,14.0,0,570
10468,2026-06-01,,,2510,0,2391,59.5,59.5,0,2510
10469,2026-06-01,,,650,0,619,15.5,15.5,0,650
10470,2026-06-01,,,650,0,619,15.5,15.5,0,650
10471,2026-06-01,,,2660,0,2534,63.0,63.0,0,2660
10472,2026-06-01,,,150,0,143,3.5,3.5,0,150
10473,2026-06-01,,,310,0,296,7.0,7.0,0,310
10474,2026-06-01,,,120,0,114,3.0,3.0,0,120
10475,2026-06-01,,,100,0,95,2.5,2.5,0,100
10476,2026-06-01,,,580,0,552,14.0,14.0,0,580
10477,2026-06-01,,,400,0,381,9.5,9.5,0,400
10478,2026-06-01,,,500,0,476,12.0,12.0,0,500
10479,2026-06-01,,,5850,0,5570,140.0,140.0,0,5850
10480,2026-06-01,,,350,0,333,8.5,8.5,0,350
10481,2026-06-01,,,760,0,724,18.0,18.0,0,760
10482,2026-06-01,,,1900,0,1810,45.0,45.0,0,1900
10483,2026-06-01,,,100,0,95,2.5,2.5,0,100
10484,2026-06-01,,,280,0,267,6.5,6.5,0,280
10485,2026-06-01,,,1000,0,953,23.5,23.5,0,1000
10486,2026-06-01,,,800,0,762,19.0,19.0,0,800
10487,2026-06-01,,,250,0,238,6.0,6.0,0,250
10488,2026-06-01,,,150,0,143,3.5,3.5,0,150
10489,2026-06-01,,,350,0,333,8.5,8.5,0,350
10490,2026-06-01,,,100,0,95,2.5,2.5,0,100
10491,2026-06-01,PPP,,0,1600,1523,38.5,38.5,0,1600
10492,2026-06-01,,,550,0,524,13.0,13.0,0,550
10493,2026-06-01,,,400,0,381,9.5,9.5,0,400
10494,2026-06-01,,,1300,0,1238,31.0,31.0,0,1300
10495,2026-06-01,PPP,,0,630,600,15.0,15.0,0,630
10496,2026-06-01,,,300,0,286,7.0,7.0,0,300
10497,2026-06-01,,,800,0,762,19.0,19.0,0,800
10498,2026-06-01,PPP,,0,2050,1953,48.5,48.5,0,2050
10499,2026-06-01,,,300,0,286,7.0,7.0,0,300
10500,2026-06-01,,,350,0,333,8.5,8.5,0,350
10501,2026-06-01,,,200,0,190,5.0,5.0,0,200
10502,2026-06-01,PPP,,0,4640,4419,110.5,110.5,0,4640
10503,2026-06-01,,,430,0,409,10.5,10.5,0,430
10504,2026-06-01,,,350,0,333,8.5,8.5,0,350
10505,2026-06-01,,,1200,0,1143,28.5,28.5,0,1200
10506,2026-06-01,,,1300,0,1238,31.0,31.0,0,1300
10507,2026-06-01,,,450,0,428,11.0,11.0,0,450
10508,2026-06-01,,,150,0,143,3.5,3.5,0,150
10509,2026-06-01,,,800,0,762,19.0,19.0,0,800
10510,2026-06-01,,,270,0,257,6.5,6.5,0,270
10511,2026-06-01,,,250,0,238,6.0,6.0,0,250
10512,2026-06-01,,,50,0,48,1.0,1.0,0,50
10513,2026-06-01,,,400,0,381,9.5,9.5,0,400
10514,2026-06-01,PPP,,0,450,429,10.5,10.5,0,450
10515,2026-06-01,,,600,0,571,14.5,14.5,0,600
10516,2026-06-01,PPP,,0,1350,1285,32.5,32.5,0,1350
10517,2026-06-01,,,300,0,286,7.0,7.0,0,300
10518,2026-06-01,,,120,0,114,3.0,3.0,0,120
10519,2026-06-01,PPP,,0,3050,2906,72.0,72.0,0,3050
10520,2026-06-01,,,560,0,534,13.0,13.0,0,560
10521,2026-06-01,,,50,0,48,1.0,1.0,0,50
10522,2026-06-01,,,400,0,381,9.5,9.5,0,400
10523,2026-06-01,,,50,0,48,1.0,1.0,0,50
10524,2026-06-01,,,640,0,610,15.0,15.0,0,640
10525,2026-06-01,,,600,0,571,14.5,14.5,0,600
10526,2026-06-02,,,350,0,333,8.5,8.5,0,350
10527,2026-06-02,,,400,0,381,9.5,9.5,0,400
10528,2026-06-02,,,300,0,285,7.5,7.5,0,300
10529,2026-06-02,,,120,0,114,3.0,3.0,0,120
10530,2026-06-02,,,550,0,524,13.0,13.0,0,550
10531,2026-06-02,,,220,0,209,5.5,5.5,0,220
10532,2026-06-02,,,200,0,190,5.0,5.0,0,200
10533,2026-06-02,,,450,0,429,10.5,10.5,0,450
10534,2026-06-02,,,200,0,190,5.0,5.0,0,200
10535,2026-06-02,,,1900,0,1809,45.5,45.5,0,1900
10536,2026-06-02,,,260,0,247,6.5,6.5,0,260
10537,2026-06-02,,,50,0,48,1.0,1.0,0,50
10538,2026-06-02,,,180,0,171,4.5,4.5,0,180
10539,2026-06-02,,,230,0,219,5.5,5.5,0,230
10540,2026-06-02,,,540,0,514,13.0,13.0,0,540
10541,2026-06-02,,,250,0,238,6.0,6.0,0,250
10542,2026-06-02,PPP,,0,470,447,11.5,11.5,0,470
10543,2026-06-02,,,420,0,400,10.0,10.0,0,420
10544,2026-06-02,,,80,0,76,2.0,2.0,0,80
10545,2026-06-02,,,900,0,857,21.5,21.5,0,900
10546,2026-06-02,PPP,,0,9190,8751,219.5,219.5,0,9190
10547,2026-06-02,,,100,0,95,2.5,2.5,0,100
10548,2026-06-02,,,650,0,619,15.5,15.5,0,650
10549,2026-06-02,,,160,0,152,4.0,4.0,0,160
10550,2026-06-02,,,300,0,286,7.0,7.0,0,300
10551,2026-06-02,,,100,0,95,2.5,2.5,0,100
10552,2026-06-02,,,850,0,809,20.5,20.5,0,850
10553,2026-06-02,,,300,0,286,7.0,7.0,0,300
10554,2026-06-02,,,150,0,143,3.5,3.5,0,150
10555,2026-06-02,,,150,0,143,3.5,3.5,0,150
10556,2026-06-02,,,100,0,95,2.5,2.5,0,100
10557,2026-06-02,,,300,0,286,7.0,7.0,0,300
10558,2026-06-02,,,900,0,856,22.0,22.0,0,900
10559,2026-06-02,,,650,0,619,15.5,15.5,0,650
10560,2026-06-02,,,800,0,762,19.0,19.0,0,800
10561,2026-06-02,,,250,0,238,6.0,6.0,0,250
10562,2026-06-02,,,600,0,571,14.5,14.5,0,600
10563,2026-06-02,,,150,0,143,3.5,3.5,0,150
10564,2026-06-02,,,700,0,667,16.5,16.5,0,700
10565,2026-06-02,,,120,0,114,3.0,3.0,0,120
10566,2026-06-02,,,500,0,476,12.0,12.0,0,500
10567,2026-06-02,,,4650,0,4429,110.5,110.5,0,4650
10568,2026-06-02,,,1050,0,1000,25.0,25.0,0,1050
10569,2026-06-02,,,400,0,381,9.5,9.5,0,400
10570,2026-06-02,,,800,0,762,19.0,19.0,0,800
10571,2026-06-02,,,690,0,657,16.5,16.5,0,690
10572,2026-06-02,,,1200,0,1143,28.5,28.5,0,1200
10573,2026-06-02,,,1200,0,1143,28.5,28.5,0,1200
10574,2026-06-02,,,770,0,733,18.5,18.5,0,770
10575,2026-06-02,,,3150,0,3000,75.0,75.0,0,3150
10576,2026-06-02,,,360,0,343,8.5,8.5,0,360
10577,2026-06-02,,,1640,0,1562,39.0,39.0,0,1640
10578,2026-06-02,,,240,0,229,5.5,5.5,0,240
10579,2026-06-02,,,950,0,904,23.0,23.0,0,950
10580,2026-06-02,,,650,0,619,15.5,15.5,0,650
10581,2026-06-02,,,560,0,533,13.5,13.5,0,560
10582,2026-06-02,PPP,,0,150,143,3.5,3.5,0,150
10583,2026-06-02,,,1400,0,1334,33.0,33.0,0,1400
10584,2026-06-02,,,860,0,819,20.5,20.5,0,860
10585,2026-06-02,,,150,0,143,3.5,3.5,0,150
10586,2026-06-02,,,120,0,114,3.0,3.0,0,120
10587,2026-06-02,,,1750,0,1667,41.5,41.5,0,1750
10588,2026-06-02,,,400,0,381,9.5,9.5,0,400
10589,2026-06-02,,,350,0,333,8.5,8.5,0,350
10590,2026-06-02,PPP,,0,4500,4287,106.5,106.5,0,4500
10591,2026-06-03,CASH,,120,0,114,3.0,3.0,0,120
10592,2026-06-03,,,2210,0,2104,53.0,53.0,0,2210
10593,2026-06-03,,,450,0,429,10.5,10.5,0,450
10594,2026-06-03,,,200,0,190,5.0,5.0,0,200
10595,2026-06-03,,,50,0,48,1.0,1.0,0,50
10596,2026-06-03,,,110,0,105,2.5,2.5,0,110
10597,2026-06-03,,,150,0,143,3.5,3.5,0,150
10598,2026-06-03,,,1660,0,1581,39.5,39.5,0,1660
10599,2026-06-03,,,400,0,381,9.5,9.5,0,400
10600,2026-06-03,,,240,0,229,5.5,5.5,0,240
10601,2026-06-03,,,500,0,476,12.0,12.0,0,500
10602,2026-06-03,,,1450,0,1381,34.5,34.5,0,1450
10603,2026-06-03,,,200,0,190,5.0,5.0,0,200
10604,2026-06-03,,,900,0,857,21.5,21.5,0,900
10605,2026-06-03,,,50,0,48,1.0,1.0,0,50
10606,2026-06-03,,,850,0,809,20.5,20.5,0,850
10607,2026-06-03,,,50,0,48,1.0,1.0,0,50
10608,2026-06-03,,,1600,0,1524,38.0,38.0,0,1600
10609,2026-06-03,,,550,0,523,13.5,13.5,0,550
10610,2026-06-03,,,240,0,229,5.5,5.5,0,240
10611,2026-06-03,,,490,0,467,11.5,11.5,0,490
10612,2026-06-03,,,700,0,667,16.5,16.5,0,700
10613,2026-06-03,CASH,,550,0,524,13.0,13.0,0,550
10614,2026-06-03,,,80,0,76,2.0,2.0,0,80
10615,2026-06-03,CARD,,0,550,524,13.0,13.0,0,550
10616,2026-06-03,,,5100,0,4857,121.5,121.5,0,5100
10617,2026-06-03,,,25940,0,24703,618.5,618.5,0,25940
10618,2026-06-03,,,3500,0,3333,83.5,83.5,0,3500
10619,2026-06-03,,,2350,0,2237,56.5,56.5,0,2350
10620,2026-06-03,,,2000,0,1905,47.5,47.5,0,2000
10621,2026-06-03,,,100,0,95,2.5,2.5,0,100
10622,2026-06-03,,,100,0,95,2.5,2.5,0,100
10623,2026-06-03,,,2500,0,2381,59.5,59.5,0,2500
10624,2026-06-03,,,1400,0,1333,33.5,33.5,0,1400
10625,2026-06-03,,,400,0,381,9.5,9.5,0,400
10626,2026-06-03,,,120,0,114,3.0,3.0,0,120
10627,2026-06-03,,,500,0,476,12.0,12.0,0,500
10628,2026-06-03,,,320,0,304,8.0,8.0,0,320
10629,2026-06-03,,,3580,0,3409,85.5,85.5,0,3580
10630,2026-06-03,,,180,0,171,4.5,4.5,0,180
10631,2026-06-03,,,900,0,857,21.5,21.5,0,900
10632,2026-06-03,,,2700,0,2571,64.5,64.5,0,2700
10633,2026-06-03,,,1700,0,1618,41.0,41.0,0,1700
10634,2026-06-03,,,1050,0,999,25.5,25.5,0,1050
10635,2026-06-03,,,250,0,238,6.0,6.0,0,250
10636,2026-06-03,,,100,0,95,2.5,2.5,0,100
10637,2026-06-03,,,180,0,171,4.5,4.5,0,180
10638,2026-06-03,,,1100,0,1048,26.0,26.0,0,1100
10639,2026-06-03,CASH,,400,0,381,9.5,9.5,0,400
10640,2026-06-03,,,1930,0,1839,45.5,45.5,0,1930
10641,2026-06-03,,,1250,0,1191,29.5,29.5,0,1250
10642,2026-06-03,,,200,0,190,5.0,5.0,0,200
10643,2026-06-03,PPP,,0,1000,952,24.0,24.0,0,1000
10644,2026-06-03,PPP,,0,1220,1161,29.5,29.5,0,1220
10645,2026-06-03,,,1250,0,1190,30.0,30.0,0,1250
10646,2026-06-03,,,100,0,95,2.5,2.5,0,100
10647,2026-06-03,,,300,0,286,7.0,7.0,0,300
10648,2026-06-03,,,600,0,571,14.5,14.5,0,600
10649,2026-06-03,,,1500,0,1429,35.5,35.5,0,1500
10650,2026-06-03,,,300,0,286,7.0,7.0,0,300
10651,2026-06-03,,,150,0,143,3.5,3.5,0,150
10652,2026-06-03,,,200,0,190,5.0,5.0,0,200
10653,2026-06-03,PPP,,0,350,333,8.5,8.5,0,350
10654,2026-06-03,PPP,,0,180,171,4.5,4.5,0,180
10655,2026-06-03,,,1000,0,952,24.0,24.0,0,1000
10656,2026-06-03,PPP,,700,0,667,16.5,16.5,0,700
10657,2026-06-03,,,700,0,667,16.5,16.5,0,700
10658,2026-06-03,,,550,0,524,13.0,13.0,0,550
10659,2026-06-03,PPP,,0,560,533,13.5,13.5,0,560
10660,2026-06-04,CASH,,500,0,476,12.0,12.0,0,500
10661,2026-06-04,,,1300,0,1238,31.0,31.0,0,1300
10662,2026-06-04,,,600,0,571,14.5,14.5,0,600
10663,2026-06-04,,,3000,0,2857,71.5,71.5,0,3000
10664,2026-06-04,,,100,0,95,2.5,2.5,0,100
10665,2026-06-04,,,100,0,95,2.5,2.5,0,100
10666,2026-06-04,,,2180,0,2075,52.5,52.5,0,2180
10667,2026-06-04,,,240,0,229,5.5,5.5,0,240
10668,2026-06-04,,,150,0,143,3.5,3.5,0,150
10669,2026-06-04,,,150,0,143,3.5,3.5,0,150
10670,2026-06-04,,,760,0,723,18.5,18.5,0,760
10671,2026-06-04,,,100,0,95,2.5,2.5,0,100
10672,2026-06-04,PPP,,0,850,810,20.0,20.0,0,850
10673,2026-06-04,,,360,0,343,8.5,8.5,0,360
10674,2026-06-04,,,40,0,38,1.0,1.0,0,40
10675,2026-06-04,,,50,0,48,1.0,1.0,0,50
10676,2026-06-04,,,250,0,238,6.0,6.0,0,250
10677,2026-06-04,,,1200,0,1143,28.5,28.5,0,1200
10678,2026-06-04,PPP,,0,1000,952,24.0,24.0,0,1000
10679,2026-06-04,,,1050,0,1000,25.0,25.0,0,1050
10680,2026-06-04,,,3900,0,3714,93.0,93.0,0,3900
10681,2026-06-04,,,1600,0,1523,38.5,38.5,0,1600
10682,2026-06-04,,,680,0,647,16.5,16.5,0,680
10683,2026-06-04,,,1480,0,1410,35.0,35.0,0,1480
10684,2026-06-04,,,200,0,191,4.5,4.5,0,200
10685,2026-06-04,,,160,0,152,4.0,4.0,0,160
10686,2026-06-04,,,100,0,95,2.5,2.5,0,100
10687,2026-06-04,,,1950,0,1857,46.5,46.5,0,1950
10688,2026-06-04,,,300,0,286,7.0,7.0,0,300
10689,2026-06-04,,,0,280,266,7.0,7.0,0,280
10690,2026-06-04,,,300,0,286,7.0,7.0,0,300
10691,2026-06-04,,,600,0,571,14.5,14.5,0,600
10692,2026-06-04,,,400,0,381,9.5,9.5,0,400
10693,2026-06-04,,,180,0,171,4.5,4.5,0,180
10694,2026-06-04,,,1200,0,1143,28.5,28.5,0,1200
10695,2026-06-04,,,650,0,619,15.5,15.5,0,650
10696,2026-06-04,PPP,,0,70,67,1.5,1.5,0,70
10697,2026-06-04,PPP,,0,400,381,9.5,9.5,0,400
10698,2026-06-04,PPP,,0,100,95,2.5,2.5,0,100
10699,2026-06-04,,,480,0,457,11.5,11.5,0,480
10700,2026-06-04,,,120,0,114,3.0,3.0,0,120
10701,2026-06-04,,,3800,0,3619,90.5,90.5,0,3800
10702,2026-06-04,PPP,,0,1000,952,24.0,24.0,0,1000
10703,2026-06-04,PPP,,0,1640,1562,39.0,39.0,0,1640
10704,2026-06-04,,,700,0,667,16.5,16.5,0,700
10705,2026-06-04,,,1050,0,1000,25.0,25.0,0,1050
10706,2026-06-04,CARD,,0,3760,3581,89.5,89.5,0,3760
10707,2026-06-04,,,820,0,781,19.5,19.5,0,820
10708,2026-06-04,,,2230,0,2123,53.5,53.5,0,2230
10709,2026-06-04,,,1810,0,1723,43.5,43.5,0,1810
10710,2026-06-04,,,450,0,428,11.0,11.0,0,450
10711,2026-06-04,,,2650,0,2524,63.0,63.0,0,2650
10712,2026-06-04,,,340,0,324,8.0,8.0,0,340
10713,2026-06-04,,,200,0,190,5.0,5.0,0,200
10714,2026-06-04,,,120,0,114,3.0,3.0,0,120
10715,2026-06-04,PPP,,0,350,333,8.5,8.5,0,350
10716,2026-06-04,PPP,,0,2600,2476,62.0,62.0,0,2600
10717,2026-06-04,,,200,0,191,4.5,4.5,0,200
10718,2026-06-04,,,1230,0,1171,29.5,29.5,0,1230
10719,2026-06-04,PPP,,0,800,762,19.0,19.0,0,800
10720,2026-06-04,CASH,,1000,0,952,24.0,24.0,0,1000
10721,2026-06-04,,,900,0,857,21.5,21.5,0,900
10722,2026-06-04,PPP,,0,1710,1629,40.5,40.5,0,1710
10723,2026-06-05,CASH,,250,0,238,6.0,6.0,0,250
10724,2026-06-05,,,500,0,476,12.0,12.0,0,500
10725,2026-06-05,,,150,0,143,3.5,3.5,0,150
10726,2026-06-05,,,150,0,143,3.5,3.5,0,150
10727,2026-06-05,,,150,0,143,3.5,3.5,0,150
10728,2026-06-05,,,160,0,152,4.0,4.0,0,160
10729,2026-06-05,,,150,0,143,3.5,3.5,0,150
10730,2026-06-05,,,320,0,305,7.5,7.5,0,320
10731,2026-06-05,,,2770,0,2638,66.0,66.0,0,2770
10732,2026-06-05,PPP,,0,4850,4619,115.5,115.5,0,4850
10733,2026-06-05,,,900,0,857,21.5,21.5,0,900
10734,2026-06-05,PPP,,0,800,762,19.0,19.0,0,800
10735,2026-06-05,,,300,0,286,7.0,7.0,0,300
10736,2026-06-05,,,650,0,619,15.5,15.5,0,650
10737,2026-06-05,,,250,0,238,6.0,6.0,0,250
10738,2026-06-05,,,360,0,343,8.5,8.5,0,360
10739,2026-06-05,,,250,0,238,6.0,6.0,0,250
10740,2026-06-05,,,950,0,905,22.5,22.5,0,950
10741,2026-06-05,,,50,0,48,1.0,1.0,0,50
10742,2026-06-05,,,510,0,486,12.0,12.0,0,510
10743,2026-06-05,,,150,0,143,3.5,3.5,0,150
10744,2026-06-05,,,900,0,857,21.5,21.5,0,900
10745,2026-06-05,,,240,0,229,5.5,5.5,0,240
10746,2026-06-05,,,550,0,524,13.0,13.0,0,550
10747,2026-06-05,,,1110,0,1057,26.5,26.5,0,1110
10748,2026-06-05,,,200,0,190,5.0,5.0,0,200
10749,2026-06-05,,,0,880,838,21.0,21.0,0,880
10750,2026-06-05,,,350,0,333,8.5,8.5,0,350
10751,2026-06-05,,,150,0,143,3.5,3.5,0,150
10752,2026-06-05,,,1270,0,1209,30.5,30.5,0,1270
10753,2026-06-05,,,300,0,286,7.0,7.0,0,300
10754,2026-06-05,,,250,0,238,6.0,6.0,0,250
10755,2026-06-05,,,3650,0,3475,87.5,87.5,0,3650
10756,2026-06-05,,,300,0,286,7.0,7.0,0,300
10757,2026-06-05,,,250,0,238,6.0,6.0,0,250
10758,2026-06-05,PPP,,0,360,343,8.5,8.5,0,360
10759,2026-06-05,PPP,,0,930,886,22.0,22.0,0,930
10760,2026-06-05,,,1400,0,1333,33.5,33.5,0,1400
10761,2026-06-05,PPP,,0,1300,1238,31.0,31.0,0,1300
10762,2026-06-05,,,600,0,571,14.5,14.5,0,600
10763,2026-06-05,PPP,,0,240,229,5.5,5.5,0,240
10764,2026-06-05,,,2150,0,2048,51.0,51.0,0,2150
10765,2026-06-05,CASH,,900,0,857,21.5,21.5,0,900
10766,2026-06-05,,,600,0,571,14.5,14.5,0,600
10767,2026-06-05,,,0,850,809,20.5,20.5,0,850
10768,2026-06-05,,,100,0,95,2.5,2.5,0,100
10769,2026-06-05,CASH,,750,0,714,18.0,18.0,0,750
10770,2026-06-05,,,1700,0,1619,40.5,40.5,0,1700
10771,2026-06-05,PPP,,0,4350,4143,103.5,103.5,0,4350
10772,2026-06-05,,,0,270,257,6.5,6.5,0,270
10773,2026-06-05,,,150,0,143,3.5,3.5,0,150
10774,2026-06-05,,,600,0,571,14.5,14.5,0,600
10775,2026-06-05,,,550,0,524,13.0,13.0,0,550
10776,2026-06-05,CASH,,350,0,333,8.5,8.5,0,350
10777,2026-06-06,PPP,,0,600,571,14.5,14.5,0,600
10778,2026-06-06,,,250,0,238,6.0,6.0,0,250
10779,2026-06-06,,,310,0,295,7.5,7.5,0,310
10780,2026-06-06,,,700,0,666,17.0,17.0,0,700
10781,2026-06-06,,,200,0,191,4.5,4.5,0,200
10782,2026-06-06,CASH,,920,0,876,22.0,22.0,0,920
10783,2026-06-06,PPP,,0,830,790,20.0,20.0,0,830
10784,2026-06-06,,,200,0,190,5.0,5.0,0,200
10785,2026-06-06,,,1930,0,1838,46.0,46.0,0,1930
10786,2026-06-06,,,1820,0,1733,43.5,43.5,0,1820
10787,2026-06-06,,,450,0,429,10.5,10.5,0,450
10788,2026-06-06,,,3200,0,3047,76.5,76.5,0,3200
10789,2026-06-06,,,600,0,571,14.5,14.5,0,600
10790,2026-06-06,,,260,0,248,6.0,6.0,0,260
10791,2026-06-06,,,150,0,143,3.5,3.5,0,150
10792,2026-06-06,,,150,0,143,3.5,3.5,0,150
10793,2026-06-06,,,100,0,95,2.5,2.5,0,100
10794,2026-06-06,,,360,0,343,8.5,8.5,0,360
10795,2026-06-06,,,1590,0,1513,38.5,38.5,0,1590
10796,2026-06-06,,,4360,0,4151,104.5,104.5,0,4360
10797,2026-06-06,,,300,0,286,7.0,7.0,0,300
10798,2026-06-06,,,100,0,95,2.5,2.5,0,100
10799,2026-06-06,,,360,0,343,8.5,8.5,0,360
10800,2026-06-06,,,850,0,810,20.0,20.0,0,850
10801,2026-06-06,,,3950,0,3762,94.0,94.0,0,3950
10802,2026-06-06,,,150,0,143,3.5,3.5,0,150
10803,2026-06-06,,,1400,0,1333,33.5,33.5,0,1400
10804,2026-06-06,,,400,0,381,9.5,9.5,0,400
10805,2026-06-06,,,350,0,333,8.5,8.5,0,350
10806,2026-06-06,,,240,0,228,6.0,6.0,0,240
10807,2026-06-06,,,150,0,143,3.5,3.5,0,150
10808,2026-06-06,,,2300,0,2191,54.5,54.5,0,2300
10809,2026-06-06,,,600,0,571,14.5,14.5,0,600
10810,2026-06-06,PPP,,0,1650,1571,39.5,39.5,0,1650
10811,2026-06-06,,,1340,0,1276,32.0,32.0,0,1340
10812,2026-06-06,,,160,0,152,4.0,4.0,0,160
10813,2026-06-06,,,180,0,171,4.5,4.5,0,180
10814,2026-06-06,,,300,0,286,7.0,7.0,0,300
10815,2026-06-06,CASH,,200,0,190,5.0,5.0,0,200
10816,2026-06-06,PPP,,0,230,219,5.5,5.5,0,230
10817,2026-06-06,,,380,0,362,9.0,9.0,0,380
10818,2026-06-06,,,450,0,428,11.0,11.0,0,450
10819,2026-06-06,,,700,0,667,16.5,16.5,0,700
10820,2026-06-06,,,1220,0,1162,29.0,29.0,0,1220
10821,2026-06-06,,,1380,0,1315,32.5,32.5,0,1380
10822,2026-06-06,PPP,,0,2510,2390,60.0,60.0,0,2510
10823,2026-06-06,,,0,950,904,23.0,23.0,0,950
10824,2026-06-06,,,200,0,190,5.0,5.0,0,200
10825,2026-06-06,,,1850,0,1762,44.0,44.0,0,1850
10826,2026-06-06,,,230,0,219,5.5,5.5,0,230
10827,2026-06-06,,,1050,0,1000,25.0,25.0,0,1050
10828,2026-06-06,,,550,0,524,13.0,13.0,0,550
10829,2026-06-06,,,150,0,143,3.5,3.5,0,150
10830,2026-06-06,CASH,,750,0,714,18.0,18.0,0,750
10831,2026-06-06,PPP,,0,240,228,6.0,6.0,0,240
10832,2026-06-06,,,500,0,476,12.0,12.0,0,500
10833,2026-06-06,,,300,0,286,7.0,7.0,0,300
10834,2026-06-06,,,950,0,905,22.5,22.5,0,950
10835,2026-06-06,,,650,0,619,15.5,15.5,0,650
10836,2026-06-06,,,650,0,619,15.5,15.5,0,650
10837,2026-06-06,CASH,,170,0,162,4.0,4.0,0,170
10838,2026-06-07,CASH,,720,0,686,17.0,17.0,0,720
10839,2026-06-07,,,660,0,629,15.5,15.5,0,660
10840,2026-06-07,CARD,,0,750,714,18.0,18.0,0,750
10841,2026-06-07,,,390,0,372,9.0,9.0,0,390
10842,2026-06-07,,,150,0,143,3.5,3.5,0,150
10843,2026-06-07,,,1100,0,1047,26.5,26.5,0,1100
10844,2026-06-07,,,500,0,476,12.0,12.0,0,500
10845,2026-06-07,,,500,0,476,12.0,12.0,0,500
10846,2026-06-07,,,500,0,476,12.0,12.0,0,500
10847,2026-06-07,,,290,0,277,6.5,6.5,0,290
10848,2026-06-07,,,0,1710,1629,40.5,40.5,0,1710
10849,2026-06-07,,,0,1500,1428,36.0,36.0,0,1500
10850,2026-06-07,,,1130,0,1076,27.0,27.0,0,1130
10851,2026-06-07,PPP,,0,1550,1476,37.0,37.0,0,1550
10852,2026-06-07,,,3100,0,2953,73.5,73.5,0,3100
10853,2026-06-07,,,120,0,114,3.0,3.0,0,120
10854,2026-06-07,PPP,,0,640,610,15.0,15.0,0,640
10855,2026-06-07,,,500,0,476,12.0,12.0,0,500
10856,2026-06-07,,,600,0,571,14.5,14.5,0,600
10857,2026-06-07,,,200,0,190,5.0,5.0,0,200
10858,2026-06-07,,,550,0,524,13.0,13.0,0,550
10859,2026-06-07,,,300,0,286,7.0,7.0,0,300
10860,2026-06-07,,,2000,0,1904,48.0,48.0,0,2000
10861,2026-06-07,,,300,0,286,7.0,7.0,0,300
10862,2026-06-07,CARD,,0,550,524,13.0,13.0,0,550
10863,2026-06-07,,,1340,0,1276,32.0,32.0,0,1340
10864,2026-06-07,,,600,0,572,14.0,14.0,0,600
10865,2026-06-07,,6002481011,5430,0,5172,129.0,129.0,0,5430
10866,2026-06-07,,,2430,0,2314,58.0,58.0,0,2430
10867,2026-06-07,,,1450,0,1381,34.5,34.5,0,1450
10868,2026-06-07,,,300,0,286,7.0,7.0,0,300
10869,2026-06-07,,,1000,0,952,24.0,24.0,0,1000
10870,2026-06-07,,,150,0,143,3.5,3.5,0,150
10871,2026-06-07,,,1650,0,1571,39.5,39.5,0,1650
10872,2026-06-07,,,4300,0,4095,102.5,102.5,0,4300
10873,2026-06-07,,,320,0,304,8.0,8.0,0,320
10874,2026-06-07,,,1150,0,1095,27.5,27.5,0,1150
10875,2026-06-07,,,600,0,572,14.0,14.0,0,600
10876,2026-06-07,,,1400,0,1333,33.5,33.5,0,1400
10877,2026-06-07,,,1100,0,1048,26.0,26.0,0,1100
10878,2026-06-07,,,510,0,485,12.5,12.5,0,510
10879,2026-06-07,,,500,0,476,12.0,12.0,0,500
10880,2026-06-07,PPP[,,0,2400,2286,57.0,57.0,0,2400
10881,2026-06-07,,,480,0,457,11.5,11.5,0,480
10882,2026-06-07,,,150,0,143,3.5,3.5,0,150
10883,2026-06-07,,,0,2550,2428,61.0,61.0,0,2550
10884,2026-06-07,,,300,0,286,7.0,7.0,0,300
10885,2026-06-07,,,9460,0,9009,225.5,225.5,0,9460
10886,2026-06-07,,,650,0,619,15.5,15.5,0,650
10887,2026-06-07,,,350,0,333,8.5,8.5,0,350
10888,2026-06-07,,,160,0,152,4.0,4.0,0,160
10889,2026-06-07,,,500,0,476,12.0,12.0,0,500
10890,2026-06-07,,,50,0,48,1.0,1.0,0,50
10891,2026-06-07,,,2250,0,2143,53.5,53.5,0,2250
10892,2026-06-07,,,150,0,143,3.5,3.5,0,150
10893,2026-06-07,PPP,,0,1150,1095,27.5,27.5,0,1150
10894,2026-06-07,,,2980,0,2838,71.0,71.0,0,2980
10895,2026-06-07,,,1240,0,1181,29.5,29.5,0,1240
10896,2026-06-07,,,400,0,381,9.5,9.5,0,400
10897,2026-06-07,,,300,0,285,7.5,7.5,0,300
10898,2026-06-07,,,450,0,428,11.0,11.0,0,450
10899,2026-06-07,,,820,0,781,19.5,19.5,0,820
10900,2026-06-07,PPP,,0,30,29,0.5,0.5,0,30
10901,2026-06-07,PPP,,0,600,571,14.5,14.5,0,600
10902,2026-06-07,PPP,,0,700,667,16.5,16.5,0,700
10903,2026-06-07,,,250,0,238,6.0,6.0,0,250
10904,2026-06-07,,,1610,0,1533,38.5,38.5,0,1610
10905,2026-06-07,,,1500,0,1429,35.5,35.5,0,1500
10906,2026-06-07,,,550,0,524,13.0,13.0,0,550
10907,2026-06-07,,,350,0,333,8.5,8.5,0,350
10908,2026-06-07,,,1020,0,972,24.0,24.0,0,1020
10909,2026-06-07,,,750,0,714,18.0,18.0,0,750
10910,2026-06-07,,,650,0,619,15.5,15.5,0,650
10911,2026-06-07,,,140,0,133,3.5,3.5,0,140
10912,2026-06-07,,,1270,0,1209,30.5,30.5,0,1270
10913,2026-06-07,,,1500,0,1429,35.5,35.5,0,1500
10914,2026-06-07,,,500,0,476,12.0,12.0,0,500
10915,2026-06-07,PPP,,0,1530,1457,36.5,36.5,0,1530
10916,2026-06-07,,,1780,0,1695,42.5,42.5,0,1780
10917,2026-06-07,,,2200,0,2094,53.0,53.0,0,2200
10918,2026-06-07,,,1660,0,1581,39.5,39.5,0,1660
10919,2026-06-07,,,500,0,476,12.0,12.0,0,500
10920,2026-06-07,,,970,0,923,23.5,23.5,0,970
10921,2026-06-07,,,300,0,286,7.0,7.0,0,300
10922,2026-06-07,,,200,0,190,5.0,5.0,0,200
10923,2026-06-07,,,150,0,143,3.5,3.5,0,150
10924,2026-06-07,,,600,0,571,14.5,14.5,0,600
10925,2026-06-07,,,250,0,238,6.0,6.0,0,250
10926,2026-06-07,,,930,0,885,22.5,22.5,0,930
10927,2026-06-07,,,350,0,333,8.5,8.5,0,350
10928,2026-06-07,PPP,,0,800,762,19.0,19.0,0,800
10929,2026-06-07,,,1400,0,1333,33.5,33.5,0,1400
10930,2026-06-07,,,2940,0,2800,70.0,70.0,0,2940
10931,2026-06-07,,,1900,0,1809,45.5,45.5,0,1900
10932,2026-06-07,,,180,0,171,4.5,4.5,0,180
10933,2026-06-07,,,3350,0,3189,80.5,80.5,0,3350
10934,2026-06-07,,,360,0,343,8.5,8.5,0,360
10935,2026-06-08,CASH,,60,0,57,1.5,1.5,0,60
10936,2026-06-08,PPP,,0,400,381,9.5,9.5,0,400
10937,2026-06-08,,,240,0,229,5.5,5.5,0,240
10938,2026-06-08,,,600,0,571,14.5,14.5,0,600
10939,2026-06-08,,,400,0,381,9.5,9.5,0,400
10940,2026-06-08,,,180,0,171,4.5,4.5,0,180
10941,2026-06-08,,,150,0,143,3.5,3.5,0,150
10942,2026-06-08,,,540,0,515,12.5,12.5,0,540
10943,2026-06-08,,,200,0,190,5.0,5.0,0,200
10944,2026-06-08,,,450,0,428,11.0,11.0,0,450
10945,2026-06-08,,,1750,0,1667,41.5,41.5,0,1750
10946,2026-06-08,,,350,0,333,8.5,8.5,0,350
10947,2026-06-08,,,6210,0,5914,148.0,148.0,0,6210
10948,2026-06-08,,,100,0,95,2.5,2.5,0,100
10949,2026-06-08,,,430,0,409,10.5,10.5,0,430
10950,2026-06-08,,,530,0,504,13.0,13.0,0,530
10951,2026-06-08,,,2100,0,2000,50.0,50.0,0,2100
10952,2026-06-08,,,90,0,86,2.0,2.0,0,90
10953,2026-06-08,,,650,0,619,15.5,15.5,0,650
10954,2026-06-08,,,320,0,304,8.0,8.0,0,320
10955,2026-06-08,,,350,0,333,8.5,8.5,0,350
10956,2026-06-08,,,100,0,95,2.5,2.5,0,100
10957,2026-06-08,,,1300,0,1238,31.0,31.0,0,1300
10958,2026-06-08,,,600,0,571,14.5,14.5,0,600
10959,2026-06-08,,,820,0,781,19.5,19.5,0,820
10960,2026-06-08,,,500,0,476,12.0,12.0,0,500
10961,2026-06-08,,,120,0,114,3.0,3.0,0,120
10962,2026-06-08,,,650,0,619,15.5,15.5,0,650
10963,2026-06-08,,,150,0,143,3.5,3.5,0,150
10964,2026-06-08,,,1640,0,1562,39.0,39.0,0,1640
10965,2026-06-08,,,3150,0,3001,74.5,74.5,0,3150
10966,2026-06-08,,,1450,0,1380,35.0,35.0,0,1450
10967,2026-06-08,,,400,0,381,9.5,9.5,0,400
10968,2026-06-08,,,140,0,133,3.5,3.5,0,140
10969,2026-06-08,,,650,0,619,15.5,15.5,0,650
10970,2026-06-08,,,2000,0,1904,48.0,48.0,0,2000
10971,2026-06-08,,,240,0,229,5.5,5.5,0,240
10972,2026-06-08,,,400,0,381,9.5,9.5,0,400
10973,2026-06-08,,,950,0,904,23.0,23.0,0,950
10974,2026-06-08,,,1010,0,961,24.5,24.5,0,1010
10975,2026-06-08,,,400,0,381,9.5,9.5,0,400
10976,2026-06-08,,,500,0,476,12.0,12.0,0,500
10977,2026-06-08,,,80,0,76,2.0,2.0,0,80
10978,2026-06-08,CASH,,0,350,334,8.0,8.0,0,350
10979,2026-06-08,CASH,,120,0,114,3.0,3.0,0,120
10980,2026-06-08,,,50,0,48,1.0,1.0,0,50
10981,2026-06-08,PPP,,0,1500,1429,35.5,35.5,0,1500
10982,2026-06-08,,,700,0,667,16.5,16.5,0,700
10983,2026-06-08,,,240,0,229,5.5,5.5,0,240
10984,2026-06-08,,,500,0,476,12.0,12.0,0,500
10985,2026-06-08,,,3000,0,2857,71.5,71.5,0,3000
10986,2026-06-08,,,450,0,429,10.5,10.5,0,450
10987,2026-06-08,,,500,0,476,12.0,12.0,0,500
10988,2026-06-08,,,150,0,143,3.5,3.5,0,150
10989,2026-06-08,,,100,0,95,2.5,2.5,0,100
10990,2026-06-08,,,350,0,333,8.5,8.5,0,350
10991,2026-06-08,,,100,0,95,2.5,2.5,0,100
10992,2026-06-08,,,350,0,333,8.5,8.5,0,350
10993,2026-06-08,,,650,0,619,15.5,15.5,0,650
10994,2026-06-08,,,2900,0,2762,69.0,69.0,0,2900
10995,2026-06-08,,,1530,0,1458,36.0,36.0,0,1530
10996,2026-06-08,,,1050,0,1000,25.0,25.0,0,1050
10997,2026-06-08,,,900,0,857,21.5,21.5,0,900
10998,2026-06-08,,,400,0,381,9.5,9.5,0,400
10999,2026-06-08,,,1750,0,1667,41.5,41.5,0,1750
11000,2026-06-09,,,100,0,95,2.5,2.5,0,100
11001,2026-06-09,,,180,0,171,4.5,4.5,0,180
11002,2026-06-09,,,160,0,152,4.0,4.0,0,160
11003,2026-06-09,,,260,0,248,6.0,6.0,0,260
11004,2026-06-09,,,1200,0,1143,28.5,28.5,0,1200
11005,2026-06-09,,,120,0,114,3.0,3.0,0,120
11006,2026-06-09,,,30,0,29,0.5,0.5,0,30
11007,2026-06-09,,,630,0,599,15.5,15.5,0,630
11008,2026-06-09,,,300,0,286,7.0,7.0,0,300
11009,2026-06-09,,,200,0,190,5.0,5.0,0,200
11010,2026-06-09,,,120,0,114,3.0,3.0,0,120
11011,2026-06-09,,,500,0,476,12.0,12.0,0,500
11012,2026-06-09,,,100,0,95,2.5,2.5,0,100
11013,2026-06-09,,,220,0,209,5.5,5.5,0,220
11014,2026-06-09,,,240,0,229,5.5,5.5,0,240
11015,2026-06-09,,,150,0,143,3.5,3.5,0,150
11016,2026-06-09,,,80,0,76,2.0,2.0,0,80
11017,2026-06-09,,,160,0,152,4.0,4.0,0,160
11018,2026-06-09,,,240,0,229,5.5,5.5,0,240
11019,2026-06-09,,,120,0,114,3.0,3.0,0,120
11020,2026-06-09,,,120,0,114,3.0,3.0,0,120
11021,2026-06-09,,,50,0,48,1.0,1.0,0,50
11022,2026-06-09,,,350,0,333,8.5,8.5,0,350
11023,2026-06-09,,,1250,0,1191,29.5,29.5,0,1250
11024,2026-06-09,,,160,0,152,4.0,4.0,0,160
11025,2026-06-09,,,150,0,143,3.5,3.5,0,150
11026,2026-06-09,,,120,0,114,3.0,3.0,0,120
11027,2026-06-09,,,300,0,286,7.0,7.0,0,300
11028,2026-06-09,,,360,0,343,8.5,8.5,0,360
11029,2026-06-09,,,1750,0,1667,41.5,41.5,0,1750
11030,2026-06-09,,,0,440,419,10.5,10.5,0,440
11031,2026-06-09,,,300,0,286,7.0,7.0,0,300
11032,2026-06-09,,,250,0,238,6.0,6.0,0,250
11033,2026-06-09,,,480,0,457,11.5,11.5,0,480
11034,2026-06-09,,,900,0,857,21.5,21.5,0,900
11035,2026-06-09,,,50,0,48,1.0,1.0,0,50
11036,2026-06-09,,,100,0,95,2.5,2.5,0,100
11037,2026-06-09,,,1000,0,952,24.0,24.0,0,1000
11038,2026-06-09,,,250,0,238,6.0,6.0,0,250
11039,2026-06-09,,,550,0,524,13.0,13.0,0,550
11040,2026-06-09,,,4150,0,3953,98.5,98.5,0,4150
11041,2026-06-09,,,120,0,114,3.0,3.0,0,120
11042,2026-06-09,,,300,0,286,7.0,7.0,0,300
11043,2026-06-09,,,830,0,791,19.5,19.5,0,830
11044,2026-06-09,,,1050,0,1000,25.0,25.0,0,1050
11045,2026-06-09,,,710,0,676,17.0,17.0,0,710
11046,2026-06-09,,,3910,0,3723,93.5,93.5,0,3910
11047,2026-06-09,,,150,0,143,3.5,3.5,0,150
11048,2026-06-09,,,450,0,429,10.5,10.5,0,450
11049,2026-06-09,,,180,0,171,4.5,4.5,0,180
11050,2026-06-09,,,520,0,495,12.5,12.5,0,520
11051,2026-06-09,,,300,0,286,7.0,7.0,0,300
11052,2026-06-09,,,120,0,114,3.0,3.0,0,120
11053,2026-06-09,,,1350,0,1286,32.0,32.0,0,1350
11054,2026-06-09,,,600,0,571,14.5,14.5,0,600
11055,2026-06-09,,,350,0,333,8.5,8.5,0,350
11056,2026-06-09,,,120,0,114,3.0,3.0,0,120
11057,2026-06-09,,,350,0,333,8.5,8.5,0,350
11058,2026-06-09,,,240,0,229,5.5,5.5,0,240
11059,2026-06-09,,,360,0,343,8.5,8.5,0,360
11060,2026-06-09,,,600,0,571,14.5,14.5,0,600
11061,2026-06-09,,,940,0,896,22.0,22.0,0,940
11062,2026-06-09,,,460,0,438,11.0,11.0,0,460
11063,2026-06-09,,,950,0,904,23.0,23.0,0,950
11064,2026-06-09,,,200,0,190,5.0,5.0,0,200
11065,2026-06-09,,,1670,0,1590,40.0,40.0,0,1670
11066,2026-06-10,,,810,0,772,19.0,19.0,0,810
11067,2026-06-10,,,60,0,57,1.5,1.5,0,60
11068,2026-06-10,,,2100,0,2000,50.0,50.0,0,2100
11069,2026-06-10,,,600,0,571,14.5,14.5,0,600
11070,2026-06-10,,,480,0,457,11.5,11.5,0,480
11071,2026-06-10,,,150,0,143,3.5,3.5,0,150
11072,2026-06-10,,,150,0,143,3.5,3.5,0,150
11073,2026-06-10,,,1040,0,990,25.0,25.0,0,1040
11074,2026-06-10,,,120,0,114,3.0,3.0,0,120
11075,2026-06-10,,,160,0,152,4.0,4.0,0,160
11076,2026-06-10,,,500,0,476,12.0,12.0,0,500
11077,2026-06-10,,,1120,0,1067,26.5,26.5,0,1120
11078,2026-06-10,,,240,0,229,5.5,5.5,0,240
11079,2026-06-10,,,500,0,476,12.0,12.0,0,500
11080,2026-06-10,,,1950,0,1856,47.0,47.0,0,1950
11081,2026-06-10,,,1100,0,1048,26.0,26.0,0,1100
11082,2026-06-10,,,1020,0,971,24.5,24.5,0,1020
11083,2026-06-10,,,180,0,171,4.5,4.5,0,180
11084,2026-06-10,,,1500,0,1429,35.5,35.5,0,1500
11085,2026-06-10,,,630,0,600,15.0,15.0,0,630
11086,2026-06-10,,,500,0,476,12.0,12.0,0,500
11087,2026-06-10,,,450,0,428,11.0,11.0,0,450
11088,2026-06-10,,,60,0,57,1.5,1.5,0,60
11089,2026-06-10,6002481011,,340,0,323,8.5,8.5,0,340
11090,2026-06-10,,,100,0,95,2.5,2.5,0,100
11091,2026-06-10,,,500,0,476,12.0,12.0,0,500
11092,2026-06-10,,,120,0,114,3.0,3.0,0,120
11093,2026-06-10,,,610,0,581,14.5,14.5,0,610
11094,2026-06-10,,,610,0,581,14.5,14.5,0,610
11095,2026-06-10,,,280,0,267,6.5,6.5,0,280
11096,2026-06-10,,,150,0,143,3.5,3.5,0,150
11097,2026-06-10,,,2310,0,2199,55.5,55.5,0,2310
11098,2026-06-10,,,1600,0,1523,38.5,38.5,0,1600
11099,2026-06-10,,,1000,0,952,24.0,24.0,0,1000
11100,2026-06-10,,,600,0,571,14.5,14.5,0,600
11101,2026-06-10,,,400,0,381,9.5,9.5,0,400
11102,2026-06-10,,,150,0,143,3.5,3.5,0,150
11103,2026-06-10,,,300,0,286,7.0,7.0,0,300
11104,2026-06-10,,,2000,0,1905,47.5,47.5,0,2000
11105,2026-06-10,CASH,,500,0,476,12.0,12.0,0,500
11106,2026-06-10,,,80,0,76,2.0,2.0,0,80
11107,2026-06-10,,,900,0,857,21.5,21.5,0,900
11108,2026-06-10,,,150,0,143,3.5,3.5,0,150
11109,2026-06-10,,,150,0,143,3.5,3.5,0,150
11110,2026-06-10,,,1000,0,953,23.5,23.5,0,1000
11111,2026-06-10,,,730,0,695,17.5,17.5,0,730
11112,2026-06-10,,,550,0,524,13.0,13.0,0,550
11113,2026-06-10,,,2350,0,2238,56.0,56.0,0,2350
11114,2026-06-10,,,350,0,333,8.5,8.5,0,350
11115,2026-06-10,,,450,0,429,10.5,10.5,0,450
11116,2026-06-10,,,370,0,352,9.0,9.0,0,370
11117,2026-06-10,,,550,0,524,13.0,13.0,0,550
11118,2026-06-10,,,130,0,124,3.0,3.0,0,130
11119,2026-06-10,,,100,0,95,2.5,2.5,0,100
11120,2026-06-10,,,260,0,248,6.0,6.0,0,260
11121,2026-06-10,,,260,0,248,6.0,6.0,0,260
11122,2026-06-10,,,1130,0,1077,26.5,26.5,0,1130
11123,2026-06-10,,,850,0,810,20.0,20.0,0,850
11124,2026-06-10,,,150,0,143,3.5,3.5,0,150
11125,2026-06-10,,,240,0,229,5.5,5.5,0,240
11126,2026-06-10,,,3050,0,2905,72.5,72.5,0,3050
11127,2026-06-11,CASH,,820,0,780,20.0,20.0,0,820
11128,2026-06-11,,,2600,0,2475,62.5,62.5,0,2600
11129,2026-06-11,,,240,0,229,5.5,5.5,0,240
11130,2026-06-11,,,250,0,238,6.0,6.0,0,250
11131,2026-06-11,,,1000,0,953,23.5,23.5,0,1000
11132,2026-06-11,,,500,0,476,12.0,12.0,0,500
11133,2026-06-11,,,150,0,143,3.5,3.5,0,150
11134,2026-06-11,,,50,0,48,1.0,1.0,0,50
11135,2026-06-11,,,2190,0,2086,52.0,52.0,0,2190
11136,2026-06-11,,,620,0,590,15.0,15.0,0,620
11137,2026-06-11,,,80,0,76,2.0,2.0,0,80
11138,2026-06-11,,,850,0,809,20.5,20.5,0,850
11139,2026-06-11,,,50,0,48,1.0,1.0,0,50
11140,2026-06-11,,,350,0,333,8.5,8.5,0,350
11141,2026-06-11,,,550,0,523,13.5,13.5,0,550
11142,2026-06-11,,,500,0,476,12.0,12.0,0,500
11143,2026-06-11,,,1400,0,1334,33.0,33.0,0,1400
11144,2026-06-11,,,2000,0,1905,47.5,47.5,0,2000
11145,2026-06-11,,,3750,0,3572,89.0,89.0,0,3750
11146,2026-06-11,,,450,0,428,11.0,11.0,0,450
11147,2026-06-11,,,870,0,828,21.0,21.0,0,870
11148,2026-06-11,,,100,0,95,2.5,2.5,0,100
11149,2026-06-11,,,360,0,343,8.5,8.5,0,360
11150,2026-06-11,,,250,0,238,6.0,6.0,0,250
11151,2026-06-11,,,160,0,152,4.0,4.0,0,160
11152,2026-06-11,,,1150,0,1095,27.5,27.5,0,1150
11153,2026-06-11,PPP,,200,0,190,5.0,5.0,0,200
11154,2026-06-11,,,430,0,409,10.5,10.5,0,430
11155,2026-06-11,,,700,0,667,16.5,16.5,0,700
11156,2026-06-11,,,1450,0,1381,34.5,34.5,0,1450
11157,2026-06-11,,,150,0,143,3.5,3.5,0,150
11158,2026-06-11,,,120,0,114,3.0,3.0,0,120
11159,2026-06-11,,,150,0,143,3.5,3.5,0,150
11160,2026-06-11,,,500,0,476,12.0,12.0,0,500
11161,2026-06-11,,,550,0,523,13.5,13.5,0,550
11162,2026-06-11,,,400,0,381,9.5,9.5,0,400
11163,2026-06-11,,,100,0,95,2.5,2.5,0,100
11164,2026-06-11,,,1820,0,1733,43.5,43.5,0,1820
11165,2026-06-11,,,550,0,524,13.0,13.0,0,550
11166,2026-06-11,,,250,0,238,6.0,6.0,0,250
11167,2026-06-11,,,1330,0,1267,31.5,31.5,0,1330
11168,2026-06-11,,,1750,0,1667,41.5,41.5,0,1750
11169,2026-06-11,,,650,0,619,15.5,15.5,0,650
11170,2026-06-11,,,1830,0,1742,44.0,44.0,0,1830
11171,2026-06-11,,,450,0,428,11.0,11.0,0,450
11172,2026-06-11,,,300,0,286,7.0,7.0,0,300
11173,2026-06-11,,,2670,0,2542,64.0,64.0,0,2670
11174,2026-06-11,,,170,0,162,4.0,4.0,0,170
11175,2026-06-11,,,1060,0,1009,25.5,25.5,0,1060
11176,2026-06-11,,,350,0,333,8.5,8.5,0,350
11177,2026-06-11,,,350,0,333,8.5,8.5,0,350
11178,2026-06-11,,,1200,0,1142,29.0,29.0,0,1200
11179,2026-06-11,,,50,0,48,1.0,1.0,0,50
11180,2026-06-11,,,150,0,143,3.5,3.5,0,150
11181,2026-06-11,,,150,0,143,3.5,3.5,0,150
11182,2026-06-11,,,350,0,333,8.5,8.5,0,350
11183,2026-06-11,,,80,0,76,2.0,2.0,0,80
11184,2026-06-11,,,200,0,190,5.0,5.0,0,200
11185,2026-06-11,,,350,0,333,8.5,8.5,0,350
11186,2026-06-11,,,360,0,343,8.5,8.5,0,360
11187,2026-06-11,,,900,0,857,21.5,21.5,0,900
11188,2026-06-11,,,200,0,190,5.0,5.0,0,200
11189,2026-06-11,PPP,,0,2100,2000,50.0,50.0,0,2100
11190,2026-06-11,,,450,0,429,10.5,10.5,0,450
11191,2026-06-11,,,790,0,752,19.0,19.0,0,790
11192,2026-06-11,PPP,,0,1100,1047,26.5,26.5,0,1100
11193,2026-06-11,,,950,0,904,23.0,23.0,0,950
11194,2026-06-11,,,700,0,666,17.0,17.0,0,700
11195,2026-06-12,CASH,,1630,0,1552,39.0,39.0,0,1630
11196,2026-06-12,,,5400,0,5142,129.0,129.0,0,5400
11197,2026-06-12,,,500,0,476,12.0,12.0,0,500
11198,2026-06-12,,,1510,0,1438,36.0,36.0,0,1510
11199,2026-06-12,,,1230,0,1172,29.0,29.0,0,1230
11200,2026-06-12,,,300,0,286,7.0,7.0,0,300
11201,2026-06-12,,,650,0,619,15.5,15.5,0,650
11202,2026-06-12,,,450,0,428,11.0,11.0,0,450
11203,2026-06-12,,,200,0,190,5.0,5.0,0,200
11204,2026-06-12,,,750,0,714,18.0,18.0,0,750
11205,2026-06-12,,,1150,0,1095,27.5,27.5,0,1150
11206,2026-06-12,,,600,0,572,14.0,14.0,0,600
11207,2026-06-12,,,1430,0,1363,33.5,33.5,0,1430
11208,2026-06-12,,,300,0,285,7.5,7.5,0,300
11209,2026-06-12,,,120,0,114,3.0,3.0,0,120
11210,2026-06-12,,,500,0,476,12.0,12.0,0,500
11211,2026-06-12,,,800,0,761,19.5,19.5,0,800
11212,2026-06-12,,,920,0,876,22.0,22.0,0,920
11213,2026-06-12,,,6400,0,6094,153.0,153.0,0,6400
11214,2026-06-12,,,150,0,143,3.5,3.5,0,150
11215,2026-06-12,CASH,,170,0,162,4.0,4.0,0,170
11216,2026-06-12,,,1100,0,1048,26.0,26.0,0,1100
11217,2026-06-12,,,1030,0,980,25.0,25.0,0,1030
11218,2026-06-12,,,1800,0,1715,42.5,42.5,0,1800
11219,2026-06-12,,,720,0,686,17.0,17.0,0,720
11220,2026-06-12,,,790,0,753,18.5,18.5,0,790
11221,2026-06-12,,,120,0,114,3.0,3.0,0,120
11222,2026-06-12,,,1880,0,1790,45.0,45.0,0,1880
11223,2026-06-12,,,350,0,333,8.5,8.5,0,350
11224,2026-06-12,,,600,0,572,14.0,14.0,0,600
11225,2026-06-12,,,1200,0,1143,28.5,28.5,0,1200
11226,2026-06-12,,,500,0,476,12.0,12.0,0,500
11227,2026-06-12,,,2000,0,1905,47.5,47.5,0,2000
11228,2026-06-12,,,50,0,48,1.0,1.0,0,50
11229,2026-06-12,,,810,0,771,19.5,19.5,0,810
11230,2026-06-12,,,600,0,571,14.5,14.5,0,600
11231,2026-06-12,,,20,0,19,0.5,0.5,0,20
11232,2026-06-12,,,440,0,419,10.5,10.5,0,440
11233,2026-06-12,,,300,0,285,7.5,7.5,0,300
11234,2026-06-12,,,500,0,476,12.0,12.0,0,500
11235,2026-06-12,,,700,0,666,17.0,17.0,0,700
11236,2026-06-12,,,4000,0,3809,95.5,95.5,0,4000
11237,2026-06-12,,,1050,0,1000,25.0,25.0,0,1050
11238,2026-06-12,,,350,0,333,8.5,8.5,0,350
11239,2026-06-12,,,1490,0,1418,36.0,36.0,0,1490
11240,2026-06-12,,,1030,0,981,24.5,24.5,0,1030
11241,2026-06-12,,,500,0,476,12.0,12.0,0,500
11242,2026-06-12,,,870,0,828,21.0,21.0,0,870
11243,2026-06-12,,,950,0,905,22.5,22.5,0,950
11244,2026-06-12,,,1320,0,1257,31.5,31.5,0,1320
11245,2026-06-12,,,350,0,333,8.5,8.5,0,350
11246,2026-06-12,,,4770,0,4542,114.0,114.0,0,4770
11247,2026-06-12,,,200,0,190,5.0,5.0,0,200
11248,2026-06-12,,,320,0,305,7.5,7.5,0,320
11249,2026-06-12,,,750,0,714,18.0,18.0,0,750
11250,2026-06-12,,,950,0,904,23.0,23.0,0,950
11251,2026-06-12,,,350,0,333,8.5,8.5,0,350
11252,2026-06-12,,,780,0,742,19.0,19.0,0,780
11253,2026-06-12,CASH,,260,0,248,6.0,6.0,0,260
11254,2026-06-12,,,150,0,143,3.5,3.5,0,150
11255,2026-06-12,PPP,,0,350,334,8.0,8.0,0,350
11256,2026-06-12,,,2900,0,2761,69.5,69.5,0,2900
11257,2026-06-12,,,1000,0,952,24.0,24.0,0,1000
11258,2026-06-12,,,200,0,190,5.0,5.0,0,200
11259,2026-06-12,,,1300,0,1238,31.0,31.0,0,1300
11260,2026-06-12,,,1300,0,1238,31.0,31.0,0,1300
11261,2026-06-12,PPP,,0,300,286,7.0,7.0,0,300
11262,2026-06-12,PPP,,0,350,333,8.5,8.5,0,350
11263,2026-06-12,PPP,,0,1000,952,24.0,24.0,0,1000
11264,2026-06-12,PPP,,0,1080,1029,25.5,25.5,0,1080
11265,2026-06-12,PPP,,0,1270,1208,31.0,31.0,0,1270
11266,2026-06-12,,,550,0,524,13.0,13.0,0,550
11267,2026-06-12,,,350,0,333,8.5,8.5,0,350
11268,2026-06-12,,,1890,0,1801,44.5,44.5,0,1890
11269,2026-06-12,,,500,0,476,12.0,12.0,0,500
11270,2026-06-12,,,1200,0,1143,28.5,28.5,0,1200
11271,2026-06-12,,,2850,0,2714,68.0,68.0,0,2850
11272,2026-06-12,,,50,0,48,1.0,1.0,0,50
11273,2026-06-12,,,550,0,524,13.0,13.0,0,550
11274,2026-06-12,,,350,0,333,8.5,8.5,0,350
11275,2026-06-12,,,1890,0,1800,45.0,45.0,0,1890
11276,2026-06-12,,,2900,0,2762,69.0,69.0,0,2900
11277,2026-06-12,,,300,0,286,7.0,7.0,0,300
11278,2026-06-12,,,350,0,333,8.5,8.5,0,350
11279,2026-06-12,,,700,0,667,16.5,16.5,0,700
11280,2026-06-12,,,30,0,29,0.5,0.5,0,30
11281,2026-06-12,PPP,,0,680,647,16.5,16.5,0,680
11282,2026-06-12,,,150,0,143,3.5,3.5,0,150
11283,2026-06-12,PPP,,0,550,524,13.0,13.0,0,550
11284,2026-06-13,PP,,0,150,143,3.5,3.5,0,150
11285,2026-06-13,,,950,0,904,23.0,23.0,0,950
11286,2026-06-13,,,450,0,429,10.5,10.5,0,450
11287,2026-06-13,,,150,0,143,3.5,3.5,0,150
11288,2026-06-13,,,390,0,372,9.0,9.0,0,390
11289,2026-06-13,,,150,0,143,3.5,3.5,0,150
11290,2026-06-13,,,270,0,257,6.5,6.5,0,270
11291,2026-06-13,,,100,0,95,2.5,2.5,0,100
11292,2026-06-13,,,2590,0,2467,61.5,61.5,0,2590
11293,2026-06-13,,,700,0,666,17.0,17.0,0,700
11294,2026-06-13,,,610,0,581,14.5,14.5,0,610
11295,2026-06-13,,,870,0,829,20.5,20.5,0,870
11296,2026-06-13,,,2790,0,2657,66.5,66.5,0,2790
11297,2026-06-13,,,100,0,95,2.5,2.5,0,100
11298,2026-06-13,,,750,0,714,18.0,18.0,0,750
11299,2026-06-13,,,20,0,19,0.5,0.5,0,20
11300,2026-06-13,,,300,0,286,7.0,7.0,0,300
11301,2026-06-13,,,100,0,95,2.5,2.5,0,100
11302,2026-06-13,,,350,0,333,8.5,8.5,0,350
11303,2026-06-13,,,270,0,257,6.5,6.5,0,270
11304,2026-06-13,CASH,,790,0,752,19.0,19.0,0,790
11305,2026-06-13,,,900,0,856,22.0,22.0,0,900
11306,2026-06-13,,,720,0,686,17.0,17.0,0,720
11307,2026-06-13,,,720,0,686,17.0,17.0,0,720
11308,2026-06-13,,,150,0,143,3.5,3.5,0,150
11309,2026-06-13,,,350,0,333,8.5,8.5,0,350
11310,2026-06-13,,,1700,0,1619,40.5,40.5,0,1700
11311,2026-06-13,,,1500,0,1428,36.0,36.0,0,1500
11312,2026-06-13,,,200,0,190,5.0,5.0,0,200
11313,2026-06-13,,,440,0,419,10.5,10.5,0,440
11314,2026-06-13,,,1300,0,1239,30.5,30.5,0,1300
11315,2026-06-13,,,360,0,343,8.5,8.5,0,360
11316,2026-06-13,,,240,0,229,5.5,5.5,0,240
11317,2026-06-13,,,850,0,809,20.5,20.5,0,850
11318,2026-06-13,,,3810,0,3628,91.0,91.0,0,3810
11319,2026-06-13,,,1130,0,1075,27.5,27.5,0,1130
11320,2026-06-13,,,2900,0,2763,68.5,68.5,0,2900
11321,2026-06-13,,,650,0,619,15.5,15.5,0,650
11322,2026-06-13,,,400,0,381,9.5,9.5,0,400
11323,2026-06-13,,,440,0,419,10.5,10.5,0,440
11324,2026-06-13,,,600,0,571,14.5,14.5,0,600
11325,2026-06-13,,,660,0,628,16.0,16.0,0,660
11326,2026-06-13,,,1770,0,1685,42.5,42.5,0,1770
11327,2026-06-13,,,100,0,95,2.5,2.5,0,100
11328,2026-06-13,,,1150,0,1095,27.5,27.5,0,1150
11329,2026-06-13,,,260,0,248,6.0,6.0,0,260
11330,2026-06-13,,,300,0,286,7.0,7.0,0,300
11331,2026-06-13,,,230,0,219,5.5,5.5,0,230
11332,2026-06-13,,,120,0,114,3.0,3.0,0,120
11333,2026-06-13,,,120,0,114,3.0,3.0,0,120
11334,2026-06-13,,,450,0,429,10.5,10.5,0,450
11335,2026-06-13,,,2600,0,2475,62.5,62.5,0,2600
11336,2026-06-13,,,350,0,333,8.5,8.5,0,350
11337,2026-06-13,,,230,0,219,5.5,5.5,0,230
11338,2026-06-13,,,150,0,143,3.5,3.5,0,150
11339,2026-06-13,PPP,,0,1000,952,24.0,24.0,0,1000
11340,2026-06-13,,,380,0,362,9.0,9.0,0,380
11341,2026-06-13,,,3390,0,3229,80.5,80.5,0,3390
11342,2026-06-13,,,500,0,476,12.0,12.0,0,500
11343,2026-06-13,,,1000,0,952,24.0,24.0,0,1000
11344,2026-06-13,CARD,,0,2000,1905,47.5,47.5,0,2000
11345,2026-06-13,,,560,0,534,13.0,13.0,0,560
11346,2026-06-13,,,300,0,285,7.5,7.5,0,300
11347,2026-06-13,,,250,0,238,6.0,6.0,0,250
11348,2026-06-13,PPP,,0,1830,1743,43.5,43.5,0,1830
11349,2026-06-13,,,100,0,95,2.5,2.5,0,100
11350,2026-06-13,,,300,0,286,7.0,7.0,0,300
11351,2026-06-13,,,2860,0,2725,67.5,67.5,0,2860
11352,2026-06-13,,,1200,0,1143,28.5,28.5,0,1200
11353,2026-06-13,,,1000,0,952,24.0,24.0,0,1000
11354,2026-06-13,,,0,1500,1429,35.5,35.5,0,1500
11355,2026-06-13,,,300,0,286,7.0,7.0,0,300
11356,2026-06-13,,,100,0,95,2.5,2.5,0,100
11357,2026-06-13,,,1050,0,1000,25.0,25.0,0,1050
11358,2026-06-13,PPP,,0,300,286,7.0,7.0,0,300
11359,2026-06-13,PPP,,0,1150,1095,27.5,27.5,0,1150
11360,2026-06-13,,,2090,0,1991,49.5,49.5,0,2090
11361,2026-06-13,,,1450,0,1381,34.5,34.5,0,1450
11362,2026-06-13,PPP,,0,1730,1647,41.5,41.5,0,1730
11363,2026-06-13,,,500,0,476,12.0,12.0,0,500
11364,2026-06-13,PPP,,0,3800,3619,90.5,90.5,0,3800
11365,2026-06-13,PPP,,0,300,286,7.0,7.0,0,300
11366,2026-06-13,CASH,,360,0,343,8.5,8.5,0,360
11367,2026-06-13,,,3200,0,3047,76.5,76.5,0,3200
11368,2026-06-14,,,750,0,714,18.0,18.0,0,750
11369,2026-06-14,,,900,0,857,21.5,21.5,0,900
11370,2026-06-14,,,300,0,286,7.0,7.0,0,300
11371,2026-06-14,,,2090,0,1990,50.0,50.0,0,2090
11372,2026-06-14,,,1350,0,1285,32.5,32.5,0,1350
11373,2026-06-14,,,400,0,380,10.0,10.0,0,400
11374,2026-06-14,,,700,0,667,16.5,16.5,0,700
11375,2026-06-14,,,100,0,95,2.5,2.5,0,100
11376,2026-06-14,,,0,700,667,16.5,16.5,0,700
11377,2026-06-14,PPP,,0,2360,2248,56.0,56.0,0,2360
11378,2026-06-14,,,2670,0,2542,64.0,64.0,0,2670
11379,2026-06-14,,,950,0,905,22.5,22.5,0,950
11380,2026-06-14,,,50,0,48,1.0,1.0,0,50
11381,2026-06-14,,,260,0,248,6.0,6.0,0,260
11382,2026-06-14,,,100,0,95,2.5,2.5,0,100
11383,2026-06-14,PPP,,0,2350,2238,56.0,56.0,0,2350
11384,2026-06-14,PPP,,0,1120,1067,26.5,26.5,0,1120
11385,2026-06-14,,,0,600,571,14.5,14.5,0,600
11386,2026-06-14,,,850,0,810,20.0,20.0,0,850
11387,2026-06-14,,,1100,0,1048,26.0,26.0,0,1100
11388,2026-06-14,,,650,0,619,15.5,15.5,0,650
11389,2026-06-14,,,1250,0,1190,30.0,30.0,0,1250
11390,2026-06-14,,,2350,0,2238,56.0,56.0,0,2350
11391,2026-06-14,,,620,0,590,15.0,15.0,0,620
11392,2026-06-14,6002481011,rks enterpriceee,0,860,819,20.5,20.5,0,860
11393,2026-06-14,,,2270,0,2161,54.5,54.5,0,2270
11394,2026-06-14,,,150,0,143,3.5,3.5,0,150
11395,2026-06-14,,,500,0,476,12.0,12.0,0,500
11396,2026-06-14,PPP,,0,160,152,4.0,4.0,0,160
11397,2026-06-14,PPP,,0,2200,2096,52.0,52.0,0,2200
11398,2026-06-14,,,590,0,561,14.5,14.5,0,590
11399,2026-06-14,PPP,,0,700,666,17.0,17.0,0,700
11400,2026-06-14,,,120,0,114,3.0,3.0,0,120
11401,2026-06-14,PPP,,0,3050,2905,72.5,72.5,0,3050
11402,2026-06-14,,,270,0,257,6.5,6.5,0,270
11403,2026-06-14,PPP,,0,2600,2476,62.0,62.0,0,2600
11404,2026-06-14,,,0,300,286,7.0,7.0,0,300
11405,2026-06-14,,,250,0,238,6.0,6.0,0,250
11406,2026-06-14,,,1150,0,1095,27.5,27.5,0,1150
11407,2026-06-14,,,500,0,476,12.0,12.0,0,500
11408,2026-06-14,,,850,0,809,20.5,20.5,0,850
11409,2026-06-14,,,250,0,238,6.0,6.0,0,250
11410,2026-06-14,,,2180,0,2076,52.0,52.0,0,2180
11411,2026-06-14,,,650,0,619,15.5,15.5,0,650
11412,2026-06-14,,,120,0,114,3.0,3.0,0,120
11413,2026-06-14,,,900,0,857,21.5,21.5,0,900
11414,2026-06-14,PPP,,0,1220,1161,29.5,29.5,0,1220
11415,2026-06-14,,,250,0,238,6.0,6.0,0,250
11416,2026-06-14,,,500,0,476,12.0,12.0,0,500
11417,2026-06-14,PPP,,0,350,333,8.5,8.5,0,350
11418,2026-06-14,,,2770,0,2637,66.5,66.5,0,2770
11419,2026-06-14,,,300,0,286,7.0,7.0,0,300
11420,2026-06-14,,,450,0,429,10.5,10.5,0,450
11421,2026-06-14,,,2100,0,2001,49.5,49.5,0,2100
11422,2026-06-14,,,1000,0,952,24.0,24.0,0,1000
11423,2026-06-14,,,1560,0,1486,37.0,37.0,0,1560
11424,2026-06-14,,,320,0,305,7.5,7.5,0,320
11425,2026-06-14,,,300,0,286,7.0,7.0,0,300
11426,2026-06-14,,,950,0,905,22.5,22.5,0,950
11427,2026-06-14,,,650,0,619,15.5,15.5,0,650
11428,2026-06-14,,,600,0,571,14.5,14.5,0,600
11429,2026-06-14,,,950,0,905,22.5,22.5,0,950
11430,2026-06-14,PPP,,0,3500,3333,83.5,83.5,0,3500
11431,2026-06-14,,,420,0,400,10.0,10.0,0,420
11432,2026-06-14,,,0,1200,1143,28.5,28.5,0,1200
11433,2026-06-14,,,1000,0,952,24.0,24.0,0,1000
11434,2026-06-14,,,5390,0,5134,128.0,128.0,0,5390
11435,2026-06-14,,,240,0,229,5.5,5.5,0,240
11436,2026-06-14,,,150,0,143,3.5,3.5,0,150
11437,2026-06-14,,,800,0,762,19.0,19.0,0,800
11438,2026-06-14,CASH,,500,0,476,12.0,12.0,0,500
11439,2026-06-14,PPP,,0,590,561,14.5,14.5,0,590
11440,2026-06-14,PPP,,0,1500,1429,35.5,35.5,0,1500
11441,2026-06-14,,,0,2550,2429,60.5,60.5,0,2550
11442,2026-06-14,,,400,0,381,9.5,9.5,0,400
11443,2026-06-14,,,0,780,743,18.5,18.5,0,780
11444,2026-06-14,,,400,0,381,9.5,9.5,0,400
11445,2026-06-14,,,1450,0,1381,34.5,34.5,0,1450
11446,2026-06-14,,,340,0,324,8.0,8.0,0,340
11447,2026-06-14,,,1400,0,1334,33.0,33.0,0,1400
11448,2026-06-14,,,600,0,571,14.5,14.5,0,600
11449,2026-06-14,PPP,,0,820,781,19.5,19.5,0,820
11450,2026-06-14,,,900,0,856,22.0,22.0,0,900
11451,2026-06-14,PPP,,0,1900,1810,45.0,45.0,0,1900
11452,2026-06-14,,,0,2060,1962,49.0,49.0,0,2060
11453,2026-06-14,,,2000,0,1905,47.5,47.5,0,2000
11454,2026-06-14,,,200,0,190,5.0,5.0,0,200
11455,2026-06-14,PPP,,0,1300,1238,31.0,31.0,0,1300
11456,2026-06-15,CASH,,120,0,114,3.0,3.0,0,120
11457,2026-06-15,,,120,0,114,3.0,3.0,0,120
11458,2026-06-15,,,250,0,238,6.0,6.0,0,250
11459,2026-06-15,PPP,,0,300,286,7.0,7.0,0,300
11460,2026-06-15,3,,600,0,571,14.5,14.5,0,600
11461,2026-06-15,,,1000,0,952,24.0,24.0,0,1000
11462,2026-06-15,PPP,,0,1100,1048,26.0,26.0,0,1100
11463,2026-06-15,,,400,0,381,9.5,9.5,0,400
11464,2026-06-15,,,150,0,143,3.5,3.5,0,150
11465,2026-06-15,,,950,0,905,22.5,22.5,0,950
11466,2026-06-15,,,80,0,76,2.0,2.0,0,80
11467,2026-06-15,,,150,0,143,3.5,3.5,0,150
11468,2026-06-15,,,300,0,286,7.0,7.0,0,300
11469,2026-06-15,,,450,0,429,10.5,10.5,0,450
11470,2026-06-15,,,500,0,476,12.0,12.0,0,500
11471,2026-06-15,,,30,0,29,0.5,0.5,0,30
11472,2026-06-15,,,470,0,447,11.5,11.5,0,470
11473,2026-06-15,,,1000,0,952,24.0,24.0,0,1000
11474,2026-06-15,,,2040,0,1943,48.5,48.5,0,2040
11475,2026-06-15,,,230,0,219,5.5,5.5,0,230
11476,2026-06-15,,,3300,0,3141,79.5,79.5,0,3300
11477,2026-06-15,,,200,0,190,5.0,5.0,0,200
11478,2026-06-15,,,1950,0,1857,46.5,46.5,0,1950
11479,2026-06-15,CARD,,0,1150,1095,27.5,27.5,0,1150
11480,2026-06-15,,,350,0,333,8.5,8.5,0,350
11481,2026-06-15,,,0,400,381,9.5,9.5,0,400
11482,2026-06-15,,,120,0,114,3.0,3.0,0,120
11483,2026-06-15,,,1560,0,1486,37.0,37.0,0,1560
11484,2026-06-15,,,950,0,905,22.5,22.5,0,950
11485,2026-06-15,CASH,,1200,0,1143,28.5,28.5,0,1200
11486,2026-06-15,,,850,0,810,20.0,20.0,0,850
11487,2026-06-15,,,200,0,190,2.5,2.5,0,200
11488,2026-06-15,,,1900,0,1810,45.0,45.0,0,1900
11489,2026-06-15,,,230,0,219,5.5,5.5,0,230
11490,2026-06-15,,,350,0,333,8.5,8.5,0,350
11491,2026-06-15,,,2240,0,2133,53.5,53.5,0,2240
11492,2026-06-15,,,2080,0,1982,49.0,49.0,0,2080
11493,2026-06-15,,,150,0,143,3.5,3.5,0,150
11494,2026-06-15,,,1050,0,1000,25.0,25.0,0,1050
11495,2026-06-15,,,50,0,48,1.0,1.0,0,50
11496,2026-06-15,,,760,0,724,18.0,18.0,0,760
11497,2026-06-15,,,450,0,429,10.5,10.5,0,450
11498,2026-06-15,,,880,0,838,21.0,21.0,0,880
11499,2026-06-15,,,280,0,266,7.0,7.0,0,280
11500,2026-06-15,,,1600,0,1523,38.5,38.5,0,1600
11501,2026-06-15,,,300,0,286,7.0,7.0,0,300
11502,2026-06-15,,,600,0,571,14.5,14.5,0,600
11503,2026-06-15,,,100,0,95,2.5,2.5,0,100
11504,2026-06-15,,,6000,0,5711,144.5,144.5,0,6000
11505,2026-06-15,,,2250,0,2143,53.5,53.5,0,2250
11506,2026-06-15,,,4580,0,4363,108.5,108.5,0,4580
11507,2026-06-15,,,1000,0,953,23.5,23.5,0,1000
11508,2026-06-15,,,100,0,95,2.5,2.5,0,100
11509,2026-06-15,,,700,0,667,16.5,16.5,0,700
11510,2026-06-15,PPP,,0,2690,2563,63.5,63.5,0,2690
11511,2026-06-15,,,800,0,762,19.0,19.0,0,800
11512,2026-06-15,,,0,1900,1809,45.5,45.5,0,1900
11513,2026-06-15,PPP,,0,200,190,5.0,5.0,0,200
11514,2026-06-15,,,5020,0,4781,119.5,119.5,0,5020
11515,2026-06-15,,,1200,0,1143,28.5,28.5,0,1200
11516,2026-06-15,,,660,0,628,16.0,16.0,0,660
11517,2026-06-15,,,50,0,48,1.0,1.0,0,50
11518,2026-06-16,CASH,,1000,0,951,24.5,24.5,0,1000
11519,2026-06-16,,,120,0,114,3.0,3.0,0,120
11520,2026-06-16,,,100,0,95,2.5,2.5,0,100
11521,2026-06-16,,,990,0,944,23.0,23.0,0,990
11522,2026-06-16,,,700,0,666,17.0,17.0,0,700
11523,2026-06-16,,,1000,0,952,24.0,24.0,0,1000
11524,2026-06-16,,,2060,0,1961,49.5,49.5,0,2060
11525,2026-06-16,,,1800,0,1714,43.0,43.0,0,1800
11526,2026-06-16,,,650,0,619,15.5,15.5,0,650
11527,2026-06-16,,,400,0,381,9.5,9.5,0,400
11528,2026-06-16,,,630,0,600,15.0,15.0,0,630
11529,2026-06-16,,,80,0,76,2.0,2.0,0,80
11530,2026-06-16,,,400,0,381,9.5,9.5,0,400
11531,2026-06-16,,,250,0,238,6.0,6.0,0,250
11532,2026-06-16,,,350,0,333,8.5,8.5,0,350
11533,2026-06-16,,,350,0,333,8.5,8.5,0,350
11534,2026-06-16,,,840,0,800,20.0,20.0,0,840
11535,2026-06-16,,,100,0,95,2.5,2.5,0,100
11536,2026-06-16,,,750,0,714,18.0,18.0,0,750
11537,2026-06-16,,,100,0,96,2.0,2.0,0,100
11538,2026-06-16,CASH,,1620,0,1543,38.5,38.5,0,1620
11539,2026-06-16,,,400,0,381,9.5,9.5,0,400
11540,2026-06-16,,,130,0,124,3.0,3.0,0,130
11541,2026-06-16,,,1470,0,1400,35.0,35.0,0,1470
11542,2026-06-16,,,280,0,267,6.5,6.5,0,280
11543,2026-06-16,,,200,0,191,4.5,4.5,0,200
11544,2026-06-16,,,370,0,352,9.0,9.0,0,370
11545,2026-06-16,,,650,0,619,15.5,15.5,0,650
11546,2026-06-16,,,3850,0,3666,92.0,92.0,0,3850
11547,2026-06-16,,,6490,0,6182,154.0,154.0,0,6490
11548,2026-06-16,,,80,0,76,2.0,2.0,0,80
11549,2026-06-16,,,1300,0,1238,31.0,31.0,0,1300
11550,2026-06-16,,,3290,0,3134,78.0,78.0,0,3290
11551,2026-06-16,,,570,0,543,13.5,13.5,0,570
11552,2026-06-16,,,1500,0,1429,35.5,35.5,0,1500
11553,2026-06-16,,,140,0,133,3.5,3.5,0,140
11554,2026-06-16,,,650,0,619,15.5,15.5,0,650
11555,2026-06-16,,,100,0,95,2.5,2.5,0,100
11556,2026-06-16,,,1270,0,1209,30.5,30.5,0,1270
11557,2026-06-16,,,0,230,219,5.5,5.5,0,230
11558,2026-06-16,,,1460,0,1391,34.5,34.5,0,1460
11559,2026-06-16,,,470,0,447,11.5,11.5,0,470
11560,2026-06-16,PPP,,0,700,667,16.5,16.5,0,700
11561,2026-06-16,,,150,0,143,3.5,3.5,0,150
11562,2026-06-16,PPP,,0,1010,962,24.0,24.0,0,1010
11563,2026-06-16,,,300,0,286,7.0,7.0,0,300
11564,2026-06-16,,,150,0,143,3.5,3.5,0,150
11565,2026-06-16,,,120,0,114,3.0,3.0,0,120
11566,2026-06-16,,,350,0,333,8.5,8.5,0,350
11567,2026-06-16,PPP,,0,160,152,4.0,4.0,0,160
11568,2026-06-16,,,300,0,286,7.0,7.0,0,300
11569,2026-06-16,PPP,,0,1050,1000,25.0,25.0,0,1050
11570,2026-06-16,,,560,0,533,13.5,13.5,0,560
11571,2026-06-16,,,750,0,714,18.0,18.0,0,750
11572,2026-06-17,CARD,,0,870,828,21.0,21.0,0,870
11573,2026-06-17,CASH,,350,0,333,8.5,8.5,0,350
11574,2026-06-17,,,120,0,114,3.0,3.0,0,120
11575,2026-06-17,,,290,0,277,6.5,6.5,0,290
11576,2026-06-17,,,1050,0,1000,25.0,25.0,0,1050
11577,2026-06-17,,,50,0,48,1.0,1.0,0,50
11578,2026-06-17,,,2000,0,1905,47.5,47.5,0,2000
11579,2026-06-17,,,1200,0,1143,28.5,28.5,0,1200
11580,2026-06-17,,,250,0,238,6.0,6.0,0,250
11581,2026-06-17,,,350,0,333,8.5,8.5,0,350
11582,2026-06-17,,,200,0,190,5.0,5.0,0,200
11583,2026-06-17,,,800,0,762,19.0,19.0,0,800
11584,2026-06-17,,,600,0,571,14.5,14.5,0,600
11585,2026-06-17,CASH,,600,0,571,14.5,14.5,0,600
11586,2026-06-17,,,1400,0,1334,33.0,33.0,0,1400
11587,2026-06-17,,,3550,0,3380,85.0,85.0,0,3550
11588,2026-06-17,,,300,0,286,7.0,7.0,0,300
11589,2026-06-17,CASH,,960,0,915,22.5,22.5,0,960
11590,2026-06-17,,,600,0,571,14.5,14.5,0,600
11591,2026-06-17,,,30,0,29,0.5,0.5,0,30
11592,2026-06-17,,,510,0,486,12.0,12.0,0,510
11593,2026-06-17,,,100,0,95,2.5,2.5,0,100
11594,2026-06-17,,,200,0,190,5.0,5.0,0,200
11595,2026-06-17,,,60,0,57,1.5,1.5,0,60
11596,2026-06-17,,,500,0,476,12.0,12.0,0,500
11597,2026-06-17,CASH,,300,0,286,7.0,7.0,0,300
11598,2026-06-17,,,260,0,248,6.0,6.0,0,260
11599,2026-06-17,,,90,0,86,2.0,2.0,0,90
11600,2026-06-17,,,300,0,286,7.0,7.0,0,300
11601,2026-06-17,,,550,0,524,13.0,13.0,0,550
11602,2026-06-17,,,150,0,143,3.5,3.5,0,150
11603,2026-06-17,,,2500,0,2381,59.5,59.5,0,2500
11604,2026-06-17,,,200,0,190,5.0,5.0,0,200
11605,2026-06-17,,,1000,0,952,24.0,24.0,0,1000
11606,2026-06-17,,,700,0,667,16.5,16.5,0,700
11607,2026-06-17,,,400,0,381,9.5,9.5,0,400
11608,2026-06-17,PPP,,0,940,895,22.5,22.5,0,940
11609,2026-06-17,CASH,,300,0,286,7.0,7.0,0,300
11610,2026-06-17,,,650,0,619,15.5,15.5,0,650
11611,2026-06-17,,,650,0,619,15.5,15.5,0,650
11612,2026-06-17,,,100,0,95,2.5,2.5,0,100
11613,2026-06-17,,,850,0,810,20.0,20.0,0,850
11614,2026-06-17,,,200,0,190,5.0,5.0,0,200
11615,2026-06-17,,,500,0,476,12.0,12.0,0,500
11616,2026-06-17,,,100,0,95,2.5,2.5,0,100
11617,2026-06-18,,,80,0,76,2.0,2.0,0,80
11618,2026-06-18,,,630,0,600,15.0,15.0,0,630
11619,2026-06-18,,,1000,0,953,23.5,23.5,0,1000
11620,2026-06-18,,,700,0,666,17.0,17.0,0,700
11621,2026-06-18,,,280,0,267,6.5,6.5,0,280
11622,2026-06-18,,,120,0,114,3.0,3.0,0,120
11623,2026-06-18,,,2050,0,1952,49.0,49.0,0,2050
11624,2026-06-18,,,100,0,95,2.5,2.5,0,100
11625,2026-06-18,,,250,0,238,6.0,6.0,0,250
11626,2026-06-18,,,650,0,619,15.5,15.5,0,650
11627,2026-06-18,,,150,0,143,3.5,3.5,0,150
11628,2026-06-18,,,300,0,286,7.0,7.0,0,300
11629,2026-06-18,,,200,0,190,5.0,5.0,0,200
11630,2026-06-18,,,870,0,828,21.0,21.0,0,870
11631,2026-06-18,,,3400,0,3238,81.0,81.0,0,3400
11632,2026-06-18,,,150,0,143,3.5,3.5,0,150
11633,2026-06-18,,,600,0,571,14.5,14.5,0,600
11634,2026-06-18,,,400,0,381,9.5,9.5,0,400
11635,2026-06-18,,,200,0,190,5.0,5.0,0,200
11636,2026-06-18,CASH,,1380,0,1315,32.5,32.5,0,1380
11637,2026-06-18,,,520,0,495,12.5,12.5,0,520
11638,2026-06-18,,,500,0,476,12.0,12.0,0,500
11639,2026-06-18,,,1750,0,1666,42.0,42.0,0,1750
11640,2026-06-18,,,50,0,48,1.0,1.0,0,50
11641,2026-06-18,,,400,0,381,9.5,9.5,0,400
11642,2026-06-18,,,550,0,524,13.0,13.0,0,550
11643,2026-06-18,,,650,0,619,2.5,2.5,0,650
11644,2026-06-18,,,1300,0,1238,31.0,31.0,0,1300
11645,2026-06-18,,,700,0,667,16.5,16.5,0,700
11646,2026-06-18,,,240,0,229,5.5,5.5,0,240
11647,2026-06-18,,,1700,0,1619,40.5,40.5,0,1700
11648,2026-06-18,,,1650,0,1571,39.5,39.5,0,1650
11649,2026-06-18,,,560,0,533,13.5,13.5,0,560
11650,2026-06-18,,,1050,0,1000,25.0,25.0,0,1050
11651,2026-06-18,,,650,0,619,15.5,15.5,0,650
11652,2026-06-18,,,800,0,762,19.0,19.0,0,800
11653,2026-06-18,,,60,0,57,1.5,1.5,0,60
11654,2026-06-18,,,850,0,810,20.0,20.0,0,850
11655,2026-06-18,,,50,0,48,1.0,1.0,0,50
11656,2026-06-18,,,300,0,286,7.0,7.0,0,300
11657,2026-06-18,,,80,0,76,2.0,2.0,0,80
11658,2026-06-18,,,600,0,571,14.5,14.5,0,600
11659,2026-06-18,,,280,0,267,6.5,6.5,0,280
11660,2026-06-18,,,500,0,476,12.0,12.0,0,500
11661,2026-06-19,,,80,0,76,2.0,2.0,0,80
11662,2026-06-19,,,350,0,333,8.5,8.5,0,350
11663,2026-06-19,,,120,0,114,3.0,3.0,0,120
11664,2026-06-19,,,250,0,238,6.0,6.0,0,250
11665,2026-06-19,,,1470,0,1400,35.0,35.0,0,1470
11666,2026-06-19,,,150,0,143,3.5,3.5,0,150
11667,2026-06-19,,,240,0,229,5.5,5.5,0,240
11668,2026-06-19,,,350,0,333,8.5,8.5,0,350
11669,2026-06-19,,,160,0,152,4.0,4.0,0,160
11670,2026-06-19,,,1640,0,1562,39.0,39.0,0,1640
11671,2026-06-19,,,450,0,428,11.0,11.0,0,450
11672,2026-06-19,,,250,0,238,6.0,6.0,0,250
11673,2026-06-19,,,160,0,152,4.0,4.0,0,160
11674,2026-06-19,,,360,0,343,8.5,8.5,0,360
11675,2026-06-19,,,400,0,381,9.5,9.5,0,400
11676,2026-06-19,,,800,0,762,19.0,19.0,0,800
11677,2026-06-19,,,300,0,285,7.5,7.5,0,300
11678,2026-06-19,,,100,0,95,2.5,2.5,0,100
11679,2026-06-19,,,100,0,95,2.5,2.5,0,100
11680,2026-06-19,,,600,0,571,14.5,14.5,0,600
11681,2026-06-19,,,1000,0,952,24.0,24.0,0,1000
11682,2026-06-19,,,350,0,333,8.5,8.5,0,350
11683,2026-06-19,,,350,0,333,8.5,8.5,0,350
11684,2026-06-19,,,980,0,933,23.5,23.5,0,980
11685,2026-06-19,,,80,0,76,2.0,2.0,0,80
11686,2026-06-19,,,2580,0,2457,61.5,61.5,0,2580
11687,2026-06-19,,,2740,0,2611,64.5,64.5,0,2740
11688,2026-06-19,,,350,0,333,8.5,8.5,0,350
11689,2026-06-19,,,600,0,572,14.0,14.0,0,600
11690,2026-06-19,,,0,550,524,13.0,13.0,0,550
11691,2026-06-19,CASH,,2520,0,2400,60.0,60.0,0,2520
11692,2026-06-19,,,120,0,114,3.0,3.0,0,120
11693,2026-06-19,,,2550,0,2428,61.0,61.0,0,2550
11694,2026-06-19,,,610,0,581,14.5,14.5,0,610
11695,2026-06-19,,,1050,0,1000,25.0,25.0,0,1050
11696,2026-06-19,,,200,0,190,5.0,5.0,0,200
11697,2026-06-19,,,1840,0,1752,44.0,44.0,0,1840
11698,2026-06-19,,,120,0,114,3.0,3.0,0,120
11699,2026-06-19,,,2900,0,2762,69.0,69.0,0,2900
11700,2026-06-19,,,1200,0,1143,28.5,28.5,0,1200
11701,2026-06-19,,,660,0,629,15.5,15.5,0,660
11702,2026-06-19,,,420,0,400,10.0,10.0,0,420
11703,2026-06-19,,,500,0,476,12.0,12.0,0,500
11704,2026-06-19,,,300,0,286,7.0,7.0,0,300
11705,2026-06-19,,,2140,0,2039,50.5,50.5,0,2140
11706,2026-06-19,,,1700,0,1618,41.0,41.0,0,1700
11707,2026-06-19,,,2500,0,2381,59.5,59.5,0,2500
11708,2026-06-19,,,250,0,238,6.0,6.0,0,250
11709,2026-06-19,,,240,0,229,5.5,5.5,0,240
11710,2026-06-19,,,300,0,286,7.0,7.0,0,300
11711,2026-06-19,,,7190,0,6849,170.5,170.5,0,7190
11712,2026-06-19,,,250,0,238,6.0,6.0,0,250
11713,2026-06-19,,,7150,0,6809,170.5,170.5,0,7150
11714,2026-06-19,,,100,0,95,2.5,2.5,0,100
11715,2026-06-19,,,80,0,76,2.0,2.0,0,80
11716,2026-06-20,,,800,0,762,19.0,19.0,0,800
11717,2026-06-20,,,1700,0,1619,40.5,40.5,0,1700
11718,2026-06-20,,,320,0,305,7.5,7.5,0,320
11719,2026-06-20,,,350,0,333,8.5,8.5,0,350
11720,2026-06-20,,,250,0,238,6.0,6.0,0,250
11721,2026-06-20,,,300,0,286,7.0,7.0,0,300
11722,2026-06-20,,,800,0,761,19.5,19.5,0,800
11723,2026-06-20,,,570,0,543,13.5,13.5,0,570
11724,2026-06-20,,,730,0,695,17.5,17.5,0,730
11725,2026-06-20,,,250,0,238,6.0,6.0,0,250
11726,2026-06-20,,,240,0,229,5.5,5.5,0,240
11727,2026-06-20,,,800,0,762,19.0,19.0,0,800
11728,2026-06-20,,,400,0,381,9.5,9.5,0,400
11729,2026-06-20,,,2910,0,2772,69.0,69.0,0,2910
11730,2026-06-20,,,400,0,381,9.5,9.5,0,400
11731,2026-06-20,,,1050,0,1000,25.0,25.0,0,1050
11732,2026-06-20,,,1900,0,1809,45.5,45.5,0,1900
11733,2026-06-20,,,1500,0,1428,36.0,36.0,0,1500
11734,2026-06-20,,,1600,0,1524,38.0,38.0,0,1600
11735,2026-06-20,,,300,0,286,7.0,7.0,0,300
11736,2026-06-20,,,580,0,553,13.5,13.5,0,580
11737,2026-06-20,,,1200,0,1143,28.5,28.5,0,1200
11738,2026-06-20,,,550,0,524,13.0,13.0,0,550
11739,2026-06-20,,,2660,0,2533,63.5,63.5,0,2660
11740,2026-06-20,,,370,0,352,9.0,9.0,0,370
11741,2026-06-20,,,2560,0,2438,61.0,61.0,0,2560
11742,2026-06-20,,,490,0,467,11.5,11.5,0,490
11743,2026-06-20,,,1050,0,1000,25.0,25.0,0,1050
11744,2026-06-20,,,150,0,143,3.5,3.5,0,150
11745,2026-06-20,,,0,710,676,17.0,17.0,0,710
11746,2026-06-20,CASH,,1840,0,1752,44.0,44.0,0,1840
11747,2026-06-20,,,1500,0,1428,36.0,36.0,0,1500
11748,2026-06-20,,,0,980,932,24.0,24.0,0,980
11749,2026-06-20,,,500,0,476,12.0,12.0,0,500
11750,2026-06-20,PPP,,0,260,248,6.0,6.0,0,260
11751,2026-06-20,PPP,,0,650,619,15.5,15.5,0,650
11752,2026-06-20,,,1220,0,1161,29.5,29.5,0,1220
11753,2026-06-20,PPP,,0,460,438,11.0,11.0,0,460
11754,2026-06-20,PPP,,0,600,571,14.5,14.5,0,600
11755,2026-06-20,PPP,,0,120,114,3.0,3.0,0,120
11756,2026-06-20,PPP,,0,650,619,15.5,15.5,0,650
11757,2026-06-20,,,350,0,333,8.5,8.5,0,350
11758,2026-06-20,,,650,0,619,15.5,15.5,0,650
11759,2026-06-20,,,300,0,286,7.0,7.0,0,300
11760,2026-06-20,,,4810,0,4581,114.5,114.5,0,4810
11761,2026-06-20,,,1380,0,1314,33.0,33.0,0,1380
11762,2026-06-20,,,100,0,96,2.0,2.0,0,100
11763,2026-06-20,,,200,0,190,5.0,5.0,0,200
11764,2026-06-20,,,1260,0,1200,30.0,30.0,0,1260
11765,2026-06-20,,,320,0,305,7.5,7.5,0,320
11766,2026-06-20,,,2200,0,2096,52.0,52.0,0,2200
11767,2026-06-20,,,1300,0,1238,31.0,31.0,0,1300
11768,2026-06-20,,,250,0,238,6.0,6.0,0,250
11769,2026-06-20,,,350,0,333,8.5,8.5,0,350
11770,2026-06-20,,,400,0,381,9.5,9.5,0,400
11771,2026-06-20,,,300,0,286,7.0,7.0,0,300
11772,2026-06-20,,,200,0,190,5.0,5.0,0,200
11773,2026-06-20,,,2300,0,2191,54.5,54.5,0,2300
11774,2026-06-20,,,550,0,524,13.0,13.0,0,550
11775,2026-06-20,,,600,0,571,14.5,14.5,0,600
11776,2026-06-20,,,100,0,95,2.5,2.5,0,100
11777,2026-06-20,,,910,0,867,21.5,21.5,0,910
11778,2026-06-20,,,2590,0,2467,61.5,61.5,0,2590
11779,2026-06-20,,,30,0,29,0.5,0.5,0,30
11780,2026-06-20,,,700,0,666,17.0,17.0,0,700
11781,2026-06-20,,,550,0,524,13.0,13.0,0,550
11782,2026-06-20,,,1450,0,1381,34.5,34.5,0,1450
11783,2026-06-20,,,1000,0,952,24.0,24.0,0,1000
11784,2026-06-20,,,130,0,124,3.0,3.0,0,130
11785,2026-06-20,PPP,,0,2300,2189,55.5,55.5,0,2300
11786,2026-06-20,,,700,0,667,16.5,16.5,0,700
11787,2026-06-20,CASH,,3210,0,3058,76.0,76.0,0,3210
11788,2026-06-20,,,2950,0,2810,70.0,70.0,0,2950
11789,2026-06-20,,,0,900,857,21.5,21.5,0,900
11790,2026-06-20,,,0,50,48,1.0,1.0,0,50
11791,2026-06-20,,,150,0,143,3.5,3.5,0,150
11792,2026-06-20,,,1000,0,953,23.5,23.5,0,1000
11793,2026-06-20,,,0,570,542,14.0,14.0,0,570
11794,2026-06-21,CASH,,150,0,143,3.5,3.5,0,150
11795,2026-06-21,,,460,0,438,11.0,11.0,0,460
11796,2026-06-21,,,850,0,810,20.0,20.0,0,850
11797,2026-06-21,,,240,0,229,5.5,5.5,0,240
11798,2026-06-21,,,0,2620,2494,63.0,63.0,0,2620
11799,2026-06-21,,,1420,0,1352,34.0,34.0,0,1420
11800,2026-06-21,,,0,1350,1286,32.0,32.0,0,1350
11801,2026-06-21,,,1800,0,1715,42.5,42.5,0,1800
11802,2026-06-21,,,240,0,229,5.5,5.5,0,240
11803,2026-06-21,,,150,0,143,3.5,3.5,0,150
11804,2026-06-21,,,590,0,562,14.0,14.0,0,590
11805,2026-06-21,,,120,0,114,3.0,3.0,0,120
11806,2026-06-21,,,150,0,143,3.5,3.5,0,150
11807,2026-06-21,,,150,0,143,3.5,3.5,0,150
11808,2026-06-21,,,780,0,742,19.0,19.0,0,780
11809,2026-06-21,PPP,,0,2060,1962,49.0,49.0,0,2060
11810,2026-06-21,,,200,0,190,5.0,5.0,0,200
11811,2026-06-21,,,1000,0,952,24.0,24.0,0,1000
11812,2026-06-21,,,500,0,476,12.0,12.0,0,500
11813,2026-06-21,,,0,3070,2923,73.5,73.5,0,3070
11814,2026-06-21,,,500,0,476,12.0,12.0,0,500
11815,2026-06-21,,,7910,0,7533,188.5,188.5,0,7910
11816,2026-06-21,,,3170,0,3018,76.0,76.0,0,3170
11817,2026-06-21,,,0,1050,1000,25.0,25.0,0,1050
11818,2026-06-21,,,800,0,762,19.0,19.0,0,800
11819,2026-06-21,,,130,0,124,3.0,3.0,0,130
11820,2026-06-21,,,2620,0,2495,62.5,62.5,0,2620
11821,2026-06-21,,,250,0,238,6.0,6.0,0,250
11822,2026-06-21,,,2350,0,2238,56.0,56.0,0,2350
11823,2026-06-21,CARD,,0,4000,3809,95.5,95.5,0,4000
11824,2026-06-21,,,900,0,857,21.5,21.5,0,900
11825,2026-06-21,,,3510,0,3343,83.5,83.5,0,3510
11826,2026-06-21,,,150,0,143,3.5,3.5,0,150
11827,2026-06-21,,,600,0,571,14.5,14.5,0,600
11828,2026-06-21,,,300,0,286,7.0,7.0,0,300
11829,2026-06-21,,,1950,0,1857,46.5,46.5,0,1950
11830,2026-06-21,PPP,,0,310,296,7.0,7.0,0,310
11831,2026-06-21,,,0,880,838,21.0,21.0,0,880
11832,2026-06-21,,,0,100,95,2.5,2.5,0,100
11833,2026-06-21,,,700,0,667,16.5,16.5,0,700
11834,2026-06-21,,,260,0,248,6.0,6.0,0,260
11835,2026-06-21,,,260,0,248,6.0,6.0,0,260
11836,2026-06-21,,,1070,0,1019,25.5,25.5,0,1070
11837,2026-06-21,,,300,0,286,7.0,7.0,0,300
11838,2026-06-21,,,240,0,229,5.5,5.5,0,240
11839,2026-06-21,,,630,0,600,15.0,15.0,0,630
11840,2026-06-21,,,240,0,229,5.5,5.5,0,240
11841,2026-06-21,,,580,0,552,14.0,14.0,0,580
11842,2026-06-21,,,700,0,667,16.5,16.5,0,700
11843,2026-06-21,PPP,,0,710,676,17.0,17.0,0,710
11844,2026-06-21,,,500,0,476,12.0,12.0,0,500
11845,2026-06-21,,,250,0,238,6.0,6.0,0,250
11846,2026-06-21,,,350,0,333,8.5,8.5,0,350
11847,2026-06-21,PPP,,0,300,286,7.0,7.0,0,300
11848,2026-06-21,,,600,0,571,14.5,14.5,0,600
11849,2026-06-21,,,0,300,285,7.5,7.5,0,300
11850,2026-06-21,,,120,0,114,3.0,3.0,0,120
11851,2026-06-21,,,0,1800,1714,43.0,43.0,0,1800
11852,2026-06-21,,,350,0,333,8.5,8.5,0,350
11853,2026-06-21,,,1500,0,1429,35.5,35.5,0,1500
11854,2026-06-21,,,750,0,714,18.0,18.0,0,750
11855,2026-06-21,,,2060,0,1961,49.5,49.5,0,2060
11856,2026-06-21,,,1100,0,1047,26.5,26.5,0,1100
11857,2026-06-21,,,600,0,571,14.5,14.5,0,600
11858,2026-06-21,,,400,0,381,9.5,9.5,0,400
11859,2026-06-21,,,1000,0,953,23.5,23.5,0,1000
11860,2026-06-21,,,1000,0,953,23.5,23.5,0,1000
11861,2026-06-21,,,150,0,143,3.5,3.5,0,150
11862,2026-06-21,,,200,0,190,5.0,5.0,0,200
11863,2026-06-21,CASH,,200,0,190,5.0,5.0,0,200
11864,2026-06-21,,,100,0,95,2.5,2.5,0,100
11865,2026-06-21,,,120,0,114,3.0,3.0,0,120
11866,2026-06-21,,,240,0,229,5.5,5.5,0,240
11867,2026-06-21,,,380,0,361,9.5,9.5,0,380
11868,2026-06-21,,,2480,0,2362,59.0,59.0,0,2480
11869,2026-06-21,,,1450,0,1381,34.5,34.5,0,1450
11870,2026-06-21,,,850,0,809,20.5,20.5,0,850
11871,2026-06-21,,,400,0,381,9.5,9.5,0,400
11872,2026-06-21,,,1340,0,1276,32.0,32.0,0,1340
11873,2026-06-21,,,240,0,229,5.5,5.5,0,240
11874,2026-06-21,,,400,0,381,9.5,9.5,0,400
11875,2026-06-21,PPP,,0,250,238,6.0,6.0,0,250
11876,2026-06-21,PPP,,0,950,905,22.5,22.5,0,950
11877,2026-06-21,PPP,,0,720,686,17.0,17.0,0,720
11878,2026-06-21,CASH,,400,0,381,9.5,9.5,0,400
11879,2026-06-21,,,350,0,333,8.5,8.5,0,350
11880,2026-06-21,,,1150,0,1095,27.5,27.5,0,1150
11881,2026-06-21,PPP,,0,1610,1534,38.0,38.0,0,1610
11882,2026-06-21,PPP,,0,420,400,10.0,10.0,0,420
11883,2026-06-21,,,0,100,95,2.5,2.5,0,100
11884,2026-06-21,,,2720,0,2590,65.0,65.0,0,2720
11885,2026-06-21,,,720,0,685,17.5,17.5,0,720
11886,2026-06-21,PPP,,0,1280,1219,30.5,30.5,0,1280
11887,2026-06-22,CASH,,120,0,114,3.0,3.0,0,120
11888,2026-06-22,,,570,0,543,13.5,13.5,0,570
11889,2026-06-22,,,350,0,333,8.5,8.5,0,350
11890,2026-06-22,,,500,0,476,12.0,12.0,0,500
11891,2026-06-22,,,260,0,248,6.0,6.0,0,260
11892,2026-06-22,,,150,0,143,3.5,3.5,0,150
11893,2026-06-22,,,1320,0,1257,31.5,31.5,0,1320
11894,2026-06-22,,,160,0,152,4.0,4.0,0,160
11895,2026-06-22,,,30,0,29,0.5,0.5,0,30
11896,2026-06-22,,,3800,0,3618,91.0,91.0,0,3800
11897,2026-06-22,,,2900,0,2762,69.0,69.0,0,2900
11898,2026-06-22,,,400,0,381,9.5,9.5,0,400
11899,2026-06-22,,,400,0,381,9.5,9.5,0,400
11900,2026-06-22,,,140,0,133,3.5,3.5,0,140
11901,2026-06-22,,,1110,0,1058,26.0,26.0,0,1110
11902,2026-06-22,,,700,0,667,16.5,16.5,0,700
11903,2026-06-22,,,700,0,667,16.5,16.5,0,700
11904,2026-06-22,,,850,0,810,20.0,20.0,0,850
11905,2026-06-22,,,150,0,143,3.5,3.5,0,150
11906,2026-06-22,,,430,0,410,10.0,10.0,0,430
11907,2026-06-22,,,100,0,95,2.5,2.5,0,100
11908,2026-06-22,PPP,,0,1130,1076,27.0,27.0,0,1130
11909,2026-06-22,PPP,,0,480,457,11.5,11.5,0,480
11910,2026-06-22,,,150,0,143,3.5,3.5,0,150
11911,2026-06-22,PPP,,0,400,381,9.5,9.5,0,400
11912,2026-06-22,,,240,0,229,5.5,5.5,0,240
11913,2026-06-22,CASH,,780,0,743,18.5,18.5,0,780
11914,2026-06-22,,,300,0,286,7.0,7.0,0,300
11915,2026-06-22,,,300,0,286,7.0,7.0,0,300
11916,2026-06-22,,,150,0,143,3.5,3.5,0,150
11917,2026-06-22,,,600,0,571,14.5,14.5,0,600
11918,2026-06-22,PPP,,0,440,419,10.5,10.5,0,440
11919,2026-06-22,,,0,540,515,12.5,12.5,0,540
11920,2026-06-22,PPP,,0,850,809,20.5,20.5,0,850
11921,2026-06-22,,,350,0,333,8.5,8.5,0,350
11922,2026-06-22,,,100,0,95,2.5,2.5,0,100
11923,2026-06-22,,,0,400,381,9.5,9.5,0,400
11924,2026-06-22,,,350,0,333,8.5,8.5,0,350
11925,2026-06-22,PPP,,0,550,524,13.0,13.0,0,550
11926,2026-06-22,PPP,,0,870,828,21.0,21.0,0,870
11927,2026-06-22,,,0,1250,1190,30.0,30.0,0,1250
11928,2026-06-22,,,0,800,762,19.0,19.0,0,800
11929,2026-06-22,,,0,350,333,8.5,8.5,0,350
11930,2026-06-22,PPP,,0,600,571,14.5,14.5,0,600
11931,2026-06-22,,,50,0,48,1.0,1.0,0,50
11932,2026-06-22,,,1720,0,1638,41.0,41.0,0,1720
11933,2026-06-22,,,460,0,438,11.0,11.0,0,460
11934,2026-06-22,,,850,0,810,20.0,20.0,0,850
11935,2026-06-22,,,470,0,447,11.5,11.5,0,470
11936,2026-06-22,,,50,0,48,1.0,1.0,0,50
11937,2026-06-22,,,150,0,143,3.5,3.5,0,150
11938,2026-06-22,,,550,0,524,13.0,13.0,0,550
11939,2026-06-22,,,600,0,571,14.5,14.5,0,600
11940,2026-06-22,,,50,0,48,1.0,1.0,0,50
11941,2026-06-22,,,150,0,143,3.5,3.5,0,150
11942,2026-06-22,,,460,0,438,11.0,11.0,0,460
11943,2026-06-22,,,250,0,238,6.0,6.0,0,250
11944,2026-06-22,,,2180,0,2077,51.5,51.5,0,2180
11945,2026-06-22,,,600,0,571,14.5,14.5,0,600
11946,2026-06-22,,,0,2200,2094,53.0,53.0,0,2200
11947,2026-06-22,,,0,1230,1171,29.5,29.5,0,1230
11948,2026-06-22,,,350,0,333,8.5,8.5,0,350
11949,2026-06-22,,,300,0,286,7.0,7.0,0,300
11950,2026-06-22,,,500,0,477,11.5,11.5,0,500
11951,2026-06-22,,,660,0,629,15.5,15.5,0,660
11952,2026-06-22,,,50,0,48,1.0,1.0,0,50
11953,2026-06-22,,,150,0,143,3.5,3.5,0,150
11954,2026-06-22,,,50,0,48,1.0,1.0,0,50
11955,2026-06-22,CASH,,550,0,524,13.0,13.0,0,550
11956,2026-06-22,,,770,0,733,18.5,18.5,0,770
11957,2026-06-23,CASH,,900,0,857,21.5,21.5,0,900
11958,2026-06-23,,,400,0,381,9.5,9.5,0,400
11959,2026-06-23,,,1000,0,952,24.0,24.0,0,1000
11960,2026-06-23,,,400,0,381,9.5,9.5,0,400
11961,2026-06-23,,,1220,0,1162,29.0,29.0,0,1220
11962,2026-06-23,PPP,,0,410,390,10.0,10.0,0,410
11963,2026-06-23,,,600,0,571,14.5,14.5,0,600
11964,2026-06-23,,,1800,0,1714,43.0,43.0,0,1800
11965,2026-06-23,,,1200,0,1143,28.5,28.5,0,1200
11966,2026-06-23,SWAMI SIR BILL,,7450,0,7095,177.5,177.5,0,7450
11967,2026-06-23,,,0,250,238,6.0,6.0,0,250
11968,2026-06-23,,,800,0,762,19.0,19.0,0,800
11969,2026-06-23,,,100,0,95,2.5,2.5,0,100
11970,2026-06-23,,,450,0,429,10.5,10.5,0,450
11971,2026-06-23,,,990,0,943,23.5,23.5,0,990
11972,2026-06-23,,,120,0,114,3.0,3.0,0,120
11973,2026-06-23,,,500,0,476,12.0,12.0,0,500
11974,2026-06-23,,,300,0,286,7.0,7.0,0,300
11975,2026-06-23,,,370,0,352,9.0,9.0,0,370
11976,2026-06-23,,,680,0,648,16.0,16.0,0,680
11977,2026-06-23,,,280,0,266,7.0,7.0,0,280
11978,2026-06-23,PPP,,0,600,571,14.5,14.5,0,600
11979,2026-06-23,,,500,0,476,12.0,12.0,0,500
11980,2026-06-23,,,50,0,48,1.0,1.0,0,50
11981,2026-06-23,,,1100,0,1048,26.0,26.0,0,1100
11982,2026-06-23,CASH,,3110,0,2961,74.5,74.5,0,3110
11983,2026-06-23,,,1000,0,952,24.0,24.0,0,1000
11984,2026-06-23,,,1350,0,1286,32.0,32.0,0,1350
11985,2026-06-23,,,700,0,666,17.0,17.0,0,700
11986,2026-06-23,,,460,0,438,11.0,11.0,0,460
11987,2026-06-23,,,700,0,667,16.5,16.5,0,700
11988,2026-06-23,,,380,0,362,9.0,9.0,0,380
11989,2026-06-23,,,500,0,476,12.0,12.0,0,500
11990,2026-06-23,PPP,,0,1830,1744,43.0,43.0,0,1830
11991,2026-06-23,,,650,0,619,15.5,15.5,0,650
11992,2026-06-23,,,0,550,524,13.0,13.0,0,550
11993,2026-06-23,,,620,0,590,15.0,15.0,0,620
11994,2026-06-23,,,400,0,380,10.0,10.0,0,400
11995,2026-06-23,,,1300,0,1238,31.0,31.0,0,1300
11996,2026-06-23,,,1350,0,1285,32.5,32.5,0,1350
11997,2026-06-23,,,550,0,523,13.5,13.5,0,550
11998,2026-06-23,,,1350,0,1285,32.5,32.5,0,1350
11999,2026-06-23,,,50,0,48,1.0,1.0,0,50
12000,2026-06-23,,,200,0,190,5.0,5.0,0,200
12001,2026-06-23,,,520,0,495,12.5,12.5,0,520
12002,2026-06-23,,,0,450,429,10.5,10.5,0,450
12003,2026-06-23,,,480,0,457,11.5,11.5,0,480
12004,2026-06-23,,,3280,0,3123,78.5,78.5,0,3280
12005,2026-06-23,,,120,0,114,3.0,3.0,0,120
12006,2026-06-23,,,450,0,429,10.5,10.5,0,450
12007,2026-06-23,,,50,0,48,1.0,1.0,0,50
12008,2026-06-23,PPP,,0,1250,1190,30.0,30.0,0,1250
12009,2026-06-23,,,150,0,143,3.5,3.5,0,150
12010,2026-06-23,,,0,870,829,20.5,20.5,0,870
12011,2026-06-23,,,0,650,619,15.5,15.5,0,650
12012,2026-06-23,,,640,0,610,15.0,15.0,0,640
12013,2026-06-23,,,300,0,286,7.0,7.0,0,300
12014,2026-06-23,CASH,,400,0,381,9.5,9.5,0,400
12015,2026-06-23,,,450,0,429,10.5,10.5,0,450
12016,2026-06-23,,,800,0,762,19.0,19.0,0,800
12017,2026-06-24,,,150,0,143,3.5,3.5,0,150
12018,2026-06-24,,,100,0,95,2.5,2.5,0,100
12019,2026-06-24,,,1350,0,1286,32.0,32.0,0,1350
12020,2026-06-24,,,200,0,190,5.0,5.0,0,200
12021,2026-06-24,,,150,0,143,3.5,3.5,0,150
12022,2026-06-24,,,350,0,333,8.5,8.5,0,350
12023,2026-06-24,,,50,0,48,1.0,1.0,0,50
12024,2026-06-24,,,300,0,286,7.0,7.0,0,300
12025,2026-06-24,,,350,0,333,8.5,8.5,0,350
12026,2026-06-24,,,350,0,333,8.5,8.5,0,350
12027,2026-06-24,,,600,0,571,14.5,14.5,0,600
12028,2026-06-24,,,1350,0,1286,32.0,32.0,0,1350
12029,2026-06-24,,,100,0,95,2.5,2.5,0,100
12030,2026-06-24,,,200,0,190,5.0,5.0,0,200
12031,2026-06-24,,,1200,0,1143,28.5,28.5,0,1200
12032,2026-06-24,,,900,0,858,21.0,21.0,0,900
12033,2026-06-24,,,2240,0,2135,52.5,52.5,0,2240
12034,2026-06-24,,,500,0,476,12.0,12.0,0,500
12035,2026-06-24,,,2620,0,2495,62.5,62.5,0,2620
12036,2026-06-24,PPP,,0,800,762,19.0,19.0,0,800
12037,2026-06-24,,,300,0,286,7.0,7.0,0,300
12038,2026-06-24,,,350,0,333,8.5,8.5,0,350
12039,2026-06-24,,,250,0,238,6.0,6.0,0,250
12040,2026-06-24,,,550,0,524,13.0,13.0,0,550
12041,2026-06-24,,,200,0,190,5.0,5.0,0,200
12042,2026-06-24,,,300,0,286,7.0,7.0,0,300
12043,2026-06-24,,,200,0,190,5.0,5.0,0,200
12044,2026-06-24,,,1300,0,1238,31.0,31.0,0,1300
12045,2026-06-24,,,50,0,48,1.0,1.0,0,50
12046,2026-06-24,,,1550,0,1477,36.5,36.5,0,1550
12047,2026-06-24,,,150,0,143,3.5,3.5,0,150
12048,2026-06-24,,,1050,0,1000,25.0,25.0,0,1050
12049,2026-06-24,,,120,0,114,3.0,3.0,0,120
12050,2026-06-24,,,500,0,476,12.0,12.0,0,500
12051,2026-06-24,,,300,0,286,7.0,7.0,0,300
12052,2026-06-24,,,400,0,380,10.0,10.0,0,400
12053,2026-06-24,,,3260,0,3105,77.5,77.5,0,3260
12054,2026-06-24,,,300,0,286,7.0,7.0,0,300
12055,2026-06-24,,,1800,0,1713,43.5,43.5,0,1800
12056,2026-06-24,,,500,0,476,12.0,12.0,0,500
12057,2026-06-24,,,10590,0,10087,251.5,251.5,0,10590
12058,2026-06-24,,,350,0,333,8.5,8.5,0,350
12059,2026-06-24,,,5270,0,5020,125.0,125.0,0,5270
12060,2026-06-24,,,300,0,286,7.0,7.0,0,300
12061,2026-06-24,,,850,0,810,20.0,20.0,0,850
12062,2026-06-24,,,250,0,238,6.0,6.0,0,250
12063,2026-06-24,,,550,0,524,13.0,13.0,0,550
12064,2026-06-24,,,550,0,524,13.0,13.0,0,550
12065,2026-06-24,,,1150,0,1095,27.5,27.5,0,1150
12066,2026-06-24,,,350,0,333,8.5,8.5,0,350
12067,2026-06-24,,,80,0,76,2.0,2.0,0,80
12068,2026-06-24,,,500,0,476,12.0,12.0,0,500
12069,2026-06-24,,,600,0,571,14.5,14.5,0,600
12070,2026-06-24,,,200,0,190,5.0,5.0,0,200
12071,2026-06-24,,,120,0,114,3.0,3.0,0,120
12072,2026-06-24,,,60,0,57,1.5,1.5,0,60
12073,2026-06-24,,,200,0,190,5.0,5.0,0,200
12074,2026-06-24,,,800,0,762,19.0,19.0,0,800
12075,2026-06-24,,,400,0,381,9.5,9.5,0,400
12076,2026-06-24,,,260,0,248,6.0,6.0,0,260
12077,2026-06-25,CASH,,520,0,495,12.5,12.5,0,520
12078,2026-06-25,,,1220,0,1161,29.5,29.5,0,1220
12079,2026-06-25,,,300,0,285,7.5,7.5,0,300
12080,2026-06-25,,,260,0,248,6.0,6.0,0,260
12081,2026-06-25,,,3320,0,3163,78.5,78.5,0,3320
12082,2026-06-25,,,1000,0,952,24.0,24.0,0,1000
12083,2026-06-25,PPP,,0,1200,1143,28.5,28.5,0,1200
12084,2026-06-25,,,1100,0,1047,26.5,26.5,0,1100
12085,2026-06-25,,,400,0,381,9.5,9.5,0,400
12086,2026-06-25,,,1100,0,1048,26.0,26.0,0,1100
12087,2026-06-25,PPP,,0,200,190,5.0,5.0,0,200
12088,2026-06-25,,,100,0,95,2.5,2.5,0,100
12089,2026-06-25,,,2600,0,2477,61.5,61.5,0,2600
12090,2026-06-25,,,2000,0,1905,47.5,47.5,0,2000
12091,2026-06-25,,,300,0,286,7.0,7.0,0,300
12092,2026-06-25,,,900,0,857,21.5,21.5,0,900
12093,2026-06-25,,,520,0,495,12.5,12.5,0,520
12094,2026-06-25,,,390,0,371,9.5,9.5,0,390
12095,2026-06-25,,,50,0,48,1.0,1.0,0,50
12096,2026-06-25,,,150,0,143,3.5,3.5,0,150
12097,2026-06-25,,,1440,0,1371,34.5,34.5,0,1440
12098,2026-06-25,,,1990,0,1896,47.0,47.0,0,1990
12099,2026-06-25,,,150,0,143,3.5,3.5,0,150
12100,2026-06-25,,,1000,0,953,23.5,23.5,0,1000
12101,2026-06-25,,,150,0,143,3.5,3.5,0,150
12102,2026-06-25,,,120,0,114,3.0,3.0,0,120
12103,2026-06-25,,,250,0,238,6.0,6.0,0,250
12104,2026-06-25,,,400,0,381,9.5,9.5,0,400
12105,2026-06-25,,,200,0,190,5.0,5.0,0,200
12106,2026-06-25,,,150,0,143,3.5,3.5,0,150
12107,2026-06-25,,,800,0,762,19.0,19.0,0,800
12108,2026-06-25,,,50,0,48,1.0,1.0,0,50
12109,2026-06-25,,,580,0,552,14.0,14.0,0,580
12110,2026-06-25,,,440,0,419,10.5,10.5,0,440
12111,2026-06-25,,,250,0,238,6.0,6.0,0,250
12112,2026-06-25,,,150,0,143,3.5,3.5,0,150
12113,2026-06-25,,,260,0,248,6.0,6.0,0,260
12114,2026-06-25,,,250,0,238,6.0,6.0,0,250
12115,2026-06-25,,,0,400,381,9.5,9.5,0,400
12116,2026-06-25,,,0,400,381,9.5,9.5,0,400
12117,2026-06-25,,,300,0,286,7.0,7.0,0,300
12118,2026-06-25,,,1850,0,1761,44.5,44.5,0,1850
12119,2026-06-25,,,1020,0,971,24.5,24.5,0,1020
12120,2026-06-25,,,100,0,95,2.5,2.5,0,100
12121,2026-06-25,,,3400,0,3237,81.5,81.5,0,3400
12122,2026-06-25,,,350,0,333,8.5,8.5,0,350
12123,2026-06-25,,,1150,0,1095,27.5,27.5,0,1150
12124,2026-06-25,,,50,0,48,1.0,1.0,0,50
12125,2026-06-25,,,2420,0,2304,58.0,58.0,0,2420
12126,2026-06-25,,,120,0,114,3.0,3.0,0,120
12127,2026-06-25,,,1250,0,1190,30.0,30.0,0,1250
12128,2026-06-25,,,40,0,38,1.0,1.0,0,40
12129,2026-06-25,,,1000,0,953,23.5,23.5,0,1000
12130,2026-06-25,,,690,0,657,16.5,16.5,0,690
12131,2026-06-25,,,360,0,343,8.5,8.5,0,360
12132,2026-06-25,,,890,0,848,21.0,21.0,0,890
12133,2026-06-25,,,260,0,248,6.0,6.0,0,260
12134,2026-06-25,,,350,0,333,8.5,8.5,0,350
12135,2026-06-25,,,1250,0,1190,30.0,30.0,0,1250
12136,2026-06-25,,,1900,0,1809,45.5,45.5,0,1900
12137,2026-06-25,,,300,0,286,7.0,7.0,0,300
12138,2026-06-25,,,550,0,524,13.0,13.0,0,550
12139,2026-06-25,,,1700,0,1619,40.5,40.5,0,1700
12140,2026-06-25,,,780,0,742,19.0,19.0,0,780
12141,2026-06-25,,,250,0,238,6.0,6.0,0,250
12142,2026-06-25,,,3910,0,3724,93.0,93.0,0,3910
12143,2026-06-25,,,80,0,76,2.0,2.0,0,80
12144,2026-06-25,,,2350,0,2237,56.5,56.5,0,2350
12145,2026-06-25,,,1250,0,1191,29.5,29.5,0,1250
12146,2026-06-25,,,1450,0,1381,34.5,34.5,0,1450
12147,2026-06-26,,,800,0,762,19.0,19.0,0,800
12148,2026-06-26,,,1670,0,1591,39.5,39.5,0,1670
12149,2026-06-26,,,600,0,571,14.5,14.5,0,600
12150,2026-06-26,,,1000,0,952,24.0,24.0,0,1000
12151,2026-06-26,,,160,0,152,4.0,4.0,0,160
12152,2026-06-26,,,200,0,191,4.5,4.5,0,200
12153,2026-06-26,PPP,,0,450,429,10.5,10.5,0,450
12154,2026-06-26,,,480,0,457,11.5,11.5,0,480
12155,2026-06-26,CASH,,750,0,715,17.5,17.5,0,750
12156,2026-06-26,,,300,0,286,7.0,7.0,0,300
12157,2026-06-26,,,120,0,114,3.0,3.0,0,120
12158,2026-06-26,,,400,0,381,9.5,9.5,0,400
12159,2026-06-26,,,0,9000,8571,214.5,214.5,0,9000
12160,2026-06-26,,,860,0,819,20.5,20.5,0,860
12161,2026-06-26,,,390,0,372,9.0,9.0,0,390
12162,2026-06-26,,,120,0,114,3.0,3.0,0,120
12163,2026-06-26,,,150,0,143,3.5,3.5,0,150
12164,2026-06-26,,,270,0,257,6.5,6.5,0,270
12165,2026-06-26,,,960,0,915,22.5,22.5,0,960
12166,2026-06-26,,,600,0,571,14.5,14.5,0,600
12167,2026-06-26,,,500,0,476,12.0,12.0,0,500
12168,2026-06-26,,,1100,0,1047,26.5,26.5,0,1100
12169,2026-06-26,,,1000,0,952,24.0,24.0,0,1000
12170,2026-06-26,,,240,0,229,5.5,5.5,0,240
12171,2026-06-26,,,1000,0,952,24.0,24.0,0,1000
12172,2026-06-26,,,360,0,343,8.5,8.5,0,360
12173,2026-06-26,,,8890,0,8464,213.0,213.0,0,8890
12174,2026-06-26,,,3280,0,3125,77.5,77.5,0,3280
12175,2026-06-26,,,1350,0,1286,32.0,32.0,0,1350
12176,2026-06-26,,,800,0,761,19.5,19.5,0,800
12177,2026-06-26,,,930,0,885,22.5,22.5,0,930
12178,2026-06-26,,,600,0,571,14.5,14.5,0,600
12179,2026-06-26,,,150,0,143,3.5,3.5,0,150
12180,2026-06-26,CASH,,1470,0,1400,35.0,35.0,0,1470
12181,2026-06-26,,,150,0,143,3.5,3.5,0,150
12182,2026-06-26,,,300,0,286,7.0,7.0,0,300
12183,2026-06-26,,,400,0,381,9.5,9.5,0,400
12184,2026-06-26,CASH,,250,0,238,6.0,6.0,0,250
12185,2026-06-26,,,600,0,571,14.5,14.5,0,600
12186,2026-06-26,,,160,0,152,4.0,4.0,0,160
12187,2026-06-26,,,280,0,267,6.5,6.5,0,280
12188,2026-06-26,,,100,0,95,2.5,2.5,0,100
12189,2026-06-26,,,1130,0,1077,26.5,26.5,0,1130
12190,2026-06-26,,,450,0,429,10.5,10.5,0,450
12191,2026-06-26,,,80,0,76,2.0,2.0,0,80
12192,2026-06-26,,,650,0,619,15.5,15.5,0,650
12193,2026-06-26,,,800,0,762,19.0,19.0,0,800
12194,2026-06-26,,,150,0,143,3.5,3.5,0,150
12195,2026-06-26,,,1000,0,952,24.0,24.0,0,1000
12196,2026-06-26,,,2800,0,2666,67.0,67.0,0,2800
12197,2026-06-26,,,1200,0,1143,28.5,28.5,0,1200
12198,2026-06-26,,,40,0,38,1.0,1.0,0,40
12199,2026-06-26,CASH,,5150,0,4905,122.5,122.5,0,5150
12200,2026-06-26,,,500,0,476,12.0,12.0,0,500
12201,2026-06-26,,,400,0,381,9.5,9.5,0,400
12202,2026-06-26,,,900,0,858,21.0,21.0,0,900
12203,2026-06-26,,,670,0,638,16.0,16.0,0,670
12204,2026-06-26,,,350,0,333,8.5,8.5,0,350
12205,2026-06-26,,,360,0,343,8.5,8.5,0,360
12206,2026-06-26,,,850,0,809,20.5,20.5,0,850
12207,2026-06-26,,,160,0,152,4.0,4.0,0,160
12208,2026-06-26,,,2300,0,2189,55.5,55.5,0,2300
12209,2026-06-26,PPP,,0,350,333,8.5,8.5,0,350
12210,2026-06-26,,,1650,0,1571,39.5,39.5,0,1650
12211,2026-06-26,,,240,0,228,6.0,6.0,0,240
12212,2026-06-26,PPP,,0,1340,1276,32.0,32.0,0,1340
12213,2026-06-26,,,1820,0,1734,43.0,43.0,0,1820
12214,2026-06-26,,,150,0,143,3.5,3.5,0,150
12215,2026-06-26,,,0,440,419,10.5,10.5,0,440
12216,2026-06-26,,,120,0,114,3.0,3.0,0,120
12217,2026-06-26,,,1330,0,1266,32.0,32.0,0,1330
12218,2026-06-26,,,500,0,476,12.0,12.0,0,500
12219,2026-06-26,,,450,0,428,11.0,11.0,0,450
12220,2026-06-26,,,150,0,143,3.5,3.5,0,150
12221,2026-06-26,,,1100,0,1048,26.0,26.0,0,1100
12222,2026-06-26,,,500,0,476,12.0,12.0,0,500
12223,2026-06-26,,,350,0,333,8.5,8.5,0,350
12224,2026-06-26,PPP,,0,6780,6458,161.0,161.0,0,6780
12225,2026-06-26,,,300,0,286,7.0,7.0,0,300
12226,2026-06-26,,,400,0,381,9.5,9.5,0,400
12227,2026-06-26,,,50,0,48,1.0,1.0,0,50
12228,2026-06-26,,,4610,0,4391,109.5,109.5,0,4610
12229,2026-06-26,,,200,0,190,5.0,5.0,0,200
12230,2026-06-26,,,240,0,229,5.5,5.5,0,240
12231,2026-06-27,,,300,0,286,7.0,7.0,0,300
12232,2026-06-27,,,350,0,333,8.5,8.5,0,350
12233,2026-06-27,,,1000,0,952,24.0,24.0,0,1000
12234,2026-06-27,,,550,0,524,13.0,13.0,0,550
12235,2026-06-27,,,3400,0,3238,81.0,81.0,0,3400
12236,2026-06-27,,,550,0,524,13.0,13.0,0,550
12237,2026-06-27,,,200,0,190,5.0,5.0,0,200
12238,2026-06-27,,,0,1650,1571,39.5,39.5,0,1650
12239,2026-06-27,,,240,0,229,5.5,5.5,0,240
12240,2026-06-27,PPP,,0,450,429,10.5,10.5,0,450
12241,2026-06-27,PPP,,0,2350,2238,56.0,56.0,0,2350
12242,2026-06-27,,,100,0,95,2.5,2.5,0,100
12243,2026-06-27,,,720,0,686,17.0,17.0,0,720
12244,2026-06-27,,,0,3040,2894,73.0,73.0,0,3040
12245,2026-06-27,,,320,0,304,8.0,8.0,0,320
12246,2026-06-27,,,150,0,143,3.5,3.5,0,150
12247,2026-06-27,,,1240,0,1180,30.0,30.0,0,1240
12248,2026-06-27,,,300,0,286,7.0,7.0,0,300
12249,2026-06-27,,,600,0,572,14.0,14.0,0,600
12250,2026-06-27,PPP,,0,650,620,15.0,15.0,0,650
12251,2026-06-27,,,90,0,86,2.0,2.0,0,90
12252,2026-06-27,,,400,0,381,9.5,9.5,0,400
12253,2026-06-27,,,3730,0,3552,89.0,89.0,0,3730
12254,2026-06-27,,,950,0,905,22.5,22.5,0,950
12255,2026-06-27,,,2050,0,1952,49.0,49.0,0,2050
12256,2026-06-27,,,0,1710,1628,41.0,41.0,0,1710
12257,2026-06-27,,,0,1500,1429,35.5,35.5,0,1500
12258,2026-06-27,,,300,0,286,7.0,7.0,0,300
12259,2026-06-27,,,2000,0,1904,48.0,48.0,0,2000
12260,2026-06-27,,,1600,0,1524,38.0,38.0,0,1600
12261,2026-06-27,,,150,0,143,3.5,3.5,0,150
12262,2026-06-27,,,200,0,190,5.0,5.0,0,200
12263,2026-06-27,,,360,0,342,9.0,9.0,0,360
12264,2026-06-27,,,6500,0,6189,155.5,155.5,0,6500
12265,2026-06-27,,,1000,0,952,24.0,24.0,0,1000
12266,2026-06-27,,,850,0,809,20.5,20.5,0,850
12267,2026-06-27,,,5500,0,5238,131.0,131.0,0,5500
12268,2026-06-27,,,600,0,571,14.5,14.5,0,600
12269,2026-06-27,,,1250,0,1190,30.0,30.0,0,1250
12270,2026-06-27,,,3000,0,2857,71.5,71.5,0,3000
12271,2026-06-27,,,240,0,229,5.5,5.5,0,240
12272,2026-06-27,,,1100,0,1047,26.5,26.5,0,1100
12273,2026-06-27,,,520,0,494,13.0,13.0,0,520
12274,2026-06-27,,,240,0,229,5.5,5.5,0,240
12275,2026-06-27,,,2400,0,2285,57.5,57.5,0,2400
12276,2026-06-27,,,580,0,552,14.0,14.0,0,580
12277,2026-06-27,,,450,0,429,10.5,10.5,0,450
12278,2026-06-27,,,300,0,286,7.0,7.0,0,300
12279,2026-06-27,,,350,0,333,8.5,8.5,0,350
12280,2026-06-27,,,250,0,238,6.0,6.0,0,250
12281,2026-06-27,,,1250,0,1190,30.0,30.0,0,1250
12282,2026-06-27,,,500,0,476,12.0,12.0,0,500
12283,2026-06-27,,,120,0,114,3.0,3.0,0,120
12284,2026-06-27,,,800,0,762,19.0,19.0,0,800
12285,2026-06-27,,,120,0,114,3.0,3.0,0,120
12286,2026-06-27,,,500,0,476,12.0,12.0,0,500
12287,2026-06-27,,,800,0,762,19.0,19.0,0,800
12288,2026-06-27,,,300,0,286,7.0,7.0,0,300
12289,2026-06-27,,,140,0,133,3.5,3.5,0,140
12290,2026-06-27,,,200,0,190,5.0,5.0,0,200
12291,2026-06-27,,,100,0,95,2.5,2.5,0,100
12292,2026-06-27,,,150,0,143,3.5,3.5,0,150
12293,2026-06-27,CASH,,0,1000,952,24.0,24.0,0,1000
12294,2026-06-27,,,400,0,380,10.0,10.0,0,400
12295,2026-06-27,,,350,0,333,8.5,8.5,0,350
12296,2026-06-27,,,320,0,304,8.0,8.0,0,320
12297,2026-06-27,,,120,0,114,3.0,3.0,0,120
12298,2026-06-27,,,2100,0,2000,50.0,50.0,0,2100
12299,2026-06-27,,,500,0,476,12.0,12.0,0,500
12300,2026-06-27,,,500,0,476,12.0,12.0,0,500
12301,2026-06-27,,,350,0,333,8.5,8.5,0,350
12302,2026-06-27,,,320,0,304,8.0,8.0,0,320
12303,2026-06-27,,,1540,0,1466,37.0,37.0,0,1540
12304,2026-06-27,,,1200,0,1142,29.0,29.0,0,1200
12305,2026-06-27,RKS JABIR,6002481011,1400,0,1333,33.5,33.5,0,1400
12306,2026-06-27,,,0,850,809,20.5,20.5,0,850
12307,2026-06-27,,,460,0,438,11.0,11.0,0,460
12308,2026-06-27,,,0,1450,1381,34.5,34.5,0,1450
12309,2026-06-27,,,550,0,524,13.0,13.0,0,550
12310,2026-06-27,,,300,0,286,7.0,7.0,0,300
12311,2026-06-27,,,120,0,114,3.0,3.0,0,120
12312,2026-06-27,,,500,0,476,12.0,12.0,0,500
12313,2026-06-27,,,260,0,247,6.5,6.5,0,260
12314,2026-06-27,,,0,1500,1428,36.0,36.0,0,1500
12315,2026-06-27,,,300,0,286,7.0,7.0,0,300
12316,2026-06-27,,,610,0,580,15.0,15.0,0,610
12317,2026-06-27,,,400,0,381,9.5,9.5,0,400
12318,2026-06-27,PPP,,0,1550,1476,37.0,37.0,0,1550
12319,2026-06-27,CASH,,470,0,447,11.5,11.5,0,470
12320,2026-06-27,,,150,0,143,3.5,3.5,0,150
12321,2026-06-27,,,1420,0,1352,34.0,34.0,0,1420
12322,2026-06-27,,,1580,0,1505,37.5,37.5,0,1580
12323,2026-06-27,,,730,0,694,18.0,18.0,0,730
12324,2026-06-27,,,1110,0,1056,27.0,27.0,0,1110
12325,2026-06-27,CASH,,2600,0,2476,62.0,62.0,0,2600
12326,2026-06-27,,,360,0,343,8.5,8.5,0,360
12327,2026-06-27,,,100,0,95,2.5,2.5,0,100
12328,2026-06-27,PPP,,0,2030,1933,48.5,48.5,0,2030
12329,2026-06-27,,,1200,0,1143,28.5,28.5,0,1200
12330,2026-06-28,PPP,,460,0,438,11.0,11.0,0,460
12331,2026-06-28,,,600,0,571,14.5,14.5,0,600
12332,2026-06-28,,,150,0,143,3.5,3.5,0,150
12333,2026-06-28,,,5050,0,4810,120.0,120.0,0,5050
12334,2026-06-28,,,300,0,286,7.0,7.0,0,300
12335,2026-06-28,,,900,0,857,21.5,21.5,0,900
12336,2026-06-28,,,350,0,333,8.5,8.5,0,350
12337,2026-06-28,,,300,0,286,7.0,7.0,0,300
12338,2026-06-28,,,0,700,667,16.5,16.5,0,700
12339,2026-06-28,,,400,0,381,9.5,9.5,0,400
12340,2026-06-28,,,200,0,190,5.0,5.0,0,200
12341,2026-06-28,,,500,0,476,12.0,12.0,0,500
12342,2026-06-28,,,900,0,857,21.5,21.5,0,900
12343,2026-06-28,,,440,0,418,11.0,11.0,0,440
12344,2026-06-28,,,800,0,762,19.0,19.0,0,800
12345,2026-06-28,,,360,0,343,8.5,8.5,0,360
12346,2026-06-28,,,1120,0,1065,27.5,27.5,0,1120
12347,2026-06-28,,,2020,0,1923,48.5,48.5,0,2020
12348,2026-06-28,,,1250,0,1190,30.0,30.0,0,1250
12349,2026-06-28,,,1450,0,1381,34.5,34.5,0,1450
12350,2026-06-28,,,120,0,114,3.0,3.0,0,120
12351,2026-06-28,,,1600,0,1525,37.5,37.5,0,1600
12352,2026-06-28,CARD,,0,950,904,23.0,23.0,0,950
12353,2026-06-28,,,800,0,761,19.5,19.5,0,800
12354,2026-06-28,,,430,0,409,10.5,10.5,0,430
12355,2026-06-28,,,1180,0,1124,28.0,28.0,0,1180
12356,2026-06-28,,,3050,0,2905,72.5,72.5,0,3050
12357,2026-06-28,,,1250,0,1190,30.0,30.0,0,1250
12358,2026-06-28,,,100,0,95,2.5,2.5,0,100
12359,2026-06-28,,,470,0,448,11.0,11.0,0,470
12360,2026-06-28,,,1250,0,1190,30.0,30.0,0,1250
12361,2026-06-28,,,880,0,838,21.0,21.0,0,880
12362,2026-06-28,,,2500,0,2381,59.5,59.5,0,2500
12363,2026-06-28,,,120,0,114,3.0,3.0,0,120
12364,2026-06-28,,,2700,0,2571,64.5,64.5,0,2700
12365,2026-06-28,CASH,,840,0,800,20.0,20.0,0,840
12366,2026-06-28,PPP,,0,550,524,13.0,13.0,0,550
12367,2026-06-28,,,930,0,885,22.5,22.5,0,930
12368,2026-06-28,,,1780,0,1695,42.5,42.5,0,1780
12369,2026-06-28,,,260,0,248,6.0,6.0,0,260
12370,2026-06-28,,,860,0,819,20.5,20.5,0,860
12371,2026-06-28,,,100,0,95,2.5,2.5,0,100
12372,2026-06-28,,,1100,0,1048,26.0,26.0,0,1100
12373,2026-06-28,,,500,0,476,12.0,12.0,0,500
12374,2026-06-28,PPP,,0,600,572,14.0,14.0,0,600
12375,2026-06-28,,,600,0,571,14.5,14.5,0,600
12376,2026-06-28,,,350,0,333,8.5,8.5,0,350
12377,2026-06-28,,,50,0,48,1.0,1.0,0,50
12378,2026-06-28,,,300,0,286,7.0,7.0,0,300
12379,2026-06-28,PPP,,0,550,524,13.0,13.0,0,550
12380,2026-06-28,PPP,,0,1750,1666,42.0,42.0,0,1750
12381,2026-06-28,,,200,0,190,5.0,5.0,0,200
12382,2026-06-28,,,600,0,571,14.5,14.5,0,600
12383,2026-06-28,,,200,0,190,5.0,5.0,0,200
12384,2026-06-28,,,2500,0,2381,59.5,59.5,0,2500
12385,2026-06-28,,,400,0,381,9.5,9.5,0,400
12386,2026-06-28,,,900,0,857,21.5,21.5,0,900
12387,2026-06-28,,,300,0,286,7.0,7.0,0,300
12388,2026-06-28,,,350,0,333,8.5,8.5,0,350
12389,2026-06-28,,,1050,0,1000,25.0,25.0,0,1050
12390,2026-06-28,,,150,0,143,3.5,3.5,0,150
12391,2026-06-28,,,650,0,619,15.5,15.5,0,650
12392,2026-06-28,,,120,0,114,3.0,3.0,0,120
12393,2026-06-28,,,1820,0,1734,43.0,43.0,0,1820
12394,2026-06-28,,,240,0,229,5.5,5.5,0,240
12395,2026-06-28,,,350,0,333,8.5,8.5,0,350
12396,2026-06-28,CARD,,0,1450,1381,34.5,34.5,0,1450
12397,2026-06-28,,,1000,0,952,24.0,24.0,0,1000
12398,2026-06-28,,,500,0,476,12.0,12.0,0,500
12399,2026-06-28,CASH,,5030,0,4789,120.5,120.5,0,5030
12400,2026-06-28,,,100,0,95,2.5,2.5,0,100
12401,2026-06-28,,,2150,0,2048,51.0,51.0,0,2150
12402,2026-06-28,,,300,0,286,7.0,7.0,0,300
12403,2026-06-28,,,120,0,114,3.0,3.0,0,120
12404,2026-06-28,,,540,0,514,13.0,13.0,0,540
12405,2026-06-28,,,120,0,114,3.0,3.0,0,120
12406,2026-06-28,,,0,100,95,2.5,2.5,0,100
12407,2026-06-28,,,640,0,610,15.0,15.0,0,640
12408,2026-06-28,,,650,0,619,15.5,15.5,0,650
12409,2026-06-28,,,0,2010,1915,47.5,47.5,0,2010
12410,2026-06-28,,,1510,0,1438,36.0,36.0,0,1510
12411,2026-06-28,,,650,0,619,15.5,15.5,0,650
12412,2026-06-28,,,3100,0,2952,74.0,74.0,0,3100
12413,2026-06-28,CASH,,850,0,810,20.0,20.0,0,850
12414,2026-06-28,,,1250,0,1190,30.0,30.0,0,1250
12415,2026-06-28,,,2300,0,2190,55.0,55.0,0,2300
12416,2026-06-28,,,150,0,143,3.5,3.5,0,150
12417,2026-06-28,,,1300,0,1238,31.0,31.0,0,1300
12418,2026-06-28,,,400,0,381,9.5,9.5,0,400
12419,2026-06-28,,,930,0,886,22.0,22.0,0,930
12420,2026-06-28,,,1150,0,1095,27.5,27.5,0,1150
12421,2026-06-28,,,550,0,524,13.0,13.0,0,550
12422,2026-06-28,,,1100,0,1048,26.0,26.0,0,1100
12423,2026-06-28,,,880,0,838,21.0,21.0,0,880
12424,2026-06-28,,,480,0,457,11.5,11.5,0,480
12425,2026-06-28,CASH,,450,0,429,10.5,10.5,0,450
12426,2026-06-28,,,150,0,143,3.5,3.5,0,150
12427,2026-06-28,,,1510,0,1437,36.5,36.5,0,1510
12428,2026-06-28,,,750,0,713,18.5,18.5,0,750
12429,2026-06-28,,,800,0,762,19.0,19.0,0,800
12430,2026-06-28,,,1170,0,1114,28.0,28.0,0,1170
12431,2026-06-28,,,100,0,95,2.5,2.5,0,100
12432,2026-06-28,,,240,0,229,5.5,5.5,0,240
12433,2026-06-28,PPP,,0,400,381,9.5,9.5,0,400
12434,2026-06-28,PPP,,0,2600,2476,62.0,62.0,0,2600
12435,2026-06-28,,,600,0,571,14.5,14.5,0,600
12436,2026-06-28,,,120,0,114,3.0,3.0,0,120
12437,2026-06-28,,,500,0,476,12.0,12.0,0,500
12438,2026-06-28,,,100,0,95,2.5,2.5,0,100
12439,2026-06-29,CASH,,150,0,143,3.5,3.5,0,150
12440,2026-06-29,,,230,0,219,5.5,5.5,0,230
12441,2026-06-29,,,500,0,476,12.0,12.0,0,500
12442,2026-06-29,,,750,0,714,18.0,18.0,0,750
12443,2026-06-29,PPP,,0,1700,1619,40.5,40.5,0,1700
12444,2026-06-29,,,100,0,95,2.5,2.5,0,100
12445,2026-06-29,,,1650,0,1571,39.5,39.5,0,1650
12446,2026-06-29,,,1000,0,952,24.0,24.0,0,1000
12447,2026-06-29,,,800,0,762,19.0,19.0,0,800
12448,2026-06-29,,,350,0,333,8.5,8.5,0,350
12449,2026-06-29,,,900,0,857,21.5,21.5,0,900
12450,2026-06-29,,,200,0,190,5.0,5.0,0,200
12451,2026-06-29,,,150,0,143,3.5,3.5,0,150
12452,2026-06-29,,,540,0,515,12.5,12.5,0,540
12453,2026-06-29,,,150,0,143,3.5,3.5,0,150
12454,2026-06-29,,,350,0,333,8.5,8.5,0,350
12455,2026-06-29,,,3050,0,2904,73.0,73.0,0,3050
12456,2026-06-29,,,500,0,476,12.0,12.0,0,500
12457,2026-06-29,,,890,0,848,21.0,21.0,0,890
12458,2026-06-29,,,500,0,476,12.0,12.0,0,500
12459,2026-06-29,,,0,2550,2429,60.5,60.5,0,2550
12460,2026-06-29,CASH,,1940,0,1848,46.0,46.0,0,1940
12461,2026-06-29,,,2120,0,2018,51.0,51.0,0,2120
12462,2026-06-29,,,900,0,857,21.5,21.5,0,900
12463,2026-06-29,,,1600,0,1523,38.5,38.5,0,1600
12464,2026-06-29,,,0,2310,2200,55.0,55.0,0,2310
12465,2026-06-29,,,0,3160,3010,75.0,75.0,0,3160
12466,2026-06-29,,,800,0,762,19.0,19.0,0,800
12467,2026-06-29,CASH,,1900,0,1810,45.0,45.0,0,1900
12468,2026-06-29,,,300,0,286,7.0,7.0,0,300
12469,2026-06-29,,,480,0,457,11.5,11.5,0,480
12470,2026-06-29,,,300,0,286,7.0,7.0,0,300
12471,2026-06-29,,,630,0,600,15.0,15.0,0,630
12472,2026-06-29,,,40,0,38,1.0,1.0,0,40
12473,2026-06-29,,,1050,0,1000,25.0,25.0,0,1050
12474,2026-06-29,,,200,0,190,5.0,5.0,0,200
12475,2026-06-29,,,280,0,267,6.5,6.5,0,280
12476,2026-06-29,,,2310,0,2200,55.0,55.0,0,2310
12477,2026-06-29,CASH,,850,0,810,20.0,20.0,0,850
12478,2026-06-29,,,1000,0,952,24.0,24.0,0,1000
12479,2026-06-29,,,600,0,571,14.5,14.5,0,600
12480,2026-06-29,,,300,0,286,7.0,7.0,0,300
12481,2026-06-29,,,1460,0,1391,34.5,34.5,0,1460
12482,2026-06-29,,,600,0,571,14.5,14.5,0,600
12483,2026-06-29,,,700,0,667,16.5,16.5,0,700
12484,2026-06-29,,,520,0,495,12.5,12.5,0,520
12485,2026-06-29,,,120,0,114,3.0,3.0,0,120
12486,2026-06-29,,,1450,0,1381,34.5,34.5,0,1450
12487,2026-06-29,,,350,0,333,8.5,8.5,0,350
12488,2026-06-29,,,120,0,114,3.0,3.0,0,120
12489,2026-06-29,,,650,0,618,16.0,16.0,0,650
12490,2026-06-29,,,150,0,143,3.5,3.5,0,150
12491,2026-06-29,,,760,0,724,18.0,18.0,0,760
12492,2026-06-29,,,1440,0,1372,34.0,34.0,0,1440
12493,2026-06-29,,,2760,0,2628,66.0,66.0,0,2760
12494,2026-06-30,CASH,,30,0,29,0.5,0.5,0,30
12495,2026-06-30,,,290,0,276,7.0,7.0,0,290
12496,2026-06-30,,,420,0,400,10.0,10.0,0,420
12497,2026-06-30,,,200,0,190,5.0,5.0,0,200
12498,2026-06-30,,,0,3000,2857,71.5,71.5,0,3000
12499,2026-06-30,,,300,0,286,7.0,7.0,0,300
12500,2026-06-30,,,250,0,238,6.0,6.0,0,250
12501,2026-06-30,,,1750,0,1667,41.5,41.5,0,1750
12502,2026-06-30,,,760,0,723,18.5,18.5,0,760
12503,2026-06-30,,,500,0,476,12.0,12.0,0,500
12504,2026-06-30,,,240,0,229,5.5,5.5,0,240
12505,2026-06-30,,,800,0,762,19.0,19.0,0,800
12506,2026-06-30,,,940,0,895,22.5,22.5,0,940
12507,2026-06-30,,,200,0,190,5.0,5.0,0,200
12508,2026-06-30,,,600,0,571,14.5,14.5,0,600
12509,2026-06-30,,,2400,0,2285,57.5,57.5,0,2400
12510,2026-06-30,,,850,0,810,20.0,20.0,0,850
12511,2026-06-30,,,1300,0,1238,31.0,31.0,0,1300
12512,2026-06-30,,,80,0,76,2.0,2.0,0,80
12513,2026-06-30,PPP,,350,0,333,8.5,8.5,0,350
12514,2026-06-30,,,120,0,114,3.0,3.0,0,120
12515,2026-06-30,PPP,,0,340,324,8.0,8.0,0,340
12516,2026-06-30,,,80,0,76,2.0,2.0,0,80
12517,2026-06-30,,,120,0,114,3.0,3.0,0,120
12518,2026-06-30,,,200,0,190,5.0,5.0,0,200
12519,2026-06-30,,,300,0,286,7.0,7.0,0,300
12520,2026-06-30,,,1150,0,1095,27.5,27.5,0,1150
12521,2026-06-30,,,550,0,524,13.0,13.0,0,550
12522,2026-06-30,,,2700,0,2572,64.0,64.0,0,2700
12523,2026-06-30,PPP,,0,500,476,12.0,12.0,0,500
12524,2026-06-30,,,1100,0,1048,26.0,26.0,0,1100
12525,2026-06-30,,,260,0,248,6.0,6.0,0,260
12526,2026-06-30,,,200,0,190,5.0,5.0,0,200
12527,2026-06-30,,,700,0,667,16.5,16.5,0,700
12528,2026-06-30,,,110,0,105,2.5,2.5,0,110
12529,2026-06-30,,,150,0,143,3.5,3.5,0,150
12530,2026-06-30,,,1400,0,1333,33.5,33.5,0,1400
12531,2026-06-30,,,320,0,304,8.0,8.0,0,320
12532,2026-06-30,,,2650,0,2524,63.0,63.0,0,2650
12533,2026-06-30,,,150,0,143,3.5,3.5,0,150
12534,2026-06-30,,,1400,0,1333,33.5,33.5,0,1400
12535,2026-06-30,,,650,0,619,15.5,15.5,0,650
12536,2026-06-30,PPP,,0,2080,1980,50.0,50.0,0,2080
12537,2026-06-30,,,850,0,810,20.0,20.0,0,850
12538,2026-06-30,CASH,,850,0,809,20.5,20.5,0,850
12539,2026-06-30,,,460,0,438,11.0,11.0,0,460
12540,2026-06-30,PPP,,0,700,667,16.5,16.5,0,700
12541,2026-06-30,,,150,0,143,3.5,3.5,0,150
12542,2026-06-30,,,30,0,29,0.5,0.5,0,30
12543,2026-06-30,PPP,,0,2000,1904,48.0,48.0,0,2000
12544,2026-06-30,,,350,0,333,8.5,8.5,0,350
12545,2026-06-30,,,1100,0,1048,26.0,26.0,0,1100
12546,2026-06-30,,,300,0,286,7.0,7.0,0,300
12547,2026-06-30,,,800,0,762,19.0,19.0,0,800
12548,2026-06-30,,,500,0,476,12.0,12.0,0,500
12549,2026-06-30,,,400,0,381,9.5,9.5,0,400
12550,2026-06-30,,,1250,0,1190,30.0,30.0,0,1250
12551,2026-06-30,,,500,0,476,12.0,12.0,0,500
12552,2026-06-30,,,50,0,48,1.0,1.0,0,50
12553,2026-06-30,,,1660,0,1581,39.5,39.5,0,1660
12554,2026-06-30,,,350,0,333,8.5,8.5,0,350
12555,2026-06-30,,,150,0,143,3.5,3.5,0,150
12556,2026-06-30,,,1600,0,1524,38.0,38.0,0,1600
12557,2026-06-30,,,1100,0,1047,26.5,26.5,0,1100
12558,2026-06-30,,,200,0,190,5.0,5.0,0,200
12559,2026-06-30,,,460,0,438,11.0,11.0,0,460
12560,2026-06-30,,,3150,0,3000,75.0,75.0,0,3150
12561,2026-06-30,,,320,0,304,8.0,8.0,0,320
12562,2026-06-30,,,5400,0,5143,128.5,128.5,0,5400
12563,2026-07-01,,,1300,0,1238,31.0,31.0,0,1300
12564,2026-07-01,,,900,0,857,21.5,21.5,0,900
12565,2026-07-01,,,800,0,762,19.0,19.0,0,800
12566,2026-07-01,,,420,0,400,10.0,10.0,0,420
12567,2026-07-01,,,30,0,29,0.5,0.5,0,30
12568,2026-07-01,,,630,0,600,15.0,15.0,0,630
12569,2026-07-01,,,2120,0,2019,50.5,50.5,0,2120
12570,2026-07-01,,,1300,0,1237,31.5,31.5,0,1300
12571,2026-07-01,,,450,0,429,10.5,10.5,0,450
12572,2026-07-01,,,1400,0,1333,33.5,33.5,0,1400
12573,2026-07-01,PPP,,0,1120,1067,26.5,26.5,0,1120
12574,2026-07-01,,,200,0,190,5.0,5.0,0,200
12575,2026-07-01,,,350,0,333,8.5,8.5,0,350
12576,2026-07-01,,,500,0,476,12.0,12.0,0,500
12577,2026-07-01,,,260,0,248,6.0,6.0,0,260
12578,2026-07-01,,,1100,0,1047,26.5,26.5,0,1100
12579,2026-07-01,,,100,0,95,2.5,2.5,0,100
12580,2026-07-01,CASH,6002481011,2050,0,1953,48.5,48.5,0,2050
12581,2026-07-01,,,100,0,95,2.5,2.5,0,100
12582,2026-07-01,,,200,0,190,5.0,5.0,0,200
12583,2026-07-01,,,1050,0,1000,25.0,25.0,0,1050
12584,2026-07-01,,,1000,0,952,24.0,24.0,0,1000
12585,2026-07-01,,,750,0,715,17.5,17.5,0,750
12586,2026-07-01,,,3700,0,3523,88.5,88.5,0,3700
12587,2026-07-01,,,40,0,38,1.0,1.0,0,40
12588,2026-07-01,,,2310,0,2200,55.0,55.0,0,2310
12589,2026-07-01,,,600,0,571,14.5,14.5,0,600
12590,2026-07-01,,,780,0,743,18.5,18.5,0,780
12591,2026-07-01,,,550,0,523,13.5,13.5,0,550
12592,2026-07-01,,,60,0,57,1.5,1.5,0,60
12593,2026-07-01,,,850,0,810,20.0,20.0,0,850
12594,2026-07-01,,,500,0,475,12.5,12.5,0,500
12595,2026-07-01,,,450,0,428,11.0,11.0,0,450
12596,2026-07-01,PPP,,0,500,476,12.0,12.0,0,500
12597,2026-07-01,PPP,,0,1200,1143,28.5,28.5,0,1200
12598,2026-07-01,,,700,0,667,16.5,16.5,0,700
12599,2026-07-01,,,320,0,305,7.5,7.5,0,320
12600,2026-07-01,PPP,,0,240,229,5.5,5.5,0,240
12601,2026-07-01,CASH,,800,0,762,19.0,19.0,0,800
12602,2026-07-01,,,280,0,267,6.5,6.5,0,280
12603,2026-07-01,,,280,0,266,7.0,7.0,0,280
12604,2026-07-01,,,80,0,76,2.0,2.0,0,80
12605,2026-07-01,,,350,0,333,8.5,8.5,0,350
12606,2026-07-01,,,200,0,190,5.0,5.0,0,200
12607,2026-07-01,,,300,0,286,7.0,7.0,0,300
12608,2026-07-01,,,320,0,304,8.0,8.0,0,320
12609,2026-07-01,,,180,0,171,4.5,4.5,0,180
12610,2026-07-01,,,1790,0,1704,43.0,43.0,0,1790
12611,2026-07-01,,,300,0,286,7.0,7.0,0,300
12612,2026-07-01,,,1010,0,962,24.0,24.0,0,1010
12613,2026-07-01,,,1000,0,952,24.0,24.0,0,1000
12614,2026-07-01,,,9620,0,9161,229.5,229.5,0,9620
12615,2026-07-01,PPP,,0,1300,1238,31.0,31.0,0,1300
12616,2026-07-01,,,350,0,333,8.5,8.5,0,350
12617,2026-07-01,,,600,0,571,14.5,14.5,0,600
12618,2026-07-01,,,2000,0,1906,47.0,47.0,0,2000
12619,2026-07-01,,,2640,0,2514,63.0,63.0,0,2640
12620,2026-07-01,,,0,1750,1667,41.5,41.5,0,1750
12621,2026-07-01,,,1100,0,1048,26.0,26.0,0,1100
12622,2026-07-01,,,860,0,818,21.0,21.0,0,860
12623,2026-07-01,,,1300,0,1238,31.0,31.0,0,1300
12624,2026-07-01,CASH,,630,0,600,15.0,15.0,0,630
12625,2026-07-01,,,350,0,333,8.5,8.5,0,350
12626,2026-07-01,,,1400,0,1331,34.5,34.5,0,1400
12627,2026-07-01,,,900,0,857,21.5,21.5,0,900
12628,2026-07-01,,,350,0,333,8.5,8.5,0,350
12629,2026-07-01,,,0,830,790,20.0,20.0,0,830
12630,2026-07-01,,,700,0,667,16.5,16.5,0,700
12631,2026-07-01,,,320,0,305,7.5,7.5,0,320
12632,2026-07-02,,,1930,0,1838,46.0,46.0,0,1930
12633,2026-07-02,,,1340,0,1276,32.0,32.0,0,1340
12634,2026-07-02,CASH,,2280,0,2171,54.5,54.5,0,2280
12635,2026-07-02,,,1210,0,1154,28.0,28.0,0,1210
12636,2026-07-02,,,650,0,619,15.5,15.5,0,650
12637,2026-07-02,,,1050,0,1000,25.0,25.0,0,1050
12638,2026-07-02,CASH,6002481011,6200,0,5905,147.5,147.5,0,6200
12639,2026-07-02,,,400,0,381,9.5,9.5,0,400
12640,2026-07-02,,,1270,0,1209,30.5,30.5,0,1270
12641,2026-07-02,,,950,0,904,23.0,23.0,0,950
12642,2026-07-02,,,1200,0,1143,28.5,28.5,0,1200
12643,2026-07-02,,,120,0,114,3.0,3.0,0,120
12644,2026-07-02,,,1530,0,1457,36.5,36.5,0,1530
12645,2026-07-02,,,350,0,333,8.5,8.5,0,350
12646,2026-07-02,,,850,0,810,20.0,20.0,0,850
12647,2026-07-02,,,500,0,476,12.0,12.0,0,500
12648,2026-07-02,,,800,0,762,19.0,19.0,0,800
12649,2026-07-02,,,1230,0,1171,29.5,29.5,0,1230
12650,2026-07-02,,,260,0,248,6.0,6.0,0,260
12651,2026-07-02,PPP,,0,300,286,7.0,7.0,0,300
12652,2026-07-02,,,850,0,810,20.0,20.0,0,850
12653,2026-07-02,,,1300,0,1238,31.0,31.0,0,1300
12654,2026-07-02,,,1090,0,1038,26.0,26.0,0,1090
12655,2026-07-02,PPP,,0,1880,1790,45.0,45.0,0,1880
12656,2026-07-02,CASH,,1350,0,1286,32.0,32.0,0,1350
12657,2026-07-02,,,150,0,143,3.5,3.5,0,150
12658,2026-07-02,,,150,0,143,3.5,3.5,0,150
12659,2026-07-02,,,200,0,190,5.0,5.0,0,200
12660,2026-07-02,,,100,0,95,2.5,2.5,0,100
12661,2026-07-02,,,1000,0,952,24.0,24.0,0,1000
12662,2026-07-02,CARD,,0,2380,2266,57.0,57.0,0,2380
12663,2026-07-02,,,120,0,114,3.0,3.0,0,120
12664,2026-07-02,,,150,0,143,3.5,3.5,0,150
12665,2026-07-02,,,1400,0,1334,33.0,33.0,0,1400
12666,2026-07-02,,,1900,0,1809,45.5,45.5,0,1900
12667,2026-07-02,,,0,160,152,4.0,4.0,0,160
12668,2026-07-02,,,780,0,743,18.5,18.5,0,780
12669,2026-07-02,,,160,0,152,4.0,4.0,0,160
12670,2026-07-02,,,800,0,762,19.0,19.0,0,800
12671,2026-07-02,,,800,0,761,19.5,19.5,0,800
12672,2026-07-02,,,1980,0,1885,47.5,47.5,0,1980
12673,2026-07-02,,,2300,0,2192,54.0,54.0,0,2300
12674,2026-07-02,,,400,0,381,9.5,9.5,0,400
12675,2026-07-02,,,60,0,57,1.5,1.5,0,60
12676,2026-07-02,,,800,0,762,19.0,19.0,0,800
12677,2026-07-02,,,350,0,333,8.5,8.5,0,350
12678,2026-07-02,,,800,0,762,19.0,19.0,0,800
12679,2026-07-02,PPP,,0,1700,1618,41.0,41.0,0,1700
12680,2026-07-02,,,0,1330,1266,32.0,32.0,0,1330
12681,2026-07-02,,,150,0,143,3.5,3.5,0,150
12682,2026-07-02,PPP,,0,1190,1134,28.0,28.0,0,1190
12683,2026-07-02,,,400,0,381,9.5,9.5,0,400
12684,2026-07-02,,,500,0,476,12.0,12.0,0,500
12685,2026-07-02,,,500,0,476,12.0,12.0,0,500
12686,2026-07-02,,,3570,0,3399,85.5,85.5,0,3570
12687,2026-07-02,,,550,0,523,13.5,13.5,0,550
12688,2026-07-02,,,850,0,809,20.5,20.5,0,850
12689,2026-07-02,,,480,0,457,11.5,11.5,0,480
12690,2026-07-02,,,210,0,200,5.0,5.0,0,210
12691,2026-07-02,,,500,0,476,12.0,12.0,0,500
12692,2026-07-02,,,350,0,333,8.5,8.5,0,350
12693,2026-07-02,,,2010,0,1914,48.0,48.0,0,2010
12694,2026-07-02,,,1700,0,1619,40.5,40.5,0,1700
12695,2026-07-02,,,500,0,476,12.0,12.0,0,500
12696,2026-07-02,,,330,0,314,8.0,8.0,0,330
12697,2026-07-02,,,500,0,476,12.0,12.0,0,500
12698,2026-07-02,,,700,0,667,16.5,16.5,0,700
12699,2026-07-02,CASH,,400,0,381,9.5,9.5,0,400
12700,2026-07-02,,,0,150,143,3.5,3.5,0,150
12701,2026-07-02,,,100,0,95,2.5,2.5,0,100
12702,2026-07-02,,,3320,0,3162,79.0,79.0,0,3320
12703,2026-07-02,,,400,0,381,9.5,9.5,0,400
12704,2026-07-02,,,550,0,524,13.0,13.0,0,550
12705,2026-07-02,,,3130,0,2981,74.5,74.5,0,3130
12706,2026-07-02,CARD,,0,1300,1238,31.0,31.0,0,1300
12707,2026-07-02,,,850,0,810,20.0,20.0,0,850
12708,2026-07-02,,,260,0,248,6.0,6.0,0,260
12709,2026-07-02,,,450,0,428,11.0,11.0,0,450
12710,2026-07-02,,,2100,0,2000,50.0,50.0,0,2100
12711,2026-07-02,,,450,0,429,10.5,10.5,0,450
12712,2026-07-02,,,120,0,114,3.0,3.0,0,120
12713,2026-07-02,,,50,0,48,1.0,1.0,0,50
12714,2026-07-02,,,250,0,238,6.0,6.0,0,250
12715,2026-07-02,,,240,0,229,5.5,5.5,0,240
12716,2026-07-02,,,2280,0,2172,54.0,54.0,0,2280
12717,2026-07-02,,,2800,0,2666,67.0,67.0,0,2800
12718,2026-07-02,,,2210,0,2105,52.5,52.5,0,2210
12719,2026-07-02,,,650,0,619,15.5,15.5,0,650
12720,2026-07-02,,,100,0,95,2.5,2.5,0,100
12721,2026-07-03,CASH,,300,0,286,7.0,7.0,0,300
12722,2026-07-03,,,300,0,286,7.0,7.0,0,300
12723,2026-07-03,,,200,0,190,5.0,5.0,0,200
12724,2026-07-03,,,850,0,810,20.0,20.0,0,850
12725,2026-07-03,,,950,0,905,22.5,22.5,0,950
12726,2026-07-03,,,700,0,667,16.5,16.5,0,700
12727,2026-07-03,,,1660,0,1581,39.5,39.5,0,1660
12728,2026-07-03,,,350,0,333,8.5,8.5,0,350
12729,2026-07-03,,,850,0,809,20.5,20.5,0,850
12730,2026-07-03,,,150,0,143,3.5,3.5,0,150
12731,2026-07-03,,,600,0,571,14.5,14.5,0,600
12732,2026-07-03,,,260,0,248,6.0,6.0,0,260
12733,2026-07-03,,,1000,0,952,24.0,24.0,0,1000
12734,2026-07-03,,,120,0,114,3.0,3.0,0,120
12735,2026-07-03,,,250,0,239,5.5,5.5,0,250
12736,2026-07-03,,,590,0,562,14.0,14.0,0,590
12737,2026-07-03,,,540,0,514,13.0,13.0,0,540
12738,2026-07-03,,,1200,0,1143,28.5,28.5,0,1200
12739,2026-07-03,,,350,0,333,8.5,8.5,0,350
12740,2026-07-03,PPP,,0,840,800,20.0,20.0,0,840
12741,2026-07-03,,,250,0,238,6.0,6.0,0,250
12742,2026-07-03,,,1100,0,1047,26.5,26.5,0,1100
12743,2026-07-03,,,1300,0,1238,31.0,31.0,0,1300
12744,2026-07-03,,,200,0,190,5.0,5.0,0,200
12745,2026-07-03,,,380,0,362,9.0,9.0,0,380
12746,2026-07-03,,,540,0,515,12.5,12.5,0,540
12747,2026-07-03,,,200,0,190,5.0,5.0,0,200
12748,2026-07-03,,,100,0,95,2.5,2.5,0,100
12749,2026-07-03,,,200,0,190,5.0,5.0,0,200
12750,2026-07-03,,,500,0,476,12.0,12.0,0,500
12751,2026-07-03,,,360,0,343,8.5,8.5,0,360
12752,2026-07-03,,,300,0,286,7.0,7.0,0,300
12753,2026-07-03,,,300,0,286,7.0,7.0,0,300
12754,2026-07-03,,,100,0,95,2.5,2.5,0,100
12755,2026-07-03,,,450,0,429,10.5,10.5,0,450
12756,2026-07-03,PPP,,0,1080,1028,26.0,26.0,0,1080
12757,2026-07-03,,,100,0,95,2.5,2.5,0,100
12758,2026-07-03,,,200,0,190,5.0,5.0,0,200
12759,2026-07-03,,,850,0,810,20.0,20.0,0,850
12760,2026-07-03,,,1000,0,952,24.0,24.0,0,1000
12761,2026-07-03,,,600,0,571,14.5,14.5,0,600
12762,2026-07-03,,,500,0,476,12.0,12.0,0,500
12763,2026-07-03,,,650,0,619,15.5,15.5,0,650
12764,2026-07-03,,,950,0,904,23.0,23.0,0,950
12765,2026-07-03,,,700,0,667,16.5,16.5,0,700
12766,2026-07-03,,,150,0,143,3.5,3.5,0,150
12767,2026-07-03,,,1400,0,1334,33.0,33.0,0,1400
12768,2026-07-03,,,500,0,476,12.0,12.0,0,500
12769,2026-07-03,,,350,0,333,8.5,8.5,0,350
12770,2026-07-03,,,550,0,523,13.5,13.5,0,550
12771,2026-07-03,,,600,0,571,14.5,14.5,0,600
12772,2026-07-03,,,900,0,857,21.5,21.5,0,900
12773,2026-07-03,,,350,0,333,8.5,8.5,0,350
12774,2026-07-03,,,650,0,619,15.5,15.5,0,650
12775,2026-07-03,,,2030,0,1933,48.5,48.5,0,2030
12776,2026-07-03,,,30,0,29,0.5,0.5,0,30
12777,2026-07-03,,,350,0,333,8.5,8.5,0,350
12778,2026-07-03,,,1450,0,1381,34.5,34.5,0,1450
12779,2026-07-03,,,50,0,48,1.0,1.0,0,50
12780,2026-07-03,,,150,0,143,3.5,3.5,0,150
12781,2026-07-03,CARD,,0,300,286,7.0,7.0,0,300
12782,2026-07-03,,,350,0,333,8.5,8.5,0,350
12783,2026-07-03,,,700,0,667,16.5,16.5,0,700
12784,2026-07-03,,,170,0,162,4.0,4.0,0,170
12785,2026-07-03,,,690,0,658,16.0,16.0,0,690
12786,2026-07-03,,,220,0,209,5.5,5.5,0,220
12787,2026-07-03,,,3250,0,3095,77.5,77.5,0,3250
12788,2026-07-03,,,500,0,476,12.0,12.0,0,500
12789,2026-07-03,,,500,0,476,12.0,12.0,0,500
12790,2026-07-03,CARD,,0,1410,1343,33.5,33.5,0,1410
12791,2026-07-03,,,500,0,476,12.0,12.0,0,500
12792,2026-07-04,CASH,,100,0,95,2.5,2.5,0,100
12793,2026-07-04,,,80,0,76,2.0,2.0,0,80
12794,2026-07-04,,,60,0,57,1.5,1.5,0,60
12795,2026-07-04,,,560,0,533,13.5,13.5,0,560
12796,2026-07-04,,,920,0,877,21.5,21.5,0,920
12797,2026-07-04,,,1160,0,1104,28.0,28.0,0,1160
12798,2026-07-04,,,80,0,76,2.0,2.0,0,80
12799,2026-07-04,,,840,0,800,20.0,20.0,0,840
12800,2026-07-04,,,200,0,190,5.0,5.0,0,200
12801,2026-07-04,,,120,0,114,3.0,3.0,0,120
12802,2026-07-04,,,1000,0,952,24.0,24.0,0,1000
12803,2026-07-04,,,300,0,286,7.0,7.0,0,300
12804,2026-07-04,PPP,,0,1300,1239,30.5,30.5,0,1300
12805,2026-07-04,,,700,0,667,16.5,16.5,0,700
12806,2026-07-04,,,200,0,190,5.0,5.0,0,200
12807,2026-07-04,,,1850,0,1762,44.0,44.0,0,1850
12808,2026-07-04,,,240,0,229,5.5,5.5,0,240
12809,2026-07-04,,,1330,0,1266,32.0,32.0,0,1330
12810,2026-07-04,,,2250,0,2144,53.0,53.0,0,2250
12811,2026-07-04,,,260,0,248,6.0,6.0,0,260
12812,2026-07-04,,,600,0,571,14.5,14.5,0,600
12813,2026-07-04,,,1900,0,1810,45.0,45.0,0,1900
12814,2026-07-04,,,500,0,476,12.0,12.0,0,500
12815,2026-07-04,,,50,0,48,1.0,1.0,0,50
12816,2026-07-04,,,500,0,476,12.0,12.0,0,500
12817,2026-07-04,,,350,0,333,8.5,8.5,0,350
12818,2026-07-04,,,1000,0,952,24.0,24.0,0,1000
12819,2026-07-04,,,350,0,333,8.5,8.5,0,350
12820,2026-07-04,,,800,0,762,19.0,19.0,0,800
12821,2026-07-04,,,480,0,456,12.0,12.0,0,480
12822,2026-07-04,,,450,0,429,10.5,10.5,0,450
12823,2026-07-04,,,150,0,143,3.5,3.5,0,150
12824,2026-07-04,,,80,0,76,2.0,2.0,0,80
12825,2026-07-04,,,200,0,190,5.0,5.0,0,200
12826,2026-07-04,,,3300,0,3142,79.0,79.0,0,3300
12827,2026-07-04,,,1070,0,1019,25.5,25.5,0,1070
12828,2026-07-04,,,150,0,143,3.5,3.5,0,150
12829,2026-07-04,,,200,0,190,5.0,5.0,0,200
12830,2026-07-04,,,300,0,286,7.0,7.0,0,300
12831,2026-07-04,,,350,0,333,8.5,8.5,0,350
12832,2026-07-04,,,1350,0,1286,32.0,32.0,0,1350
12833,2026-07-04,,,80,0,76,2.0,2.0,0,80
12834,2026-07-04,,,100,0,95,2.5,2.5,0,100
12835,2026-07-04,,,450,0,428,11.0,11.0,0,450
12836,2026-07-04,,,440,0,419,10.5,10.5,0,440
12837,2026-07-04,,,700,0,667,16.5,16.5,0,700
12838,2026-07-04,,,50,0,48,1.0,1.0,0,50
12839,2026-07-04,,,270,0,257,6.5,6.5,0,270
12840,2026-07-04,,,350,0,333,8.5,8.5,0,350
12841,2026-07-04,,,400,0,381,9.5,9.5,0,400
12842,2026-07-04,,,1050,0,1000,25.0,25.0,0,1050
12843,2026-07-04,,,1300,0,1238,31.0,31.0,0,1300
12844,2026-07-04,,,2280,0,2171,54.5,54.5,0,2280
12845,2026-07-04,,,50,0,48,1.0,1.0,0,50
12846,2026-07-04,,,1500,0,1429,35.5,35.5,0,1500
12847,2026-07-04,,,1350,0,1286,32.0,32.0,0,1350
12848,2026-07-04,,,1000,0,953,23.5,23.5,0,1000
12849,2026-07-04,,,1000,0,952,24.0,24.0,0,1000
12850,2026-07-04,,,270,0,257,6.5,6.5,0,270
12851,2026-07-04,,,2500,0,2381,59.5,59.5,0,2500
12852,2026-07-04,,,500,0,476,12.0,12.0,0,500
12853,2026-07-04,,,980,0,933,23.5,23.5,0,980
12854,2026-07-04,,,50,0,48,1.0,1.0,0,50
12855,2026-07-04,,,1000,0,952,24.0,24.0,0,1000
12856,2026-07-04,,,1250,0,1190,30.0,30.0,0,1250
12857,2026-07-04,,,2390,0,2276,57.0,57.0,0,2390
12858,2026-07-04,,,80,0,76,2.0,2.0,0,80
12859,2026-07-04,,,360,0,343,8.5,8.5,0,360
12860,2026-07-04,,,250,0,238,6.0,6.0,0,250
12861,2026-07-04,,,700,0,667,16.5,16.5,0,700
12862,2026-07-04,,,300,0,286,7.0,7.0,0,300
12863,2026-07-04,,,400,0,381,9.5,9.5,0,400
12864,2026-07-04,,,350,0,333,8.5,8.5,0,350
12865,2026-07-04,,,150,0,143,3.5,3.5,0,150
12866,2026-07-04,,,500,0,476,12.0,12.0,0,500
12867,2026-07-04,,,1800,0,1714,43.0,43.0,0,1800
12868,2026-07-04,,,100,0,95,2.5,2.5,0,100
12869,2026-07-04,,,820,0,780,20.0,20.0,0,820
12870,2026-07-04,,,350,0,333,8.5,8.5,0,350
12871,2026-07-04,,,350,0,333,8.5,8.5,0,350
12872,2026-07-04,,,1980,0,1886,47.0,47.0,0,1980
12873,2026-07-04,,,920,0,875,22.5,22.5,0,920
12874,2026-07-04,,,630,0,600,15.0,15.0,0,630
12875,2026-07-04,,,150,0,143,3.5,3.5,0,150
12876,2026-07-04,,,690,0,658,16.0,16.0,0,690
12877,2026-07-04,,,690,0,658,16.0,16.0,0,690
12878,2026-07-04,,,300,0,286,7.0,7.0,0,300
12879,2026-07-04,,,350,0,333,8.5,8.5,0,350
12880,2026-07-04,,,5460,0,5201,129.5,129.5,0,5460
12881,2026-07-04,,,1400,0,1333,33.5,33.5,0,1400
12882,2026-07-04,,,1000,0,952,24.0,24.0,0,1000
12883,2026-07-04,,,50,0,48,1.0,1.0,0,50
12884,2026-07-04,,,1260,0,1200,30.0,30.0,0,1260
12885,2026-07-04,,,300,0,286,7.0,7.0,0,300
12886,2026-07-04,,,510,0,486,12.0,12.0,0,510
12887,2026-07-04,,,450,0,429,10.5,10.5,0,450
12888,2026-07-04,,,200,0,190,5.0,5.0,0,200
12889,2026-07-04,,,1200,0,1143,28.5,28.5,0,1200
12890,2026-07-04,,,1300,0,1238,31.0,31.0,0,1300
12891,2026-07-04,,,300,0,286,7.0,7.0,0,300
12892,2026-07-04,,,850,0,809,20.5,20.5,0,850
12893,2026-07-04,,,250,0,238,6.0,6.0,0,250
12894,2026-07-04,,,360,0,343,8.5,8.5,0,360
12895,2026-07-04,,,1600,0,1524,38.0,38.0,0,1600
12896,2026-07-04,,,180,0,171,4.5,4.5,0,180
12897,2026-07-04,,,700,0,667,16.5,16.5,0,700
12898,2026-07-05,CASH,,460,0,438,11.0,11.0,0,460
12899,2026-07-05,,,120,0,114,3.0,3.0,0,120
12900,2026-07-05,,,1150,0,1095,27.5,27.5,0,1150
12901,2026-07-05,,,250,0,238,6.0,6.0,0,250
12902,2026-07-05,CASH,,800,0,762,19.0,19.0,0,800
12903,2026-07-05,,,500,0,476,12.0,12.0,0,500
12904,2026-07-05,,,250,0,238,6.0,6.0,0,250
12905,2026-07-05,,,350,0,333,8.5,8.5,0,350
12906,2026-07-05,,,650,0,619,15.5,15.5,0,650
12907,2026-07-05,,,200,0,190,5.0,5.0,0,200
12908,2026-07-05,,,700,0,666,17.0,17.0,0,700
12909,2026-07-05,,,960,0,914,23.0,23.0,0,960
12910,2026-07-05,,,120,0,114,3.0,3.0,0,120
12911,2026-07-05,,,800,0,762,19.0,19.0,0,800
12912,2026-07-05,,,600,0,571,14.5,14.5,0,600
12913,2026-07-05,,,400,0,381,9.5,9.5,0,400
12914,2026-07-05,CASH,,520,0,495,12.5,12.5,0,520
12915,2026-07-05,,,400,0,381,9.5,9.5,0,400
12916,2026-07-05,,,50,0,48,1.0,1.0,0,50
12917,2026-07-05,,,100,0,95,2.5,2.5,0,100
12918,2026-07-05,,,100,0,95,2.5,2.5,0,100
12919,2026-07-05,,,600,0,571,14.5,14.5,0,600
12920,2026-07-05,,,8410,0,8010,200.0,200.0,0,8410
12921,2026-07-05,,,250,0,238,6.0,6.0,0,250
12922,2026-07-05,,,300,0,286,7.0,7.0,0,300
12923,2026-07-05,,,440,0,419,10.5,10.5,0,440
12924,2026-07-05,,,1100,0,1048,26.0,26.0,0,1100
12925,2026-07-05,CASH,,650,0,619,15.5,15.5,0,650
12926,2026-07-05,,,300,0,286,7.0,7.0,0,300
12927,2026-07-05,,,100,0,95,2.5,2.5,0,100
12928,2026-07-05,,,540,0,515,12.5,12.5,0,540
12929,2026-07-05,,,350,0,333,8.5,8.5,0,350
12930,2026-07-05,,,550,0,524,13.0,13.0,0,550
12931,2026-07-05,,,900,0,857,21.5,21.5,0,900
12932,2026-07-05,,,0,1410,1343,33.5,33.5,0,1410
12933,2026-07-05,,,150,0,143,3.5,3.5,0,150
12934,2026-07-05,,,120,0,114,3.0,3.0,0,120
12935,2026-07-05,,,500,0,476,12.0,12.0,0,500
12936,2026-07-05,,,1900,0,1809,45.5,45.5,0,1900
12937,2026-07-05,,,1150,0,1095,27.5,27.5,0,1150
12938,2026-07-05,,,300,0,286,7.0,7.0,0,300
12939,2026-07-05,,,1280,0,1219,30.5,30.5,0,1280
12940,2026-07-05,,,150,0,143,3.5,3.5,0,150
12941,2026-07-05,,,320,0,305,7.5,7.5,0,320
12942,2026-07-05,,,90,0,86,2.0,2.0,0,90
12943,2026-07-05,,,420,0,400,10.0,10.0,0,420
12944,2026-07-05,,,320,0,305,7.5,7.5,0,320
12945,2026-07-05,,,2570,0,2447,61.5,61.5,0,2570
12946,2026-07-05,,,2990,0,2847,71.5,71.5,0,2990
12947,2026-07-05,,,1100,0,1047,26.5,26.5,0,1100
12948,2026-07-05,PPP,,0,2120,2019,50.5,50.5,0,2120
12949,2026-07-05,,,400,0,381,9.5,9.5,0,400
12950,2026-07-05,,,350,0,333,8.5,8.5,0,350
12951,2026-07-05,,,300,0,286,7.0,7.0,0,300
12952,2026-07-05,,,300,0,286,7.0,7.0,0,300
12953,2026-07-05,CASH,,100,0,95,2.5,2.5,0,100
12954,2026-07-05,,,350,0,333,8.5,8.5,0,350
12955,2026-07-05,,,400,0,380,10.0,10.0,0,400
12956,2026-07-05,PPP,,0,1670,1590,40.0,40.0,0,1670
12957,2026-07-05,,,0,600,571,14.5,14.5,0,600
12958,2026-07-05,,,370,0,352,9.0,9.0,0,370
12959,2026-07-05,,,300,0,286,7.0,7.0,0,300
12960,2026-07-05,,,500,0,476,12.0,12.0,0,500
12961,2026-07-05,,,80,0,76,2.0,2.0,0,80
12962,2026-07-05,,,0,1650,1571,39.5,39.5,0,1650
12963,2026-07-05,,,300,0,286,7.0,7.0,0,300
12964,2026-07-05,,,3350,0,3190,80.0,80.0,0,3350
12965,2026-07-05,,,2400,0,2285,57.5,57.5,0,2400
12966,2026-07-05,,,2590,0,2466,62.0,62.0,0,2590
12967,2026-07-05,,,1750,0,1667,41.5,41.5,0,1750
12968,2026-07-05,,,1450,0,1381,34.5,34.5,0,1450
12969,2026-07-05,,,150,0,143,3.5,3.5,0,150
12970,2026-07-05,,,850,0,810,20.0,20.0,0,850
12971,2026-07-05,,,400,0,381,9.5,9.5,0,400
12972,2026-07-05,,,800,0,762,19.0,19.0,0,800
12973,2026-07-05,,,1660,0,1581,39.5,39.5,0,1660
12974,2026-07-05,,,1150,0,1095,27.5,27.5,0,1150
12975,2026-07-05,,,250,0,238,6.0,6.0,0,250
12976,2026-07-05,,,600,0,571,14.5,14.5,0,600
12977,2026-07-05,,,200,0,190,5.0,5.0,0,200
12978,2026-07-05,,,1700,0,1619,40.5,40.5,0,1700
12979,2026-07-05,,,400,0,381,9.5,9.5,0,400
12980,2026-07-05,,,1400,0,1334,33.0,33.0,0,1400
12981,2026-07-05,,,300,0,285,7.5,7.5,0,300
12982,2026-07-05,,,1660,0,1581,39.5,39.5,0,1660
12983,2026-07-05,,,200,0,190,5.0,5.0,0,200
12984,2026-07-05,,,350,0,333,8.5,8.5,0,350
12985,2026-07-05,,,1000,0,952,24.0,24.0,0,1000
12986,2026-07-05,,,200,0,190,5.0,5.0,0,200
12987,2026-07-05,,,2160,0,2058,51.0,51.0,0,2160
12988,2026-07-05,,,550,0,524,13.0,13.0,0,550
12989,2026-07-05,,,1000,0,952,24.0,24.0,0,1000
12990,2026-07-05,,,500,0,476,12.0,12.0,0,500
12991,2026-07-05,,,0,40,38,1.0,1.0,0,40
12992,2026-07-05,,,100,0,95,2.5,2.5,0,100
12993,2026-07-05,,,240,0,229,5.5,5.5,0,240
12994,2026-07-05,,,500,0,476,12.0,12.0,0,500
12995,2026-07-05,,,400,0,381,9.5,9.5,0,400
12996,2026-07-05,,,600,0,571,14.5,14.5,0,600
12997,2026-07-05,,,480,0,457,11.5,11.5,0,480
12998,2026-07-05,,,780,0,743,18.5,18.5,0,780
12999,2026-07-05,,,120,0,114,3.0,3.0,0,120
13000,2026-07-05,,,240,0,229,5.5,5.5,0,240
13001,2026-07-05,,,800,0,762,19.0,19.0,0,800
13002,2026-07-05,,,550,0,524,13.0,13.0,0,550
13003,2026-07-05,,,1040,0,990,25.0,25.0,0,1040
13004,2026-07-05,,,250,0,238,6.0,6.0,0,250
13005,2026-07-05,,,40,0,38,1.0,1.0,0,40
13006,2026-07-05,,,1200,0,1143,28.5,28.5,0,1200
13007,2026-07-05,,,80,0,76,2.0,2.0,0,80
13008,2026-07-05,,,240,0,229,5.5,5.5,0,240
13009,2026-07-05,,,1190,0,1134,28.0,28.0,0,1190
13010,2026-07-05,,,300,0,286,7.0,7.0,0,300
13011,2026-07-05,,,2350,0,2238,56.0,56.0,0,2350
13012,2026-07-05,,,0,1210,1152,29.0,29.0,0,1210
13013,2026-07-05,,,500,0,476,12.0,12.0,0,500
13014,2026-07-05,CASH,,700,0,666,17.0,17.0,0,700
13015,2026-07-05,,,150,0,143,3.5,3.5,0,150
13016,2026-07-05,,,40,0,38,1.0,1.0,0,40
13017,2026-07-05,,,300,0,286,7.0,7.0,0,300
13018,2026-07-06,CASH,,700,0,666,17.0,17.0,0,700
13019,2026-07-06,,,1000,0,952,24.0,24.0,0,1000
13020,2026-07-06,,,350,0,333,8.5,8.5,0,350
13021,2026-07-06,,,300,0,286,7.0,7.0,0,300
13022,2026-07-06,,,1100,0,1048,26.0,26.0,0,1100
13023,2026-07-06,PPP,,0,2200,2096,52.0,52.0,0,2200
13024,2026-07-06,,,480,0,457,11.5,11.5,0,480
13025,2026-07-06,,,110,0,105,2.5,2.5,0,110
13026,2026-07-06,,,800,0,762,19.0,19.0,0,800
13027,2026-07-06,,,1600,0,1524,38.0,38.0,0,1600
13028,2026-07-06,,,170,0,162,4.0,4.0,0,170
13029,2026-07-06,,,150,0,143,3.5,3.5,0,150
13030,2026-07-06,CASH,,180,0,171,4.5,4.5,0,180
13031,2026-07-06,,,1050,0,999,25.5,25.5,0,1050
13032,2026-07-06,,,4180,0,3981,99.5,99.5,0,4180
13033,2026-07-06,,,1410,0,1343,33.5,33.5,0,1410
13034,2026-07-06,,,300,0,286,7.0,7.0,0,300
13035,2026-07-06,,,600,0,571,14.5,14.5,0,600
13036,2026-07-06,,,1300,0,1238,31.0,31.0,0,1300
13037,2026-07-06,,,350,0,333,8.5,8.5,0,350
13038,2026-07-06,,,2550,0,2429,60.5,60.5,0,2550
13039,2026-07-06,,,600,0,570,15.0,15.0,0,600
13040,2026-07-06,,,800,0,762,19.0,19.0,0,800
13041,2026-07-06,,,350,0,333,8.5,8.5,0,350
13042,2026-07-06,,,280,0,267,6.5,6.5,0,280
13043,2026-07-06,,,500,0,476,12.0,12.0,0,500
13044,2026-07-06,,,100,0,95,2.5,2.5,0,100
13045,2026-07-06,CASH,,160,0,152,4.0,4.0,0,160
13046,2026-07-06,,,1000,0,952,24.0,24.0,0,1000
13047,2026-07-06,,,1950,0,1858,46.0,46.0,0,1950
13048,2026-07-06,,,400,0,381,9.5,9.5,0,400
13049,2026-07-06,,,700,0,667,16.5,16.5,0,700
13050,2026-07-06,,,2400,0,2286,57.0,57.0,0,2400
13051,2026-07-06,,,800,0,762,19.0,19.0,0,800
13052,2026-07-06,,,450,0,428,11.0,11.0,0,450
13053,2026-07-06,,,240,0,229,5.5,5.5,0,240
13054,2026-07-06,,,720,0,685,17.5,17.5,0,720
13055,2026-07-06,,,300,0,286,7.0,7.0,0,300
13056,2026-07-06,,,350,0,333,8.5,8.5,0,350
13057,2026-07-06,,,950,0,905,22.5,22.5,0,950
13058,2026-07-06,,,2050,0,1953,48.5,48.5,0,2050
13059,2026-07-06,,,150,0,143,3.5,3.5,0,150
13060,2026-07-06,,,150,0,143,3.5,3.5,0,150
13061,2026-07-06,,,0,2200,2095,52.5,52.5,0,2200
13062,2026-07-06,,,500,0,476,12.0,12.0,0,500
13063,2026-07-06,,,1800,0,1714,43.0,43.0,0,1800
13064,2026-07-06,,,350,0,333,8.5,8.5,0,350
13065,2026-07-06,,,180,0,171,4.5,4.5,0,180
13066,2026-07-06,,,250,0,238,6.0,6.0,0,250
13067,2026-07-06,,,500,0,476,12.0,12.0,0,500
13068,2026-07-06,,,780,0,743,18.5,18.5,0,780
13069,2026-07-06,,,940,0,896,22.0,22.0,0,940
13070,2026-07-06,,,500,0,476,12.0,12.0,0,500
13071,2026-07-06,,,180,0,171,4.5,4.5,0,180
13072,2026-07-06,,,3730,0,3554,88.0,88.0,0,3730
13073,2026-07-07,CASH,,1520,0,1447,36.5,36.5,0,1520
13074,2026-07-07,,,350,0,333,8.5,8.5,0,350
13075,2026-07-07,,,50,0,48,1.0,1.0,0,50
13076,2026-07-07,,,1160,0,1105,27.5,27.5,0,1160
13077,2026-07-07,,,600,0,571,14.5,14.5,0,600
13078,2026-07-07,,,830,0,790,20.0,20.0,0,830
13079,2026-07-07,,,1490,0,1419,35.5,35.5,0,1490
13080,2026-07-07,,,300,0,286,7.0,7.0,0,300
13081,2026-07-07,,,1040,0,991,24.5,24.5,0,1040
13082,2026-07-07,,,800,0,762,19.0,19.0,0,800
13083,2026-07-07,,,2800,0,2667,66.5,66.5,0,2800
13084,2026-07-07,,,120,0,114,3.0,3.0,0,120
13085,2026-07-07,,,1700,0,1619,40.5,40.5,0,1700
13086,2026-07-07,,,160,0,152,4.0,4.0,0,160
13087,2026-07-07,,,760,0,724,18.0,18.0,0,760
13088,2026-07-07,,,200,0,190,5.0,5.0,0,200
13089,2026-07-07,,,1100,0,1047,26.5,26.5,0,1100
13090,2026-07-07,,,150,0,143,3.5,3.5,0,150
13091,2026-07-07,,,500,0,476,12.0,12.0,0,500
13092,2026-07-07,,,1100,0,1047,26.5,26.5,0,1100
13093,2026-07-07,,,760,0,724,18.0,18.0,0,760
13094,2026-07-07,,,930,0,886,22.0,22.0,0,930
13095,2026-07-07,,,700,0,667,16.5,16.5,0,700
13096,2026-07-07,,,1050,0,1000,25.0,25.0,0,1050
13097,2026-07-07,,,1000,0,952,24.0,24.0,0,1000
13098,2026-07-07,,,450,0,429,10.5,10.5,0,450
13099,2026-07-07,,,50,0,48,1.0,1.0,0,50
13100,2026-07-07,,,900,0,857,21.5,21.5,0,900
13101,2026-07-07,,,1200,0,1143,28.5,28.5,0,1200
13102,2026-07-07,,,300,0,286,7.0,7.0,0,300
13103,2026-07-07,,,520,0,495,12.5,12.5,0,520
13104,2026-07-07,,,300,0,286,7.0,7.0,0,300
13105,2026-07-07,,,1800,0,1715,42.5,42.5,0,1800
13106,2026-07-07,,,600,0,571,14.5,14.5,0,600
13107,2026-07-07,,,800,0,762,19.0,19.0,0,800
13108,2026-07-07,,,0,350,333,8.5,8.5,0,350
13109,2026-07-07,,,350,0,333,8.5,8.5,0,350
13110,2026-07-07,,,100,0,95,2.5,2.5,0,100
13111,2026-07-07,,,400,0,381,9.5,9.5,0,400
13112,2026-07-07,,,800,0,762,19.0,19.0,0,800
13113,2026-07-07,,,600,0,571,14.5,14.5,0,600
13114,2026-07-07,,,800,0,762,19.0,19.0,0,800
13115,2026-07-07,,,1000,0,952,24.0,24.0,0,1000
13116,2026-07-07,,,270,0,257,6.5,6.5,0,270
13117,2026-07-07,,,250,0,238,6.0,6.0,0,250
13118,2026-07-07,,,900,0,857,21.5,21.5,0,900
13119,2026-07-07,,,540,0,514,13.0,13.0,0,540
13120,2026-07-07,,,2040,0,1943,48.5,48.5,0,2040
13121,2026-07-07,,,760,0,724,18.0,18.0,0,760
13122,2026-07-07,,,1150,0,1095,27.5,27.5,0,1150
13123,2026-07-07,,,150,0,143,3.5,3.5,0,150
13124,2026-07-07,,,200,0,190,5.0,5.0,0,200
13125,2026-07-07,PPP,,0,1400,1334,33.0,33.0,0,1400
13126,2026-07-07,,,280,0,267,6.5,6.5,0,280
13127,2026-07-07,,,80,0,76,2.0,2.0,0,80
13128,2026-07-07,,,2100,0,2000,50.0,50.0,0,2100
13129,2026-07-07,,,100,0,95,2.5,2.5,0,100
13130,2026-07-07,,,520,0,495,12.5,12.5,0,520
13131,2026-07-07,,,540,0,515,12.5,12.5,0,540
13132,2026-07-07,,,500,0,476,12.0,12.0,0,500
13133,2026-07-07,,,0,1100,1047,26.5,26.5,0,1100
13134,2026-07-07,,,620,0,590,15.0,15.0,0,620
13135,2026-07-07,,,240,0,228,6.0,6.0,0,240
13136,2026-07-07,,,180,0,171,4.5,4.5,0,180
13137,2026-07-07,,,300,0,286,7.0,7.0,0,300
13138,2026-07-07,,,700,0,667,16.5,16.5,0,700
13139,2026-07-07,,,250,0,238,6.0,6.0,0,250
13140,2026-07-07,,,50,0,48,1.0,1.0,0,50
13141,2026-07-07,,,100,0,95,2.5,2.5,0,100
13142,2026-07-07,,,350,0,333,8.5,8.5,0,350
13143,2026-07-07,,,360,0,343,8.5,8.5,0,360
13144,2026-07-07,PPP,,0,4260,4057,101.5,101.5,0,4260
13145,2026-07-07,,,600,0,571,14.5,14.5,0,600
13146,2026-07-07,,,3450,0,3287,81.5,81.5,0,3450
13147,2026-07-07,PPP,,700,0,667,16.5,16.5,0,700
13148,2026-07-07,,,1700,0,1619,40.5,40.5,0,1700
13149,2026-07-07,,,8470,0,8064,203.0,203.0,0,8470
13150,2026-07-07,,,300,0,286,7.0,7.0,0,300
13151,2026-07-07,,,800,0,762,19.0,19.0,0,800
13152,2026-07-07,,,790,0,753,18.5,18.5,0,790
13153,2026-07-08,,,450,0,429,10.5,10.5,0,450
13154,2026-07-08,,,1950,0,1858,46.0,46.0,0,1950
13155,2026-07-08,,,100,0,95,2.5,2.5,0,100
13156,2026-07-08,,,50,0,48,1.0,1.0,0,50
13157,2026-07-08,,,120,0,114,3.0,3.0,0,120
13158,2026-07-08,,,200,0,190,5.0,5.0,0,200
13159,2026-07-08,,,750,0,714,18.0,18.0,0,750
13160,2026-07-08,,,100,0,95,2.5,2.5,0,100
13161,2026-07-08,,,1400,0,1334,33.0,33.0,0,1400
13162,2026-07-08,,,480,0,458,11.0,11.0,0,480
13163,2026-07-08,,,300,0,286,7.0,7.0,0,300
13164,2026-07-08,,,0,850,809,20.5,20.5,0,850
13165,2026-07-08,,,1090,0,1039,25.5,25.5,0,1090
13166,2026-07-08,,,1400,0,1333,33.5,33.5,0,1400
13167,2026-07-08,,,120,0,114,3.0,3.0,0,120
13168,2026-07-08,,,700,0,667,16.5,16.5,0,700
13169,2026-07-08,,,2900,0,2762,69.0,69.0,0,2900
13170,2026-07-08,,,50,0,48,1.0,1.0,0,50
13171,2026-07-08,,,900,0,857,21.5,21.5,0,900
13172,2026-07-08,,,120,0,114,3.0,3.0,0,120
13173,2026-07-08,,,400,0,381,9.5,9.5,0,400
13174,2026-07-08,,,1600,0,1523,38.5,38.5,0,1600
13175,2026-07-08,,,350,0,333,8.5,8.5,0,350
13176,2026-07-08,,,400,0,381,9.5,9.5,0,400
13177,2026-07-08,,,300,0,286,7.0,7.0,0,300
13178,2026-07-08,,,500,0,476,12.0,12.0,0,500
13179,2026-07-08,,,600,0,571,14.5,14.5,0,600
13180,2026-07-08,,,100,0,95,2.5,2.5,0,100
13181,2026-07-08,,,1400,0,1333,33.5,33.5,0,1400
13182,2026-07-08,,,1340,0,1276,32.0,32.0,0,1340
13183,2026-07-08,,,900,0,858,21.0,21.0,0,900
13184,2026-07-08,,,1170,0,1114,28.0,28.0,0,1170
13185,2026-07-08,,,2460,0,2343,58.5,58.5,0,2460
13186,2026-07-08,,,1000,0,952,24.0,24.0,0,1000
13187,2026-07-08,,,1450,0,1381,34.5,34.5,0,1450
13188,2026-07-08,,,450,0,428,11.0,11.0,0,450
13189,2026-07-08,,,600,0,571,14.5,14.5,0,600
13190,2026-07-08,,,350,0,333,8.5,8.5,0,350
13191,2026-07-08,,,80,0,76,2.0,2.0,0,80
13192,2026-07-08,,,680,0,647,16.5,16.5,0,680
13193,2026-07-08,CASH,,2900,0,2762,69.0,69.0,0,2900
13194,2026-07-08,,,550,0,524,13.0,13.0,0,550
13195,2026-07-08,,,300,0,286,7.0,7.0,0,300
13196,2026-07-08,,,1300,0,1238,31.0,31.0,0,1300
13197,2026-07-08,,,20,0,19,0.5,0.5,0,20
13198,2026-07-08,,,80,0,76,2.0,2.0,0,80
13199,2026-07-08,,,550,0,523,13.5,13.5,0,550
13200,2026-07-08,,,2200,0,2095,52.5,52.5,0,2200
13201,2026-07-08,,,350,0,333,8.5,8.5,0,350
13202,2026-07-08,,,1150,0,1095,27.5,27.5,0,1150
13203,2026-07-08,,,0,740,705,17.5,17.5,0,740
13204,2026-07-08,PPP,,0,1150,1096,27.0,27.0,0,1150
13205,2026-07-08,CASH,,2500,0,2381,59.5,59.5,0,2500
13206,2026-07-08,,,150,0,143,3.5,3.5,0,150
13207,2026-07-08,,,1050,0,1000,25.0,25.0,0,1050
13208,2026-07-08,,,1390,0,1324,33.0,33.0,0,1390
13209,2026-07-08,,,200,0,190,5.0,5.0,0,200
13210,2026-07-08,,,850,0,809,20.5,20.5,0,850
13211,2026-07-08,,,200,0,190,5.0,5.0,0,200
13212,2026-07-08,,,150,0,143,3.5,3.5,0,150
13213,2026-07-08,,,2820,0,2686,67.0,67.0,0,2820
13214,2026-07-08,,,250,0,238,6.0,6.0,0,250
13215,2026-07-08,,,300,0,286,7.0,7.0,0,300
13216,2026-07-08,,,120,0,114,3.0,3.0,0,120
13217,2026-07-08,,,50,0,48,1.0,1.0,0,50
13218,2026-07-08,,,1830,0,1742,44.0,44.0,0,1830
13219,2026-07-08,,,1000,0,952,24.0,24.0,0,1000
13220,2026-07-08,PPP,,0,3370,3209,80.5,80.5,0,3370
13221,2026-07-08,CASH,,260,0,248,6.0,6.0,0,260
13222,2026-07-08,,,400,0,381,9.5,9.5,0,400
13223,2026-07-08,,,80,0,76,2.0,2.0,0,80
13224,2026-07-08,,,350,0,333,8.5,8.5,0,350
13225,2026-07-08,,,490,0,467,11.5,11.5,0,490
13226,2026-07-08,,,1050,0,1000,25.0,25.0,0,1050
13227,2026-07-08,,,800,0,762,19.0,19.0,0,800
13228,2026-07-08,,,250,0,238,6.0,6.0,0,250
13229,2026-07-08,,,450,0,429,10.5,10.5,0,450
13230,2026-07-08,,,7980,0,7601,189.5,189.5,0,7980
13231,2026-07-08,,,200,0,190,5.0,5.0,0,200
13232,2026-07-08,,,350,0,333,8.5,8.5,0,350
13233,2026-07-08,,,200,0,190,5.0,5.0,0,200
13234,2026-07-08,,,3530,0,3363,83.5,83.5,0,3530
13235,2026-07-08,,,600,0,571,14.5,14.5,0,600
13236,2026-07-08,,,1600,0,1524,38.0,38.0,0,1600
13237,2026-07-08,,,700,0,667,16.5,16.5,0,700
13238,2026-07-08,,,3170,0,3019,75.5,75.5,0,3170
13239,2026-07-09,,,120,0,114,3.0,3.0,0,120
13240,2026-07-09,,,300,0,286,7.0,7.0,0,300
13241,2026-07-09,,,2070,0,1971,49.5,49.5,0,2070
13242,2026-07-09,,,150,0,143,3.5,3.5,0,150
13243,2026-07-09,,,250,0,238,6.0,6.0,0,250
13244,2026-07-09,,,1300,0,1238,31.0,31.0,0,1300
13245,2026-07-09,,,400,0,381,9.5,9.5,0,400
13246,2026-07-09,,,120,0,114,3.0,3.0,0,120
13247,2026-07-09,,,2680,0,2553,63.5,63.5,0,2680
13248,2026-07-09,,,3660,0,3486,87.0,87.0,0,3660
13249,2026-07-09,,,400,0,381,9.5,9.5,0,400
13250,2026-07-09,,,250,0,238,6.0,6.0,0,250
13251,2026-07-09,,,1000,0,952,24.0,24.0,0,1000
13252,2026-07-09,,,810,0,770,20.0,20.0,0,810
13253,2026-07-09,,,240,0,229,5.5,5.5,0,240
13254,2026-07-09,,,50,0,48,1.0,1.0,0,50
13255,2026-07-09,,,950,0,905,22.5,22.5,0,950
13256,2026-07-09,,,530,0,505,12.5,12.5,0,530
13257,2026-07-09,CASH,,1520,0,1447,36.5,36.5,0,1520
13258,2026-07-09,,,1480,0,1409,35.5,35.5,0,1480
13259,2026-07-09,,,120,0,114,3.0,3.0,0,120
13260,2026-07-09,,,850,0,810,20.0,20.0,0,850
13261,2026-07-09,,,1900,0,1810,45.0,45.0,0,1900
13262,2026-07-09,,,400,0,381,9.5,9.5,0,400
13263,2026-07-09,,,650,0,619,15.5,15.5,0,650
13264,2026-07-09,,,120,0,114,3.0,3.0,0,120
13265,2026-07-09,,,4710,0,4486,112.0,112.0,0,4710
13266,2026-07-09,,,550,0,524,13.0,13.0,0,550
13267,2026-07-09,,,1550,0,1475,37.5,37.5,0,1550
13268,2026-07-09,,,240,0,229,5.5,5.5,0,240
13269,2026-07-09,,,1380,0,1314,33.0,33.0,0,1380
13270,2026-07-09,,,400,0,381,9.5,9.5,0,400
13271,2026-07-09,,,100,0,95,2.5,2.5,0,100
13272,2026-07-09,,,250,0,238,6.0,6.0,0,250
13273,2026-07-09,,,450,0,430,10.0,10.0,0,450
13274,2026-07-09,,,200,0,190,5.0,5.0,0,200
13275,2026-07-09,,,2380,0,2266,57.0,57.0,0,2380
13276,2026-07-09,,,1000,0,952,24.0,24.0,0,1000
13277,2026-07-09,,,400,0,381,9.5,9.5,0,400
13278,2026-07-09,,,250,0,238,6.0,6.0,0,250
13279,2026-07-09,CASH,,200,0,190,5.0,5.0,0,200
13280,2026-07-09,,,2020,0,1924,48.0,48.0,0,2020
13281,2026-07-09,,,300,0,286,7.0,7.0,0,300
13282,2026-07-09,,,850,0,809,20.5,20.5,0,850
13283,2026-07-09,,,1700,0,1619,40.5,40.5,0,1700
13284,2026-07-09,,,300,0,286,7.0,7.0,0,300
13285,2026-07-09,,,300,0,286,7.0,7.0,0,300
13286,2026-07-09,,,410,0,391,9.5,9.5,0,410
13287,2026-07-09,,,200,0,191,4.5,4.5,0,200
13288,2026-07-09,,,0,150,143,3.5,3.5,0,150
13289,2026-07-09,PPP,,0,750,714,18.0,18.0,0,750
13290,2026-07-09,,,300,0,286,7.0,7.0,0,300
13291,2026-07-09,,,710,0,676,17.0,17.0,0,710
13292,2026-07-09,,,300,0,286,7.0,7.0,0,300
13293,2026-07-09,,,120,0,114,3.0,3.0,0,120
13294,2026-07-09,,,0,180,171,4.5,4.5,0,180
13295,2026-07-09,,,1120,0,1065,27.5,27.5,0,1120
13296,2026-07-09,,,100,0,95,2.5,2.5,0,100
13297,2026-07-09,,,860,0,819,20.5,20.5,0,860
13298,2026-07-09,,,1350,0,1285,32.5,32.5,0,1350
13299,2026-07-09,,,740,0,705,17.5,17.5,0,740
13300,2026-07-09,,,40,0,38,1.0,1.0,0,40
13301,2026-07-09,,,620,0,590,15.0,15.0,0,620
13302,2026-07-09,,,260,0,248,6.0,6.0,0,260
13303,2026-07-09,,,610,0,581,14.5,14.5,0,610
13304,2026-07-09,,,150,0,143,3.5,3.5,0,150
13305,2026-07-09,,,50,0,48,1.0,1.0,0,50
13306,2026-07-09,,,250,0,238,6.0,6.0,0,250
13307,2026-07-09,,,1500,0,1428,36.0,36.0,0,1500
13308,2026-07-09,,,550,0,524,13.0,13.0,0,550
13309,2026-07-09,,,1050,0,1000,25.0,25.0,0,1050
13310,2026-07-09,,,550,0,524,13.0,13.0,0,550
13311,2026-07-09,,,1870,0,1782,44.0,44.0,0,1870
13312,2026-07-09,,,2280,0,2172,54.0,54.0,0,2280
13313,2026-07-09,,,440,0,419,10.5,10.5,0,440
13314,2026-07-09,,,200,0,190,5.0,5.0,0,200
13315,2026-07-09,,,2700,0,2572,64.0,64.0,0,2700
13316,2026-07-09,,,150,0,143,3.5,3.5,0,150
13317,2026-07-09,,,1000,0,952,24.0,24.0,0,1000
13318,2026-07-09,,,850,0,810,20.0,20.0,0,850
13319,2026-07-09,,,120,0,114,3.0,3.0,0,120
13320,2026-07-10,PPP,,0,300,286,7.0,7.0,0,300
13321,2026-07-10,,,500,0,476,12.0,12.0,0,500
13322,2026-07-10,,,650,0,619,15.5,15.5,0,650
13323,2026-07-10,,,150,0,143,3.5,3.5,0,150
13324,2026-07-10,,,400,0,381,9.5,9.5,0,400
13325,2026-07-10,,,600,0,571,14.5,14.5,0,600
13326,2026-07-10,,,850,0,809,20.5,20.5,0,850
13327,2026-07-10,,,350,0,333,8.5,8.5,0,350
13328,2026-07-10,,,1000,0,952,24.0,24.0,0,1000
13329,2026-07-10,,,120,0,114,3.0,3.0,0,120
13330,2026-07-10,,,350,0,333,8.5,8.5,0,350
13331,2026-07-10,,,250,0,238,6.0,6.0,0,250
13332,2026-07-10,,,30,0,29,0.5,0.5,0,30
13333,2026-07-10,,,2500,0,2380,60.0,60.0,0,2500
13334,2026-07-10,,,120,0,114,3.0,3.0,0,120
13335,2026-07-10,,,630,0,600,15.0,15.0,0,630
13336,2026-07-10,,,1200,0,1143,28.5,28.5,0,1200
13337,2026-07-10,,,1650,0,1571,39.5,39.5,0,1650
13338,2026-07-10,,,1700,0,1619,40.5,40.5,0,1700
13339,2026-07-10,,,160,0,152,4.0,4.0,0,160
13340,2026-07-10,,,660,0,629,15.5,15.5,0,660
13341,2026-07-10,,,300,0,286,7.0,7.0,0,300
13342,2026-07-10,,,500,0,476,12.0,12.0,0,500
13343,2026-07-10,,,600,0,571,14.5,14.5,0,600
13344,2026-07-10,,,170,0,162,4.0,4.0,0,170
13345,2026-07-10,,,360,0,343,8.5,8.5,0,360
13346,2026-07-10,,,350,0,333,8.5,8.5,0,350
13347,2026-07-10,,,1070,0,1019,25.5,25.5,0,1070
13348,2026-07-10,,,2100,0,1999,50.5,50.5,0,2100
13349,2026-07-10,PPP,,0,850,810,20.0,20.0,0,850
13350,2026-07-10,,,350,0,333,8.5,8.5,0,350
13351,2026-07-10,,,890,0,848,21.0,21.0,0,890
13352,2026-07-10,PPP,,0,3200,3048,76.0,76.0,0,3200
13353,2026-07-10,,,260,0,248,6.0,6.0,0,260
13354,2026-07-10,,,750,0,714,18.0,18.0,0,750
13355,2026-07-10,,,3300,0,3143,78.5,78.5,0,3300
13356,2026-07-10,,,100,0,95,2.5,2.5,0,100
13357,2026-07-10,,,110,0,105,2.5,2.5,0,110
13358,2026-07-10,,,890,0,848,21.0,21.0,0,890
13359,2026-07-10,,,1800,0,1714,43.0,43.0,0,1800
13360,2026-07-10,,,700,0,667,16.5,16.5,0,700
13361,2026-07-10,,,1800,0,1714,43.0,43.0,0,1800
13362,2026-07-10,CASH,,380,0,362,9.0,9.0,0,380
13363,2026-07-10,,,150,0,143,3.5,3.5,0,150
13364,2026-07-10,,,600,0,571,14.5,14.5,0,600
13365,2026-07-10,,,350,0,333,8.5,8.5,0,350
13366,2026-07-10,,,1820,0,1733,43.5,43.5,0,1820
13367,2026-07-10,,,1000,0,952,24.0,24.0,0,1000
13368,2026-07-10,,,150,0,143,3.5,3.5,0,150
13369,2026-07-10,,,820,0,781,19.5,19.5,0,820
13370,2026-07-10,,,1380,0,1315,32.5,32.5,0,1380
13371,2026-07-10,2,,1150,0,1095,27.5,27.5,0,1150
13372,2026-07-10,,,500,0,476,12.0,12.0,0,500
13373,2026-07-10,,,1000,0,952,24.0,24.0,0,1000
13374,2026-07-10,,,1000,0,952,24.0,24.0,0,1000
13375,2026-07-10,,,350,0,333,8.5,8.5,0,350
13376,2026-07-10,,,950,0,904,23.0,23.0,0,950
13377,2026-07-10,,,650,0,619,15.5,15.5,0,650
13378,2026-07-10,,,1450,0,1381,34.5,34.5,0,1450
13379,2026-07-10,,,150,0,143,3.5,3.5,0,150
13380,2026-07-10,,,20,0,19,0.5,0.5,0,20
13381,2026-07-10,,,250,0,238,6.0,6.0,0,250
13382,2026-07-10,,,900,0,857,21.5,21.5,0,900
13383,2026-07-10,,,850,0,810,20.0,20.0,0,850
13384,2026-07-10,,,150,0,143,3.5,3.5,0,150
13385,2026-07-10,,,1480,0,1409,35.5,35.5,0,1480
13386,2026-07-10,,,2650,0,2524,63.0,63.0,0,2650
13387,2026-07-10,PPP,,0,300,286,7.0,7.0,0,300
13388,2026-07-10,,,940,0,894,23.0,23.0,0,940
13389,2026-07-10,,,200,0,190,5.0,5.0,0,200
13390,2026-07-10,,,500,0,476,12.0,12.0,0,500
13391,2026-07-10,,,400,0,381,9.5,9.5,0,400
13392,2026-07-10,,,250,0,238,6.0,6.0,0,250
13393,2026-07-10,,,200,0,190,5.0,5.0,0,200
13394,2026-07-10,,,100,0,95,2.5,2.5,0,100
13395,2026-07-10,PPP,,0,1550,1476,37.0,37.0,0,1550
13396,2026-07-10,,,300,0,286,7.0,7.0,0,300
13397,2026-07-10,CASH,,400,0,381,9.5,9.5,0,400
13398,2026-07-10,,,250,0,238,6.0,6.0,0,250
13399,2026-07-10,,,2500,0,2381,59.5,59.5,0,2500
13400,2026-07-11,CASH,,100,0,96,2.0,2.0,0,100
13401,2026-07-11,,,30,0,29,0.5,0.5,0,30
13402,2026-07-11,CASH,,550,0,524,13.0,13.0,0,550
13403,2026-07-11,CASH,,450,0,428,11.0,11.0,0,450
13404,2026-07-11,,,400,0,381,9.5,9.5,0,400
13405,2026-07-11,CASH,,850,0,809,20.5,20.5,0,850
13406,2026-07-11,,,440,0,418,11.0,11.0,0,440
13407,2026-07-11,,,250,0,238,6.0,6.0,0,250
13408,2026-07-11,,,400,0,381,9.5,9.5,0,400
13409,2026-07-11,,,120,0,114,3.0,3.0,0,120
13410,2026-07-11,,,270,0,257,6.5,6.5,0,270
13411,2026-07-11,CASH,,500,0,476,12.0,12.0,0,500
13412,2026-07-11,,,100,0,95,2.5,2.5,0,100
13413,2026-07-11,CASH,,150,0,143,3.5,3.5,0,150
13414,2026-07-11,,,350,0,333,8.5,8.5,0,350
13415,2026-07-11,,,200,0,190,5.0,5.0,0,200
13416,2026-07-11,,,120,0,114,3.0,3.0,0,120
13417,2026-07-11,,,750,0,714,18.0,18.0,0,750
13418,2026-07-11,,,100,0,95,2.5,2.5,0,100
13419,2026-07-11,,,500,0,476,12.0,12.0,0,500
13420,2026-07-11,CASH,,680,0,647,16.5,16.5,0,680
13421,2026-07-11,CASH,,650,0,619,15.5,15.5,0,650
13422,2026-07-11,CASH,,250,0,238,6.0,6.0,0,250
13423,2026-07-11,,,300,0,286,7.0,7.0,0,300
13424,2026-07-11,,,800,0,762,19.0,19.0,0,800
13425,2026-07-11,,,3440,0,3273,83.5,83.5,0,3440
13426,2026-07-11,CASH,,800,0,761,19.5,19.5,0,800
13427,2026-07-11,,,500,0,476,12.0,12.0,0,500
13428,2026-07-11,CASH,,200,0,190,5.0,5.0,0,200
13429,2026-07-11,CASH,,1,0,1,0.0,0.0,0,1
13430,2026-07-11,,,300,0,286,7.0,7.0,0,300
13431,2026-07-11,,,430,0,410,10.0,10.0,0,430
13432,2026-07-11,,,240,0,229,5.5,5.5,0,240
13433,2026-07-11,,,800,0,762,19.0,19.0,0,800
13434,2026-07-11,,,260,0,247,6.5,6.5,0,260
13435,2026-07-11,,,200,0,190,5.0,5.0,0,200
13436,2026-07-11,,,100,0,95,2.5,2.5,0,100
13437,2026-07-11,,,1550,0,1476,37.0,37.0,0,1550
13438,2026-07-11,,,2090,0,1990,50.0,50.0,0,2090
13439,2026-07-11,,,650,0,619,15.5,15.5,0,650
13440,2026-07-11,,,180,0,171,4.5,4.5,0,180
13441,2026-07-11,,,1790,0,1705,42.5,42.5,0,1790
13442,2026-07-11,,,260,0,248,6.0,6.0,0,260
13443,2026-07-11,,,500,0,476,12.0,12.0,0,500
13444,2026-07-11,,,260,0,248,6.0,6.0,0,260
13445,2026-07-11,,,200,0,190,5.0,5.0,0,200
13446,2026-07-11,,,300,0,286,7.0,7.0,0,300
13447,2026-07-11,,,700,0,667,16.5,16.5,0,700
13448,2026-07-11,,,500,0,476,12.0,12.0,0,500
13449,2026-07-11,,,350,0,333,8.5,8.5,0,350
13450,2026-07-11,,,80,0,76,2.0,2.0,0,80
13451,2026-07-11,,,1400,0,1333,33.5,33.5,0,1400
13452,2026-07-11,,,850,0,809,20.5,20.5,0,850
13453,2026-07-11,,,2700,0,2571,64.5,64.5,0,2700
13454,2026-07-11,,,1800,0,1714,43.0,43.0,0,1800
13455,2026-07-11,,,150,0,143,3.5,3.5,0,150
13456,2026-07-11,,,2170,0,2066,52.0,52.0,0,2170
13457,2026-07-11,,,1100,0,1048,26.0,26.0,0,1100
13458,2026-07-11,,,280,0,267,6.5,6.5,0,280
13459,2026-07-11,,,2450,0,2333,58.5,58.5,0,2450
13460,2026-07-11,,,350,0,333,8.5,8.5,0,350
13461,2026-07-11,,,1700,0,1619,40.5,40.5,0,1700
13462,2026-07-11,,,100,0,95,2.5,2.5,0,100
13463,2026-07-11,,,250,0,238,6.0,6.0,0,250
13464,2026-07-11,,,2850,0,2714,68.0,68.0,0,2850
13465,2026-07-11,,,3080,0,2933,73.5,73.5,0,3080
13466,2026-07-11,,,2150,0,2047,51.5,51.5,0,2150
13467,2026-07-11,,,200,0,190,5.0,5.0,0,200
13468,2026-07-11,,,1000,0,952,24.0,24.0,0,1000
13469,2026-07-11,,,120,0,114,3.0,3.0,0,120
13470,2026-07-12,CASH,,350,0,333,8.5,8.5,0,350
13471,2026-07-12,,,300,0,286,7.0,7.0,0,300
13472,2026-07-12,,,250,0,238,6.0,6.0,0,250
13473,2026-07-12,,,160,0,152,4.0,4.0,0,160
13474,2026-07-12,,,120,0,114,3.0,3.0,0,120
13475,2026-07-12,,,2110,0,2010,50.0,50.0,0,2110
13476,2026-07-12,,,750,0,714,18.0,18.0,0,750
13477,2026-07-12,,,400,0,381,9.5,9.5,0,400
13478,2026-07-12,,,150,0,143,3.5,3.5,0,150
13479,2026-07-12,,,300,0,286,7.0,7.0,0,300
13480,2026-07-12,,,60,0,57,1.5,1.5,0,60
13481,2026-07-12,,,560,0,534,13.0,13.0,0,560
13482,2026-07-12,,,500,0,476,12.0,12.0,0,500
13483,2026-07-12,,,160,0,152,4.0,4.0,0,160
13484,2026-07-12,,,1620,0,1542,39.0,39.0,0,1620
13485,2026-07-12,,,1400,0,1333,33.5,33.5,0,1400
13486,2026-07-12,CASH,,1,0,1,0.0,0.0,0,1
13487,2026-07-12,,,360,0,343,8.5,8.5,0,360
13488,2026-07-12,CASH,,1,0,1,0.0,0.0,0,1
13489,2026-07-12,,,920,0,877,21.5,21.5,0,920
13490,2026-07-12,CASH,,700,0,667,16.5,16.5,0,700
13491,2026-07-12,CASH,,1,0,1,0.0,0.0,0,1
13492,2026-07-12,,,150,0,143,3.5,3.5,0,150
13493,2026-07-12,,,1350,0,1286,32.0,32.0,0,1350
13494,2026-07-12,,,350,0,333,8.5,8.5,0,350
13495,2026-07-12,,,450,0,429,10.5,10.5,0,450
13496,2026-07-12,,,1600,0,1524,38.0,38.0,0,1600
13497,2026-07-12,,,450,0,429,10.5,10.5,0,450
13498,2026-07-12,,,280,0,267,6.5,6.5,0,280
13499,2026-07-12,,,1700,0,1619,40.5,40.5,0,1700
13500,2026-07-12,,,200,0,190,5.0,5.0,0,200
13501,2026-07-12,,,250,0,238,6.0,6.0,0,250
13502,2026-07-12,,,760,0,724,18.0,18.0,0,760
13503,2026-07-12,,,700,0,666,17.0,17.0,0,700
13504,2026-07-12,,,1200,0,1143,28.5,28.5,0,1200
13505,2026-07-12,,,410,0,390,10.0,10.0,0,410
13506,2026-07-12,,,350,0,333,8.5,8.5,0,350
13507,2026-07-12,,,100,0,95,2.5,2.5,0,100
13508,2026-07-12,,,740,0,705,17.5,17.5,0,740
13509,2026-07-12,,,1150,0,1095,27.5,27.5,0,1150
13510,2026-07-12,,,600,0,571,14.5,14.5,0,600
13511,2026-07-12,,,1120,0,1066,27.0,27.0,0,1120
13512,2026-07-12,,,900,0,857,21.5,21.5,0,900
13513,2026-07-12,,,1220,0,1161,29.5,29.5,0,1220
13514,2026-07-12,,,220,0,209,5.5,5.5,0,220
13515,2026-07-12,PPP,,0,270,257,6.5,6.5,0,270
13516,2026-07-12,,,620,0,590,15.0,15.0,0,620
13517,2026-07-12,,,700,0,667,16.5,16.5,0,700
13518,2026-07-12,,,600,0,571,14.5,14.5,0,600
13519,2026-07-12,PPP,,0,1300,1238,31.0,31.0,0,1300
13520,2026-07-12,PPP,,0,850,809,20.5,20.5,0,850
13521,2026-07-12,,,700,0,666,17.0,17.0,0,700
13522,2026-07-12,,,1200,0,1143,28.5,28.5,0,1200
13523,2026-07-12,PPP,,0,500,476,12.0,12.0,0,500
13524,2026-07-12,,,700,0,667,16.5,16.5,0,700
13525,2026-07-12,,,50,0,48,1.0,1.0,0,50
13526,2026-07-12,,,600,0,571,14.5,14.5,0,600
13527,2026-07-12,,,300,0,286,7.0,7.0,0,300
13528,2026-07-12,,,350,0,333,8.5,8.5,0,350
13529,2026-07-12,,,160,0,152,4.0,4.0,0,160
13530,2026-07-12,,,650,0,619,15.5,15.5,0,650
13531,2026-07-12,,,250,0,238,6.0,6.0,0,250
13532,2026-07-12,,,500,0,476,12.0,12.0,0,500
13533,2026-07-12,,,2700,0,2571,64.5,64.5,0,2700
13534,2026-07-12,,,300,0,286,7.0,7.0,0,300
13535,2026-07-12,PPP,,0,2410,2296,57.0,57.0,0,2410
13536,2026-07-12,CASH,,1,0,1,0.0,0.0,0,1
13537,2026-07-12,,,3500,0,3334,83.0,83.0,0,3500
13538,2026-07-12,,,500,0,476,12.0,12.0,0,500
13539,2026-07-12,,,900,0,857,21.5,21.5,0,900
13540,2026-07-12,,,240,0,229,5.5,5.5,0,240
13541,2026-07-12,,,260,0,248,6.0,6.0,0,260
13542,2026-07-12,,,450,0,429,10.5,10.5,0,450
13543,2026-07-12,,,550,0,524,13.0,13.0,0,550
13544,2026-07-12,,,500,0,476,12.0,12.0,0,500
13545,2026-07-12,,,700,0,667,16.5,16.5,0,700
13546,2026-07-12,,,120,0,114,3.0,3.0,0,120
13547,2026-07-12,,,2150,0,2049,50.5,50.5,0,2150
13548,2026-07-12,,,350,0,333,8.5,8.5,0,350
13549,2026-07-12,,,2550,0,2429,60.5,60.5,0,2550
13550,2026-07-12,,,600,0,571,14.5,14.5,0,600
13551,2026-07-12,,,250,0,238,6.0,6.0,0,250
13552,2026-07-12,,,500,0,476,12.0,12.0,0,500
13553,2026-07-12,,,400,0,381,9.5,9.5,0,400
13554,2026-07-12,,,300,0,286,7.0,7.0,0,300
13555,2026-07-12,,,600,0,571,14.5,14.5,0,600
13556,2026-07-12,,,1000,0,952,24.0,24.0,0,1000
13557,2026-07-12,,,650,0,619,15.5,15.5,0,650
13558,2026-07-12,CASH,,1700,0,1618,41.0,41.0,0,1700
13559,2026-07-12,,,350,0,333,8.5,8.5,0,350
13560,2026-07-12,,,340,0,324,8.0,8.0,0,340
13561,2026-07-12,,,300,0,286,7.0,7.0,0,300
13562,2026-07-12,,,650,0,619,15.5,15.5,0,650
13563,2026-07-12,,,160,0,152,4.0,4.0,0,160
13564,2026-07-12,,,1530,0,1457,36.5,36.5,0,1530
13565,2026-07-12,CARD,,0,1100,1047,26.5,26.5,0,1100
13566,2026-07-12,,,260,0,248,6.0,6.0,0,260
13567,2026-07-12,PPP,,0,650,619,15.5,15.5,0,650
13568,2026-07-12,,,460,0,438,11.0,11.0,0,460
13569,2026-07-12,,,160,0,152,4.0,4.0,0,160
13570,2026-07-12,,,650,0,619,15.5,15.5,0,650
13571,2026-07-12,,,450,0,428,11.0,11.0,0,450
13572,2026-07-12,,,120,0,114,3.0,3.0,0,120
13573,2026-07-12,,,900,0,857,21.5,21.5,0,900
13574,2026-07-12,,,50,0,48,1.0,1.0,0,50
13575,2026-07-12,,,350,0,333,8.5,8.5,0,350
13576,2026-07-12,,,1000,0,953,23.5,23.5,0,1000
13577,2026-07-12,,,830,0,791,19.5,19.5,0,830
13578,2026-07-12,,,300,0,286,7.0,7.0,0,300
13579,2026-07-12,PPP,,0,300,286,7.0,7.0,0,300
13580,2026-07-12,,,4980,0,4743,118.5,118.5,0,4980
13581,2026-07-12,,,770,0,734,18.0,18.0,0,770
13582,2026-07-12,,,250,0,238,6.0,6.0,0,250
13583,2026-07-12,,,760,0,724,18.0,18.0,0,760
13584,2026-07-13,CASH,,500,0,476,12.0,12.0,0,500
13585,2026-07-13,,,800,0,762,19.0,19.0,0,800
13586,2026-07-13,PPP,,0,1100,1048,26.0,26.0,0,1100
13587,2026-07-13,,,450,0,429,10.5,10.5,0,450
13588,2026-07-13,,,280,0,267,6.5,6.5,0,280
13589,2026-07-13,,,80,0,76,2.0,2.0,0,80
13590,2026-07-13,,,200,0,190,5.0,5.0,0,200
13591,2026-07-13,,,350,0,333,8.5,8.5,0,350
13592,2026-07-13,,,650,0,619,15.5,15.5,0,650
13593,2026-07-13,,,260,0,248,6.0,6.0,0,260
13594,2026-07-13,,,200,0,190,5.0,5.0,0,200
13595,2026-07-13,,,650,0,619,15.5,15.5,0,650
13596,2026-07-13,PPP,,0,1500,1429,35.5,35.5,0,1500
13597,2026-07-13,,,600,0,571,14.5,14.5,0,600
13598,2026-07-13,,,500,0,476,12.0,12.0,0,500
13599,2026-07-13,,,250,0,238,6.0,6.0,0,250
13600,2026-07-13,,,80,0,76,2.0,2.0,0,80
13601,2026-07-13,,,500,0,476,12.0,12.0,0,500
13602,2026-07-13,,,200,0,190,5.0,5.0,0,200
13603,2026-07-13,,,100,0,95,2.5,2.5,0,100
13604,2026-07-13,,,400,0,381,9.5,9.5,0,400
13605,2026-07-13,,,100,0,95,2.5,2.5,0,100
13606,2026-07-13,PPP,,0,1500,1430,35.0,35.0,0,1500
13607,2026-07-13,,,300,0,286,7.0,7.0,0,300
13608,2026-07-13,,,1100,0,1048,26.0,26.0,0,1100
13609,2026-07-13,,,450,0,428,11.0,11.0,0,450
13610,2026-07-13,,,1950,0,1857,46.5,46.5,0,1950
13611,2026-07-13,,,1120,0,1066,27.0,27.0,0,1120
13612,2026-07-13,,,400,0,381,9.5,9.5,0,400
13613,2026-07-13,,,50,0,48,1.0,1.0,0,50
13614,2026-07-13,CARD,,0,720,686,17.0,17.0,0,720
13615,2026-07-13,,,700,0,666,17.0,17.0,0,700
13616,2026-07-13,,,1100,0,1047,26.5,26.5,0,1100
13617,2026-07-13,,,250,0,238,6.0,6.0,0,250
13618,2026-07-13,,,600,0,571,14.5,14.5,0,600
13619,2026-07-13,,,500,0,476,12.0,12.0,0,500
13620,2026-07-13,,,1000,0,953,23.5,23.5,0,1000
13621,2026-07-13,,,660,0,629,15.5,15.5,0,660
13622,2026-07-13,,,1350,0,1287,31.5,31.5,0,1350
13623,2026-07-13,,,800,0,762,19.0,19.0,0,800
13624,2026-07-13,,,1000,0,953,23.5,23.5,0,1000
13625,2026-07-13,,,0,3350,3191,79.5,79.5,0,3350
13626,2026-07-13,,,500,0,476,12.0,12.0,0,500
13627,2026-07-13,,,700,0,667,16.5,16.5,0,700
13628,2026-07-13,,,250,0,238,6.0,6.0,0,250
13629,2026-07-13,,,1000,0,952,24.0,24.0,0,1000
13630,2026-07-13,,,3350,0,3190,80.0,80.0,0,3350
13631,2026-07-13,,,200,0,190,5.0,5.0,0,200
13632,2026-07-13,,,2050,0,1953,48.5,48.5,0,2050
13633,2026-07-13,,,2100,0,2000,50.0,50.0,0,2100
13634,2026-07-13,,,300,0,286,7.0,7.0,0,300
13635,2026-07-13,,,2150,0,2047,51.5,51.5,0,2150
13636,2026-07-13,,,420,0,400,10.0,10.0,0,420
13637,2026-07-14,CASH,,2400,0,2286,57.0,57.0,0,2400
13638,2026-07-14,,,350,0,333,8.5,8.5,0,350
13639,2026-07-14,,,550,0,524,13.0,13.0,0,550
13640,2026-07-14,,,2500,0,2381,59.5,59.5,0,2500
13641,2026-07-14,,,600,0,572,14.0,14.0,0,600
13642,2026-07-14,,,1250,0,1191,29.5,29.5,0,1250
13643,2026-07-14,,,600,0,571,14.5,14.5,0,600
13644,2026-07-14,,,500,0,476,12.0,12.0,0,500
13645,2026-07-14,,,40,0,38,1.0,1.0,0,40
13646,2026-07-14,,,60,0,57,1.5,1.5,0,60
13647,2026-07-14,,,550,0,524,13.0,13.0,0,550
13648,2026-07-14,,,120,0,114,3.0,3.0,0,120
13649,2026-07-14,,,1660,0,1581,39.5,39.5,0,1660
13650,2026-07-14,,,700,0,667,16.5,16.5,0,700
13651,2026-07-14,,,2900,0,2762,69.0,69.0,0,2900
13652,2026-07-14,,,1180,0,1124,28.0,28.0,0,1180
13653,2026-07-14,,,300,0,286,7.0,7.0,0,300
13654,2026-07-14,,,400,0,381,9.5,9.5,0,400
13655,2026-07-14,,,4420,0,4209,105.5,105.5,0,4420
13656,2026-07-14,,,1930,0,1838,46.0,46.0,0,1930
13657,2026-07-14,,,1770,0,1685,42.5,42.5,0,1770
13658,2026-07-14,,,700,0,667,16.5,16.5,0,700
13659,2026-07-14,,,160,0,152,4.0,4.0,0,160
13660,2026-07-14,,,80,0,76,2.0,2.0,0,80
13661,2026-07-14,,,120,0,114,3.0,3.0,0,120
13662,2026-07-14,,,850,0,809,20.5,20.5,0,850
13663,2026-07-14,,,1700,0,1619,40.5,40.5,0,1700
13664,2026-07-14,,,800,0,762,19.0,19.0,0,800
13665,2026-07-14,,,500,0,476,12.0,12.0,0,500
13666,2026-07-14,,,3350,0,3191,79.5,79.5,0,3350
13667,2026-07-14,SWAMI SIR BILL,2 pcs pant,1600,0,1524,38.0,38.0,0,1600
13668,2026-07-14,,,260,0,248,6.0,6.0,0,260
13669,2026-07-14,,,150,0,143,3.5,3.5,0,150
13670,2026-07-14,,,840,0,799,20.5,20.5,0,840
13671,2026-07-14,,,2050,0,1954,48.0,48.0,0,2050
13672,2026-07-14,,,350,0,333,8.5,8.5,0,350
13673,2026-07-14,,,50,0,48,1.0,1.0,0,50
13674,2026-07-14,,,450,0,428,11.0,11.0,0,450
13675,2026-07-14,,,250,0,238,6.0,6.0,0,250
13676,2026-07-14,,,350,0,333,8.5,8.5,0,350
13677,2026-07-14,,,450,0,429,10.5,10.5,0,450
13678,2026-07-14,,,2630,0,2505,62.5,62.5,0,2630
13679,2026-07-14,,,150,0,143,3.5,3.5,0,150
13680,2026-07-14,,,900,0,857,21.5,21.5,0,900
13681,2026-07-14,,,2900,0,2762,69.0,69.0,0,2900
13682,2026-07-14,PPP,,0,2800,2667,66.5,66.5,0,2800
13683,2026-07-14,,,350,0,333,8.5,8.5,0,350
13684,2026-07-14,,,1100,0,1047,26.5,26.5,0,1100
13685,2026-07-14,,,1160,0,1105,27.5,27.5,0,1160
13686,2026-07-14,,,440,0,419,10.5,10.5,0,440
13687,2026-07-14,,,940,0,895,22.5,22.5,0,940
13688,2026-07-14,,,0,6830,6505,162.5,162.5,0,6830
13689,2026-07-14,CASH,,700,0,667,16.5,16.5,0,700
13690,2026-07-14,,,3100,0,2952,74.0,74.0,0,3100
13691,2026-07-14,,,2350,0,2238,56.0,56.0,0,2350
13692,2026-07-14,,,1500,0,1429,35.5,35.5,0,1500
13693,2026-07-14,,,460,0,438,11.0,11.0,0,460
13694,2026-07-14,,,350,0,333,8.5,8.5,0,350
13695,2026-07-14,CASH,,540,0,514,13.0,13.0,0,540
13696,2026-07-15,CASH,,550,0,523,13.5,13.5,0,550
13697,2026-07-15,,,700,0,667,16.5,16.5,0,700
13698,2026-07-15,,,500,0,476,12.0,12.0,0,500
13699,2026-07-15,,,850,0,810,20.0,20.0,0,850
13700,2026-07-15,,,1400,0,1333,33.5,33.5,0,1400
13701,2026-07-15,,,150,0,143,3.5,3.5,0,150
13702,2026-07-15,,,650,0,619,15.5,15.5,0,650
13703,2026-07-15,,,350,0,333,8.5,8.5,0,350
13704,2026-07-15,,,730,0,695,17.5,17.5,0,730
13705,2026-07-15,CARD,,0,500,476,12.0,12.0,0,500
13706,2026-07-15,,,350,0,333,8.5,8.5,0,350
13707,2026-07-15,,,1700,0,1619,40.5,40.5,0,1700
13708,2026-07-15,,,240,0,229,5.5,5.5,0,240
13709,2026-07-15,,,600,0,571,14.5,14.5,0,600
13710,2026-07-15,,,1300,0,1238,31.0,31.0,0,1300
13711,2026-07-15,,,900,0,857,21.5,21.5,0,900
13712,2026-07-15,,,2200,0,2095,52.5,52.5,0,2200
13713,2026-07-15,,,400,0,381,9.5,9.5,0,400
13714,2026-07-15,,,2680,0,2551,64.5,64.5,0,2680
13715,2026-07-15,,,1100,0,1048,26.0,26.0,0,1100
13716,2026-07-15,,,1700,0,1619,40.5,40.5,0,1700
13717,2026-07-15,PPP,,0,150,143,3.5,3.5,0,150
13718,2026-07-15,,,850,0,809,20.5,20.5,0,850
13719,2026-07-15,CASH,,2550,0,2429,60.5,60.5,0,2550
13720,2026-07-15,,,350,0,333,8.5,8.5,0,350
13721,2026-07-15,,,50,0,48,1.0,1.0,0,50
13722,2026-07-15,PPP,,0,500,475,12.5,12.5,0,500
13723,2026-07-15,,,260,0,248,6.0,6.0,0,260
13724,2026-07-15,,,480,0,457,11.5,11.5,0,480
13725,2026-07-15,,,400,0,381,9.5,9.5,0,400
13726,2026-07-15,,,4240,0,4038,101.0,101.0,0,4240
13727,2026-07-15,,,300,0,286,7.0,7.0,0,300
13728,2026-07-15,,,490,0,467,11.5,11.5,0,490
13729,2026-07-15,,,1740,0,1657,41.5,41.5,0,1740
13730,2026-07-15,,,780,0,743,18.5,18.5,0,780
13731,2026-07-15,,,600,0,571,14.5,14.5,0,600
13732,2026-07-15,,,100,0,95,2.5,2.5,0,100
13733,2026-07-15,,,200,0,190,5.0,5.0,0,200
13734,2026-07-15,,,1500,0,1429,35.5,35.5,0,1500
13735,2026-07-15,,,600,0,571,14.5,14.5,0,600
13736,2026-07-15,,,850,0,810,20.0,20.0,0,850
13737,2026-07-15,,,1030,0,982,24.0,24.0,0,1030
13738,2026-07-15,,,1000,0,953,23.5,23.5,0,1000
13739,2026-07-15,,,350,0,333,8.5,8.5,0,350
13740,2026-07-15,,,2650,0,2524,63.0,63.0,0,2650
13741,2026-07-15,,,240,0,229,5.5,5.5,0,240
13742,2026-07-15,,,300,0,285,7.5,7.5,0,300
13743,2026-07-15,,,300,0,286,7.0,7.0,0,300
13744,2026-07-15,,,350,0,333,8.5,8.5,0,350
13745,2026-07-15,,,820,0,781,19.5,19.5,0,820
13746,2026-07-15,,,300,0,286,7.0,7.0,0,300
13747,2026-07-15,,,40,0,38,1.0,1.0,0,40
13748,2026-07-15,,,880,0,838,21.0,21.0,0,880
13749,2026-07-15,,,480,0,457,11.5,11.5,0,480
13750,2026-07-15,,,1770,0,1685,42.5,42.5,0,1770
13751,2026-07-15,,,680,0,648,16.0,16.0,0,680
13752,2026-07-15,,,600,0,571,14.5,14.5,0,600
13753,2026-07-15,,,450,0,429,10.5,10.5,0,450
13754,2026-07-15,,,510,0,486,12.0,12.0,0,510
13755,2026-07-15,,,1500,0,1429,35.5,35.5,0,1500
13756,2026-07-15,,,0,1100,1047,26.5,26.5,0,1100
13757,2026-07-15,,,300,0,286,7.0,7.0,0,300
13758,2026-07-15,,,300,0,285,7.5,7.5,0,300
13759,2026-07-15,,,1100,0,1047,26.5,26.5,0,1100
13760,2026-07-15,,,900,0,856,22.0,22.0,0,900
13761,2026-07-15,,,500,0,476,12.0,12.0,0,500
13762,2026-07-15,,,1400,0,1334,33.0,33.0,0,1400
13763,2026-07-15,,,800,0,762,19.0,19.0,0,800
13764,2026-07-16,CASH,,1260,0,1200,30.0,30.0,0,1260
13765,2026-07-16,,,1600,0,1524,38.0,38.0,0,1600
13766,2026-07-16,,,1000,0,952,24.0,24.0,0,1000
13767,2026-07-16,,,900,0,857,21.5,21.5,0,900
13768,2026-07-16,,,1900,0,1809,45.5,45.5,0,1900
13769,2026-07-16,,,1300,0,1238,31.0,31.0,0,1300
13770,2026-07-16,,,0,100,95,2.5,2.5,0,100
13771,2026-07-16,,,300,0,286,7.0,7.0,0,300
13772,2026-07-16,,,1150,0,1095,27.5,27.5,0,1150
13773,2026-07-16,,,50,0,48,1.0,1.0,0,50
13774,2026-07-16,,,150,0,143,3.5,3.5,0,150
13775,2026-07-16,,,150,0,143,3.5,3.5,0,150
13776,2026-07-16,,,470,0,447,11.5,11.5,0,470
13777,2026-07-16,,,2550,0,2429,60.5,60.5,0,2550
13778,2026-07-16,,,300,0,286,7.0,7.0,0,300
13779,2026-07-16,,,450,0,429,10.5,10.5,0,450
13780,2026-07-16,,,360,0,343,8.5,8.5,0,360
13781,2026-07-16,,,80,0,76,2.0,2.0,0,80
13782,2026-07-16,,,700,0,667,16.5,16.5,0,700
13783,2026-07-16,,,2900,0,2762,69.0,69.0,0,2900
13784,2026-07-16,,,400,0,381,9.5,9.5,0,400
13785,2026-07-16,,,360,0,343,8.5,8.5,0,360
13786,2026-07-16,,,550,0,524,13.0,13.0,0,550
13787,2026-07-16,,,120,0,114,3.0,3.0,0,120
13788,2026-07-16,CASH,,360,0,343,8.5,8.5,0,360
13789,2026-07-16,,,300,0,286,7.0,7.0,0,300
13790,2026-07-16,,,500,0,476,12.0,12.0,0,500
13791,2026-07-16,,,150,0,143,3.5,3.5,0,150
13792,2026-07-16,,,800,0,762,19.0,19.0,0,800
13793,2026-07-16,,,100,0,95,2.5,2.5,0,100
13794,2026-07-16,,,500,0,476,12.0,12.0,0,500
13795,2026-07-16,,,1490,0,1419,35.5,35.5,0,1490
13796,2026-07-16,,,700,0,667,16.5,16.5,0,700
13797,2026-07-16,,,600,0,571,14.5,14.5,0,600
13798,2026-07-16,,,50,0,48,1.0,1.0,0,50
13799,2026-07-16,,,1160,0,1104,28.0,28.0,0,1160
13800,2026-07-16,,,300,0,285,7.5,7.5,0,300
13801,2026-07-16,,,400,0,381,9.5,9.5,0,400
13802,2026-07-16,,,650,0,619,15.5,15.5,0,650
13803,2026-07-16,,,300,0,286,7.0,7.0,0,300
13804,2026-07-16,,,350,0,333,8.5,8.5,0,350
13805,2026-07-16,,,100,0,95,2.5,2.5,0,100
13806,2026-07-16,,,80,0,76,2.0,2.0,0,80
13807,2026-07-16,,,2800,0,2666,67.0,67.0,0,2800
13808,2026-07-16,,,700,0,667,16.5,16.5,0,700
13809,2026-07-16,,,300,0,286,7.0,7.0,0,300
13810,2026-07-16,,,510,0,486,12.0,12.0,0,510
13811,2026-07-16,PPP,,0,750,714,18.0,18.0,0,750
13812,2026-07-16,,,650,0,619,15.5,15.5,0,650
13813,2026-07-16,,,2250,0,2142,54.0,54.0,0,2250
13814,2026-07-16,,,300,0,286,7.0,7.0,0,300
13815,2026-07-16,CASH,,240,0,229,5.5,5.5,0,240
13816,2026-07-16,,,200,0,190,5.0,5.0,0,200
13817,2026-07-16,,,650,0,619,15.5,15.5,0,650
13818,2026-07-16,,,200,0,191,4.5,4.5,0,200
13819,2026-07-16,,,850,0,809,20.5,20.5,0,850
13820,2026-07-16,PPP,,0,350,333,8.5,8.5,0,350
13821,2026-07-17,CASH,,260,0,248,6.0,6.0,0,260
13822,2026-07-17,,,360,0,343,8.5,8.5,0,360
13823,2026-07-17,,,400,0,381,9.5,9.5,0,400
13824,2026-07-17,,,100,0,95,2.5,2.5,0,100
13825,2026-07-17,,,1270,0,1209,30.5,30.5,0,1270
13826,2026-07-17,,,1000,0,952,24.0,24.0,0,1000
13827,2026-07-17,,,350,0,333,8.5,8.5,0,350
13828,2026-07-17,MIXX,,850,0,809,20.5,20.5,0,850
13829,2026-07-17,,,1950,0,1857,46.5,46.5,0,1950
13830,2026-07-17,,,60,0,57,1.5,1.5,0,60
13831,2026-07-17,,,2600,0,2476,62.0,62.0,0,2600
13832,2026-07-17,,,600,0,571,14.5,14.5,0,600
13833,2026-07-17,,,600,0,571,14.5,14.5,0,600
13834,2026-07-17,,,850,0,810,20.0,20.0,0,850
13835,2026-07-17,,,1000,0,953,23.5,23.5,0,1000
13836,2026-07-17,,,1250,0,1191,29.5,29.5,0,1250
13837,2026-07-17,,,100,0,95,2.5,2.5,0,100
13838,2026-07-17,,,220,0,209,5.5,5.5,0,220
13839,2026-07-17,,,350,0,333,8.5,8.5,0,350
13840,2026-07-17,,,100,0,95,2.5,2.5,0,100
13841,2026-07-17,,,180,0,171,4.5,4.5,0,180
13842,2026-07-17,,,300,0,286,7.0,7.0,0,300
13843,2026-07-17,,,240,0,228,6.0,6.0,0,240
13844,2026-07-17,PPP,,0,660,629,15.5,15.5,0,660
13845,2026-07-17,,,750,0,714,18.0,18.0,0,750
13846,2026-07-17,,,250,0,238,6.0,6.0,0,250
13847,2026-07-17,,,250,0,238,6.0,6.0,0,250
13848,2026-07-17,,,1810,0,1723,43.5,43.5,0,1810
13849,2026-07-17,,,1050,0,999,25.5,25.5,0,1050
13850,2026-07-17,,,500,0,476,12.0,12.0,0,500
13851,2026-07-17,,,890,0,848,21.0,21.0,0,890
13852,2026-07-17,,,1070,0,1019,25.5,25.5,0,1070
13853,2026-07-17,,,1650,0,1572,39.0,39.0,0,1650
13854,2026-07-17,,,3950,0,3761,94.5,94.5,0,3950
13855,2026-07-17,,,350,0,333,8.5,8.5,0,350
13856,2026-07-17,,,1200,0,1142,29.0,29.0,0,1200
13857,2026-07-17,,,1700,0,1619,40.5,40.5,0,1700
13858,2026-07-17,,,850,0,810,20.0,20.0,0,850
13859,2026-07-17,,,120,0,114,3.0,3.0,0,120
13860,2026-07-17,,,300,0,286,7.0,7.0,0,300
13861,2026-07-17,,,700,0,667,16.5,16.5,0,700
13862,2026-07-17,,,380,0,362,9.0,9.0,0,380
13863,2026-07-17,,,1060,0,1010,25.0,25.0,0,1060
13864,2026-07-17,,,360,0,343,8.5,8.5,0,360
13865,2026-07-17,CASH,,200,0,190,5.0,5.0,0,200
13866,2026-07-17,,,540,0,515,12.5,12.5,0,540
13867,2026-07-17,,,1050,0,1000,25.0,25.0,0,1050
13868,2026-07-17,,,1800,0,1714,43.0,43.0,0,1800
13869,2026-07-17,,,300,0,286,7.0,7.0,0,300
13870,2026-07-17,,,300,0,286,7.0,7.0,0,300
13871,2026-07-17,,,360,0,343,8.5,8.5,0,360
13872,2026-07-17,,,320,0,304,8.0,8.0,0,320
13873,2026-07-17,,,470,0,447,11.5,11.5,0,470
13874,2026-07-17,,,990,0,943,23.5,23.5,0,990
13875,2026-07-17,,,500,0,476,12.0,12.0,0,500
13876,2026-07-17,,,860,0,819,20.5,20.5,0,860
13877,2026-07-17,,,350,0,333,8.5,8.5,0,350
13878,2026-07-17,,,350,0,333,8.5,8.5,0,350
13879,2026-07-17,,,250,0,238,6.0,6.0,0,250
13880,2026-07-17,,,300,0,286,7.0,7.0,0,300
13881,2026-07-17,,,480,0,457,11.5,11.5,0,480
13882,2026-07-17,,,400,0,381,9.5,9.5,0,400
13883,2026-07-17,,,950,0,905,22.5,22.5,0,950
13884,2026-07-17,,,900,0,857,21.5,21.5,0,900
13885,2026-07-17,,,700,0,667,16.5,16.5,0,700
13886,2026-07-17,,,200,0,190,5.0,5.0,0,200
13887,2026-07-17,,,1510,0,1438,36.0,36.0,0,1510
13888,2026-07-17,,,80,0,76,2.0,2.0,0,80
13889,2026-07-17,,,300,0,286,7.0,7.0,0,300
13890,2026-07-17,,,790,0,753,18.5,18.5,0,790
13891,2026-07-18,CASH,,350,0,333,8.5,8.5,0,350
13892,2026-07-18,,,260,0,247,6.5,6.5,0,260
13893,2026-07-18,,,350,0,333,8.5,8.5,0,350
13894,2026-07-18,,,150,0,143,3.5,3.5,0,150
13895,2026-07-18,,,470,0,447,11.5,11.5,0,470
13896,2026-07-18,,,1440,0,1371,34.5,34.5,0,1440
13897,2026-07-18,,,650,0,619,15.5,15.5,0,650
13898,2026-07-18,,,3040,0,2894,73.0,73.0,0,3040
13899,2026-07-18,PPP,,0,420,400,10.0,10.0,0,420
13900,2026-07-18,,,850,0,810,20.0,20.0,0,850
13901,2026-07-18,,,600,0,571,14.5,14.5,0,600
13902,2026-07-18,,,730,0,695,17.5,17.5,0,730
13903,2026-07-18,,,300,0,286,7.0,7.0,0,300
13904,2026-07-18,,,450,0,429,10.5,10.5,0,450
13905,2026-07-18,,,460,0,438,11.0,11.0,0,460
13906,2026-07-18,,,0,350,333,8.5,8.5,0,350
13907,2026-07-18,,,1200,0,1143,28.5,28.5,0,1200
13908,2026-07-18,,,900,0,857,21.5,21.5,0,900
13909,2026-07-18,,,350,0,333,8.5,8.5,0,350
13910,2026-07-18,,,180,0,172,4.0,4.0,0,180
13911,2026-07-18,,,840,0,800,20.0,20.0,0,840
13912,2026-07-18,,,200,0,190,5.0,5.0,0,200
13913,2026-07-18,,,1960,0,1867,46.5,46.5,0,1960
13914,2026-07-18,,,480,0,457,11.5,11.5,0,480
13915,2026-07-18,,,250,0,238,6.0,6.0,0,250
13916,2026-07-18,,,1150,0,1095,27.5,27.5,0,1150
13917,2026-07-18,,,300,0,286,7.0,7.0,0,300
13918,2026-07-18,,,200,0,191,4.5,4.5,0,200
13919,2026-07-18,,,300,0,286,7.0,7.0,0,300
13920,2026-07-18,,,1310,0,1247,31.5,31.5,0,1310
13921,2026-07-18,CASH,,200,0,190,5.0,5.0,0,200
13922,2026-07-18,,,300,0,286,7.0,7.0,0,300
13923,2026-07-18,,,260,0,248,6.0,6.0,0,260
13924,2026-07-18,,,1200,0,1143,28.5,28.5,0,1200
13925,2026-07-18,,,260,0,248,6.0,6.0,0,260
13926,2026-07-18,,,1000,0,952,24.0,24.0,0,1000
13927,2026-07-18,,,1500,0,1429,35.5,35.5,0,1500
13928,2026-07-18,,,0,1050,999,25.5,25.5,0,1050
13929,2026-07-18,,,1400,0,1334,33.0,33.0,0,1400
13930,2026-07-18,,,250,0,238,6.0,6.0,0,250
13931,2026-07-18,,,1940,0,1848,46.0,46.0,0,1940
13932,2026-07-18,,,7000,0,6667,166.5,166.5,0,7000
13933,2026-07-18,,,560,0,534,13.0,13.0,0,560
13934,2026-07-19,,,150,0,143,3.5,3.5,0,150
13935,2026-07-19,,,120,0,114,3.0,3.0,0,120
13936,2026-07-19,,,300,0,286,7.0,7.0,0,300
13937,2026-07-19,,,410,0,390,10.0,10.0,0,410
13938,2026-07-19,,,600,0,571,14.5,14.5,0,600
13939,2026-07-19,,,120,0,114,3.0,3.0,0,120
13940,2026-07-19,,,1760,0,1676,42.0,42.0,0,1760
13941,2026-07-19,,,1470,0,1400,35.0,35.0,0,1470
13942,2026-07-19,,,1190,0,1133,28.5,28.5,0,1190
13943,2026-07-19,,,100,0,95,2.5,2.5,0,100
13944,2026-07-19,,,1900,0,1809,45.5,45.5,0,1900
13945,2026-07-19,,,100,0,95,2.5,2.5,0,100
13946,2026-07-19,,,200,0,190,5.0,5.0,0,200
13947,2026-07-19,PPP,,0,800,762,19.0,19.0,0,800
13948,2026-07-19,,,250,0,238,6.0,6.0,0,250
13949,2026-07-19,,,50,0,48,1.0,1.0,0,50
13950,2026-07-19,,,1250,0,1190,30.0,30.0,0,1250
13951,2026-07-19,,,150,0,143,3.5,3.5,0,150
13952,2026-07-19,,,0,1270,1210,30.0,30.0,0,1270
13953,2026-07-19,,,350,0,333,8.5,8.5,0,350
13954,2026-07-19,,,300,0,286,7.0,7.0,0,300
13955,2026-07-19,,,1100,0,1048,26.0,26.0,0,1100
13956,2026-07-19,,,800,0,762,19.0,19.0,0,800
13957,2026-07-19,PPP,,0,2580,2457,61.5,61.5,0,2580
13958,2026-07-19,,,250,0,238,6.0,6.0,0,250
13959,2026-07-19,,,250,0,238,6.0,6.0,0,250
13960,2026-07-19,PPP,,0,1620,1544,38.0,38.0,0,1620
13961,2026-07-19,,,400,0,381,9.5,9.5,0,400
13962,2026-07-19,,,500,0,476,12.0,12.0,0,500
13963,2026-07-19,,,200,0,190,5.0,5.0,0,200
13964,2026-07-19,,,600,0,571,14.5,14.5,0,600
13965,2026-07-19,,,620,0,590,15.0,15.0,0,620
13966,2026-07-19,,,970,0,924,23.0,23.0,0,970
13967,2026-07-19,,,300,0,286,7.0,7.0,0,300
13968,2026-07-19,,,250,0,238,6.0,6.0,0,250
13969,2026-07-19,,,120,0,114,3.0,3.0,0,120
13970,2026-07-19,,,350,0,333,8.5,8.5,0,350
13971,2026-07-19,,,120,0,114,3.0,3.0,0,120
13972,2026-07-19,,,1050,0,1000,25.0,25.0,0,1050
13973,2026-07-19,,,560,0,534,13.0,13.0,0,560
13974,2026-07-19,CASH,,400,0,380,10.0,10.0,0,400
13975,2026-07-19,,,1500,0,1428,36.0,36.0,0,1500
13976,2026-07-19,,,650,0,619,15.5,15.5,0,650
13977,2026-07-19,,,700,0,667,16.5,16.5,0,700
13978,2026-07-19,,,150,0,143,3.5,3.5,0,150
13979,2026-07-19,,,1350,0,1286,32.0,32.0,0,1350
13980,2026-07-19,,,1490,0,1419,35.5,35.5,0,1490
13981,2026-07-19,,,300,0,286,7.0,7.0,0,300
13982,2026-07-19,,,550,0,524,13.0,13.0,0,550
13983,2026-07-19,,,50,0,48,1.0,1.0,0,50
13984,2026-07-19,,,50,0,48,1.0,1.0,0,50
13985,2026-07-19,,,50,0,48,1.0,1.0,0,50
13986,2026-07-19,CASH,,1700,0,1619,40.5,40.5,0,1700
13987,2026-07-19,,,100,0,95,2.5,2.5,0,100
13988,2026-07-19,,,1490,0,1419,35.5,35.5,0,1490
13989,2026-07-19,,,180,0,171,4.5,4.5,0,180
13990,2026-07-19,,,950,0,904,23.0,23.0,0,950
13991,2026-07-19,,,100,0,95,2.5,2.5,0,100
13992,2026-07-19,,,680,0,647,16.5,16.5,0,680
13993,2026-07-19,,,280,0,267,6.5,6.5,0,280
13994,2026-07-19,,,100,0,95,2.5,2.5,0,100
13995,2026-07-19,,,2710,0,2582,64.0,64.0,0,2710
13996,2026-07-19,,,300,0,286,7.0,7.0,0,300
13997,2026-07-19,,,170,0,162,4.0,4.0,0,170
13998,2026-07-19,,,250,0,238,6.0,6.0,0,250
13999,2026-07-19,,,610,0,581,14.5,14.5,0,610
14000,2026-07-19,,,1900,0,1810,45.0,45.0,0,1900
14001,2026-07-19,,,150,0,143,3.5,3.5,0,150
14002,2026-07-19,,,1400,0,1333,33.5,33.5,0,1400
14003,2026-07-19,,,800,0,762,19.0,19.0,0,800
14004,2026-07-19,,,300,0,286,7.0,7.0,0,300
14005,2026-07-19,,,100,0,95,2.5,2.5,0,100
14006,2026-07-19,,,760,0,724,18.0,18.0,0,760
14007,2026-07-19,,,250,0,238,6.0,6.0,0,250
14008,2026-07-19,CASH,,220,0,209,5.5,5.5,0,220
14009,2026-07-19,,,1350,0,1286,32.0,32.0,0,1350
14010,2026-07-19,,,300,0,286,7.0,7.0,0,300
14011,2026-07-19,,,750,0,714,18.0,18.0,0,750
14012,2026-07-19,,,200,0,190,5.0,5.0,0,200
14013,2026-07-19,,,250,0,238,6.0,6.0,0,250
14014,2026-07-19,,,30,0,29,0.5,0.5,0,30
14015,2026-07-19,,,150,0,143,3.5,3.5,0,150
14016,2026-07-19,,,300,0,286,7.0,7.0,0,300
14017,2026-07-19,,,250,0,238,6.0,6.0,0,250
14018,2026-07-19,,,300,0,286,7.0,7.0,0,300
14019,2026-07-19,,,800,0,762,19.0,19.0,0,800
14020,2026-07-19,,,250,0,238,6.0,6.0,0,250
14021,2026-07-19,PPP,,0,1000,952,24.0,24.0,0,1000
14022,2026-07-19,,,720,0,685,17.5,17.5,0,720
14023,2026-07-19,,,680,0,647,16.5,16.5,0,680
14024,2026-07-19,CASH,,180,0,171,4.5,4.5,0,180
14025,2026-07-19,,,650,0,619,15.5,15.5,0,650
14026,2026-07-19,,,250,0,238,6.0,6.0,0,250
14027,2026-07-19,,,250,0,238,6.0,6.0,0,250
14028,2026-07-19,,,500,0,476,12.0,12.0,0,500
14029,2026-07-20,CASH,,930,0,886,22.0,22.0,0,930
14030,2026-07-20,,,100,0,95,2.5,2.5,0,100
14031,2026-07-20,,,450,0,429,10.5,10.5,0,450
14032,2026-07-20,PPP,,0,880,838,21.0,21.0,0,880
14033,2026-07-20,,,650,0,619,15.5,15.5,0,650
14034,2026-07-20,,,500,0,476,12.0,12.0,0,500
14035,2026-07-20,,,1400,0,1333,33.5,33.5,0,1400
14036,2026-07-20,,,2500,0,2381,59.5,59.5,0,2500
14037,2026-07-20,,,400,0,381,9.5,9.5,0,400
14038,2026-07-20,,,160,0,152,4.0,4.0,0,160
14039,2026-07-20,,,650,0,619,15.5,15.5,0,650
14040,2026-07-20,,,200,0,190,5.0,5.0,0,200
14041,2026-07-20,,,50,0,48,1.0,1.0,0,50
14042,2026-07-20,,,290,0,277,6.5,6.5,0,290
14043,2026-07-20,,,150,0,143,3.5,3.5,0,150
14044,2026-07-20,,,300,0,286,7.0,7.0,0,300
14045,2026-07-20,,,1050,0,1000,25.0,25.0,0,1050
14046,2026-07-20,,,40,0,38,1.0,1.0,0,40
14047,2026-07-20,,,1400,0,1333,33.5,33.5,0,1400
14048,2026-07-20,,,350,0,333,8.5,8.5,0,350
14049,2026-07-20,,,450,0,429,10.5,10.5,0,450
14050,2026-07-20,,,700,0,666,17.0,17.0,0,700
14051,2026-07-20,,,350,0,333,8.5,8.5,0,350
14052,2026-07-20,,,50,0,48,1.0,1.0,0,50
14053,2026-07-20,,,300,0,286,7.0,7.0,0,300
14054,2026-07-20,,,120,0,114,3.0,3.0,0,120
14055,2026-07-20,,,250,0,238,6.0,6.0,0,250
14056,2026-07-20,,,650,0,619,15.5,15.5,0,650
14057,2026-07-20,,,320,0,305,7.5,7.5,0,320
14058,2026-07-20,,,200,0,190,5.0,5.0,0,200
14059,2026-07-20,,,100,0,95,2.5,2.5,0,100
14060,2026-07-20,,,1150,0,1095,27.5,27.5,0,1150
14061,2026-07-20,,,350,0,333,8.5,8.5,0,350
14062,2026-07-20,,,250,0,238,6.0,6.0,0,250
14063,2026-07-20,,,150,0,143,3.5,3.5,0,150
14064,2026-07-20,,,750,0,714,18.0,18.0,0,750
14065,2026-07-20,,,300,0,286,7.0,7.0,0,300
14066,2026-07-20,,,0,850,810,20.0,20.0,0,850
14067,2026-07-20,,,1100,0,1048,26.0,26.0,0,1100
14068,2026-07-20,,,100,0,95,2.5,2.5,0,100
14069,2026-07-20,,,870,0,828,21.0,21.0,0,870
14070,2026-07-20,,,500,0,476,12.0,12.0,0,500
14071,2026-07-20,CASH,,100,0,95,2.5,2.5,0,100
14072,2026-07-20,,,1200,0,1143,28.5,28.5,0,1200
14073,2026-07-20,,,250,0,238,6.0,6.0,0,250
14074,2026-07-20,CASH,,1570,0,1495,37.5,37.5,0,1570
14075,2026-07-21,CASH,,1600,0,1524,38.0,38.0,0,1600
14076,2026-07-21,CASH,,1100,0,1048,26.0,26.0,0,1100
14077,2026-07-21,,,950,0,904,23.0,23.0,0,950
14078,2026-07-21,,,420,0,400,10.0,10.0,0,420
14079,2026-07-21,,,1550,0,1476,37.0,37.0,0,1550
14080,2026-07-21,,,300,0,286,7.0,7.0,0,300
14081,2026-07-21,,,300,0,286,7.0,7.0,0,300
14082,2026-07-21,,,350,0,333,8.5,8.5,0,350
14083,2026-07-21,CASH,,500,0,477,11.5,11.5,0,500
14084,2026-07-21,,,100,0,95,2.5,2.5,0,100
14085,2026-07-21,,,260,0,248,6.0,6.0,0,260
14086,2026-07-21,,,850,0,810,20.0,20.0,0,850
14087,2026-07-21,,,2550,0,2429,60.5,60.5,0,2550
14088,2026-07-21,,,280,0,267,6.5,6.5,0,280
14089,2026-07-21,,,810,0,771,19.5,19.5,0,810
14090,2026-07-21,,,1100,0,1047,26.5,26.5,0,1100
14091,2026-07-21,,,420,0,400,10.0,10.0,0,420
14092,2026-07-21,,,1150,0,1095,27.5,27.5,0,1150
14093,2026-07-21,,,500,0,476,12.0,12.0,0,500
14094,2026-07-21,,,100,0,95,2.5,2.5,0,100
14095,2026-07-21,,,3650,0,3476,87.0,87.0,0,3650
14096,2026-07-21,,,1900,0,1808,46.0,46.0,0,1900
14097,2026-07-21,,,300,0,286,7.0,7.0,0,300
14098,2026-07-21,,,400,0,381,9.5,9.5,0,400
14099,2026-07-21,CASH,,280,0,267,6.5,6.5,0,280
14100,2026-07-21,,,350,0,333,8.5,8.5,0,350
14101,2026-07-21,,,700,0,667,16.5,16.5,0,700
14102,2026-07-21,,,120,0,114,3.0,3.0,0,120
14103,2026-07-21,,,850,0,810,20.0,20.0,0,850
14104,2026-07-21,,,300,0,286,7.0,7.0,0,300
14105,2026-07-21,,,500,0,476,12.0,12.0,0,500
14106,2026-07-21,,,460,0,437,11.5,11.5,0,460
14107,2026-07-21,,,500,0,476,12.0,12.0,0,500
14108,2026-07-21,,,250,0,238,6.0,6.0,0,250
14109,2026-07-21,,,300,0,286,7.0,7.0,0,300
14110,2026-07-21,,,550,0,524,13.0,13.0,0,550
14111,2026-07-21,,,50,0,48,1.0,1.0,0,50
14112,2026-07-21,,,500,0,476,12.0,12.0,0,500
14113,2026-07-21,CARD,,0,480,457,11.5,11.5,0,480
14114,2026-07-21,,,360,0,343,8.5,8.5,0,360
14115,2026-07-21,,,1150,0,1096,27.0,27.0,0,1150
14116,2026-07-21,,,1400,0,1333,33.5,33.5,0,1400
14117,2026-07-21,,,1300,0,1238,31.0,31.0,0,1300
14118,2026-07-21,,,550,0,524,13.0,13.0,0,550
14119,2026-07-21,,,500,0,476,12.0,12.0,0,500
14120,2026-07-21,,,1100,0,1048,26.0,26.0,0,1100
14121,2026-07-21,,,450,0,429,10.5,10.5,0,450
14122,2026-07-21,,,300,0,285,7.5,7.5,0,300
14123,2026-07-21,,,100,0,95,2.5,2.5,0,100
14124,2026-07-21,,,30,0,29,0.5,0.5,0,30
14125,2026-07-21,60024810011,,1020,0,971,24.5,24.5,0,1020
14126,2026-07-21,,,300,0,286,7.0,7.0,0,300
14127,2026-07-21,,,720,0,686,17.0,17.0,0,720
14128,2026-07-21,,,1190,0,1134,28.0,28.0,0,1190
14129,2026-07-21,,,1650,0,1571,39.5,39.5,0,1650
14130,2026-07-21,,,1600,0,1524,38.0,38.0,0,1600
14131,2026-07-21,,,1570,0,1496,37.0,37.0,0,1570
14132,2026-07-21,,,5830,0,5552,139.0,139.0,0,5830
14133,2026-07-21,,,300,0,286,7.0,7.0,0,300
14134,2026-07-21,,,240,0,229,5.5,5.5,0,240
14135,2026-07-21,,,300,0,286,7.0,7.0,0,300
14136,2026-07-21,,,350,0,333,8.5,8.5,0,350
14137,2026-07-21,,,350,0,333,8.5,8.5,0,350
14138,2026-07-21,,,300,0,286,7.0,7.0,0,300
14139,2026-07-22,,,1200,0,1143,28.5,28.5,0,1200
14140,2026-07-22,,,250,0,238,6.0,6.0,0,250
14141,2026-07-22,,,350,0,333,8.5,8.5,0,350
14142,2026-07-22,,,730,0,695,17.5,17.5,0,730
14143,2026-07-22,,,750,0,714,18.0,18.0,0,750
14144,2026-07-22,,,240,0,228,6.0,6.0,0,240
14145,2026-07-22,,,550,0,524,13.0,13.0,0,550
14146,2026-07-22,,,180,0,171,4.5,4.5,0,180
14147,2026-07-22,,,350,0,333,8.5,8.5,0,350
14148,2026-07-22,,,350,0,333,8.5,8.5,0,350
14149,2026-07-22,,,250,0,238,6.0,6.0,0,250
14150,2026-07-22,,,200,0,190,5.0,5.0,0,200
14151,2026-07-22,,,350,0,333,8.5,8.5,0,350
14152,2026-07-22,,,1500,0,1429,35.5,35.5,0,1500
14153,2026-07-22,,,80,0,76,2.0,2.0,0,80
14154,2026-07-22,,,240,0,229,5.5,5.5,0,240
14155,2026-07-22,,,320,0,304,8.0,8.0,0,320
14156,2026-07-22,,,1200,0,1143,28.5,28.5,0,1200
14157,2026-07-22,,,1050,0,1000,25.0,25.0,0,1050
14158,2026-07-22,,,720,0,686,17.0,17.0,0,720
14159,2026-07-22,,,450,0,429,10.5,10.5,0,450
14160,2026-07-22,,,1730,0,1647,41.5,41.5,0,1730
14161,2026-07-22,,,250,0,238,6.0,6.0,0,250
14162,2026-07-22,,,1850,0,1762,44.0,44.0,0,1850
14163,2026-07-22,,,80,0,76,2.0,2.0,0,80
14164,2026-07-22,,,800,0,762,19.0,19.0,0,800
14165,2026-07-22,,,240,0,229,5.5,5.5,0,240
14166,2026-07-22,,,680,0,648,16.0,16.0,0,680
14167,2026-07-22,,,100,0,95,2.5,2.5,0,100
14168,2026-07-22,,,120,0,114,3.0,3.0,0,120
14169,2026-07-22,,,870,0,828,21.0,21.0,0,870
14170,2026-07-22,,,500,0,476,12.0,12.0,0,500
14171,2026-07-22,,,1150,0,1095,27.5,27.5,0,1150
14172,2026-07-22,,,1420,0,1352,34.0,34.0,0,1420
14173,2026-07-22,,,1650,0,1572,39.0,39.0,0,1650
14174,2026-07-22,,,110,0,105,2.5,2.5,0,110
14175,2026-07-22,,,1900,0,1810,45.0,45.0,0,1900
14176,2026-07-22,,,20,0,19,0.5,0.5,0,20
14177,2026-07-22,,,500,0,476,12.0,12.0,0,500
14178,2026-07-22,,,280,0,266,7.0,7.0,0,280
14179,2026-07-22,,,180,0,171,4.5,4.5,0,180
14180,2026-07-22,,,30,0,29,0.5,0.5,0,30
14181,2026-07-22,,,1800,0,1713,43.5,43.5,0,1800
14182,2026-07-22,,,370,0,352,9.0,9.0,0,370
14183,2026-07-22,,,200,0,190,5.0,5.0,0,200
14184,2026-07-22,,,1560,0,1486,37.0,37.0,0,1560
14185,2026-07-22,,,50,0,48,1.0,1.0,0,50
14186,2026-07-22,,,250,0,238,6.0,6.0,0,250
14187,2026-07-22,,,900,0,856,22.0,22.0,0,900
14188,2026-07-22,,,150,0,143,3.5,3.5,0,150
14189,2026-07-22,,,260,0,248,6.0,6.0,0,260
14190,2026-07-22,,,0,1140,1086,27.0,27.0,0,1140
14191,2026-07-22,,,250,0,238,6.0,6.0,0,250
14192,2026-07-22,,,500,0,476,12.0,12.0,0,500
14193,2026-07-22,,,500,0,476,12.0,12.0,0,500
14194,2026-07-22,,,50,0,48,1.0,1.0,0,50
14195,2026-07-22,,,510,0,486,12.0,12.0,0,510
14196,2026-07-22,,,360,0,343,8.5,8.5,0,360
14197,2026-07-22,,,1340,0,1277,31.5,31.5,0,1340
14198,2026-07-22,,,580,0,552,14.0,14.0,0,580
14199,2026-07-22,,,700,0,667,16.5,16.5,0,700
14200,2026-07-22,,,720,0,686,17.0,17.0,0,720
14201,2026-07-22,,,1260,0,1200,30.0,30.0,0,1260
14202,2026-07-23,CASH,,50,0,48,1.0,1.0,0,50
14203,2026-07-23,,,3990,0,3800,95.0,95.0,0,3990
14204,2026-07-23,,,260,0,248,6.0,6.0,0,260
14205,2026-07-23,,,50,0,48,1.0,1.0,0,50
14206,2026-07-23,,,50,0,48,1.0,1.0,0,50
14207,2026-07-23,PPP,,0,1200,1143,28.5,28.5,0,1200
14208,2026-07-23,,,1710,0,1628,41.0,41.0,0,1710
14209,2026-07-23,,,1000,0,952,24.0,24.0,0,1000
14210,2026-07-23,,,50,0,48,1.0,1.0,0,50
14211,2026-07-23,,,1050,0,1000,25.0,25.0,0,1050
14212,2026-07-23,,,1050,0,1000,25.0,25.0,0,1050
14213,2026-07-23,,,2750,0,2619,65.5,65.5,0,2750
14214,2026-07-23,,,150,0,143,3.5,3.5,0,150
14215,2026-07-23,,,640,0,609,15.5,15.5,0,640
14216,2026-07-23,,,1820,0,1733,43.5,43.5,0,1820
14217,2026-07-23,,,180,0,171,4.5,4.5,0,180
14218,2026-07-23,CARD,,0,1250,1191,29.5,29.5,0,1250
14219,2026-07-23,,,100,0,95,2.5,2.5,0,100
14220,2026-07-23,,,800,0,762,19.0,19.0,0,800
14221,2026-07-23,,,150,0,143,3.5,3.5,0,150
14222,2026-07-23,,,80,0,77,1.5,1.5,0,80
14223,2026-07-23,,,260,0,248,6.0,6.0,0,260
14224,2026-07-23,,,700,0,667,16.5,16.5,0,700
14225,2026-07-23,,,1800,0,1714,43.0,43.0,0,1800
14226,2026-07-23,,,430,0,410,10.0,10.0,0,430
14227,2026-07-23,,,2760,0,2629,65.5,65.5,0,2760
14228,2026-07-23,,,1500,0,1428,36.0,36.0,0,1500
14229,2026-07-23,,,100,0,95,2.5,2.5,0,100
14230,2026-07-23,,,770,0,733,18.5,18.5,0,770
14231,2026-07-23,,,400,0,381,9.5,9.5,0,400
14232,2026-07-23,,,360,0,343,8.5,8.5,0,360
14233,2026-07-23,,,1400,0,1333,33.5,33.5,0,1400
14234,2026-07-23,,,350,0,333,8.5,8.5,0,350
14235,2026-07-23,,,1020,0,971,24.5,24.5,0,1020
14236,2026-07-23,,,260,0,248,6.0,6.0,0,260
14237,2026-07-23,,,340,0,324,8.0,8.0,0,340
14238,2026-07-23,,,550,0,524,13.0,13.0,0,550
14239,2026-07-23,,,300,0,286,7.0,7.0,0,300
14240,2026-07-23,,,350,0,333,8.5,8.5,0,350
14241,2026-07-23,,,1550,0,1476,37.0,37.0,0,1550
14242,2026-07-23,,,120,0,114,3.0,3.0,0,120
14243,2026-07-23,,,650,0,619,15.5,15.5,0,650
14244,2026-07-23,,,680,0,647,16.5,16.5,0,680
14245,2026-07-23,,,1030,0,981,24.5,24.5,0,1030
14246,2026-07-23,,,2670,0,2542,64.0,64.0,0,2670
14247,2026-07-23,,,1600,0,1524,38.0,38.0,0,1600
14248,2026-07-23,,,350,0,333,8.5,8.5,0,350
14249,2026-07-23,,,1300,0,1239,30.5,30.5,0,1300
14250,2026-07-23,,,200,0,190,5.0,5.0,0,200
14251,2026-07-23,,,550,0,524,13.0,13.0,0,550
14252,2026-07-23,,,760,0,724,18.0,18.0,0,760
14253,2026-07-23,,,1250,0,1190,30.0,30.0,0,1250
14254,2026-07-23,,,720,0,685,17.5,17.5,0,720
14255,2026-07-23,,,400,0,381,9.5,9.5,0,400
14256,2026-07-23,,,50,0,48,1.0,1.0,0,50
14257,2026-07-24,CASH,,50,0,48,1.0,1.0,0,50
14258,2026-07-24,,,1150,0,1095,27.5,27.5,0,1150
14259,2026-07-24,,,350,0,333,8.5,8.5,0,350
14260,2026-07-24,,,500,0,476,12.0,12.0,0,500
14261,2026-07-24,,,120,0,114,3.0,3.0,0,120
14262,2026-07-24,,,1200,0,1142,29.0,29.0,0,1200
14263,2026-07-24,,,750,0,715,17.5,17.5,0,750
14264,2026-07-24,,,830,0,791,19.5,19.5,0,830
14265,2026-07-24,,,3090,0,2943,73.5,73.5,0,3090
14266,2026-07-24,,,700,0,666,17.0,17.0,0,700
14267,2026-07-24,,,1300,0,1238,31.0,31.0,0,1300
14268,2026-07-24,,,800,0,762,19.0,19.0,0,800
14269,2026-07-24,,,500,0,476,12.0,12.0,0,500
14270,2026-07-24,,,650,0,619,15.5,15.5,0,650
14271,2026-07-24,,,420,0,400,10.0,10.0,0,420
14272,2026-07-24,,,320,0,305,7.5,7.5,0,320
14273,2026-07-24,,,890,0,848,21.0,21.0,0,890
14274,2026-07-24,,,500,0,476,12.0,12.0,0,500
14275,2026-07-24,,,500,0,476,12.0,12.0,0,500
14276,2026-07-24,,,450,0,428,11.0,11.0,0,450
14277,2026-07-24,,,2310,0,2200,55.0,55.0,0,2310
14278,2026-07-24,,,320,0,304,8.0,8.0,0,320
14279,2026-07-24,,,100,0,95,2.5,2.5,0,100
14280,2026-07-24,,,160,0,152,4.0,4.0,0,160
14281,2026-07-24,,,400,0,381,9.5,9.5,0,400
14282,2026-07-24,,,500,0,476,12.0,12.0,0,500
14283,2026-07-24,,,400,0,381,9.5,9.5,0,400
14284,2026-07-24,CASH,,160,0,152,4.0,4.0,0,160
14285,2026-07-24,,,250,0,238,6.0,6.0,0,250
14286,2026-07-24,,,200,0,191,4.5,4.5,0,200
14287,2026-07-24,,,850,0,809,20.5,20.5,0,850
14288,2026-07-24,,,350,0,333,8.5,8.5,0,350
14289,2026-07-24,,,2000,0,1904,48.0,48.0,0,2000
14290,2026-07-24,,,50,0,48,1.0,1.0,0,50
14291,2026-07-24,,,30,0,29,0.5,0.5,0,30
14292,2026-07-24,,,1000,0,952,24.0,24.0,0,1000
14293,2026-07-24,,,350,0,333,8.5,8.5,0,350
14294,2026-07-24,,,1200,0,1143,28.5,28.5,0,1200
14295,2026-07-24,,,260,0,248,6.0,6.0,0,260
14296,2026-07-24,,,1840,0,1752,44.0,44.0,0,1840
14297,2026-07-24,,,1000,0,952,24.0,24.0,0,1000
14298,2026-07-24,,,300,0,286,7.0,7.0,0,300
14299,2026-07-24,,,300,0,286,7.0,7.0,0,300
14300,2026-07-24,,,280,0,267,6.5,6.5,0,280
14301,2026-07-24,,,1500,0,1429,35.5,35.5,0,1500
14302,2026-07-24,,,1960,0,1867,46.5,46.5,0,1960
14303,2026-07-24,,,150,0,143,3.5,3.5,0,150
14304,2026-07-24,,,360,0,343,8.5,8.5,0,360
14305,2026-07-24,,,1250,0,1190,30.0,30.0,0,1250
14306,2026-07-24,,,960,0,914,23.0,23.0,0,960
14307,2026-07-24,,,850,0,810,20.0,20.0,0,850
14308,2026-07-24,,,1150,0,1095,27.5,27.5,0,1150
14309,2026-07-24,,,1500,0,1429,35.5,35.5,0,1500
14310,2026-07-24,,,2430,0,2314,58.0,58.0,0,2430
14311,2026-07-24,,,100,0,95,2.5,2.5,0,100
14312,2026-07-24,,,800,0,762,19.0,19.0,0,800
14313,2026-07-24,CARD,,0,2260,2153,53.5,53.5,0,2260
14314,2026-07-24,,,600,0,571,14.5,14.5,0,600
14315,2026-07-24,,,1900,0,1809,45.5,45.5,0,1900
14316,2026-07-24,,,730,0,695,17.5,17.5,0,730
14317,2026-07-24,,,280,0,267,6.5,6.5,0,280
14318,2026-07-24,,,1050,0,1000,25.0,25.0,0,1050
14319,2026-07-24,,,480,0,457,11.5,11.5,0,480
14320,2026-07-24,,,420,0,400,10.0,10.0,0,420
14321,2026-07-24,,,2130,0,2029,50.5,50.5,0,2130
14322,2026-07-24,,,1500,0,1428,36.0,36.0,0,1500
14323,2026-07-24,,,2980,0,2838,71.0,71.0,0,2980
14324,2026-07-24,,,750,0,714,18.0,18.0,0,750
14325,2026-07-24,,,350,0,333,8.5,8.5,0,350
14326,2026-07-24,,,150,0,143,3.5,3.5,0,150
14327,2026-07-25,CASH,,120,0,114,3.0,3.0,0,120
14328,2026-07-25,,,400,0,381,9.5,9.5,0,400
14329,2026-07-25,,,750,0,714,18.0,18.0,0,750
14330,2026-07-25,,,2750,0,2620,65.0,65.0,0,2750
14331,2026-07-25,,,750,0,714,18.0,18.0,0,750
14332,2026-07-25,,,1100,0,1048,26.0,26.0,0,1100
14333,2026-07-25,,,50,0,48,1.0,1.0,0,50
14334,2026-07-25,,,1550,0,1477,36.5,36.5,0,1550
14335,2026-07-25,,,420,0,400,10.0,10.0,0,420
14336,2026-07-25,,,900,0,857,21.5,21.5,0,900
14337,2026-07-25,,,1400,0,1332,34.0,34.0,0,1400
14338,2026-07-25,,,2450,0,2334,58.0,58.0,0,2450
14339,2026-07-25,,,3180,0,3028,76.0,76.0,0,3180
14340,2026-07-25,,,800,0,761,19.5,19.5,0,800
14341,2026-07-25,,,300,0,286,7.0,7.0,0,300
14342,2026-07-25,,,1050,0,1000,25.0,25.0,0,1050
14343,2026-07-25,,,3270,0,3114,78.0,78.0,0,3270
14344,2026-07-25,,,300,0,286,7.0,7.0,0,300
14345,2026-07-25,,,1860,0,1772,44.0,44.0,0,1860
14346,2026-07-25,,,3200,0,3048,76.0,76.0,0,3200
14347,2026-07-25,,,50,0,48,1.0,1.0,0,50
14348,2026-07-25,,,300,0,286,7.0,7.0,0,300
14349,2026-07-25,,,400,0,381,9.5,9.5,0,400
14350,2026-07-25,,,700,0,667,16.5,16.5,0,700
14351,2026-07-25,,,670,0,638,16.0,16.0,0,670
14352,2026-07-25,,,1850,0,1763,43.5,43.5,0,1850
14353,2026-07-25,,,710,0,677,16.5,16.5,0,710
14354,2026-07-25,,,240,0,229,5.5,5.5,0,240
14355,2026-07-25,,,440,0,419,10.5,10.5,0,440
14356,2026-07-25,,,300,0,286,7.0,7.0,0,300
14357,2026-07-25,,,0,3500,3334,83.0,83.0,0,3500
14358,2026-07-25,,,150,0,143,3.5,3.5,0,150
14359,2026-07-25,,,350,0,333,8.5,8.5,0,350
14360,2026-07-25,,,700,0,667,16.5,16.5,0,700
14361,2026-07-25,,,1300,0,1238,31.0,31.0,0,1300
14362,2026-07-25,,,3000,0,2857,71.5,71.5,0,3000
14363,2026-07-25,,,50,0,48,1.0,1.0,0,50
14364,2026-07-25,,,1350,0,1286,32.0,32.0,0,1350
14365,2026-07-25,,,30,0,29,0.5,0.5,0,30
14366,2026-07-25,,,240,0,229,5.5,5.5,0,240
14367,2026-07-25,,,400,0,381,9.5,9.5,0,400
14368,2026-07-25,,,900,0,857,21.5,21.5,0,900
14369,2026-07-25,,,300,0,286,7.0,7.0,0,300
14370,2026-07-25,,,370,0,352,9.0,9.0,0,370
14371,2026-07-25,,,600,0,571,14.5,14.5,0,600
14372,2026-07-25,,,390,0,372,9.0,9.0,0,390
14373,2026-07-25,,,440,0,419,10.5,10.5,0,440
14374,2026-07-25,,,510,0,486,12.0,12.0,0,510
14375,2026-07-25,,,350,0,334,8.0,8.0,0,350
14376,2026-07-25,,,250,0,238,6.0,6.0,0,250
14377,2026-07-25,,,990,0,943,23.5,23.5,0,990
14378,2026-07-25,,,1000,0,952,24.0,24.0,0,1000
14379,2026-07-25,,,350,0,333,8.5,8.5,0,350
14380,2026-07-25,,,760,0,723,18.5,18.5,0,760
14381,2026-07-25,,,300,0,286,7.0,7.0,0,300
14382,2026-07-25,,,1000,0,952,24.0,24.0,0,1000
14383,2026-07-25,,,120,0,114,3.0,3.0,0,120
14384,2026-07-25,,,500,0,476,12.0,12.0,0,500
14385,2026-07-25,SWAMY SIR,,8270,0,7876,197.0,197.0,0,8270
14386,2026-07-25,,,260,0,248,6.0,6.0,0,260
14387,2026-07-25,SWAMY SIR,,100,0,95,2.5,2.5,0,100
14388,2026-07-25,,,100,0,95,2.5,2.5,0,100
14389,2026-07-25,,,1700,0,1619,40.5,40.5,0,1700
14390,2026-07-25,,,500,0,476,12.0,12.0,0,500
14391,2026-07-25,,,370,0,352,9.0,9.0,0,370
14392,2026-07-25,,,1610,0,1533,38.5,38.5,0,1610
14393,2026-07-25,,,1200,0,1143,28.5,28.5,0,1200
14394,2026-07-25,,,1000,0,953,23.5,23.5,0,1000
14395,2026-07-25,,,80,0,76,2.0,2.0,0,80
14396,2026-07-25,,,850,0,810,20.0,20.0,0,850
14397,2026-07-25,,,450,0,429,10.5,10.5,0,450
14398,2026-07-26,,,250,0,238,6.0,6.0,0,250
14399,2026-07-26,,,150,0,143,3.5,3.5,0,150
14400,2026-07-26,,,150,0,143,3.5,3.5,0,150
14401,2026-07-26,,,50,0,48,1.0,1.0,0,50
14402,2026-07-26,,,600,0,571,14.5,14.5,0,600
14403,2026-07-26,,,250,0,238,6.0,6.0,0,250
14404,2026-07-26,,,200,0,190,5.0,5.0,0,200
14405,2026-07-26,,,250,0,238,6.0,6.0,0,250
14406,2026-07-26,,,240,0,229,5.5,5.5,0,240
14407,2026-07-26,,,300,0,286,7.0,7.0,0,300
14408,2026-07-26,,,1120,0,1066,27.0,27.0,0,1120
14409,2026-07-26,,,150,0,143,3.5,3.5,0,150
14410,2026-07-26,,,500,0,476,12.0,12.0,0,500
14411,2026-07-26,,,120,0,114,3.0,3.0,0,120
14412,2026-07-26,,,350,0,333,8.5,8.5,0,350
14413,2026-07-26,,,400,0,381,9.5,9.5,0,400
14414,2026-07-26,,,320,0,304,8.0,8.0,0,320
14415,2026-07-26,,,1100,0,1048,26.0,26.0,0,1100
14416,2026-07-26,,,600,0,571,14.5,14.5,0,600
14417,2026-07-26,,,450,0,429,10.5,10.5,0,450
14418,2026-07-26,,,1200,0,1143,28.5,28.5,0,1200
14419,2026-07-26,,,2840,0,2705,67.5,67.5,0,2840
14420,2026-07-26,,,150,0,143,3.5,3.5,0,150
14421,2026-07-26,,,400,0,381,9.5,9.5,0,400
14422,2026-07-26,,,140,0,133,3.5,3.5,0,140
14423,2026-07-26,,,200,0,190,5.0,5.0,0,200
14424,2026-07-26,,,1320,0,1257,31.5,31.5,0,1320
14425,2026-07-26,,,1500,0,1428,36.0,36.0,0,1500
14426,2026-07-26,,,630,0,600,15.0,15.0,0,630
14427,2026-07-26,,,350,0,333,8.5,8.5,0,350
14428,2026-07-26,,,920,0,876,22.0,22.0,0,920
14429,2026-07-26,,,650,0,619,15.5,15.5,0,650
14430,2026-07-26,,,320,0,305,7.5,7.5,0,320
14431,2026-07-26,,,750,0,714,18.0,18.0,0,750
14432,2026-07-26,,,100,0,95,2.5,2.5,0,100
14433,2026-07-26,,,150,0,143,3.5,3.5,0,150
14434,2026-07-26,,,140,0,133,3.5,3.5,0,140
14435,2026-07-26,,,200,0,190,5.0,5.0,0,200
14436,2026-07-26,,,400,0,381,9.5,9.5,0,400
14437,2026-07-26,,,350,0,333,8.5,8.5,0,350
14438,2026-07-26,,,550,0,524,13.0,13.0,0,550
14439,2026-07-26,,,280,0,267,6.5,6.5,0,280
14440,2026-07-26,,,750,0,714,18.0,18.0,0,750
14441,2026-07-26,,,150,0,143,3.5,3.5,0,150
14442,2026-07-26,,,2030,0,1934,48.0,48.0,0,2030
14443,2026-07-26,,,2000,0,1905,47.5,47.5,0,2000
14444,2026-07-26,,,650,0,619,15.5,15.5,0,650
14445,2026-07-26,,,300,0,286,7.0,7.0,0,300
14446,2026-07-26,,,220,0,209,5.5,5.5,0,220
14447,2026-07-26,,,160,0,152,4.0,4.0,0,160
14448,2026-07-26,,,1180,0,1124,28.0,28.0,0,1180
14449,2026-07-26,,,710,0,676,17.0,17.0,0,710
14450,2026-07-26,,,550,0,524,13.0,13.0,0,550
14451,2026-07-26,,,250,0,238,6.0,6.0,0,250
14452,2026-07-26,,,50,0,48,1.0,1.0,0,50
14453,2026-07-26,,,1500,0,1429,35.5,35.5,0,1500
14454,2026-07-26,,,800,0,762,19.0,19.0,0,800
14455,2026-07-26,,,160,0,152,4.0,4.0,0,160
14456,2026-07-26,,,80,0,76,2.0,2.0,0,80
14457,2026-07-26,,,740,0,705,17.5,17.5,0,740
14458,2026-07-26,,,500,0,476,12.0,12.0,0,500
14459,2026-07-26,,,150,0,143,3.5,3.5,0,150
14460,2026-07-26,,,570,0,543,13.5,13.5,0,570
14461,2026-07-26,,,410,0,391,9.5,9.5,0,410
14462,2026-07-26,,,1000,0,952,24.0,24.0,0,1000
14463,2026-07-26,,,200,0,190,5.0,5.0,0,200
14464,2026-07-26,,,300,0,286,7.0,7.0,0,300
14465,2026-07-26,,,750,0,714,18.0,18.0,0,750
14466,2026-07-26,,,500,0,476,12.0,12.0,0,500
14467,2026-07-26,,,300,0,286,7.0,7.0,0,300
14468,2026-07-26,,,350,0,333,8.5,8.5,0,350
14469,2026-07-26,,,1300,0,1238,31.0,31.0,0,1300
14470,2026-07-26,,,840,0,800,20.0,20.0,0,840
14471,2026-07-26,,,1350,0,1286,32.0,32.0,0,1350
14472,2026-07-26,CASH,,4450,0,4238,106.0,106.0,0,4450
14473,2026-07-26,,,470,0,448,11.0,11.0,0,470
14474,2026-07-26,,,300,0,286,7.0,7.0,0,300
14475,2026-07-26,,,650,0,619,15.5,15.5,0,650
14476,2026-07-26,,,900,0,857,21.5,21.5,0,900
14477,2026-07-26,,,240,0,229,5.5,5.5,0,240
14478,2026-07-26,,,850,0,810,20.0,20.0,0,850
14479,2026-07-26,,,1930,0,1838,46.0,46.0,0,1930
14480,2026-07-26,,,450,0,429,10.5,10.5,0,450
14481,2026-07-26,,,1850,0,1762,44.0,44.0,0,1850
14482,2026-07-26,,,2680,0,2552,64.0,64.0,0,2680
14483,2026-07-26,,,300,0,286,7.0,7.0,0,300
14484,2026-07-26,,,1500,0,1429,35.5,35.5,0,1500
14485,2026-07-26,,,500,0,476,12.0,12.0,0,500
14486,2026-07-26,,,990,0,944,23.0,23.0,0,990
14487,2026-07-26,,,350,0,333,8.5,8.5,0,350
14488,2026-07-26,,,610,0,581,14.5,14.5,0,610
14489,2026-07-26,,,700,0,667,16.5,16.5,0,700
14490,2026-07-26,,,1150,0,1095,27.5,27.5,0,1150
14491,2026-07-26,,6002481011,750,0,715,17.5,17.5,0,750
14492,2026-07-26,,,350,0,333,8.5,8.5,0,350
14493,2026-07-26,,,820,0,781,19.5,19.5,0,820
14494,2026-07-26,,,1400,0,1333,33.5,33.5,0,1400
14495,2026-07-26,,,120,0,114,3.0,3.0,0,120
14496,2026-07-26,,,200,0,190,5.0,5.0,0,200
14497,2026-07-26,,,1040,0,990,25.0,25.0,0,1040
14498,2026-07-27,,,650,0,619,15.5,15.5,0,650
14499,2026-07-27,,,50,0,48,1.0,1.0,0,50
14500,2026-07-27,,,1300,0,1238,31.0,31.0,0,1300
14501,2026-07-27,,,800,0,761,19.5,19.5,0,800
14502,2026-07-27,,,400,0,381,9.5,9.5,0,400
14503,2026-07-27,,,380,0,362,9.0,9.0,0,380
14504,2026-07-27,,,600,0,571,14.5,14.5,0,600
14505,2026-07-27,,,550,0,524,13.0,13.0,0,550
14506,2026-07-27,,,500,0,476,12.0,12.0,0,500
14507,2026-07-27,,,410,0,390,10.0,10.0,0,410
14508,2026-07-27,,,120,0,114,3.0,3.0,0,120
14509,2026-07-27,,,950,0,904,23.0,23.0,0,950
14510,2026-07-27,,,2100,0,2000,50.0,50.0,0,2100
14511,2026-07-27,,,500,0,476,12.0,12.0,0,500
14512,2026-07-27,,,1800,0,1714,43.0,43.0,0,1800
14513,2026-07-27,,,4310,0,4104,103.0,103.0,0,4310
14514,2026-07-27,,,100,0,95,2.5,2.5,0,100
14515,2026-07-27,,,350,0,333,8.5,8.5,0,350
14516,2026-07-27,,,530,0,504,13.0,13.0,0,530
14517,2026-07-27,,,500,0,476,12.0,12.0,0,500
14518,2026-07-27,,,100,0,95,2.5,2.5,0,100
14519,2026-07-27,,,550,0,524,13.0,13.0,0,550
14520,2026-07-27,,,1400,0,1333,33.5,33.5,0,1400
14521,2026-07-27,,,860,0,819,20.5,20.5,0,860
14522,2026-07-27,,,1100,0,1047,26.5,26.5,0,1100
14523,2026-07-27,,,240,0,229,5.5,5.5,0,240
14524,2026-07-27,,,1600,0,1523,38.5,38.5,0,1600
14525,2026-07-27,,,420,0,400,10.0,10.0,0,420
14526,2026-07-27,,,200,0,190,5.0,5.0,0,200
14527,2026-07-27,,,600,0,571,14.5,14.5,0,600
14528,2026-07-27,,,520,0,495,12.5,12.5,0,520
14529,2026-07-27,,,1200,0,1142,29.0,29.0,0,1200
14530,2026-07-27,,,1200,0,1143,28.5,28.5,0,1200
14531,2026-07-27,,,770,0,733,18.5,18.5,0,770
14532,2026-07-27,,,450,0,429,10.5,10.5,0,450
14533,2026-07-27,,,70,0,67,1.5,1.5,0,70
14534,2026-07-27,,,460,0,438,11.0,11.0,0,460
14535,2026-07-27,,,40,0,38,1.0,1.0,0,40
14536,2026-07-27,,,3920,0,3733,93.5,93.5,0,3920
14537,2026-07-27,,,250,0,238,6.0,6.0,0,250
14538,2026-07-27,,,240,0,229,5.5,5.5,0,240
14539,2026-07-27,,,600,0,571,14.5,14.5,0,600
14540,2026-07-27,,,500,0,476,12.0,12.0,0,500
14541,2026-07-27,,,520,0,495,12.5,12.5,0,520
14542,2026-07-27,,,3020,0,2876,72.0,72.0,0,3020
14543,2026-07-27,CASH,,450,0,429,10.5,10.5,0,450
14544,2026-07-27,,,650,0,619,15.5,15.5,0,650
14545,2026-07-27,,,700,0,667,16.5,16.5,0,700
14546,2026-07-27,,,550,0,524,13.0,13.0,0,550
14547,2026-07-27,,,280,0,267,6.5,6.5,0,280
14548,2026-07-27,,,890,0,848,21.0,21.0,0,890
14549,2026-07-27,,,1140,0,1086,27.0,27.0,0,1140
14550,2026-07-27,,,300,0,286,7.0,7.0,0,300
14551,2026-07-27,,,180,0,171,4.5,4.5,0,180
14552,2026-07-27,,,650,0,619,15.5,15.5,0,650
14553,2026-07-27,,,950,0,904,23.0,23.0,0,950
14554,2026-07-27,,,80,0,76,2.0,2.0,0,80
14555,2026-07-27,,,350,0,333,8.5,8.5,0,350
14556,2026-07-27,,,240,0,229,5.5,5.5,0,240
14557,2026-07-27,,,400,0,381,9.5,9.5,0,400
14558,2026-07-27,,,400,0,381,9.5,9.5,0,400
14559,2026-07-27,,,350,0,333,8.5,8.5,0,350
14560,2026-07-27,,,650,0,619,15.5,15.5,0,650
14561,2026-07-27,,,520,0,495,12.5,12.5,0,520
14562,2026-07-28,CASH,,350,0,333,8.5,8.5,0,350
14563,2026-07-28,,,350,0,333,8.5,8.5,0,350
14564,2026-07-28,,,240,0,229,5.5,5.5,0,240
14565,2026-07-28,,,160,0,152,4.0,4.0,0,160
14566,2026-07-28,,,500,0,476,12.0,12.0,0,500
14567,2026-07-28,,,500,0,476,12.0,12.0,0,500
14568,2026-07-28,,,270,0,257,6.5,6.5,0,270
14569,2026-07-28,,,250,0,238,6.0,6.0,0,250
14570,2026-07-28,,,600,0,571,14.5,14.5,0,600
14571,2026-07-28,,,100,0,95,2.5,2.5,0,100
14572,2026-07-28,,,4140,0,3942,99.0,99.0,0,4140
14573,2026-07-28,,,1050,0,1000,25.0,25.0,0,1050
14574,2026-07-28,,,850,0,809,20.5,20.5,0,850
14575,2026-07-28,6002481011,,1850,0,1761,44.5,44.5,0,1850
14576,2026-07-28,,,680,0,648,16.0,16.0,0,680
14577,2026-07-28,,,350,0,333,8.5,8.5,0,350
14578,2026-07-28,,,120,0,114,3.0,3.0,0,120
14579,2026-07-28,,,700,0,666,17.0,17.0,0,700
14580,2026-07-28,,,100,0,95,2.5,2.5,0,100
14581,2026-07-28,,,300,0,286,7.0,7.0,0,300
14582,2026-07-28,,,500,0,476,12.0,12.0,0,500
14583,2026-07-28,,,600,0,571,14.5,14.5,0,600
14584,2026-07-28,,,150,0,143,3.5,3.5,0,150
14585,2026-07-28,,,1280,0,1219,30.5,30.5,0,1280
14586,2026-07-28,,,1060,0,1010,25.0,25.0,0,1060
14587,2026-07-28,,,660,0,629,15.5,15.5,0,660
14588,2026-07-28,,,120,0,114,3.0,3.0,0,120
14589,2026-07-28,,,2050,0,1952,49.0,49.0,0,2050
14590,2026-07-28,PPP,,0,800,762,19.0,19.0,0,800
14591,2026-07-28,,,200,0,190,5.0,5.0,0,200
14592,2026-07-28,,,150,0,143,3.5,3.5,0,150
14593,2026-07-28,,,1000,0,952,24.0,24.0,0,1000
14594,2026-07-28,,,240,0,229,5.5,5.5,0,240
14595,2026-07-28,,,150,0,143,3.5,3.5,0,150
14596,2026-07-28,,,350,0,333,8.5,8.5,0,350
14597,2026-07-28,,,650,0,619,15.5,15.5,0,650
14598,2026-07-28,,,270,0,257,6.5,6.5,0,270
14599,2026-07-28,,,90,0,86,2.0,2.0,0,90
14600,2026-07-28,,,860,0,819,20.5,20.5,0,860
14601,2026-07-28,,,450,0,429,10.5,10.5,0,450
14602,2026-07-28,,,850,0,809,20.5,20.5,0,850
14603,2026-07-28,,,150,0,143,3.5,3.5,0,150
14604,2026-07-28,,,680,0,647,16.5,16.5,0,680
14605,2026-07-28,,,450,0,429,10.5,10.5,0,450
14606,2026-07-28,,,500,0,476,12.0,12.0,0,500
14607,2026-07-28,,,500,0,476,12.0,12.0,0,500
14608,2026-07-28,,,350,0,333,8.5,8.5,0,350
14609,2026-07-28,,,300,0,286,7.0,7.0,0,300
14610,2026-07-28,,,100,0,95,2.5,2.5,0,100
14611,2026-07-28,,,1550,0,1476,37.0,37.0,0,1550
14612,2026-07-28,,,350,0,333,8.5,8.5,0,350
14613,2026-07-28,,,350,0,333,8.5,8.5,0,350
14614,2026-07-28,,,520,0,495,12.5,12.5,0,520
14615,2026-07-28,,,600,0,572,14.0,14.0,0,600
14616,2026-07-28,,,1600,0,1524,38.0,38.0,0,1600
14617,2026-07-28,,,150,0,143,3.5,3.5,0,150
14618,2026-07-28,,,650,0,619,15.5,15.5,0,650
14619,2026-07-28,,,1000,0,952,24.0,24.0,0,1000
14620,2026-07-28,,,1360,0,1296,32.0,32.0,0,1360
14621,2026-07-28,,,500,0,476,12.0,12.0,0,500
14622,2026-07-28,,,1050,0,1000,25.0,25.0,0,1050
14623,2026-07-28,,,300,0,286,7.0,7.0,0,300
14624,2026-07-28,,,350,0,333,8.5,8.5,0,350
14625,2026-07-28,,,1800,0,1714,43.0,43.0,0,1800
14626,2026-07-28,,,150,0,143,3.5,3.5,0,150
14627,2026-07-28,,,1300,0,1238,31.0,31.0,0,1300
14628,2026-07-28,,,1080,0,1028,26.0,26.0,0,1080
14629,2026-07-28,,,500,0,476,12.0,12.0,0,500
14630,2026-07-28,,,180,0,171,4.5,4.5,0,180
14631,2026-07-28,,,350,0,333,8.5,8.5,0,350
14632,2026-07-28,,,500,0,476,12.0,12.0,0,500
14633,2026-07-28,,,1150,0,1095,27.5,27.5,0,1150
14634,2026-07-29,CASH,,1300,0,1237,31.5,31.5,0,1300
14635,2026-07-29,,,750,0,714,18.0,18.0,0,750
14636,2026-07-29,,,1080,0,1029,25.5,25.5,0,1080
14637,2026-07-29,,,1200,0,1143,28.5,28.5,0,1200
14638,2026-07-29,,,250,0,238,6.0,6.0,0,250
14639,2026-07-29,,,120,0,114,3.0,3.0,0,120
14640,2026-07-29,,,250,0,238,6.0,6.0,0,250
14641,2026-07-29,,,5360,0,5104,128.0,128.0,0,5360
14642,2026-07-29,,,800,0,762,19.0,19.0,0,800
14643,2026-07-29,,,500,0,476,12.0,12.0,0,500
14644,2026-07-29,,,1700,0,1618,41.0,41.0,0,1700
14645,2026-07-29,,,1210,0,1153,28.5,28.5,0,1210
14646,2026-07-29,,,480,0,457,11.5,11.5,0,480
14647,2026-07-29,,,570,0,543,13.5,13.5,0,570
14648,2026-07-29,,,380,0,362,9.0,9.0,0,380
14649,2026-07-29,,,150,0,143,3.5,3.5,0,150
14650,2026-07-29,,,900,0,857,21.5,21.5,0,900
14651,2026-07-29,,,850,0,810,20.0,20.0,0,850
14652,2026-07-29,,,240,0,229,5.5,5.5,0,240
14653,2026-07-29,,,250,0,238,6.0,6.0,0,250
14654,2026-07-29,,,1000,0,952,24.0,24.0,0,1000
14655,2026-07-29,,,800,0,762,19.0,19.0,0,800
14656,2026-07-29,,,1100,0,1048,26.0,26.0,0,1100
14657,2026-07-29,,,30,0,29,0.5,0.5,0,30
14658,2026-07-29,,,300,0,286,7.0,7.0,0,300
14659,2026-07-29,,,0,1400,1333,33.5,33.5,0,1400
14660,2026-07-29,,,500,0,476,12.0,12.0,0,500
14661,2026-07-29,150,,150,0,143,3.5,3.5,0,150
14662,2026-07-29,,,650,0,619,15.5,15.5,0,650
14663,2026-07-29,,,350,0,333,8.5,8.5,0,350
14664,2026-07-29,,,1100,0,1048,26.0,26.0,0,1100
14665,2026-07-29,,,350,0,333,8.5,8.5,0,350
14666,2026-07-29,,,1200,0,1143,28.5,28.5,0,1200
14667,2026-07-29,,,500,0,476,12.0,12.0,0,500
14668,2026-07-29,,,280,0,267,6.5,6.5,0,280
14669,2026-07-29,,,300,0,286,7.0,7.0,0,300
14670,2026-07-29,,,300,0,286,7.0,7.0,0,300
14671,2026-07-29,,,440,0,419,10.5,10.5,0,440
14672,2026-07-29,,,1400,0,1333,33.5,33.5,0,1400
14673,2026-07-29,,,1640,0,1562,39.0,39.0,0,1640
14674,2026-07-29,,,2050,0,1952,49.0,49.0,0,2050
14675,2026-07-29,,,200,0,191,4.5,4.5,0,200
14676,2026-07-29,,,1650,0,1572,39.0,39.0,0,1650
14677,2026-07-29,CASH,,150,0,143,3.5,3.5,0,150
14678,2026-07-29,,,1360,0,1294,33.0,33.0,0,1360
14679,2026-07-29,,,1850,0,1762,44.0,44.0,0,1850
14680,2026-07-29,,,2500,0,2381,59.5,59.5,0,2500
14681,2026-07-29,,,1400,0,1333,33.5,33.5,0,1400
14682,2026-07-29,,,1320,0,1257,31.5,31.5,0,1320
14683,2026-07-29,,,550,0,523,13.5,13.5,0,550
14684,2026-07-29,,,600,0,571,14.5,14.5,0,600
14685,2026-07-29,CARD,,0,550,523,13.5,13.5,0,550
14686,2026-07-29,,,2000,0,1904,48.0,48.0,0,2000
14687,2026-07-29,CARD,,0,240,229,5.5,5.5,0,240
14688,2026-07-29,,,1690,0,1610,40.0,40.0,0,1690
14689,2026-07-29,,,100,0,95,2.5,2.5,0,100
14690,2026-07-29,,,120,0,114,3.0,3.0,0,120
14691,2026-07-29,,,180,0,171,4.5,4.5,0,180
14692,2026-07-29,,,1100,0,1047,26.5,26.5,0,1100
14693,2026-07-29,,,700,0,666,17.0,17.0,0,700
14694,2026-07-29,,,470,0,448,11.0,11.0,0,470
14695,2026-07-29,,,1500,0,1429,35.5,35.5,0,1500
14696,2026-07-29,,,260,0,248,6.0,6.0,0,260
14697,2026-07-29,,,700,0,666,17.0,17.0,0,700
14698,2026-07-30,,,920,0,877,21.5,21.5,0,920
14699,2026-07-30,,,1350,0,1285,32.5,32.5,0,1350
14700,2026-07-30,,,320,0,304,8.0,8.0,0,320
14701,2026-07-30,,,400,0,381,9.5,9.5,0,400
14702,2026-07-30,,,500,0,476,12.0,12.0,0,500
14703,2026-07-30,,,700,0,667,16.5,16.5,0,700
14704,2026-07-30,,,400,0,381,9.5,9.5,0,400
14705,2026-07-30,,,300,0,286,7.0,7.0,0,300
14706,2026-07-30,,,1050,0,1000,25.0,25.0,0,1050
14707,2026-07-30,,,500,0,476,12.0,12.0,0,500
14708,2026-07-30,,,1050,0,1000,25.0,25.0,0,1050
14709,2026-07-30,,,150,0,143,3.5,3.5,0,150
14710,2026-07-30,,,1200,0,1143,28.5,28.5,0,1200
14711,2026-07-30,,,900,0,857,21.5,21.5,0,900
14712,2026-07-30,,,450,0,428,11.0,11.0,0,450
14713,2026-07-30,,,1260,0,1201,29.5,29.5,0,1260
14714,2026-07-30,,,140,0,133,3.5,3.5,0,140
14715,2026-07-30,,,600,0,571,14.5,14.5,0,600
14716,2026-07-30,,,600,0,571,14.5,14.5,0,600
14717,2026-07-30,,,700,0,667,16.5,16.5,0,700
14718,2026-07-30,,,1400,0,1333,33.5,33.5,0,1400
14719,2026-07-30,,,160,0,152,4.0,4.0,0,160
14720,2026-07-30,,,900,0,857,21.5,21.5,0,900
14721,2026-07-30,,,1550,0,1476,37.0,37.0,0,1550
14722,2026-07-30,CASH,,120,0,114,3.0,3.0,0,120
14723,2026-07-30,,,1040,0,990,25.0,25.0,0,1040
14724,2026-07-30,,,2410,0,2295,57.5,57.5,0,2410
14725,2026-07-30,,,300,0,286,7.0,7.0,0,300
14726,2026-07-30,,,350,0,333,8.5,8.5,0,350
14727,2026-07-30,,,780,0,742,19.0,19.0,0,780
14728,2026-07-30,,,300,0,286,7.0,7.0,0,300
14729,2026-07-30,,,150,0,143,3.5,3.5,0,150
14730,2026-07-30,,,50,0,48,1.0,1.0,0,50
14731,2026-07-30,,,150,0,143,3.5,3.5,0,150
14732,2026-07-30,,,500,0,476,12.0,12.0,0,500
14733,2026-07-30,,,150,0,143,3.5,3.5,0,150
14734,2026-07-30,,,220,0,210,5.0,5.0,0,220
14735,2026-07-30,,,820,0,781,19.5,19.5,0,820
14736,2026-07-30,,,320,0,304,8.0,8.0,0,320
14737,2026-07-30,,,150,0,143,3.5,3.5,0,150
14738,2026-07-30,,,1120,0,1066,27.0,27.0,0,1120
14739,2026-07-30,,,50,0,48,1.0,1.0,0,50
14740,2026-07-30,,,900,0,856,22.0,22.0,0,900
14741,2026-07-30,,,710,0,677,16.5,16.5,0,710
14742,2026-07-30,,,150,0,143,3.5,3.5,0,150
14743,2026-07-30,CARD,,0,1790,1703,43.5,43.5,0,1790
14744,2026-07-30,,,700,0,667,16.5,16.5,0,700
14745,2026-07-30,,,650,0,619,15.5,15.5,0,650
14746,2026-07-30,,,650,0,619,15.5,15.5,0,650
14747,2026-07-30,,,450,0,429,10.5,10.5,0,450
14748,2026-07-30,,,1050,0,1001,24.5,24.5,0,1050
14749,2026-07-30,,,260,0,248,6.0,6.0,0,260
14750,2026-07-30,,,100,0,95,2.5,2.5,0,100
14751,2026-07-30,,,1400,0,1333,33.5,33.5,0,1400
14752,2026-07-30,,,60,0,57,1.5,1.5,0,60
14753,2026-07-30,,,350,0,333,8.5,8.5,0,350
14754,2026-07-30,,,250,0,238,6.0,6.0,0,250
14755,2026-07-30,,,20,0,19,0.5,0.5,0,20
14756,2026-07-30,,,100,0,95,2.5,2.5,0,100
14757,2026-07-30,,,6000,0,5713,143.5,143.5,0,6000
14758,2026-07-30,,,250,0,238,6.0,6.0,0,250
14759,2026-07-30,,,800,0,762,19.0,19.0,0,800
14760,2026-07-30,,,600,0,571,14.5,14.5,0,600
14761,2026-07-30,,,3150,0,3000,75.0,75.0,0,3150
14762,2026-07-30,,,780,0,743,18.5,18.5,0,780
14763,2026-07-30,,,0,980,933,23.5,23.5,0,980
14764,2026-07-30,PPP,,0,1720,1638,41.0,41.0,0,1720
14765,2026-07-30,,,70,0,67,1.5,1.5,0,70
14766,2026-07-30,,,480,0,457,11.5,11.5,0,480
14767,2026-07-30,,,320,0,305,7.5,7.5,0,320
14768,2026-07-31,,,40,0,38,1.0,1.0,0,40
14769,2026-07-31,,,900,0,857,21.5,21.5,0,900
14770,2026-07-31,,,1200,0,1142,29.0,29.0,0,1200
14771,2026-07-31,,,200,0,190,5.0,5.0,0,200
14772,2026-07-31,,,2560,0,2439,60.5,60.5,0,2560
14773,2026-07-31,,,1230,0,1172,29.0,29.0,0,1230
14774,2026-07-31,,,80,0,76,2.0,2.0,0,80
14775,2026-07-31,,,160,0,152,4.0,4.0,0,160
14776,2026-07-31,,,1410,0,1343,33.5,33.5,0,1410
14777,2026-07-31,,,320,0,305,7.5,7.5,0,320
14778,2026-07-31,,,500,0,476,12.0,12.0,0,500
14779,2026-07-31,,,500,0,476,12.0,12.0,0,500
14780,2026-07-31,,,850,0,809,20.5,20.5,0,850
14781,2026-07-31,,,1350,0,1286,32.0,32.0,0,1350
14782,2026-07-31,,,650,0,619,15.5,15.5,0,650
14783,2026-07-31,,,500,0,476,12.0,12.0,0,500
14784,2026-07-31,,,1500,0,1428,36.0,36.0,0,1500
14785,2026-07-31,,,300,0,286,7.0,7.0,0,300
14786,2026-07-31,,,160,0,152,4.0,4.0,0,160
14787,2026-07-31,,,600,0,571,14.5,14.5,0,600
14788,2026-07-31,,,300,0,286,7.0,7.0,0,300
14789,2026-07-31,,,1500,0,1429,35.5,35.5,0,1500
14790,2026-07-31,,,200,0,191,4.5,4.5,0,200
14791,2026-07-31,,,600,0,571,14.5,14.5,0,600
14792,2026-07-31,,,200,0,190,5.0,5.0,0,200
14793,2026-07-31,,,300,0,286,7.0,7.0,0,300
14794,2026-07-31,,,670,0,638,16.0,16.0,0,670
14795,2026-07-31,,,680,0,648,16.0,16.0,0,680
14796,2026-07-31,,,30,0,29,0.5,0.5,0,30
14797,2026-07-31,,,1200,0,1143,28.5,28.5,0,1200
14798,2026-07-31,,,150,0,143,3.5,3.5,0,150
14799,2026-07-31,,,1700,0,1619,40.5,40.5,0,1700
14800,2026-07-31,,,1300,0,1238,31.0,31.0,0,1300
14801,2026-07-31,,,630,0,600,15.0,15.0,0,630
14802,2026-07-31,,,500,0,476,12.0,12.0,0,500
14803,2026-07-31,,,150,0,143,3.5,3.5,0,150
14804,2026-07-31,,,1750,0,1667,41.5,41.5,0,1750
14805,2026-07-31,,,1050,0,1000,25.0,25.0,0,1050
14806,2026-07-31,,,650,0,619,15.5,15.5,0,650
14807,2026-07-31,,,1790,0,1705,42.5,42.5,0,1790
14808,2026-07-31,,,1080,0,1028,26.0,26.0,0,1080
14809,2026-07-31,,,1220,0,1161,29.5,29.5,0,1220
14810,2026-07-31,,,4480,0,4265,107.5,107.5,0,4480
14811,2026-07-31,,,500,0,476,12.0,12.0,0,500
14812,2026-07-31,,,650,0,619,15.5,15.5,0,650
14813,2026-07-31,,,550,0,523,13.5,13.5,0,550
14814,2026-07-31,,,300,0,286,7.0,7.0,0,300
14815,2026-07-31,,,300,0,286,7.0,7.0,0,300
14816,2026-07-31,,,840,0,800,20.0,20.0,0,840
14817,2026-07-31,,,1150,0,1095,27.5,27.5,0,1150
14818,2026-07-31,,,240,0,229,5.5,5.5,0,240
14819,2026-07-31,,,650,0,619,15.5,15.5,0,650
14820,2026-07-31,,,150,0,143,3.5,3.5,0,150
14821,2026-07-31,,,600,0,571,14.5,14.5,0,600
14822,2026-07-31,,,650,0,619,15.5,15.5,0,650
14823,2026-07-31,,,180,0,171,4.5,4.5,0,180
14824,2026-07-31,,,350,0,333,8.5,8.5,0,350
14825,2026-07-31,,,3020,0,2876,72.0,72.0,0,3020
14826,2026-07-31,,,350,0,333,8.5,8.5,0,350
14827,2026-07-31,,,350,0,333,8.5,8.5,0,350
14828,2026-07-31,,,20,0,19,0.5,0.5,0,20
14829,2026-07-31,,,550,0,524,13.0,13.0,0,550
14830,2026-07-31,,,300,0,286,7.0,7.0,0,300
14831,2026-07-31,,,250,0,238,6.0,6.0,0,250
14832,2026-07-31,,,500,0,476,12.0,12.0,0,500
14833,2026-07-31,,,120,0,114,3.0,3.0,0,120
14834,2026-07-31,,,1200,0,1143,28.5,28.5,0,1200
14835,2026-07-31,,,600,0,571,14.5,14.5,0,600
14836,2026-07-31,,,350,0,333,8.5,8.5,0,350
14837,2026-07-31,,,250,0,238,6.0,6.0,0,250
14838,2026-07-31,,,660,0,629,15.5,15.5,0,660
14839,2026-07-31,,,450,0,429,10.5,10.5,0,450
14840,2026-07-31,,,700,0,667,16.5,16.5,0,700
14841,2026-07-31,,,600,0,571,14.5,14.5,0,600
14842,2026-07-31,,,530,0,505,12.5,12.5,0,530
14843,2026-07-31,,,500,0,476,12.0,12.0,0,500
14844,2026-07-31,,,1790,0,1705,42.5,42.5,0,1790
14845,2026-07-31,,,2500,0,2381,59.5,59.5,0,2500
14846,2026-07-31,,,1900,0,1809,45.5,45.5,0,1900
14847,2026-07-31,,,2700,0,2571,64.5,64.5,0,2700
14848,2026-07-31,,,500,0,476,12.0,12.0,0,500
14849,2026-08-01,,,260,0,248,6.0,6.0,0,260
14850,2026-08-01,,,2100,0,2000,50.0,50.0,0,2100
14851,2026-08-01,,,350,0,333,8.5,8.5,0,350
14852,2026-08-01,,,300,0,286,7.0,7.0,0,300
14853,2026-08-01,,,420,0,399,10.5,10.5,0,420
14854,2026-08-01,,,1300,0,1238,31.0,31.0,0,1300
14855,2026-08-01,,,550,0,524,13.0,13.0,0,550
14856,2026-08-01,,,120,0,114,3.0,3.0,0,120
14857,2026-08-01,PPP,,0,3150,3000,75.0,75.0,0,3150
14858,2026-08-01,,,1780,0,1697,41.5,41.5,0,1780
14859,2026-08-01,,,360,0,343,8.5,8.5,0,360
14860,2026-08-01,,,390,0,372,9.0,9.0,0,390
14861,2026-08-01,,,500,0,476,12.0,12.0,0,500
14862,2026-08-01,,,300,0,286,7.0,7.0,0,300
14863,2026-08-01,,,1400,0,1333,33.5,33.5,0,1400
14864,2026-08-01,,,2300,0,2190,55.0,55.0,0,2300
14865,2026-08-01,,,300,0,286,7.0,7.0,0,300
14866,2026-08-01,,,1000,0,953,23.5,23.5,0,1000
14867,2026-08-01,,,1020,0,972,24.0,24.0,0,1020
14868,2026-08-01,,,350,0,333,8.5,8.5,0,350
14869,2026-08-01,,,450,0,429,10.5,10.5,0,450
14870,2026-08-01,,,210,0,200,5.0,5.0,0,210
14871,2026-08-01,,,150,0,143,3.5,3.5,0,150
14872,2026-08-01,,,240,0,229,5.5,5.5,0,240
14873,2026-08-01,,,300,0,286,7.0,7.0,0,300
14874,2026-08-01,,,540,0,514,13.0,13.0,0,540
14875,2026-08-01,,,360,0,343,8.5,8.5,0,360
14876,2026-08-01,,,2090,0,1991,49.5,49.5,0,2090
14877,2026-08-01,,,360,0,343,8.5,8.5,0,360
14878,2026-08-01,,,500,0,476,12.0,12.0,0,500
14879,2026-08-01,,,150,0,143,3.5,3.5,0,150
14880,2026-08-01,,,1390,0,1324,33.0,33.0,0,1390
14881,2026-08-01,,,50,0,48,1.0,1.0,0,50
14882,2026-08-01,,,900,0,857,21.5,21.5,0,900
14883,2026-08-01,,,1900,0,1809,45.5,45.5,0,1900
14884,2026-08-01,CASH,,50,0,48,1.0,1.0,0,50
14885,2026-08-01,CASH,,120,0,114,3.0,3.0,0,120
14886,2026-08-01,,,3030,0,2886,72.0,72.0,0,3030
14887,2026-08-01,,,1000,0,953,23.5,23.5,0,1000
14888,2026-08-01,,,610,0,581,14.5,14.5,0,610
14889,2026-08-01,,,150,0,143,3.5,3.5,0,150
14890,2026-08-01,,,300,0,286,7.0,7.0,0,300
14891,2026-08-01,,,150,0,143,3.5,3.5,0,150
14892,2026-08-01,,,150,0,143,3.5,3.5,0,150
14893,2026-08-01,,,200,0,190,5.0,5.0,0,200
14894,2026-08-01,,,160,0,152,4.0,4.0,0,160
14895,2026-08-01,,,1200,0,1143,28.5,28.5,0,1200
14896,2026-08-01,,,620,0,590,15.0,15.0,0,620
14897,2026-08-01,CASH,,1300,0,1238,31.0,31.0,0,1300
14898,2026-08-01,,,150,0,143,3.5,3.5,0,150
14899,2026-08-01,,,4280,0,4076,102.0,102.0,0,4280
14900,2026-08-01,,,350,0,333,8.5,8.5,0,350
14901,2026-08-01,,,500,0,476,12.0,12.0,0,500
14902,2026-08-01,,,7270,0,6924,173.0,173.0,0,7270
14903,2026-08-01,,,300,0,286,7.0,7.0,0,300
14904,2026-08-01,CASH,,350,0,333,8.5,8.5,0,350
14905,2026-08-01,,,300,0,286,7.0,7.0,0,300
14906,2026-08-01,,,350,0,333,8.5,8.5,0,350
14907,2026-08-01,,,1700,0,1619,40.5,40.5,0,1700
14908,2026-08-01,,,700,0,667,16.5,16.5,0,700
14909,2026-08-01,,,750,0,714,18.0,18.0,0,750
14910,2026-08-01,,,990,0,943,23.5,23.5,0,990
14911,2026-08-01,,,2800,0,2667,66.5,66.5,0,2800
14912,2026-08-01,,,1040,0,990,25.0,25.0,0,1040
14913,2026-08-01,,,910,0,867,21.5,21.5,0,910
14914,2026-08-01,,,750,0,715,17.5,17.5,0,750
14915,2026-08-01,,,450,0,428,11.0,11.0,0,450
14916,2026-08-01,,,120,0,114,3.0,3.0,0,120
14917,2026-08-01,,,100,0,95,2.5,2.5,0,100
14918,2026-08-01,CASH,,400,0,381,9.5,9.5,0,400
14919,2026-08-01,,,1000,0,953,23.5,23.5,0,1000
14920,2026-08-01,,,150,0,143,3.5,3.5,0,150
14921,2026-08-01,,,800,0,763,18.5,18.5,0,800
14922,2026-08-01,,,1400,0,1333,33.5,33.5,0,1400
14923,2026-08-01,,,1200,0,1143,28.5,28.5,0,1200
14924,2026-08-01,,,500,0,476,12.0,12.0,0,500
14925,2026-08-01,,,1350,0,1286,32.0,32.0,0,1350
14926,2026-08-01,,,1350,0,1285,32.5,32.5,0,1350
14927,2026-08-01,,,1260,0,1199,30.5,30.5,0,1260
14928,2026-08-02,3,,120,0,114,3.0,3.0,0,120
14929,2026-08-02,,,270,0,257,6.5,6.5,0,270
14930,2026-08-02,,,150,0,143,3.5,3.5,0,150
14931,2026-08-02,,,300,0,286,7.0,7.0,0,300
14932,2026-08-02,,,320,0,305,7.5,7.5,0,320
14933,2026-08-02,,,340,0,324,8.0,8.0,0,340
14934,2026-08-02,,,200,0,190,5.0,5.0,0,200
14935,2026-08-02,,,90,0,86,2.0,2.0,0,90
14936,2026-08-02,,,240,0,228,6.0,6.0,0,240
14937,2026-08-02,,,150,0,143,3.5,3.5,0,150
14938,2026-08-02,,,650,0,619,15.5,15.5,0,650
14939,2026-08-02,,,280,0,267,6.5,6.5,0,280
14940,2026-08-02,,,120,0,114,3.0,3.0,0,120
14941,2026-08-02,,,300,0,286,7.0,7.0,0,300
14942,2026-08-02,,,50,0,48,1.0,1.0,0,50
14943,2026-08-02,,,100,0,95,2.5,2.5,0,100
14944,2026-08-02,,,920,0,876,22.0,22.0,0,920
14945,2026-08-02,,,200,0,190,5.0,5.0,0,200
14946,2026-08-02,,,150,0,143,3.5,3.5,0,150
14947,2026-08-02,,,150,0,143,3.5,3.5,0,150
14948,2026-08-02,,,3200,0,3046,77.0,77.0,0,3200
14949,2026-08-02,,,80,0,76,2.0,2.0,0,80
14950,2026-08-02,,,1900,0,1809,45.5,45.5,0,1900
14951,2026-08-02,,,810,0,771,19.5,19.5,0,810
14952,2026-08-02,,,4150,0,3952,99.0,99.0,0,4150
14953,2026-08-02,,,2700,0,2571,64.5,64.5,0,2700
14954,2026-08-02,,,580,0,552,14.0,14.0,0,580
14955,2026-08-02,,,430,0,409,10.5,10.5,0,430
14956,2026-08-02,,,240,0,229,5.5,5.5,0,240
14957,2026-08-02,,,4450,0,4238,106.0,106.0,0,4450
14958,2026-08-02,,,1450,0,1380,35.0,35.0,0,1450
14959,2026-08-02,,,500,0,476,12.0,12.0,0,500
14960,2026-08-02,,,1250,0,1191,29.5,29.5,0,1250
14961,2026-08-02,,,240,0,229,5.5,5.5,0,240
14962,2026-08-02,,,2300,0,2190,55.0,55.0,0,2300
14963,2026-08-02,,,200,0,190,5.0,5.0,0,200
14964,2026-08-02,,,1000,0,953,23.5,23.5,0,1000
14965,2026-08-02,,,1650,0,1571,39.5,39.5,0,1650
14966,2026-08-02,,,250,0,238,6.0,6.0,0,250
14967,2026-08-02,,,1500,0,1428,36.0,36.0,0,1500
14968,2026-08-02,,,120,0,114,3.0,3.0,0,120
14969,2026-08-02,,,320,0,304,8.0,8.0,0,320
14970,2026-08-02,,,7030,0,6696,167.0,167.0,0,7030
14971,2026-08-02,,,900,0,857,21.5,21.5,0,900
14972,2026-08-02,,,330,0,315,7.5,7.5,0,330
14973,2026-08-02,,,300,0,286,7.0,7.0,0,300
14974,2026-08-02,,,1900,0,1810,45.0,45.0,0,1900
14975,2026-08-02,,,550,0,524,13.0,13.0,0,550
14976,2026-08-02,,,200,0,191,4.5,4.5,0,200
14977,2026-08-02,,,80,0,76,2.0,2.0,0,80
14978,2026-08-02,,,1500,0,1429,35.5,35.5,0,1500
14979,2026-08-02,,,1000,0,952,24.0,24.0,0,1000
14980,2026-08-02,,,300,0,286,7.0,7.0,0,300
14981,2026-08-02,,,240,0,229,5.5,5.5,0,240
14982,2026-08-02,,,900,0,857,21.5,21.5,0,900
14983,2026-08-02,,,350,0,333,8.5,8.5,0,350
14984,2026-08-02,,,840,0,800,20.0,20.0,0,840
14985,2026-08-02,,,250,0,238,6.0,6.0,0,250
14986,2026-08-02,,,500,0,476,12.0,12.0,0,500
14987,2026-08-02,,,1150,0,1095,27.5,27.5,0,1150
14988,2026-08-02,,,300,0,286,7.0,7.0,0,300
14989,2026-08-02,,,770,0,734,18.0,18.0,0,770
14990,2026-08-02,,,30,0,29,0.5,0.5,0,30
14991,2026-08-02,,,120,0,114,3.0,3.0,0,120
14992,2026-08-02,,,450,0,428,11.0,11.0,0,450
14993,2026-08-02,,,150,0,143,3.5,3.5,0,150
14994,2026-08-02,,,240,0,229,5.5,5.5,0,240
14995,2026-08-02,,,140,0,133,3.5,3.5,0,140
14996,2026-08-02,,,140,0,133,3.5,3.5,0,140
14997,2026-08-02,,,300,0,286,7.0,7.0,0,300
14998,2026-08-02,,,3210,0,3057,76.5,76.5,0,3210
14999,2026-08-02,,,180,0,171,4.5,4.5,0,180
15000,2026-08-02,,,150,0,143,3.5,3.5,0,150
15001,2026-08-02,,,650,0,619,15.5,15.5,0,650
15002,2026-08-02,,,140,0,134,3.0,3.0,0,140
15003,2026-08-02,,,850,0,810,20.0,20.0,0,850
15004,2026-08-02,,,300,0,286,7.0,7.0,0,300
15005,2026-08-02,,,150,0,143,3.5,3.5,0,150
15006,2026-08-02,,,850,0,810,20.0,20.0,0,850
15007,2026-08-02,,,650,0,619,15.5,15.5,0,650
15008,2026-08-02,,,450,0,429,10.5,10.5,0,450
15009,2026-08-02,,,440,0,419,10.5,10.5,0,440
15010,2026-08-02,,,250,0,238,6.0,6.0,0,250
15011,2026-08-02,,,960,0,914,23.0,23.0,0,960
15012,2026-08-02,,,460,0,438,11.0,11.0,0,460
15013,2026-08-02,,,400,0,381,9.5,9.5,0,400
15014,2026-08-02,,,500,0,476,12.0,12.0,0,500
15015,2026-08-02,,,400,0,381,9.5,9.5,0,400
15016,2026-08-02,,,350,0,333,8.5,8.5,0,350
15017,2026-08-02,,,1700,0,1619,40.5,40.5,0,1700
15018,2026-08-02,,,880,0,838,21.0,21.0,0,880
15019,2026-08-02,,,300,0,286,7.0,7.0,0,300
15020,2026-08-02,,,1420,0,1352,34.0,34.0,0,1420
15021,2026-08-02,,,150,0,143,3.5,3.5,0,150
15022,2026-08-02,,,1370,0,1305,32.5,32.5,0,1370
15023,2026-08-02,,,700,0,667,16.5,16.5,0,700
15024,2026-08-02,,,150,0,143,3.5,3.5,0,150
15025,2026-08-02,,,1010,0,961,24.5,24.5,0,1010
15026,2026-08-02,,,150,0,143,3.5,3.5,0,150
15027,2026-08-02,,,350,0,333,8.5,8.5,0,350
15028,2026-08-02,,,3700,0,3525,87.5,87.5,0,3700
15029,2026-08-02,,,150,0,143,3.5,3.5,0,150
15030,2026-08-02,,,450,0,429,10.5,10.5,0,450
15031,2026-08-02,,,600,0,571,14.5,14.5,0,600
15032,2026-08-02,,,500,0,476,12.0,12.0,0,500
15033,2026-08-02,,,1620,0,1543,38.5,38.5,0,1620
15034,2026-08-03,,,50,0,48,1.0,1.0,0,50
15035,2026-08-03,,,350,0,333,8.5,8.5,0,350
15036,2026-08-03,,,1580,0,1504,38.0,38.0,0,1580
15037,2026-08-03,,,1180,0,1123,28.5,28.5,0,1180
15038,2026-08-03,,,500,0,476,12.0,12.0,0,500
15039,2026-08-03,,,300,0,286,7.0,7.0,0,300
15040,2026-08-03,,,650,0,619,15.5,15.5,0,650
15041,2026-08-03,,,350,0,333,8.5,8.5,0,350
15042,2026-08-03,,,40,0,38,1.0,1.0,0,40
15043,2026-08-03,PPP,,0,1550,1477,36.5,36.5,0,1550
15044,2026-08-03,,,200,0,190,5.0,5.0,0,200
15045,2026-08-03,,,200,0,190,5.0,5.0,0,200
15046,2026-08-03,,,2800,0,2665,67.5,67.5,0,2800
15047,2026-08-03,,,350,0,333,8.5,8.5,0,350
15048,2026-08-03,,,200,0,190,5.0,5.0,0,200
15049,2026-08-03,,,500,0,476,12.0,12.0,0,500
15050,2026-08-03,,,250,0,238,6.0,6.0,0,250
15051,2026-08-03,,,15400,0,14666,367.0,367.0,0,15400
15052,2026-08-03,,,360,0,343,8.5,8.5,0,360
15053,2026-08-03,,,200,0,190,5.0,5.0,0,200
15054,2026-08-03,CASH,,610,0,581,14.5,14.5,0,610
15055,2026-08-03,,,2100,0,2000,50.0,50.0,0,2100
15056,2026-08-03,,,1600,0,1524,38.0,38.0,0,1600
15057,2026-08-03,,,260,0,248,6.0,6.0,0,260
15058,2026-08-03,,,500,0,476,12.0,12.0,0,500
15059,2026-08-03,,,600,0,571,14.5,14.5,0,600
15060,2026-08-03,,,2490,0,2373,58.5,58.5,0,2490
15061,2026-08-03,,,850,0,809,20.5,20.5,0,850
15062,2026-08-03,,,470,0,447,11.5,11.5,0,470
15063,2026-08-03,,,750,0,715,17.5,17.5,0,750
15064,2026-08-03,,,500,0,476,12.0,12.0,0,500
15065,2026-08-03,,,500,0,476,12.0,12.0,0,500
15066,2026-08-03,,,560,0,534,13.0,13.0,0,560
15067,2026-08-03,CASH,,800,0,762,19.0,19.0,0,800
15068,2026-08-03,,,150,0,143,3.5,3.5,0,150
15069,2026-08-03,,,1200,0,1142,29.0,29.0,0,1200
15070,2026-08-03,,,800,0,762,19.0,19.0,0,800
15071,2026-08-03,,,150,0,143,3.5,3.5,0,150
15072,2026-08-03,,,550,0,524,13.0,13.0,0,550
15073,2026-08-03,,,300,0,286,7.0,7.0,0,300
15074,2026-08-03,,,700,0,667,16.5,16.5,0,700
15075,2026-08-03,,,250,0,238,6.0,6.0,0,250
15076,2026-08-03,,,13840,0,13180,330.0,330.0,0,13840
15077,2026-08-03,,,300,0,286,7.0,7.0,0,300
15078,2026-08-03,,,2450,0,2334,58.0,58.0,0,2450
15079,2026-08-03,,,2460,0,2344,58.0,58.0,0,2460
15080,2026-08-03,,,1210,0,1153,28.5,28.5,0,1210
15081,2026-08-03,,,850,0,809,20.5,20.5,0,850
15082,2026-08-03,,,3150,0,3000,75.0,75.0,0,3150
15083,2026-08-03,,,600,0,571,14.5,14.5,0,600
15084,2026-08-03,CASH,,1100,0,1048,26.0,26.0,0,1100
15085,2026-08-03,,,200,0,190,5.0,5.0,0,200
15086,2026-08-03,,,1350,0,1286,32.0,32.0,0,1350
15087,2026-08-03,,,1870,0,1781,44.5,44.5,0,1870
15088,2026-08-03,,,200,0,190,5.0,5.0,0,200
15089,2026-08-03,,,500,0,476,12.0,12.0,0,500
15090,2026-08-03,,,5550,0,5285,132.5,132.5,0,5550
15091,2026-08-03,,,500,0,476,12.0,12.0,0,500
15092,2026-08-03,,,1070,0,1019,25.5,25.5,0,1070
15093,2026-08-03,,,150,0,143,3.5,3.5,0,150
15094,2026-08-04,,,300,0,286,7.0,7.0,0,300
15095,2026-08-04,,,700,0,667,16.5,16.5,0,700
15096,2026-08-04,,,650,0,619,15.5,15.5,0,650
15097,2026-08-04,,,100,0,95,2.5,2.5,0,100
15098,2026-08-04,,,9460,0,9010,225.0,225.0,0,9460
15099,2026-08-04,,,200,0,190,5.0,5.0,0,200
15100,2026-08-04,,,500,0,476,12.0,12.0,0,500
15101,2026-08-04,,,300,0,286,7.0,7.0,0,300
15102,2026-08-04,,,150,0,143,3.5,3.5,0,150
15103,2026-08-04,,,1230,0,1170,30.0,30.0,0,1230
15104,2026-08-04,,,400,0,381,9.5,9.5,0,400
15105,2026-08-04,,,1800,0,1715,42.5,42.5,0,1800
15106,2026-08-04,,,1740,0,1656,42.0,42.0,0,1740
15107,2026-08-04,,,1800,0,1715,42.5,42.5,0,1800
15108,2026-08-04,,,630,0,600,15.0,15.0,0,630
15109,2026-08-04,,,120,0,114,3.0,3.0,0,120
15110,2026-08-04,,,350,0,333,8.5,8.5,0,350
15111,2026-08-04,CASH,,350,0,333,8.5,8.5,0,350
15112,2026-08-04,,,440,0,419,10.5,10.5,0,440
15113,2026-08-04,,,2550,0,2429,60.5,60.5,0,2550
15114,2026-08-04,,,1550,0,1476,37.0,37.0,0,1550
15115,2026-08-04,,,650,0,619,15.5,15.5,0,650
15116,2026-08-04,,,1490,0,1419,35.5,35.5,0,1490
15117,2026-08-04,,,150,0,143,3.5,3.5,0,150
15118,2026-08-04,,,260,0,248,6.0,6.0,0,260
15119,2026-08-04,,,350,0,333,8.5,8.5,0,350
15120,2026-08-04,,,50,0,48,1.0,1.0,0,50
15121,2026-08-04,,,2500,0,2381,59.5,59.5,0,2500
15122,2026-08-04,,,1620,0,1543,38.5,38.5,0,1620
15123,2026-08-04,,,150,0,143,3.5,3.5,0,150
15124,2026-08-04,,,1260,0,1200,30.0,30.0,0,1260
15125,2026-08-04,,,1050,0,1000,25.0,25.0,0,1050
15126,2026-08-04,,,150,0,143,3.5,3.5,0,150
15127,2026-08-04,,,2960,0,2818,71.0,71.0,0,2960
15128,2026-08-04,,,1550,0,1476,37.0,37.0,0,1550
15129,2026-08-04,,,2160,0,2056,52.0,52.0,0,2160
15130,2026-08-04,,,200,0,190,5.0,5.0,0,200
15131,2026-08-04,,,100,0,95,2.5,2.5,0,100
15132,2026-08-04,,,50,0,48,1.0,1.0,0,50
15133,2026-08-04,,,350,0,333,8.5,8.5,0,350
15134,2026-08-04,,,300,0,286,7.0,7.0,0,300
15135,2026-08-04,,,100,0,95,2.5,2.5,0,100
15136,2026-08-04,,,220,0,210,5.0,5.0,0,220
15137,2026-08-04,,,2050,0,1952,49.0,49.0,0,2050
15138,2026-08-04,,,1460,0,1391,34.5,34.5,0,1460
15139,2026-08-04,,,300,0,286,7.0,7.0,0,300
15140,2026-08-04,,,120,0,114,3.0,3.0,0,120
15141,2026-08-04,,,200,0,190,5.0,5.0,0,200
15142,2026-08-04,,,1000,0,952,24.0,24.0,0,1000
15143,2026-08-04,,,550,0,524,13.0,13.0,0,550
15144,2026-08-04,,,700,0,667,16.5,16.5,0,700
15145,2026-08-04,,,700,0,666,17.0,17.0,0,700
15146,2026-08-04,,,800,0,761,19.5,19.5,0,800
15147,2026-08-04,,,1700,0,1619,40.5,40.5,0,1700
15148,2026-08-04,,,450,0,429,10.5,10.5,0,450
15149,2026-08-04,,,450,0,428,11.0,11.0,0,450
15150,2026-08-04,,,260,0,247,6.5,6.5,0,260
15151,2026-08-04,,,200,0,190,5.0,5.0,0,200
15152,2026-08-04,,,2400,0,2286,57.0,57.0,0,2400
15153,2026-08-04,,,900,0,857,21.5,21.5,0,900
15154,2026-08-04,,,500,0,476,12.0,12.0,0,500
15155,2026-08-05,,,360,0,343,8.5,8.5,0,360
15156,2026-08-05,,,600,0,572,14.0,14.0,0,600
15157,2026-08-05,,,350,0,333,8.5,8.5,0,350
15158,2026-08-05,,,250,0,238,6.0,6.0,0,250
15159,2026-08-05,,,100,0,95,2.5,2.5,0,100
15160,2026-08-05,,,290,0,276,7.0,7.0,0,290
15161,2026-08-05,,,70,0,67,1.5,1.5,0,70
15162,2026-08-05,,,550,0,524,13.0,13.0,0,550
15163,2026-08-05,,,640,0,610,15.0,15.0,0,640
15164,2026-08-05,,,350,0,333,8.5,8.5,0,350
15165,2026-08-05,,,240,0,228,6.0,6.0,0,240
15166,2026-08-05,,,850,0,810,20.0,20.0,0,850
15167,2026-08-05,,,350,0,333,8.5,8.5,0,350
15168,2026-08-05,,,400,0,381,9.5,9.5,0,400
15169,2026-08-05,,,90,0,86,2.0,2.0,0,90
15170,2026-08-05,CARD,,0,1200,1143,28.5,28.5,0,1200
15171,2026-08-05,,,1940,0,1848,46.0,46.0,0,1940
15172,2026-08-05,,,2750,0,2619,65.5,65.5,0,2750
15173,2026-08-05,,,260,0,248,6.0,6.0,0,260
15174,2026-08-05,,,200,0,190,5.0,5.0,0,200
15175,2026-08-05,,,80,0,76,2.0,2.0,0,80
15176,2026-08-05,,,3800,0,3619,90.5,90.5,0,3800
15177,2026-08-05,,,200,0,190,5.0,5.0,0,200
15178,2026-08-05,,,1320,0,1257,31.5,31.5,0,1320
15179,2026-08-05,,,1870,0,1781,44.5,44.5,0,1870
15180,2026-08-05,,,1300,0,1238,31.0,31.0,0,1300
15181,2026-08-05,,,650,0,619,15.5,15.5,0,650
15182,2026-08-05,,,900,0,857,21.5,21.5,0,900
15183,2026-08-05,,,0,1500,1429,35.5,35.5,0,1500
15184,2026-08-05,CASH,,150,0,143,3.5,3.5,0,150
15185,2026-08-05,,,550,0,524,13.0,13.0,0,550
15186,2026-08-05,,,1020,0,971,24.5,24.5,0,1020
15187,2026-08-05,\,,240,0,229,5.5,5.5,0,240
15188,2026-08-05,,,180,0,171,4.5,4.5,0,180
15189,2026-08-05,,,850,0,809,20.5,20.5,0,850
15190,2026-08-05,,,1600,0,1523,38.5,38.5,0,1600
15191,2026-08-05,,,700,0,666,17.0,17.0,0,700
15192,2026-08-05,,,50,0,48,1.0,1.0,0,50
15193,2026-08-05,,,300,0,286,7.0,7.0,0,300
15194,2026-08-05,,,700,0,667,16.5,16.5,0,700
15195,2026-08-05,,,350,0,333,8.5,8.5,0,350
15196,2026-08-05,,,100,0,95,2.5,2.5,0,100
15197,2026-08-05,,,400,0,381,9.5,9.5,0,400
15198,2026-08-05,,,300,0,286,7.0,7.0,0,300
15199,2026-08-05,,,1500,0,1429,35.5,35.5,0,1500
15200,2026-08-05,,,220,0,209,5.5,5.5,0,220
15201,2026-08-05,,,150,0,143,3.5,3.5,0,150
15202,2026-08-05,,,300,0,286,7.0,7.0,0,300
15203,2026-08-05,,,1550,0,1476,37.0,37.0,0,1550
15204,2026-08-05,,,180,0,171,4.5,4.5,0,180
15205,2026-08-05,,,200,0,190,5.0,5.0,0,200
15206,2026-08-05,,,500,0,476,12.0,12.0,0,500
15207,2026-08-05,,,1100,0,1047,26.5,26.5,0,1100
15208,2026-08-05,,,50,0,48,1.0,1.0,0,50
15209,2026-08-05,,,360,0,343,8.5,8.5,0,360
15210,2026-08-05,,,100,0,95,2.5,2.5,0,100
15211,2026-08-05,,,250,0,238,6.0,6.0,0,250
15212,2026-08-05,,,400,0,381,9.5,9.5,0,400
15213,2026-08-05,,,350,0,333,8.5,8.5,0,350
15214,2026-08-05,,,4280,0,4076,102.0,102.0,0,4280
15215,2026-08-05,,,700,0,667,16.5,16.5,0,700
15216,2026-08-05,,,350,0,333,8.5,8.5,0,350
15217,2026-08-05,,,300,0,286,7.0,7.0,0,300
15218,2026-08-05,,,150,0,143,3.5,3.5,0,150
15219,2026-08-05,,,100,0,95,2.5,2.5,0,100
15220,2026-08-05,,,960,0,914,23.0,23.0,0,960
15221,2026-08-05,,,150,0,143,3.5,3.5,0,150
15222,2026-08-05,,,300,0,286,7.0,7.0,0,300
15223,2026-08-05,,,420,0,400,10.0,10.0,0,420
15224,2026-08-05,,,150,0,143,3.5,3.5,0,150
15225,2026-08-05,,,300,0,286,7.0,7.0,0,300
15226,2026-08-05,,,1150,0,1095,27.5,27.5,0,1150
15227,2026-08-05,,,350,0,333,8.5,8.5,0,350
15228,2026-08-05,,,150,0,143,3.5,3.5,0,150
15229,2026-08-05,,,200,0,190,5.0,5.0,0,200
15230,2026-08-05,,,1450,0,1381,34.5,34.5,0,1450
15231,2026-08-05,,,990,0,944,23.0,23.0,0,990
15232,2026-08-05,,,1000,0,952,24.0,24.0,0,1000
15233,2026-08-05,,,450,0,429,10.5,10.5,0,450
15234,2026-08-05,,,400,0,381,9.5,9.5,0,400
15235,2026-08-05,,,100,0,95,2.5,2.5,0,100
15236,2026-08-06,CASH,,600,0,571,14.5,14.5,0,600
15237,2026-08-06,RKS,6002481011,200,0,190,5.0,5.0,0,200
15238,2026-08-06,,,350,0,333,8.5,8.5,0,350
15239,2026-08-06,,,300,0,286,7.0,7.0,0,300
15240,2026-08-06,,,150,0,143,3.5,3.5,0,150
15241,2026-08-06,,,450,0,429,10.5,10.5,0,450
15242,2026-08-06,,,300,0,286,7.0,7.0,0,300
15243,2026-08-06,,,50,0,48,1.0,1.0,0,50
15244,2026-08-06,,,1500,0,1428,36.0,36.0,0,1500
15245,2026-08-06,,,240,0,229,5.5,5.5,0,240
15246,2026-08-06,,,840,0,800,20.0,20.0,0,840
15247,2026-08-06,,,300,0,286,7.0,7.0,0,300
15248,2026-08-06,,,1700,0,1619,40.5,40.5,0,1700
15249,2026-08-06,,,120,0,114,3.0,3.0,0,120
15250,2026-08-06,,,500,0,476,12.0,12.0,0,500
15251,2026-08-06,,,870,0,829,20.5,20.5,0,870
15252,2026-08-06,,,40,0,38,1.0,1.0,0,40
15253,2026-08-06,,,100,0,95,2.5,2.5,0,100
15254,2026-08-06,,,300,0,286,7.0,7.0,0,300
15255,2026-08-06,,,1000,0,952,24.0,24.0,0,1000
15256,2026-08-06,,,700,0,667,16.5,16.5,0,700
15257,2026-08-06,,,2250,0,2143,53.5,53.5,0,2250
15258,2026-08-06,,,1000,0,953,23.5,23.5,0,1000
15259,2026-08-06,,,750,0,714,18.0,18.0,0,750
15260,2026-08-06,,,730,0,695,17.5,17.5,0,730
15261,2026-08-06,,,300,0,286,7.0,7.0,0,300
15262,2026-08-06,,,1800,0,1714,43.0,43.0,0,1800
15263,2026-08-06,,,900,0,857,21.5,21.5,0,900
15264,2026-08-06,,,300,0,286,7.0,7.0,0,300
15265,2026-08-06,,,1800,0,1714,43.0,43.0,0,1800
15266,2026-08-06,,,1040,0,991,24.5,24.5,0,1040
15267,2026-08-06,,,450,0,429,10.5,10.5,0,450
15268,2026-08-06,,,2660,0,2534,63.0,63.0,0,2660
15269,2026-08-06,,,100,0,95,2.5,2.5,0,100
15270,2026-08-06,,,500,0,476,12.0,12.0,0,500
15271,2026-08-06,,,150,0,143,3.5,3.5,0,150
15272,2026-08-06,,,4790,0,4561,114.5,114.5,0,4790
15273,2026-08-06,,,400,0,381,9.5,9.5,0,400
15274,2026-08-06,CASH,,1000,0,952,24.0,24.0,0,1000
15275,2026-08-06,,,700,0,666,17.0,17.0,0,700
15276,2026-08-06,,,350,0,333,8.5,8.5,0,350
15277,2026-08-06,,,200,0,190,5.0,5.0,0,200
15278,2026-08-06,,,1200,0,1143,28.5,28.5,0,1200
15279,2026-08-06,,,750,0,714,18.0,18.0,0,750
15280,2026-08-06,,,300,0,286,7.0,7.0,0,300
15281,2026-08-06,,,20,0,19,0.5,0.5,0,20
15282,2026-08-06,,,5920,0,5638,141.0,141.0,0,5920
15283,2026-08-06,,,1850,0,1763,43.5,43.5,0,1850
15284,2026-08-06,,,1450,0,1381,34.5,34.5,0,1450
15285,2026-08-06,,,2250,0,2143,53.5,53.5,0,2250
15286,2026-08-06,,,300,0,286,7.0,7.0,0,300
15287,2026-08-06,,,2210,0,2105,52.5,52.5,0,2210
15288,2026-08-06,,,700,0,666,17.0,17.0,0,700
15289,2026-08-06,,,1200,0,1143,28.5,28.5,0,1200
15290,2026-08-06,,,1840,0,1753,43.5,43.5,0,1840
15291,2026-08-06,,,650,0,619,15.5,15.5,0,650
15292,2026-08-06,,,820,0,780,20.0,20.0,0,820
15293,2026-08-06,,,120,0,114,3.0,3.0,0,120
15294,2026-08-06,,,400,0,380,10.0,10.0,0,400
15295,2026-08-06,,,200,0,190,5.0,5.0,0,200
15296,2026-08-06,,,600,0,571,14.5,14.5,0,600
15297,2026-08-06,,,950,0,905,22.5,22.5,0,950
15298,2026-08-06,,,500,0,476,12.0,12.0,0,500
15299,2026-08-06,,,1050,0,1000,25.0,25.0,0,1050
15300,2026-08-06,,,240,0,229,5.5,5.5,0,240
15301,2026-08-06,,,2200,0,2096,52.0,52.0,0,2200
15302,2026-08-06,,,5500,0,5239,130.5,130.5,0,5500
15303,2026-08-06,,,1200,0,1142,29.0,29.0,0,1200
15304,2026-08-06,,,300,0,286,7.0,7.0,0,300
15305,2026-08-06,,,150,0,143,3.5,3.5,0,150
15306,2026-08-06,,,50,0,48,1.0,1.0,0,50
15307,2026-08-06,,,450,0,428,11.0,11.0,0,450
15308,2026-08-06,CASH,,520,0,495,12.5,12.5,0,520
15309,2026-08-06,,,400,0,381,9.5,9.5,0,400
15310,2026-08-06,,,2440,0,2324,58.0,58.0,0,2440
15311,2026-08-06,,,1020,0,971,24.5,24.5,0,1020
15312,2026-08-06,,,650,0,619,15.5,15.5,0,650
15313,2026-08-07,CASH,,400,0,381,9.5,9.5,0,400
15314,2026-08-07,,,1170,0,1114,28.0,28.0,0,1170
15315,2026-08-07,,,550,0,523,13.5,13.5,0,550
15316,2026-08-07,PPP,,0,950,904,23.0,23.0,0,950
15317,2026-08-07,,,80,0,76,2.0,2.0,0,80
15318,2026-08-07,,,600,0,571,14.5,14.5,0,600
15319,2026-08-07,,,300,0,286,7.0,7.0,0,300
15320,2026-08-07,,,250,0,238,6.0,6.0,0,250
15321,2026-08-07,,,320,0,305,7.5,7.5,0,320
15322,2026-08-07,,,780,0,743,18.5,18.5,0,780
15323,2026-08-07,,,250,0,238,6.0,6.0,0,250
15324,2026-08-07,,,600,0,571,14.5,14.5,0,600
15325,2026-08-07,,,100,0,95,2.5,2.5,0,100
15326,2026-08-07,,,150,0,143,3.5,3.5,0,150
15327,2026-08-07,,,120,0,114,3.0,3.0,0,120
15328,2026-08-07,,,20,0,19,0.5,0.5,0,20
15329,2026-08-07,,,180,0,171,4.5,4.5,0,180
15330,2026-08-07,,,550,0,524,13.0,13.0,0,550
15331,2026-08-07,,,810,0,772,19.0,19.0,0,810
15332,2026-08-07,,,150,0,143,3.5,3.5,0,150
15333,2026-08-07,,,1730,0,1649,40.5,40.5,0,1730
15334,2026-08-07,,,250,0,238,6.0,6.0,0,250
15335,2026-08-07,,,5410,0,5153,128.5,128.5,0,5410
15336,2026-08-07,,,2050,0,1951,49.5,49.5,0,2050
15337,2026-08-07,,,50,0,48,1.0,1.0,0,50
15338,2026-08-07,,,5630,0,5362,134.0,134.0,0,5630
15339,2026-08-07,,,2700,0,2572,64.0,64.0,0,2700
15340,2026-08-07,CASH,,2100,0,2000,50.0,50.0,0,2100
15341,2026-08-07,,,120,0,114,3.0,3.0,0,120
15342,2026-08-07,,,1000,0,952,24.0,24.0,0,1000
15343,2026-08-07,,,1990,0,1895,47.5,47.5,0,1990
15344,2026-08-07,,,150,0,143,3.5,3.5,0,150
15345,2026-08-07,,,300,0,286,7.0,7.0,0,300
15346,2026-08-07,,,360,0,343,8.5,8.5,0,360
15347,2026-08-07,,,180,0,171,4.5,4.5,0,180
15348,2026-08-07,,,1150,0,1095,27.5,27.5,0,1150
15349,2026-08-07,,,200,0,190,5.0,5.0,0,200
15350,2026-08-07,,,600,0,572,14.0,14.0,0,600
15351,2026-08-07,,,150,0,143,3.5,3.5,0,150
15352,2026-08-07,,,160,0,152,4.0,4.0,0,160
15353,2026-08-07,,,350,0,333,8.5,8.5,0,350
15354,2026-08-07,,,150,0,143,3.5,3.5,0,150
15355,2026-08-07,,,3870,0,3685,92.5,92.5,0,3870
15356,2026-08-07,,,140,0,133,3.5,3.5,0,140
15357,2026-08-07,,,4700,0,4476,112.0,112.0,0,4700
15358,2026-08-07,,,240,0,229,5.5,5.5,0,240
15359,2026-08-07,,,700,0,667,16.5,16.5,0,700
15360,2026-08-07,,,4750,0,4523,113.5,113.5,0,4750
15361,2026-08-07,,,20,0,19,0.5,0.5,0,20
15362,2026-08-07,PPP,,0,1300,1238,31.0,31.0,0,1300
15363,2026-08-07,,,2690,0,2563,63.5,63.5,0,2690
15364,2026-08-07,,,300,0,286,7.0,7.0,0,300
15365,2026-08-07,CASH,,150,0,143,3.5,3.5,0,150
15366,2026-08-07,,,1600,0,1524,38.0,38.0,0,1600
15367,2026-08-07,,,500,0,476,12.0,12.0,0,500
15368,2026-08-07,,,600,0,571,14.5,14.5,0,600
15369,2026-08-07,,,800,0,762,19.0,19.0,0,800
15370,2026-08-07,,,40,0,38,1.0,1.0,0,40
15371,2026-08-07,,,150,0,143,3.5,3.5,0,150
15372,2026-08-07,,,1300,0,1238,31.0,31.0,0,1300
15373,2026-08-07,,,150,0,143,3.5,3.5,0,150
15374,2026-08-07,,,250,0,238,6.0,6.0,0,250
15375,2026-08-07,,,3240,0,3085,77.5,77.5,0,3240
15376,2026-08-07,,,1000,0,952,24.0,24.0,0,1000
15377,2026-08-07,,,100,0,95,2.5,2.5,0,100
15378,2026-08-07,,,500,0,476,12.0,12.0,0,500
15379,2026-08-08,,,800,0,762,19.0,19.0,0,800
15380,2026-08-08,,,150,0,143,3.5,3.5,0,150
15381,2026-08-08,,,350,0,333,8.5,8.5,0,350
15382,2026-08-08,,,180,0,171,4.5,4.5,0,180
15383,2026-08-08,,,200,0,190,5.0,5.0,0,200
15384,2026-08-08,,,1200,0,1143,28.5,28.5,0,1200
15385,2026-08-08,,,1750,0,1667,41.5,41.5,0,1750
15386,2026-08-08,,,350,0,333,8.5,8.5,0,350
15387,2026-08-08,,,1450,0,1381,34.5,34.5,0,1450
15388,2026-08-08,,,100,0,95,2.5,2.5,0,100
15389,2026-08-08,,,200,0,190,5.0,5.0,0,200
15390,2026-08-08,,,350,0,333,8.5,8.5,0,350
15391,2026-08-08,,,300,0,286,7.0,7.0,0,300
15392,2026-08-08,,,650,0,619,15.5,15.5,0,650
15393,2026-08-08,,,650,0,619,15.5,15.5,0,650
15394,2026-08-08,,,360,0,343,8.5,8.5,0,360
15395,2026-08-08,,,500,0,476,12.0,12.0,0,500
15396,2026-08-08,,,350,0,333,8.5,8.5,0,350
15397,2026-08-08,,,1050,0,1000,25.0,25.0,0,1050
15398,2026-08-08,,,1150,0,1095,27.5,27.5,0,1150
15399,2026-08-08,,,490,0,466,12.0,12.0,0,490
15400,2026-08-08,,,2610,0,2486,62.0,62.0,0,2610
15401,2026-08-08,,,2620,0,2495,62.5,62.5,0,2620
15402,2026-08-08,,,1210,0,1152,29.0,29.0,0,1210
15403,2026-08-08,,,700,0,667,16.5,16.5,0,700
15404,2026-08-08,CASH,,100,0,95,2.5,2.5,0,100
15405,2026-08-08,,,940,0,894,23.0,23.0,0,940
15406,2026-08-08,,,100,0,95,2.5,2.5,0,100
15407,2026-08-08,,,350,0,333,8.5,8.5,0,350
15408,2026-08-08,,,700,0,667,16.5,16.5,0,700
15409,2026-08-08,,,3240,0,3086,77.0,77.0,0,3240
15410,2026-08-08,,,280,0,267,6.5,6.5,0,280
15411,2026-08-08,,,1300,0,1237,31.5,31.5,0,1300
15412,2026-08-08,,,500,0,476,12.0,12.0,0,500
15413,2026-08-08,,,300,0,286,7.0,7.0,0,300
15414,2026-08-08,,,330,0,314,8.0,8.0,0,330
15415,2026-08-08,,,2450,0,2333,58.5,58.5,0,2450
15416,2026-08-08,,,640,0,609,15.5,15.5,0,640
15417,2026-08-08,,,260,0,248,6.0,6.0,0,260
15418,2026-08-08,,,550,0,524,13.0,13.0,0,550
15419,2026-08-08,,,30,0,29,0.5,0.5,0,30
15420,2026-08-08,,,350,0,333,8.5,8.5,0,350
15421,2026-08-08,,,420,0,400,10.0,10.0,0,420
15422,2026-08-08,,,5600,0,5333,133.5,133.5,0,5600
15423,2026-08-08,,,1200,0,1143,28.5,28.5,0,1200
15424,2026-08-08,,,430,0,409,10.5,10.5,0,430
15425,2026-08-08,,,150,0,143,3.5,3.5,0,150
15426,2026-08-08,,,240,0,229,5.5,5.5,0,240
15427,2026-08-08,,,930,0,885,22.5,22.5,0,930
15428,2026-08-08,,,50,0,48,1.0,1.0,0,50
15429,2026-08-08,,,200,0,190,5.0,5.0,0,200
15430,2026-08-08,,,960,0,915,22.5,22.5,0,960
15431,2026-08-08,,,150,0,143,3.5,3.5,0,150
15432,2026-08-08,,,280,0,266,7.0,7.0,0,280
15433,2026-08-08,,,1350,0,1285,32.5,32.5,0,1350
15434,2026-08-08,,,3200,0,3049,75.5,75.5,0,3200
15435,2026-08-08,,,160,0,152,4.0,4.0,0,160
15436,2026-08-08,,,150,0,143,3.5,3.5,0,150
15437,2026-08-08,,,460,0,438,11.0,11.0,0,460
15438,2026-08-08,,,120,0,114,3.0,3.0,0,120
15439,2026-08-08,,,500,0,476,12.0,12.0,0,500
15440,2026-08-08,,,300,0,286,7.0,7.0,0,300
15441,2026-08-08,,,1060,0,1010,25.0,25.0,0,1060
15442,2026-08-08,,,240,0,229,5.5,5.5,0,240
15443,2026-08-08,,,420,0,400,10.0,10.0,0,420
15444,2026-08-08,,,400,0,381,9.5,9.5,0,400
15445,2026-08-08,CASH,,1940,0,1848,46.0,46.0,0,1940
15446,2026-08-08,,,150,0,143,3.5,3.5,0,150
15447,2026-08-08,,,200,0,190,5.0,5.0,0,200
15448,2026-08-08,,,350,0,333,8.5,8.5,0,350
15449,2026-08-08,,,80,0,76,2.0,2.0,0,80
15450,2026-08-08,,,2550,0,2429,60.5,60.5,0,2550
15451,2026-08-08,,,890,0,847,21.5,21.5,0,890
15452,2026-08-08,,,4420,0,4210,105.0,105.0,0,4420
15453,2026-08-08,,,50,0,48,1.0,1.0,0,50
15454,2026-08-08,,,620,0,590,15.0,15.0,0,620
15455,2026-08-08,RKS,6002481011,0,2650,2524,63.0,63.0,0,2650
15456,2026-08-08,,,0,2400,2286,57.0,57.0,0,2400
15457,2026-08-08,,,200,0,190,5.0,5.0,0,200
15458,2026-08-08,RKS,6002481011,700,0,667,16.5,16.5,0,700
15459,2026-08-08,,,1120,0,1066,27.0,27.0,0,1120
15460,2026-08-08,,,150,0,143,3.5,3.5,0,150
15461,2026-08-08,,,450,0,429,10.5,10.5,0,450
15462,2026-08-08,,,810,0,772,19.0,19.0,0,810
15463,2026-08-08,,,1060,0,1010,25.0,25.0,0,1060
15464,2026-08-08,,,550,0,523,13.5,13.5,0,550
15465,2026-08-08,,,550,0,524,13.0,13.0,0,550
15466,2026-08-08,,,4130,0,3934,98.0,98.0,0,4130
15467,2026-08-08,,,120,0,114,3.0,3.0,0,120
15468,2026-08-08,,,250,0,238,6.0,6.0,0,250
15469,2026-08-08,,,370,0,352,9.0,9.0,0,370
15470,2026-08-08,,,500,0,476,12.0,12.0,0,500
15471,2026-08-08,,,840,0,800,20.0,20.0,0,840
15472,2026-08-08,,,650,0,619,15.5,15.5,0,650
15473,2026-08-08,,,1250,0,1190,30.0,30.0,0,1250
15474,2026-08-08,,,1640,0,1562,39.0,39.0,0,1640
15475,2026-08-09,CASH,,650,0,619,15.5,15.5,0,650
15476,2026-08-09,,,800,0,761,19.5,19.5,0,800
15477,2026-08-09,,,200,0,190,5.0,5.0,0,200
15478,2026-08-09,,,260,0,248,6.0,6.0,0,260
15479,2026-08-09,,,0,1100,1047,26.5,26.5,0,1100
15480,2026-08-09,,,150,0,143,3.5,3.5,0,150
15481,2026-08-09,,,350,0,333,8.5,8.5,0,350
15482,2026-08-09,,,150,0,143,3.5,3.5,0,150
15483,2026-08-09,,,350,0,333,8.5,8.5,0,350
15484,2026-08-09,,,3760,0,3580,90.0,90.0,0,3760
15485,2026-08-09,,,480,0,457,11.5,11.5,0,480
15486,2026-08-09,,,200,0,190,5.0,5.0,0,200
15487,2026-08-09,,,360,0,343,8.5,8.5,0,360
15488,2026-08-09,,,2660,0,2534,63.0,63.0,0,2660
15489,2026-08-09,,,1600,0,1524,38.0,38.0,0,1600
15490,2026-08-09,,,1650,0,1572,39.0,39.0,0,1650
15491,2026-08-09,,,160,0,152,4.0,4.0,0,160
15492,2026-08-09,,,1960,0,1867,46.5,46.5,0,1960
15493,2026-08-09,,,260,0,248,6.0,6.0,0,260
15494,2026-08-09,,,1100,0,1047,26.5,26.5,0,1100
15495,2026-08-09,,,150,0,143,3.5,3.5,0,150
15496,2026-08-09,,,760,0,724,18.0,18.0,0,760
15497,2026-08-09,,,490,0,467,11.5,11.5,0,490
15498,2026-08-09,,,450,0,429,10.5,10.5,0,450
15499,2026-08-09,,,700,0,666,17.0,17.0,0,700
15500,2026-08-09,,,700,0,667,16.5,16.5,0,700
15501,2026-08-09,,,1950,0,1858,46.0,46.0,0,1950
15502,2026-08-09,,,820,0,781,19.5,19.5,0,820
15503,2026-08-09,,,4090,0,3894,98.0,98.0,0,4090
15504,2026-08-09,,,850,0,810,20.0,20.0,0,850
15505,2026-08-09,CASH,,650,0,619,15.5,15.5,0,650
15506,2026-08-09,CARD,,0,2800,2667,66.5,66.5,0,2800
15507,2026-08-09,,,480,0,457,11.5,11.5,0,480
15508,2026-08-09,,,960,0,914,23.0,23.0,0,960
15509,2026-08-09,,,350,0,333,8.5,8.5,0,350
15510,2026-08-09,,,300,0,286,7.0,7.0,0,300
15511,2026-08-09,,,150,0,143,3.5,3.5,0,150
15512,2026-08-09,,,300,0,286,7.0,7.0,0,300
15513,2026-08-09,,,360,0,343,8.5,8.5,0,360
15514,2026-08-09,,,1190,0,1134,28.0,28.0,0,1190
15515,2026-08-09,,,500,0,476,12.0,12.0,0,500
15516,2026-08-09,,,1000,0,952,24.0,24.0,0,1000
15517,2026-08-09,,,3630,0,3456,87.0,87.0,0,3630
15518,2026-08-09,,,4490,0,4276,107.0,107.0,0,4490
15519,2026-08-09,CARD,6002481011,0,19500,18571,464.5,464.5,0,19500
15520,2026-08-09,,,850,0,809,20.5,20.5,0,850
15521,2026-08-09,,,890,0,847,21.5,21.5,0,890
15522,2026-08-09,,,80,0,76,2.0,2.0,0,80
15523,2026-08-09,,,1000,0,952,24.0,24.0,0,1000
15524,2026-08-09,,,350,0,333,8.5,8.5,0,350
15525,2026-08-09,,,100,0,95,2.5,2.5,0,100
15526,2026-08-09,,,100,0,95,2.5,2.5,0,100
15527,2026-08-09,,,500,0,476,12.0,12.0,0,500
15528,2026-08-09,,,1380,0,1314,33.0,33.0,0,1380
15529,2026-08-09,,,520,0,494,13.0,13.0,0,520
15530,2026-08-09,,,540,0,514,13.0,13.0,0,540
15531,2026-08-09,,,2750,0,2619,65.5,65.5,0,2750
15532,2026-08-09,,,120,0,114,3.0,3.0,0,120
15533,2026-08-09,,,100,0,95,2.5,2.5,0,100
15534,2026-08-09,,,170,0,162,4.0,4.0,0,170
15535,2026-08-09,,,2500,0,2380,60.0,60.0,0,2500
15536,2026-08-09,,,780,0,742,19.0,19.0,0,780
15537,2026-08-09,,,800,0,762,19.0,19.0,0,800
15538,2026-08-09,,,120,0,114,3.0,3.0,0,120
15539,2026-08-09,,,300,0,286,7.0,7.0,0,300
15540,2026-08-09,,,620,0,590,15.0,15.0,0,620
15541,2026-08-09,,,300,0,286,7.0,7.0,0,300
15542,2026-08-09,,,1050,0,1000,25.0,25.0,0,1050
15543,2026-08-09,,,300,0,286,7.0,7.0,0,300
15544,2026-08-09,,,650,0,619,15.5,15.5,0,650
15545,2026-08-09,,,100,0,95,2.5,2.5,0,100
15546,2026-08-09,,,1670,0,1591,39.5,39.5,0,1670
15547,2026-08-09,,,100,0,95,2.5,2.5,0,100
15548,2026-08-09,,,500,0,476,12.0,12.0,0,500
15549,2026-08-09,,,4100,0,3904,98.0,98.0,0,4100
15550,2026-08-09,,,550,0,524,13.0,13.0,0,550
15551,2026-08-09,,,300,0,285,7.5,7.5,0,300
15552,2026-08-09,,,400,0,381,9.5,9.5,0,400
15553,2026-08-09,,,1050,0,1000,25.0,25.0,0,1050
15554,2026-08-09,,,70,0,67,1.5,1.5,0,70
15555,2026-08-09,CASH,,1200,0,1143,28.5,28.5,0,1200
15556,2026-08-09,,,220,0,210,5.0,5.0,0,220
15557,2026-08-09,,,1000,0,952,24.0,24.0,0,1000
15558,2026-08-09,,,300,0,286,7.0,7.0,0,300
15559,2026-08-09,,,150,0,143,3.5,3.5,0,150
15560,2026-08-09,,,300,0,286,7.0,7.0,0,300
15561,2026-08-09,,,340,0,324,8.0,8.0,0,340
15562,2026-08-09,,,860,0,819,20.5,20.5,0,860
15563,2026-08-09,,,500,0,476,12.0,12.0,0,500
15564,2026-08-09,,,1830,0,1742,44.0,44.0,0,1830
15565,2026-08-09,,,600,0,571,14.5,14.5,0,600
15566,2026-08-09,,,350,0,333,8.5,8.5,0,350
15567,2026-08-09,,,130,0,124,3.0,3.0,0,130
15568,2026-08-09,,,350,0,333,8.5,8.5,0,350
15569,2026-08-09,,,350,0,333,8.5,8.5,0,350
15570,2026-08-09,,,750,0,714,18.0,18.0,0,750
15571,2026-08-09,,,120,0,114,3.0,3.0,0,120
15572,2026-08-09,,,180,0,171,4.5,4.5,0,180
15573,2026-08-09,,,450,0,429,10.5,10.5,0,450
15574,2026-08-09,,,120,0,114,3.0,3.0,0,120
15575,2026-08-09,,,300,0,286,7.0,7.0,0,300
15576,2026-08-09,,,1900,0,1809,45.5,45.5,0,1900
15577,2026-08-09,,,600,0,571,14.5,14.5,0,600
15578,2026-08-09,,,440,0,419,10.5,10.5,0,440
15579,2026-08-09,CASH,,500,0,476,12.0,12.0,0,500
15580,2026-08-09,,,470,0,447,11.5,11.5,0,470
15581,2026-08-09,,,330,0,314,8.0,8.0,0,330
15582,2026-08-09,,,300,0,286,7.0,7.0,0,300
15583,2026-08-09,,,960,0,915,22.5,22.5,0,960
15584,2026-08-09,,,150,0,143,3.5,3.5,0,150
15585,2026-08-09,,,350,0,333,8.5,8.5,0,350
15586,2026-08-09,,,850,0,810,20.0,20.0,0,850
15587,2026-08-09,,,6360,0,6057,151.5,151.5,0,6360
15588,2026-08-10,,,1100,0,1048,26.0,26.0,0,1100
15589,2026-08-10,,,100,0,95,2.5,2.5,0,100
15590,2026-08-10,,,2400,0,2285,57.5,57.5,0,2400
15591,2026-08-10,,,3300,0,3143,78.5,78.5,0,3300
15592,2026-08-10,,,80,0,77,1.5,1.5,0,80
15593,2026-08-10,,,200,0,190,5.0,5.0,0,200
15594,2026-08-10,,,600,0,571,14.5,14.5,0,600
15595,2026-08-10,,,1900,0,1810,45.0,45.0,0,1900
15596,2026-08-10,,,100,0,95,2.5,2.5,0,100
15597,2026-08-10,,,10100,0,9619,240.5,240.5,0,10100
15598,2026-08-10,,,1450,0,1381,34.5,34.5,0,1450
15599,2026-08-10,,,620,0,590,15.0,15.0,0,620
15600,2026-08-10,,,200,0,190,5.0,5.0,0,200
15601,2026-08-10,,,450,0,428,11.0,11.0,0,450
15602,2026-08-10,,,3210,0,3057,76.5,76.5,0,3210
15603,2026-08-10,,,750,0,714,18.0,18.0,0,750
15604,2026-08-10,,,200,0,190,5.0,5.0,0,200
15605,2026-08-10,,,800,0,762,19.0,19.0,0,800
15606,2026-08-10,CASH,,150,0,143,3.5,3.5,0,150
15607,2026-08-10,,,500,0,476,12.0,12.0,0,500
15608,2026-08-10,,,250,0,238,6.0,6.0,0,250
15609,2026-08-10,,,420,0,400,10.0,10.0,0,420
15610,2026-08-10,,,150,0,143,3.5,3.5,0,150
15611,2026-08-10,,,240,0,229,5.5,5.5,0,240
15612,2026-08-10,,,1020,0,971,24.5,24.5,0,1020
15613,2026-08-10,,,450,0,429,10.5,10.5,0,450
15614,2026-08-10,,,600,0,571,14.5,14.5,0,600
15615,2026-08-10,,,3300,0,3143,78.5,78.5,0,3300
15616,2026-08-10,,,960,0,914,23.0,23.0,0,960
15617,2026-08-10,,,650,0,619,15.5,15.5,0,650
15618,2026-08-10,,,2860,0,2724,68.0,68.0,0,2860
15619,2026-08-10,,,260,0,248,6.0,6.0,0,260
15620,2026-08-10,,,140,0,133,3.5,3.5,0,140
15621,2026-08-10,,,40,0,38,1.0,1.0,0,40
15622,2026-08-10,,,520,0,495,12.5,12.5,0,520
15623,2026-08-10,,,150,0,143,3.5,3.5,0,150
15624,2026-08-10,,,150,0,143,3.5,3.5,0,150
15625,2026-08-10,,,800,0,761,19.5,19.5,0,800
15626,2026-08-10,CASH,,900,0,857,21.5,21.5,0,900
15627,2026-08-10,,,1270,0,1210,30.0,30.0,0,1270
15628,2026-08-10,,,1100,0,1048,26.0,26.0,0,1100
15629,2026-08-10,,,600,0,571,14.5,14.5,0,600
15630,2026-08-10,,,700,0,667,16.5,16.5,0,700
15631,2026-08-10,,,900,0,856,22.0,22.0,0,900
15632,2026-08-10,,,100,0,95,2.5,2.5,0,100
15633,2026-08-10,,,700,0,667,16.5,16.5,0,700
15634,2026-08-10,,,520,0,495,12.5,12.5,0,520
15635,2026-08-10,,,550,0,524,13.0,13.0,0,550
15636,2026-08-10,,,150,0,143,3.5,3.5,0,150
15637,2026-08-10,,,200,0,190,5.0,5.0,0,200
15638,2026-08-10,,,260,0,248,6.0,6.0,0,260
15639,2026-08-10,,,550,0,524,13.0,13.0,0,550
15640,2026-08-10,,,650,0,619,15.5,15.5,0,650
15641,2026-08-10,,,650,0,619,15.5,15.5,0,650
15642,2026-08-10,,,160,0,152,4.0,4.0,0,160
15643,2026-08-10,,,100,0,95,2.5,2.5,0,100
15644,2026-08-10,,,1290,0,1229,30.5,30.5,0,1290
15645,2026-08-10,,,300,0,286,7.0,7.0,0,300
15646,2026-08-10,,,400,0,381,9.5,9.5,0,400
15647,2026-08-10,,,720,0,685,17.5,17.5,0,720
15648,2026-08-10,CASH,,1000,0,952,24.0,24.0,0,1000
15649,2026-08-10,,,450,0,429,10.5,10.5,0,450
15650,2026-08-10,,,120,0,114,3.0,3.0,0,120
15651,2026-08-10,,,970,0,924,23.0,23.0,0,970
15652,2026-08-10,,,160,0,152,4.0,4.0,0,160
15653,2026-08-11,CASH,,200,0,190,5.0,5.0,0,200
15654,2026-08-11,,,700,0,666,17.0,17.0,0,700
15655,2026-08-11,,,200,0,191,4.5,4.5,0,200
15656,2026-08-11,,,1550,0,1476,37.0,37.0,0,1550
15657,2026-08-11,,,480,0,457,11.5,11.5,0,480
15658,2026-08-11,,,160,0,152,4.0,4.0,0,160
15659,2026-08-11,,,350,0,333,8.5,8.5,0,350
15660,2026-08-11,,,600,0,571,14.5,14.5,0,600
15661,2026-08-11,,,40,0,38,1.0,1.0,0,40
15662,2026-08-11,,,550,0,524,13.0,13.0,0,550
15663,2026-08-11,,,1100,0,1047,26.5,26.5,0,1100
15664,2026-08-11,,,480,0,458,11.0,11.0,0,480
15665,2026-08-11,,,300,0,285,7.5,7.5,0,300
15666,2026-08-11,,,40,0,38,1.0,1.0,0,40
15667,2026-08-11,,,5210,0,4962,124.0,124.0,0,5210
15668,2026-08-11,,,300,0,286,7.0,7.0,0,300
15669,2026-08-11,,,240,0,229,5.5,5.5,0,240
15670,2026-08-11,,,370,0,352,9.0,9.0,0,370
15671,2026-08-11,,,900,0,857,21.5,21.5,0,900
15672,2026-08-11,,,50,0,48,1.0,1.0,0,50
15673,2026-08-11,,,700,0,667,16.5,16.5,0,700
15674,2026-08-11,,,400,0,381,9.5,9.5,0,400
15675,2026-08-11,CASH,,300,0,286,7.0,7.0,0,300
15676,2026-08-11,,,700,0,666,17.0,17.0,0,700
15677,2026-08-11,,,1360,0,1295,32.5,32.5,0,1360
15678,2026-08-11,,,300,0,286,7.0,7.0,0,300
15679,2026-08-11,,,220,0,209,5.5,5.5,0,220
15680,2026-08-11,,,3050,0,2904,73.0,73.0,0,3050
15681,2026-08-11,,,350,0,333,8.5,8.5,0,350
15682,2026-08-11,,,80,0,76,2.0,2.0,0,80
15683,2026-08-11,,,350,0,333,8.5,8.5,0,350
15684,2026-08-11,,,240,0,229,5.5,5.5,0,240
15685,2026-08-11,,,700,0,667,16.5,16.5,0,700
15686,2026-08-11,,,1200,0,1142,29.0,29.0,0,1200
15687,2026-08-11,,,160,0,152,4.0,4.0,0,160
15688,2026-08-11,,,260,0,247,6.5,6.5,0,260
15689,2026-08-11,,,400,0,380,10.0,10.0,0,400
15690,2026-08-11,,,350,0,333,8.5,8.5,0,350
15691,2026-08-11,,,650,0,619,15.5,15.5,0,650
15692,2026-08-11,,,450,0,429,10.5,10.5,0,450
15693,2026-08-11,,,250,0,238,6.0,6.0,0,250
15694,2026-08-11,,,100,0,95,2.5,2.5,0,100
15695,2026-08-11,,,500,0,476,12.0,12.0,0,500
15696,2026-08-11,,,50,0,48,1.0,1.0,0,50
15697,2026-08-11,,,550,0,524,13.0,13.0,0,550
15698,2026-08-11,,,500,0,476,12.0,12.0,0,500
15699,2026-08-11,,,820,0,781,19.5,19.5,0,820
15700,2026-08-11,,,1270,0,1209,30.5,30.5,0,1270
15701,2026-08-11,,,100,0,95,2.5,2.5,0,100
15702,2026-08-11,,,700,0,667,16.5,16.5,0,700
15703,2026-08-11,,,550,0,524,13.0,13.0,0,550
15704,2026-08-11,,,740,0,704,18.0,18.0,0,740
15705,2026-08-11,,,450,0,428,11.0,11.0,0,450
15706,2026-08-11,,,400,0,380,10.0,10.0,0,400
15707,2026-08-11,,,250,0,238,6.0,6.0,0,250
15708,2026-08-11,,,700,0,667,16.5,16.5,0,700
15709,2026-08-11,,,3140,0,2990,75.0,75.0,0,3140
15710,2026-08-11,,,120,0,114,3.0,3.0,0,120
15711,2026-08-11,,,350,0,333,8.5,8.5,0,350
15712,2026-08-11,,,350,0,333,8.5,8.5,0,350
15713,2026-08-11,,,800,0,762,19.0,19.0,0,800
15714,2026-08-11,,,800,0,761,19.5,19.5,0,800
15715,2026-08-11,,,660,0,628,16.0,16.0,0,660
15716,2026-08-11,,,50,0,48,1.0,1.0,0,50
15717,2026-08-11,,,550,0,524,13.0,13.0,0,550
15718,2026-08-11,,,900,0,857,21.5,21.5,0,900
15719,2026-08-11,,,750,0,714,18.0,18.0,0,750
15720,2026-08-11,,,300,0,286,7.0,7.0,0,300
15721,2026-08-11,,,80,0,76,2.0,2.0,0,80
15722,2026-08-11,,,150,0,143,3.5,3.5,0,150
15723,2026-08-11,,,400,0,380,10.0,10.0,0,400
15724,2026-08-11,,,150,0,143,3.5,3.5,0,150
15725,2026-08-11,,,1000,0,952,24.0,24.0,0,1000
15726,2026-08-11,,,1400,0,1333,33.5,33.5,0,1400
15727,2026-08-11,,,2190,0,2085,52.5,52.5,0,2190
15728,2026-08-11,,,350,0,333,8.5,8.5,0,350
15729,2026-08-11,,,200,0,190,5.0,5.0,0,200
15730,2026-08-11,,,720,0,686,17.0,17.0,0,720
15731,2026-08-12,,,300,0,286,7.0,7.0,0,300
15732,2026-08-12,,,400,0,381,9.5,9.5,0,400
15733,2026-08-12,,,260,0,248,6.0,6.0,0,260
15734,2026-08-12,,,600,0,571,14.5,14.5,0,600
15735,2026-08-12,,,300,0,286,7.0,7.0,0,300
15736,2026-08-12,,,350,0,333,8.5,8.5,0,350
15737,2026-08-12,,,150,0,143,3.5,3.5,0,150
15738,2026-08-12,,,50,0,48,1.0,1.0,0,50
15739,2026-08-12,,,650,0,619,15.5,15.5,0,650
15740,2026-08-12,,,1900,0,1809,45.5,45.5,0,1900
15741,2026-08-12,PPP,,0,390,371,9.5,9.5,0,390
15742,2026-08-12,CASH,,120,0,114,3.0,3.0,0,120
15743,2026-08-12,PPP,,0,350,333,8.5,8.5,0,350
15744,2026-08-12,PPP,,0,640,610,15.0,15.0,0,640
15745,2026-08-12,PPP,,0,2100,2000,50.0,50.0,0,2100
15746,2026-08-12,PPPP,,0,600,571,14.5,14.5,0,600
15747,2026-08-12,CASH,EXCHANGE,50,0,48,1.0,1.0,0,50
15748,2026-08-12,PPP,,0,1210,1153,28.5,28.5,0,1210
15749,2026-08-12,CASH,,300,0,286,7.0,7.0,0,300
15750,2026-08-12,PPP,,0,550,524,13.0,13.0,0,550
15751,2026-08-12,PPP,,0,3850,3667,91.5,91.5,0,3850
15752,2026-08-12,PPP,,0,1850,1762,44.0,44.0,0,1850
15753,2026-08-12,CASH,,600,0,571,14.5,14.5,0,600
15754,2026-08-12,CASH,,720,0,685,17.5,17.5,0,720
15755,2026-08-12,PPP,,0,970,923,23.5,23.5,0,970
15756,2026-08-12,PPP,,0,1170,1114,28.0,28.0,0,1170
15757,2026-08-12,PPP,,0,1460,1390,35.0,35.0,0,1460
15758,2026-08-12,PPP,,0,150,143,3.5,3.5,0,150
15759,2026-08-12,PPP,,0,350,333,8.5,8.5,0,350
15760,2026-08-12,PPP,,0,200,190,5.0,5.0,0,200
15761,2026-08-12,PPP,,0,510,486,12.0,12.0,0,510
15762,2026-08-12,,,0,500,476,12.0,12.0,0,500
15763,2026-08-12,,,0,500,476,12.0,12.0,0,500
15764,2026-08-12,,,0,180,171,4.5,4.5,0,180
15765,2026-08-12,,,0,450,428,11.0,11.0,0,450
15766,2026-08-12,,,500,0,476,12.0,12.0,0,500
15767,2026-08-12,,,200,0,190,5.0,5.0,0,200
15768,2026-08-12,,,300,0,285,7.5,7.5,0,300
15769,2026-08-12,PPP,,0,200,190,5.0,5.0,0,200
15770,2026-08-12,CASH,,500,0,476,12.0,12.0,0,500
15771,2026-08-12,,,650,0,619,15.5,15.5,0,650
15772,2026-08-12,PPP,,0,150,143,3.5,3.5,0,150
15773,2026-08-12,PPP,,0,8270,7875,197.5,197.5,0,8270
15774,2026-08-12,CASH,,100,0,95,2.5,2.5,0,100
15775,2026-08-12,PPP,,0,430,409,10.5,10.5,0,430
15776,2026-08-12,PPP,,0,390,372,9.0,9.0,0,390
15777,2026-08-12,PPP,,0,320,304,8.0,8.0,0,320
15778,2026-08-12,CASH,,120,0,114,3.0,3.0,0,120
15779,2026-08-12,PPP,,0,900,857,21.5,21.5,0,900
15780,2026-08-12,PPP,,0,640,609,15.5,15.5,0,640
15781,2026-08-12,CASH,,50,0,48,1.0,1.0,0,50
15782,2026-08-12,CASH,,120,0,114,3.0,3.0,0,120
15783,2026-08-12,,,600,0,572,14.0,14.0,0,600
15784,2026-08-12,PPP,,0,300,286,7.0,7.0,0,300
15785,2026-08-12,CASH,,500,0,476,12.0,12.0,0,500
15786,2026-08-12,CASH,,250,0,238,6.0,6.0,0,250
15787,2026-08-12,PPP,,0,600,571,14.5,14.5,0,600
15788,2026-08-12,PPP,,0,200,190,5.0,5.0,0,200
15789,2026-08-12,CASH,,500,0,476,12.0,12.0,0,500
15790,2026-08-12,MIXX,,0,1650,1572,39.0,39.0,0,1650
15791,2026-08-12,PPP,,0,400,381,9.5,9.5,0,400
15792,2026-08-12,CASH,,700,0,667,16.5,16.5,0,700
15793,2026-08-12,PPP,,0,300,286,7.0,7.0,0,300
15794,2026-08-12,PPP,,0,700,667,16.5,16.5,0,700
15795,2026-08-12,PPP,,0,300,286,7.0,7.0,0,300
15796,2026-08-12,PPP,,0,1660,1581,39.5,39.5,0,1660
15797,2026-08-12,CASH,,150,0,143,3.5,3.5,0,150
15798,2026-08-12,CASH,,550,0,524,13.0,13.0,0,550
15799,2026-08-12,,,240,0,229,5.5,5.5,0,240
15800,2026-08-12,,,150,0,143,3.5,3.5,0,150
15801,2026-08-12,PPP,,0,1700,1619,40.5,40.5,0,1700
15802,2026-08-12,PPP,,0,3370,3210,80.0,80.0,0,3370
15803,2026-08-13,CASH,,50,0,48,1.0,1.0,0,50
15804,2026-08-13,,,150,0,143,3.5,3.5,0,150
15805,2026-08-13,,,100,0,95,2.5,2.5,0,100
15806,2026-08-13,CASH,,700,0,667,16.5,16.5,0,700
15807,2026-08-13,PPP,,0,1100,1048,26.0,26.0,0,1100
15808,2026-08-13,PPP,,0,1220,1162,29.0,29.0,0,1220
15809,2026-08-13,PPP,,0,2000,1905,47.5,47.5,0,2000
15810,2026-08-13,PPP,,0,300,286,7.0,7.0,0,300
15811,2026-08-13,PPP,,0,100,95,2.5,2.5,0,100
15812,2026-08-13,PPPP,,0,2000,1905,47.5,47.5,0,2000
15813,2026-08-13,CASH,,320,0,304,8.0,8.0,0,320
15814,2026-08-13,CASH,,590,0,562,14.0,14.0,0,590
15815,2026-08-13,PPP,,0,200,190,5.0,5.0,0,200
15816,2026-08-13,,,740,0,705,17.5,17.5,0,740
15817,2026-08-13,PPP,,0,4750,4523,113.5,113.5,0,4750
15818,2026-08-13,,,1850,0,1762,44.0,44.0,0,1850
15819,2026-08-13,CASH,,380,0,362,9.0,9.0,0,380
15820,2026-08-13,PPP,,0,3600,3429,85.5,85.5,0,3600
15821,2026-08-13,CASH,,200,0,190,5.0,5.0,0,200
15822,2026-08-13,CASH,,1850,0,1762,44.0,44.0,0,1850
15823,2026-08-13,PPP,,0,350,333,8.5,8.5,0,350
15824,2026-08-13,PPP,,0,2170,2066,52.0,52.0,0,2170
15825,2026-08-13,PPP,,0,300,286,7.0,7.0,0,300
15826,2026-08-13,CASH,,1500,0,1429,35.5,35.5,0,1500
15827,2026-08-13,CARD,,0,910,866,22.0,22.0,0,910
15828,2026-08-13,CASH,,120,0,114,3.0,3.0,0,120
15829,2026-08-13,PPP,,0,300,286,7.0,7.0,0,300
15830,2026-08-13,,,120,0,114,3.0,3.0,0,120
15831,2026-08-13,,,500,0,476,12.0,12.0,0,500
15832,2026-08-13,CASH,,200,0,190,5.0,5.0,0,200
15833,2026-08-13,,,150,0,143,3.5,3.5,0,150
15834,2026-08-13,CASH,,400,0,380,10.0,10.0,0,400
15835,2026-08-13,CASH,,130,0,124,3.0,3.0,0,130
15836,2026-08-13,PPP,,0,350,333,8.5,8.5,0,350
15837,2026-08-13,,,100,0,95,2.5,2.5,0,100
15838,2026-08-13,PPP,,0,500,476,12.0,12.0,0,500
15839,2026-08-13,CASH,,500,0,476,12.0,12.0,0,500
15840,2026-08-13,,,600,0,571,14.5,14.5,0,600
15841,2026-08-13,CASH,,860,0,819,20.5,20.5,0,860
15842,2026-08-13,,,1800,0,1714,43.0,43.0,0,1800
15843,2026-08-13,PPP,,0,1750,1666,42.0,42.0,0,1750
15844,2026-08-13,PPP,,0,400,381,9.5,9.5,0,400
15845,2026-08-13,PPP,,0,450,429,10.5,10.5,0,450
15846,2026-08-13,PPP,,0,1200,1143,28.5,28.5,0,1200
15847,2026-08-13,,,150,0,143,3.5,3.5,0,150
15848,2026-08-13,PPP,,0,1200,1143,28.5,28.5,0,1200
15849,2026-08-13,,,150,0,143,3.5,3.5,0,150
15850,2026-08-13,PPP,,0,450,429,10.5,10.5,0,450
15851,2026-08-13,PPP,,0,1480,1409,35.5,35.5,0,1480
15852,2026-08-13,CASH,,750,0,714,18.0,18.0,0,750
15853,2026-08-13,PPP,,0,1200,1143,28.5,28.5,0,1200
15854,2026-08-13,PPP,,0,600,571,14.5,14.5,0,600
15855,2026-08-13,PPP,,0,600,571,14.5,14.5,0,600
15856,2026-08-13,CASH,,50,0,48,1.0,1.0,0,50
15857,2026-08-13,,,120,0,114,3.0,3.0,0,120
15858,2026-08-13,CASH,,1480,0,1410,35.0,35.0,0,1480
15859,2026-08-13,CASH,,930,0,886,22.0,22.0,0,930
15860,2026-08-13,CASH,,350,0,333,8.5,8.5,0,350
15861,2026-08-13,PPP,,0,120,114,3.0,3.0,0,120
15862,2026-08-13,PPP,,0,2770,2638,66.0,66.0,0,2770
15863,2026-08-13,PPP,,0,1160,1105,27.5,27.5,0,1160
15864,2026-08-13,CASH,,200,0,190,5.0,5.0,0,200
15865,2026-08-13,CASH,,350,0,333,8.5,8.5,0,350
15866,2026-08-13,CASH,,4300,0,4095,102.5,102.5,0,4300
15867,2026-08-13,CASH,,1250,0,1190,30.0,30.0,0,1250
15868,2026-08-13,,,700,0,667,16.5,16.5,0,700
15869,2026-08-13,,,900,0,858,21.0,21.0,0,900
15870,2026-08-13,PPP,,0,300,285,7.5,7.5,0,300
15871,2026-08-13,PPP,,0,150,143,3.5,3.5,0,150
15872,2026-08-13,CASH,,2350,0,2238,56.0,56.0,0,2350
15873,2026-08-13,CASH,,200,0,190,5.0,5.0,0,200
15874,2026-08-13,CASH,3kg 640 gmm,3740,0,3561,89.5,89.5,0,3740
15875,2026-08-13,PPP,,0,900,857,21.5,21.5,0,900
15876,2026-08-13,CASH,,540,0,514,13.0,13.0,0,540
15877,2026-08-13,PPP,,0,470,447,11.5,11.5,0,470
15878,2026-08-13,MIXXX,,0,350,334,8.0,8.0,0,350
15879,2026-08-14,CASH,,20,0,19,0.5,0.5,0,20
15880,2026-08-14,,,50,0,48,1.0,1.0,0,50
15881,2026-08-14,,,120,0,114,3.0,3.0,0,120
15882,2026-08-14,,,360,0,343,8.5,8.5,0,360
15883,2026-08-14,PPP,,0,480,457,11.5,11.5,0,480
15884,2026-08-14,PPP,,0,120,114,3.0,3.0,0,120
15885,2026-08-14,CASH,,120,0,114,3.0,3.0,0,120
15886,2026-08-14,CARD,,0,850,810,20.0,20.0,0,850
15887,2026-08-14,CASH,,50,0,48,1.0,1.0,0,50
15888,2026-08-14,CASH,,250,0,238,6.0,6.0,0,250
15889,2026-08-14,CASH,,550,0,524,13.0,13.0,0,550
15890,2026-08-14,,,600,0,571,14.5,14.5,0,600
15891,2026-08-14,PPP,,0,800,762,19.0,19.0,0,800
15892,2026-08-14,PPP,,0,450,429,10.5,10.5,0,450
15893,2026-08-14,PPP,,0,70,67,1.5,1.5,0,70
15894,2026-08-14,PPP,,0,550,524,13.0,13.0,0,550
15895,2026-08-14,CASH,,370,0,352,9.0,9.0,0,370
15896,2026-08-14,CASH,,200,0,190,5.0,5.0,0,200
15897,2026-08-14,PPP,,0,300,286,7.0,7.0,0,300
15898,2026-08-14,PPP,,0,350,333,8.5,8.5,0,350
15899,2026-08-14,,,0,1400,1333,33.5,33.5,0,1400
15900,2026-08-14,,,0,1750,1666,42.0,42.0,0,1750
15901,2026-08-14,PPP,,0,1200,1143,28.5,28.5,0,1200
15902,2026-08-14,CASH,,300,0,286,7.0,7.0,0,300
15903,2026-08-14,CASH,,200,0,190,5.0,5.0,0,200
15904,2026-08-14,PPP,,0,600,571,14.5,14.5,0,600
15905,2026-08-14,CASH,,870,0,828,21.0,21.0,0,870
15906,2026-08-14,CASH,,680,0,648,16.0,16.0,0,680
15907,2026-08-14,PPP,,0,120,114,3.0,3.0,0,120
15908,2026-08-14,PPP,,0,240,229,5.5,5.5,0,240
15909,2026-08-14,CASH,,1150,0,1096,27.0,27.0,0,1150
15910,2026-08-14,CARD,,0,2250,2142,54.0,54.0,0,2250
15911,2026-08-14,PPP,,0,2580,2456,62.0,62.0,0,2580
15912,2026-08-14,PPP,,0,200,190,5.0,5.0,0,200
15913,2026-08-14,PPP,,0,200,190,5.0,5.0,0,200
15914,2026-08-14,PPP,,0,380,362,9.0,9.0,0,380
15915,2026-08-14,CASH,,550,0,524,13.0,13.0,0,550
15916,2026-08-14,,,400,0,381,9.5,9.5,0,400
15917,2026-08-14,CASH,,1180,0,1123,28.5,28.5,0,1180
15918,2026-08-14,CASH,,850,0,809,20.5,20.5,0,850
15919,2026-08-14,PPP,,0,2150,2048,51.0,51.0,0,2150
15920,2026-08-14,CASH,,1020,0,971,24.5,24.5,0,1020
15921,2026-08-14,CASH,,150,0,143,3.5,3.5,0,150
15922,2026-08-14,CASH,,720,0,685,17.5,17.5,0,720
15923,2026-08-14,PPP,,0,500,476,12.0,12.0,0,500
15924,2026-08-14,PPPP,,0,200,190,5.0,5.0,0,200
15925,2026-08-14,PPP,,0,120,114,3.0,3.0,0,120
15926,2026-08-14,CARD,,0,240,229,5.5,5.5,0,240
15927,2026-08-14,CASH,,910,0,867,21.5,21.5,0,910
15928,2026-08-14,CASH,,750,0,715,17.5,17.5,0,750
15929,2026-08-14,,,0,1800,1714,43.0,43.0,0,1800
15930,2026-08-14,,,600,0,571,14.5,14.5,0,600
15931,2026-08-14,PPP,,0,300,286,7.0,7.0,0,300
15932,2026-08-14,CASH,,250,0,238,6.0,6.0,0,250
15933,2026-08-14,CASH,,1200,0,1143,28.5,28.5,0,1200
15934,2026-08-14,CASH,,500,0,476,12.0,12.0,0,500
15935,2026-08-14,CASH,,240,0,229,5.5,5.5,0,240
15936,2026-08-14,CASH,,240,0,229,5.5,5.5,0,240
15937,2026-08-14,CARD,,0,1850,1762,44.0,44.0,0,1850
15938,2026-08-14,CASH,,660,0,629,15.5,15.5,0,660
15939,2026-08-14,CASH,,260,0,248,6.0,6.0,0,260
15940,2026-08-14,CASH,,350,0,333,8.5,8.5,0,350
15941,2026-08-14,CASH,,350,0,333,8.5,8.5,0,350
15942,2026-08-14,PPP,,0,1260,1200,30.0,30.0,0,1260
15943,2026-08-14,PPP,,0,1160,1105,27.5,27.5,0,1160
15944,2026-08-14,,,600,0,571,14.5,14.5,0,600
15945,2026-08-14,,,1050,0,1000,25.0,25.0,0,1050
15946,2026-08-14,,,500,0,476,12.0,12.0,0,500
15947,2026-08-14,,,450,0,429,10.5,10.5,0,450
15948,2026-08-14,PPP,,0,240,228,6.0,6.0,0,240
15949,2026-08-14,,,100,0,95,2.5,2.5,0,100
15950,2026-08-14,CASH,,100,0,95,2.5,2.5,0,100
15951,2026-08-14,,,300,0,286,7.0,7.0,0,300
15952,2026-08-14,,,770,0,733,18.5,18.5,0,770
15953,2026-08-14,,,550,0,524,13.0,13.0,0,550
15954,2026-08-14,,,300,0,286,7.0,7.0,0,300
15955,2026-08-14,,,1300,0,1239,30.5,30.5,0,1300
15956,2026-08-14,PPPP,,0,260,248,6.0,6.0,0,260
15957,2026-08-14,CARD,,0,350,333,8.5,8.5,0,350
15958,2026-08-14,CASH,,700,0,667,16.5,16.5,0,700
15959,2026-08-14,CASH,,300,0,286,7.0,7.0,0,300
15960,2026-08-14,PPP,,0,2950,2809,70.5,70.5,0,2950
15961,2026-08-14,CASH,,680,0,648,16.0,16.0,0,680
15962,2026-08-14,PPP,,0,120,114,3.0,3.0,0,120
15963,2026-08-15,CASH,,500,0,476,12.0,12.0,0,500
15964,2026-08-15,PPP,,0,800,762,19.0,19.0,0,800
15965,2026-08-15,,,520,0,495,12.5,12.5,0,520
15966,2026-08-15,,,1070,0,1018,26.0,26.0,0,1070
15967,2026-08-15,PPP,,0,250,238,6.0,6.0,0,250
15968,2026-08-15,PPP,,0,2710,2581,64.5,64.5,0,2710
15969,2026-08-15,PPP,,0,660,629,15.5,15.5,0,660
15970,2026-08-15,CASH,,2010,0,1914,48.0,48.0,0,2010
15971,2026-08-15,PPP,,0,100,95,2.5,2.5,0,100
15972,2026-08-15,PPP,,0,800,762,19.0,19.0,0,800
15973,2026-08-15,PPP,,0,250,238,6.0,6.0,0,250
15974,2026-08-15,PPP,,0,240,229,5.5,5.5,0,240
15975,2026-08-15,PPP,,0,310,295,7.5,7.5,0,310
15976,2026-08-15,PPP,,0,1310,1247,31.5,31.5,0,1310
15977,2026-08-15,PPP,,0,520,495,12.5,12.5,0,520
15978,2026-08-15,CASH,,170,0,162,4.0,4.0,0,170
15979,2026-08-15,,,700,0,666,17.0,17.0,0,700
15980,2026-08-15,PPP,,0,300,286,7.0,7.0,0,300
15981,2026-08-15,CASH,,120,0,114,3.0,3.0,0,120
15982,2026-08-15,CARD,,0,300,286,7.0,7.0,0,300
15983,2026-08-15,CASH,,750,0,714,18.0,18.0,0,750
15984,2026-08-15,PPPP,,0,200,190,5.0,5.0,0,200
15985,2026-08-15,PPP,,0,1050,1000,25.0,25.0,0,1050
15986,2026-08-15,PPP,,0,150,143,3.5,3.5,0,150
15987,2026-08-15,PPP,,0,640,610,15.0,15.0,0,640
15988,2026-08-15,PPP,,0,350,333,8.5,8.5,0,350
15989,2026-08-15,CASH,,1600,0,1524,38.0,38.0,0,1600
15990,2026-08-15,PPP,,0,800,761,19.5,19.5,0,800
15991,2026-08-15,CASH,,80,0,76,2.0,2.0,0,80
15992,2026-08-15,MIXXX,,3490,0,3325,82.5,82.5,0,3490
15993,2026-08-15,CASH,,920,0,876,22.0,22.0,0,920
15994,2026-08-15,PPP,,0,250,238,6.0,6.0,0,250
15995,2026-08-15,CASH,,470,0,447,11.5,11.5,0,470
15996,2026-08-15,,,0,1200,1143,28.5,28.5,0,1200
15997,2026-08-15,,,0,1000,953,23.5,23.5,0,1000
15998,2026-08-15,PPP,,0,120,114,3.0,3.0,0,120
15999,2026-08-15,PPP,,0,240,229,5.5,5.5,0,240
16000,2026-08-15,PPP,,0,1000,952,24.0,24.0,0,1000
16001,2026-08-15,CASH,,300,0,285,7.5,7.5,0,300
16002,2026-08-15,PPP,,0,1140,1085,27.5,27.5,0,1140
16003,2026-08-15,,,200,0,190,5.0,5.0,0,200
16004,2026-08-15,,,810,0,772,19.0,19.0,0,810
16005,2026-08-15,,,120,0,114,3.0,3.0,0,120
16006,2026-08-15,,,540,0,513,13.5,13.5,0,540
16007,2026-08-15,,,160,0,152,4.0,4.0,0,160
16008,2026-08-15,,,600,0,571,14.5,14.5,0,600
16009,2026-08-15,,,520,0,495,12.5,12.5,0,520
16010,2026-08-15,,,200,0,190,5.0,5.0,0,200
16011,2026-08-15,,,250,0,238,6.0,6.0,0,250
16012,2026-08-15,,,150,0,143,3.5,3.5,0,150
16013,2026-08-15,,,150,0,143,3.5,3.5,0,150
16014,2026-08-15,CASH,,950,0,905,22.5,22.5,0,950
16015,2026-08-15,PPP,,0,1750,1667,41.5,41.5,0,1750
16016,2026-08-15,PPP,,0,50,48,1.0,1.0,0,50
16017,2026-08-15,,,240,0,229,5.5,5.5,0,240
16018,2026-08-15,,,550,0,524,13.0,13.0,0,550
16019,2026-08-15,,,200,0,190,5.0,5.0,0,200
16020,2026-08-15,,,700,0,667,16.5,16.5,0,700
16021,2026-08-15,,,450,0,428,11.0,11.0,0,450
16022,2026-08-15,CASH,,450,0,429,10.5,10.5,0,450
16023,2026-08-15,PPP,,0,1510,1438,36.0,36.0,0,1510
16024,2026-08-15,CASH,,260,0,248,6.0,6.0,0,260
16025,2026-08-15,PPP,,0,1130,1076,27.0,27.0,0,1130
16026,2026-08-15,PPP,,0,500,476,12.0,12.0,0,500
16027,2026-08-15,PPP,,0,560,533,13.5,13.5,0,560
16028,2026-08-15,PPPP,,0,4440,4229,105.5,105.5,0,4440
16029,2026-08-15,CASH,,200,0,190,5.0,5.0,0,200
16030,2026-08-15,CASH,,450,0,429,10.5,10.5,0,450
16031,2026-08-15,,,900,0,857,21.5,21.5,0,900
16032,2026-08-15,,,3870,0,3686,92.0,92.0,0,3870
16033,2026-08-15,,,750,0,714,18.0,18.0,0,750
16034,2026-08-15,CARD,,0,1200,1143,28.5,28.5,0,1200
16035,2026-08-15,CASH,,1400,0,1333,33.5,33.5,0,1400
16036,2026-08-15,PPP,,0,470,448,11.0,11.0,0,470
16037,2026-08-15,PPP,,0,80,76,2.0,2.0,0,80
16038,2026-08-15,MIXXX,,0,1400,1333,33.5,33.5,0,1400
16039,2026-08-15,CASH,,250,0,238,6.0,6.0,0,250
16040,2026-08-15,PPP,,0,160,152,4.0,4.0,0,160
16041,2026-08-15,CARD,,0,220,209,5.5,5.5,0,220
16042,2026-08-15,CASH,,3820,0,3637,91.5,91.5,0,3820
16043,2026-08-16,CASH,,800,0,763,18.5,18.5,0,800
16044,2026-08-16,,,850,0,809,20.5,20.5,0,850
16045,2026-08-16,,,2650,0,2524,63.0,63.0,0,2650
16046,2026-08-16,,,200,0,190,5.0,5.0,0,200
16047,2026-08-16,PPP,,0,150,143,3.5,3.5,0,150
16048,2026-08-16,,,560,0,533,13.5,13.5,0,560
16049,2026-08-16,,,2700,0,2572,64.0,64.0,0,2700
16050,2026-08-16,,,100,0,95,2.5,2.5,0,100
16051,2026-08-16,PPP,,0,200,190,5.0,5.0,0,200
16052,2026-08-16,,,180,0,171,4.5,4.5,0,180
16053,2026-08-16,PPP,,0,900,858,21.0,21.0,0,900
16054,2026-08-16,PPP,,0,700,667,16.5,16.5,0,700
16055,2026-08-16,PPP,,0,430,409,10.5,10.5,0,430
16056,2026-08-16,PPP,9342513535,0,5310,5057,126.5,126.5,0,5310
16057,2026-08-16,CASH,,250,0,238,6.0,6.0,0,250
16058,2026-08-16,CASH,,150,0,143,3.5,3.5,0,150
16059,2026-08-16,PPP,,0,1750,1667,41.5,41.5,0,1750
16060,2026-08-16,PPP,,300,0,286,7.0,7.0,0,300
16061,2026-08-16,CASH,,150,0,143,3.5,3.5,0,150
16062,2026-08-16,PPP,,0,800,762,19.0,19.0,0,800
16063,2026-08-16,CASH,,200,0,190,5.0,5.0,0,200
16064,2026-08-16,,,150,0,143,3.5,3.5,0,150
16065,2026-08-16,,,680,0,647,16.5,16.5,0,680
16066,2026-08-16,,,1300,0,1238,31.0,31.0,0,1300
16067,2026-08-16,,,300,0,286,7.0,7.0,0,300
16068,2026-08-16,CASH,,1000,0,952,24.0,24.0,0,1000
16069,2026-08-16,CASH,,120,0,114,3.0,3.0,0,120
16070,2026-08-16,CASH,,120,0,114,3.0,3.0,0,120
16071,2026-08-16,CASH,,740,0,705,17.5,17.5,0,740
16072,2026-08-16,PPP,,0,100,95,2.5,2.5,0,100
16073,2026-08-16,PPP,,0,200,190,5.0,5.0,0,200
16074,2026-08-16,PPP,,0,600,571,14.5,14.5,0,600
16075,2026-08-16,PPP,,0,1650,1571,39.5,39.5,0,1650
16076,2026-08-16,PPP,,0,100,95,2.5,2.5,0,100
16077,2026-08-16,CASH,,500,0,476,12.0,12.0,0,500
16078,2026-08-16,CASH,,200,0,190,5.0,5.0,0,200
16079,2026-08-16,CASH,,650,0,619,15.5,15.5,0,650
16080,2026-08-16,,,240,0,229,5.5,5.5,0,240
16081,2026-08-16,,,700,0,667,16.5,16.5,0,700
16082,2026-08-16,,,500,0,476,12.0,12.0,0,500
16083,2026-08-16,,,1420,0,1353,33.5,33.5,0,1420
16084,2026-08-16,,,610,0,581,14.5,14.5,0,610
16085,2026-08-16,,,510,0,486,12.0,12.0,0,510
16086,2026-08-16,,,700,0,667,16.5,16.5,0,700
16087,2026-08-16,,,300,0,286,7.0,7.0,0,300
16088,2026-08-16,,,650,0,619,15.5,15.5,0,650
16089,2026-08-16,,,1500,0,1429,35.5,35.5,0,1500
16090,2026-08-16,,,1000,0,952,24.0,24.0,0,1000
16091,2026-08-16,,,450,0,428,11.0,11.0,0,450
16092,2026-08-16,,,100,0,95,2.5,2.5,0,100
16093,2026-08-16,,,200,0,190,5.0,5.0,0,200
16094,2026-08-16,,,150,0,143,3.5,3.5,0,150
16095,2026-08-16,CASH,,600,0,571,14.5,14.5,0,600
16096,2026-08-16,CASH,,300,0,286,7.0,7.0,0,300
16097,2026-08-16,,,800,0,762,19.0,19.0,0,800
16098,2026-08-16,,,600,0,571,14.5,14.5,0,600
16099,2026-08-16,,,590,0,563,13.5,13.5,0,590
16100,2026-08-16,,,150,0,143,3.5,3.5,0,150
16101,2026-08-16,CASH,,150,0,143,3.5,3.5,0,150
16102,2026-08-16,,,2550,0,2429,60.5,60.5,0,2550
16103,2026-08-16,PPPP,,0,450,429,10.5,10.5,0,450
16104,2026-08-16,PPP,,0,150,143,3.5,3.5,0,150
16105,2026-08-16,PPP,,0,350,333,8.5,8.5,0,350
16106,2026-08-16,PPP,,0,1400,1333,33.5,33.5,0,1400
16107,2026-08-16,PPP,,0,1580,1504,38.0,38.0,0,1580
16108,2026-08-16,PPP,,0,800,762,19.0,19.0,0,800
16109,2026-08-16,CASH,,250,0,238,6.0,6.0,0,250
16110,2026-08-16,CASH,,50,0,48,1.0,1.0,0,50
16111,2026-08-16,CASH,,150,0,143,3.5,3.5,0,150
16112,2026-08-16,-PPP,,0,520,495,12.5,12.5,0,520
16113,2026-08-16,MIXXX,,0,1990,1896,47.0,47.0,0,1990
16114,2026-08-16,PPP,,0,800,762,19.0,19.0,0,800
16115,2026-08-16,PPP,,0,700,667,16.5,16.5,0,700
16116,2026-08-16,PPP,,0,150,143,3.5,3.5,0,150
16117,2026-08-16,CARD,,0,1630,1553,38.5,38.5,0,1630
16118,2026-08-16,CASH,,700,0,667,16.5,16.5,0,700
16119,2026-08-16,PPP,,0,300,286,7.0,7.0,0,300
16120,2026-08-16,PPP,,0,1200,1143,28.5,28.5,0,1200
16121,2026-08-16,PPP,,0,50,48,1.0,1.0,0,50
16122,2026-08-16,CASH,,50,0,48,1.0,1.0,0,50
16123,2026-08-16,PPP,,0,350,333,8.5,8.5,0,350
16124,2026-08-16,PPP,,0,520,495,12.5,12.5,0,520
16125,2026-08-17,CASH,,240,0,229,5.5,5.5,0,240
16126,2026-08-17,CASH\,,200,0,190,5.0,5.0,0,200
16127,2026-08-17,PPP,,0,300,286,7.0,7.0,0,300
16128,2026-08-17,CASH,,1300,0,1238,31.0,31.0,0,1300
16129,2026-08-17,CASH,,360,0,343,8.5,8.5,0,360
16130,2026-08-17,CASH,,1100,0,1048,26.0,26.0,0,1100
16131,2026-08-17,PPP,,0,200,190,5.0,5.0,0,200
16132,2026-08-17,CASH,,550,0,524,13.0,13.0,0,550
16133,2026-08-17,PPP,,0,1150,1095,27.5,27.5,0,1150
16134,2026-08-17,CASH,,150,0,143,3.5,3.5,0,150
16135,2026-08-17,PPP,,0,100,95,2.5,2.5,0,100
16136,2026-08-17,PPP,,0,260,248,6.0,6.0,0,260
16137,2026-08-17,,,750,0,715,17.5,17.5,0,750
16138,2026-08-17,,,150,0,143,3.5,3.5,0,150
16139,2026-08-17,,,720,0,685,17.5,17.5,0,720
16140,2026-08-17,,,250,0,238,6.0,6.0,0,250
16141,2026-08-17,,,0,30,29,0.5,0.5,0,30
16142,2026-08-17,PPP,,0,40,38,1.0,1.0,0,40
16143,2026-08-17,PPP,,0,650,619,15.5,15.5,0,650
16144,2026-08-17,CASH,,700,0,667,16.5,16.5,0,700
16145,2026-08-17,PPP,,0,300,285,7.5,7.5,0,300
16146,2026-08-17,PPP,,0,450,429,10.5,10.5,0,450
16147,2026-08-17,CASH,,290,0,276,7.0,7.0,0,290
16148,2026-08-17,CASH,,350,0,333,8.5,8.5,0,350
16149,2026-08-17,CASH,,870,0,828,21.0,21.0,0,870
16150,2026-08-17,MIXX,,0,4200,4000,100.0,100.0,0,4200
16151,2026-08-17,CASH,,1500,0,1429,35.5,35.5,0,1500
16152,2026-08-17,PPP,,0,1450,1380,35.0,35.0,0,1450
16153,2026-08-17,PPP,,0,150,143,3.5,3.5,0,150
16154,2026-08-17,PPPP,,0,200,190,5.0,5.0,0,200
16155,2026-08-17,MIXXX,,0,2310,2200,55.0,55.0,0,2310
16156,2026-08-17,CASH,,120,0,114,3.0,3.0,0,120
16157,2026-08-17,PPP,,0,450,429,10.5,10.5,0,450
16158,2026-08-17,PPP,,0,700,666,17.0,17.0,0,700
16159,2026-08-17,PPP,,0,960,915,22.5,22.5,0,960
16160,2026-08-17,CASH,,1600,0,1524,38.0,38.0,0,1600
16161,2026-08-17,CASH,,650,0,619,15.5,15.5,0,650
16162,2026-08-17,PPP,,0,500,476,12.0,12.0,0,500
16163,2026-08-17,PPP,,0,510,485,12.5,12.5,0,510
16164,2026-08-17,CASH,,1420,0,1351,34.5,34.5,0,1420
16165,2026-08-17,CASH,,120,0,114,3.0,3.0,0,120
16166,2026-08-17,PPP,,0,300,286,7.0,7.0,0,300
16167,2026-08-17,PPP,,0,1000,952,24.0,24.0,0,1000
16168,2026-08-17,PPP,,0,700,667,16.5,16.5,0,700
16169,2026-08-17,PPP,,0,160,152,4.0,4.0,0,160
16170,2026-08-17,PPP,,0,850,810,20.0,20.0,0,850
16171,2026-08-17,PPP,,0,850,810,20.0,20.0,0,850
16172,2026-08-17,PPP,,0,320,304,8.0,8.0,0,320
16173,2026-08-17,CASH,,2670,0,2543,63.5,63.5,0,2670
16174,2026-08-17,PPP,,0,200,190,5.0,5.0,0,200
16175,2026-08-17,PPP,,0,3250,3095,77.5,77.5,0,3250
16176,2026-08-17,PPP,,0,3330,3172,79.0,79.0,0,3330
16177,2026-08-17,PPP,,0,400,381,9.5,9.5,0,400
16178,2026-08-17,PPP,,0,1300,1238,31.0,31.0,0,1300
16179,2026-08-17,CASH,,500,0,476,12.0,12.0,0,500
16180,2026-08-17,PPP,,0,400,381,9.5,9.5,0,400
16181,2026-08-17,CASH,,800,0,762,19.0,19.0,0,800
16182,2026-08-17,CASH,,100,0,95,2.5,2.5,0,100
16183,2026-08-17,PPP,,0,350,333,8.5,8.5,0,350
16184,2026-08-17,PPP,,0,310,295,7.5,7.5,0,310
16185,2026-08-18,CASH,,120,0,114,3.0,3.0,0,120
16186,2026-08-18,PPP,,0,70,67,1.5,1.5,0,70
16187,2026-08-18,PPP,,0,2200,2095,52.5,52.5,0,2200
16188,2026-08-18,CASH,,1200,0,1143,28.5,28.5,0,1200
16189,2026-08-18,CASH,,850,0,810,20.0,20.0,0,850
16190,2026-08-18,CASH,,150,0,143,3.5,3.5,0,150
16191,2026-08-18,CASH,,50,0,48,1.0,1.0,0,50
16192,2026-08-18,CASH,,260,0,248,6.0,6.0,0,260
16193,2026-08-18,PPP,,0,100,95,2.5,2.5,0,100
16194,2026-08-18,PPP,,0,780,742,19.0,19.0,0,780
16195,2026-08-18,PPP,,0,1000,952,24.0,24.0,0,1000
16196,2026-08-18,PPP,,0,600,571,14.5,14.5,0,600
16197,2026-08-18,CASH,,850,0,810,20.0,20.0,0,850
16198,2026-08-18,PPP,,0,300,285,7.5,7.5,0,300
16199,2026-08-18,CASH,,1500,0,1429,35.5,35.5,0,1500
16200,2026-08-18,CASH,,800,0,762,19.0,19.0,0,800
16201,2026-08-18,PPP,,0,700,666,17.0,17.0,0,700
16202,2026-08-18,CASH,,1500,0,1429,35.5,35.5,0,1500
16203,2026-08-18,PPP,,0,150,143,3.5,3.5,0,150
16204,2026-08-18,PPP,,0,120,114,3.0,3.0,0,120
16205,2026-08-18,CASH,,1100,0,1047,26.5,26.5,0,1100
16206,2026-08-18,CASH,,900,0,857,21.5,21.5,0,900
16207,2026-08-18,,,0,240,228,6.0,6.0,0,240
16208,2026-08-18,,,0,150,143,3.5,3.5,0,150
16209,2026-08-18,,,350,0,333,8.5,8.5,0,350
16210,2026-08-18,,,200,0,190,5.0,5.0,0,200
16211,2026-08-18,,,350,0,333,8.5,8.5,0,350
16212,2026-08-18,CASH,,150,0,143,3.5,3.5,0,150
16213,2026-08-18,PPPP,,0,650,619,15.5,15.5,0,650
16214,2026-08-18,CASH,,240,0,229,5.5,5.5,0,240
16215,2026-08-18,PPP,,0,300,286,7.0,7.0,0,300
16216,2026-08-18,PPP,,0,500,476,12.0,12.0,0,500
16217,2026-08-18,CASH,,750,0,714,18.0,18.0,0,750
16218,2026-08-18,CASH,,280,0,266,7.0,7.0,0,280
16219,2026-08-18,PPP,,0,240,229,5.5,5.5,0,240
16220,2026-08-18,PPPP,,0,500,476,12.0,12.0,0,500
16221,2026-08-18,CASH,,240,0,229,5.5,5.5,0,240
16222,2026-08-18,PPP,,0,900,857,21.5,21.5,0,900
16223,2026-08-18,PPP,,0,3650,3477,86.5,86.5,0,3650
16224,2026-08-18,CASH,,350,0,333,8.5,8.5,0,350
16225,2026-08-18,PPP,,0,1380,1315,32.5,32.5,0,1380
16226,2026-08-18,PPP,,0,600,571,14.5,14.5,0,600
16227,2026-08-18,CASH,,1580,0,1505,37.5,37.5,0,1580
16228,2026-08-18,ASH,,450,0,429,10.5,10.5,0,450
16229,2026-08-18,CARD,,0,480,457,11.5,11.5,0,480
16230,2026-08-18,CARD,,0,520,495,12.5,12.5,0,520
16231,2026-08-18,CASH,,2050,0,1952,49.0,49.0,0,2050
16232,2026-08-18,CASH,,850,0,810,20.0,20.0,0,850
16233,2026-08-18,PPP,,0,600,571,14.5,14.5,0,600
16234,2026-08-18,CASH,,800,0,762,19.0,19.0,0,800
16235,2026-08-18,PPP,,0,4540,4323,108.5,108.5,0,4540
16236,2026-08-18,PPP,,0,550,524,13.0,13.0,0,550
16237,2026-08-18,CASH,,50,0,48,1.0,1.0,0,50
16238,2026-08-18,CASH,,50,0,48,1.0,1.0,0,50
16239,2026-08-18,ASH,,20,0,19,0.5,0.5,0,20
16240,2026-08-18,PPP,,0,350,333,8.5,8.5,0,350
16241,2026-08-18,CASH,,100,0,95,2.5,2.5,0,100
16242,2026-08-18,CASH,,20,0,19,0.5,0.5,0,20
16243,2026-08-18,PPP,,0,360,343,8.5,8.5,0,360
16244,2026-08-18,PPP,,0,610,581,14.5,14.5,0,610
16245,2026-08-18,PPP,,0,700,666,17.0,17.0,0,700
16246,2026-08-18,CASH,,1200,0,1143,28.5,28.5,0,1200
16247,2026-08-18,PPP,,0,920,876,22.0,22.0,0,920
16248,2026-08-18,PPP,,0,300,286,7.0,7.0,0,300
16249,2026-08-18,PPP,,0,2140,2038,51.0,51.0,0,2140
16250,2026-08-18,CASH,,300,0,286,7.0,7.0,0,300
16251,2026-08-18,PPP,,0,3290,3133,78.5,78.5,0,3290
16252,2026-08-18,PPP,,0,1300,1238,31.0,31.0,0,1300
16253,2026-08-18,CASH,,1180,0,1124,28.0,28.0,0,1180
16254,2026-08-18,CASH,,3290,0,3133,78.5,78.5,0,3290
16255,2026-08-18,CARD,,0,150,143,3.5,3.5,0,150
16256,2026-08-18,CASH,,1050,0,1000,25.0,25.0,0,1050
16257,2026-08-18,PPP,,0,200,191,4.5,4.5,0,200
16258,2026-08-18,CARD,,0,1000,952,24.0,24.0,0,1000
16259,2026-08-19,PPP,,0,300,286,7.0,7.0,0,300
16260,2026-08-19,PPP,,0,350,333,8.5,8.5,0,350
16261,2026-08-19,PPP,,0,1830,1742,44.0,44.0,0,1830
16262,2026-08-19,PPP,,0,350,333,8.5,8.5,0,350
16263,2026-08-19,CASH,,200,0,190,5.0,5.0,0,200
16264,2026-08-19,CASH,,140,0,133,3.5,3.5,0,140
16265,2026-08-19,CASH,,300,0,286,7.0,7.0,0,300
16266,2026-08-19,CASH,,70,0,67,1.5,1.5,0,70
16267,2026-08-19,CASH,,5060,0,4819,120.5,120.5,0,5060
16268,2026-08-19,PPP,,0,400,381,9.5,9.5,0,400
16269,2026-08-19,CASH,,200,0,190,5.0,5.0,0,200
16270,2026-08-19,PPP,,0,120,114,3.0,3.0,0,120
16271,2026-08-19,CASH,,2900,0,2762,69.0,69.0,0,2900
16272,2026-08-19,CASH,,300,0,286,7.0,7.0,0,300
16273,2026-08-19,PPP,,0,50,48,1.0,1.0,0,50
16274,2026-08-19,CASH,,320,0,304,8.0,8.0,0,320
16275,2026-08-19,CASH,,350,0,333,8.5,8.5,0,350
16276,2026-08-19,PPP,,0,160,152,4.0,4.0,0,160
16277,2026-08-19,PPP,,0,3250,3096,77.0,77.0,0,3250
16278,2026-08-19,PPP,,0,100,95,2.5,2.5,0,100
16279,2026-08-19,PPP,,0,300,286,7.0,7.0,0,300
16280,2026-08-19,CARD,,660,0,628,16.0,16.0,0,660
16281,2026-08-19,CASH,,730,0,695,17.5,17.5,0,730
16282,2026-08-19,,,0,730,695,17.5,17.5,0,730
16283,2026-08-19,,,0,300,286,7.0,7.0,0,300
16284,2026-08-19,,,400,0,381,9.5,9.5,0,400
16285,2026-08-19,,,0,600,571,14.5,14.5,0,600
16286,2026-08-19,,,850,0,809,20.5,20.5,0,850
16287,2026-08-19,CASH,,160,0,152,4.0,4.0,0,160
16288,2026-08-19,CASH,,1700,0,1619,40.5,40.5,0,1700
16289,2026-08-19,CASH,,600,0,571,14.5,14.5,0,600
16290,2026-08-19,CASH,,50,0,48,1.0,1.0,0,50
16291,2026-08-19,PPP,,0,520,495,12.5,12.5,0,520
16292,2026-08-19,CASHH,,1580,0,1504,38.0,38.0,0,1580
16293,2026-08-19,CASH,,960,0,914,23.0,23.0,0,960
16294,2026-08-19,CASH,,600,0,571,14.5,14.5,0,600
16295,2026-08-19,CASH,,360,0,343,8.5,8.5,0,360
16296,2026-08-19,PPP,,0,400,381,9.5,9.5,0,400
16297,2026-08-19,CASH,,120,0,114,3.0,3.0,0,120
16298,2026-08-19,MIXX,,520,0,495,12.5,12.5,0,520
16299,2026-08-19,PPP,,0,1200,1143,28.5,28.5,0,1200
16300,2026-08-19,CASH,,300,0,286,7.0,7.0,0,300
16301,2026-08-19,PPP,,0,650,619,15.5,15.5,0,650
16302,2026-08-19,PPP,,0,300,286,7.0,7.0,0,300
16303,2026-08-19,CASH,,350,0,333,8.5,8.5,0,350
16304,2026-08-19,PPP,,0,1350,1285,32.5,32.5,0,1350
16305,2026-08-19,CASH,,850,0,810,20.0,20.0,0,850
16306,2026-08-19,CASH,,2100,0,2000,50.0,50.0,0,2100
16307,2026-08-19,PPP,,0,370,352,9.0,9.0,0,370
16308,2026-08-19,PPP,,0,5500,5238,131.0,131.0,0,5500
16309,2026-08-19,PPP,,0,1800,1713,43.5,43.5,0,1800
16310,2026-08-19,CASH,,300,0,286,7.0,7.0,0,300
16311,2026-08-19,CASH,,450,0,428,11.0,11.0,0,450
16312,2026-08-19,CASH,,4420,0,4210,105.0,105.0,0,4420
16313,2026-08-19,PPP,,0,700,667,16.5,16.5,0,700
16314,2026-08-19,CASH,,700,0,667,16.5,16.5,0,700
16315,2026-08-19,PPP,,0,120,114,3.0,3.0,0,120
16316,2026-08-19,PPP,,0,2600,2477,61.5,61.5,0,2600
16317,2026-08-19,CASH,,150,0,143,3.5,3.5,0,150
16318,2026-08-19,PPP,,0,470,447,11.5,11.5,0,470
16319,2026-08-19,PPP,,0,120,114,3.0,3.0,0,120
16320,2026-08-19,PPP,,0,460,438,11.0,11.0,0,460
16321,2026-08-19,PPP,,0,300,286,7.0,7.0,0,300
16322,2026-08-19,PPP,,0,300,286,7.0,7.0,0,300
16323,2026-08-19,PPP,,0,700,667,16.5,16.5,0,700
16324,2026-08-19,PPP,,0,500,476,12.0,12.0,0,500
16325,2026-08-19,CASH,,480,0,457,11.5,11.5,0,480
16326,2026-08-19,CASH,,1030,0,980,25.0,25.0,0,1030
16327,2026-08-20,,,80,0,76,2.0,2.0,0,80
16328,2026-08-20,CASH,,350,0,333,8.5,8.5,0,350
16329,2026-08-20,CASH,,1000,0,953,23.5,23.5,0,1000
16330,2026-08-20,CASH,,1000,0,952,24.0,24.0,0,1000
16331,2026-08-20,CASH,,1000,0,952,24.0,24.0,0,1000
16332,2026-08-20,CASH,,400,0,381,9.5,9.5,0,400
16333,2026-08-20,CASH,,1100,0,1048,26.0,26.0,0,1100
16334,2026-08-20,PPPP,,0,1700,1619,40.5,40.5,0,1700
16335,2026-08-20,PPP,,0,520,496,12.0,12.0,0,520
16336,2026-08-20,PPP,,0,350,333,8.5,8.5,0,350
16337,2026-08-20,PPP,,0,260,248,6.0,6.0,0,260
16338,2026-08-20,CASH,,200,0,190,5.0,5.0,0,200
16339,2026-08-20,CASH,,100,0,95,2.5,2.5,0,100
16340,2026-08-20,,,200,0,190,5.0,5.0,0,200
16341,2026-08-20,,,700,0,667,16.5,16.5,0,700
16342,2026-08-20,PPP,,0,1200,1143,28.5,28.5,0,1200
16343,2026-08-20,,,240,0,229,5.5,5.5,0,240
16344,2026-08-20,CASH,,450,0,428,11.0,11.0,0,450
16345,2026-08-20,PPP,,0,360,343,8.5,8.5,0,360
16346,2026-08-20,PPP,,0,250,238,6.0,6.0,0,250
16347,2026-08-20,CASH,,1400,0,1334,33.0,33.0,0,1400
16348,2026-08-20,CASH,,350,0,333,8.5,8.5,0,350
16349,2026-08-20,CASH,,40,0,38,1.0,1.0,0,40
16350,2026-08-20,,,2810,0,2676,67.0,67.0,0,2810
16351,2026-08-20,,,430,0,410,10.0,10.0,0,430
16352,2026-08-20,,,50,0,48,1.0,1.0,0,50
16353,2026-08-20,PPP,,0,300,286,7.0,7.0,0,300
16354,2026-08-20,CASH,,620,0,590,15.0,15.0,0,620
16355,2026-08-20,CASH,,150,0,143,3.5,3.5,0,150
16356,2026-08-20,PPP,,0,500,476,12.0,12.0,0,500
16357,2026-08-20,PPP,,0,1850,1763,43.5,43.5,0,1850
16358,2026-08-20,CASH,,300,0,286,7.0,7.0,0,300
16359,2026-08-20,PPP,,0,700,667,16.5,16.5,0,700
16360,2026-08-20,CASH,,310,0,296,7.0,7.0,0,310
16361,2026-08-20,,,1500,0,1428,36.0,36.0,0,1500
16362,2026-08-20,,,1120,0,1066,27.0,27.0,0,1120
16363,2026-08-20,CASH,,460,0,438,11.0,11.0,0,460
16364,2026-08-20,PPP,,0,660,628,16.0,16.0,0,660
16365,2026-08-20,,,300,0,286,7.0,7.0,0,300
16366,2026-08-20,,,1530,0,1456,37.0,37.0,0,1530
16367,2026-08-20,,,650,0,619,15.5,15.5,0,650
16368,2026-08-20,,,1700,0,1619,40.5,40.5,0,1700
16369,2026-08-20,PPP,,0,880,838,21.0,21.0,0,880
16370,2026-08-20,PPP,,0,520,495,12.5,12.5,0,520
16371,2026-08-20,CASH,,150,0,143,3.5,3.5,0,150
16372,2026-08-20,CASH,,350,0,333,8.5,8.5,0,350
16373,2026-08-20,,,300,0,286,7.0,7.0,0,300
16374,2026-08-20,,,650,0,619,15.5,15.5,0,650
16375,2026-08-20,PPP,,0,2300,2190,55.0,55.0,0,2300
16376,2026-08-20,CARD,,0,1000,952,24.0,24.0,0,1000
16377,2026-08-20,PPP,,0,500,476,12.0,12.0,0,500
16378,2026-08-20,CASH,,300,0,286,7.0,7.0,0,300
16379,2026-08-20,CASH,,600,0,571,14.5,14.5,0,600
16380,2026-08-21,CASH,,120,0,114,3.0,3.0,0,120
16381,2026-08-21,,,150,0,143,3.5,3.5,0,150
16382,2026-08-21,,,820,0,781,19.5,19.5,0,820
16383,2026-08-21,PPP,,0,1010,962,24.0,24.0,0,1010
16384,2026-08-21,CASH,,1000,0,952,24.0,24.0,0,1000
16385,2026-08-21,,,350,0,333,8.5,8.5,0,350
16386,2026-08-21,,,650,0,619,15.5,15.5,0,650
16387,2026-08-21,PPP,,0,1990,1895,47.5,47.5,0,1990
16388,2026-08-21,PPP,,0,300,286,7.0,7.0,0,300
16389,2026-08-21,PPP,,0,1420,1353,33.5,33.5,0,1420
16390,2026-08-21,CASH,,100,0,95,2.5,2.5,0,100
16391,2026-08-21,,,50,0,48,1.0,1.0,0,50
16392,2026-08-21,,,50,0,48,1.0,1.0,0,50
16393,2026-08-21,,,250,0,238,6.0,6.0,0,250
16394,2026-08-21,,,200,0,190,5.0,5.0,0,200
16395,2026-08-21,,,410,0,391,9.5,9.5,0,410
16396,2026-08-21,CASH,,800,0,762,19.0,19.0,0,800
16397,2026-08-21,PPP,,0,1450,1381,34.5,34.5,0,1450
16398,2026-08-21,PPP,,0,700,667,16.5,16.5,0,700
16399,2026-08-21,PPPP,,0,350,333,8.5,8.5,0,350
16400,2026-08-21,PPP,,0,1500,1428,36.0,36.0,0,1500
16401,2026-08-21,PPP,,0,950,905,22.5,22.5,0,950
16402,2026-08-21,CASH,,450,0,429,10.5,10.5,0,450
16403,2026-08-21,PPP,,0,430,409,10.5,10.5,0,430
16404,2026-08-21,PPP,,0,250,238,6.0,6.0,0,250
16405,2026-08-21,CASH,,700,0,667,16.5,16.5,0,700
16406,2026-08-21,CASH,,350,0,333,8.5,8.5,0,350
16407,2026-08-21,PPP,,0,350,333,8.5,8.5,0,350
16408,2026-08-21,CASH,,430,0,410,10.0,10.0,0,430
16409,2026-08-21,PPP,,0,1870,1781,44.5,44.5,0,1870
16410,2026-08-21,CASH,,550,0,524,13.0,13.0,0,550
16411,2026-08-21,,,1050,0,1000,25.0,25.0,0,1050
16412,2026-08-21,,,0,1700,1619,40.5,40.5,0,1700
16413,2026-08-21,PPP, rameasharam cafe mg,0,3200,3048,76.0,76.0,0,3200
16414,2026-08-21,CASH,,700,0,667,16.5,16.5,0,700
16415,2026-08-21,PPP,,0,1250,1190,30.0,30.0,0,1250
16416,2026-08-21,CASH,,1200,0,1143,28.5,28.5,0,1200
16417,2026-08-21,CASH,,200,0,190,5.0,5.0,0,200
16418,2026-08-21,PPP,,0,60,57,1.5,1.5,0,60
16419,2026-08-21,CASH,,2300,0,2190,55.0,55.0,0,2300
16420,2026-08-21,PPP,,0,420,400,10.0,10.0,0,420
16421,2026-08-21,CCCC,,170,0,162,4.0,4.0,0,170
16422,2026-08-21,PPP,,0,700,667,16.5,16.5,0,700
16423,2026-08-21,PPP,,0,500,476,12.0,12.0,0,500
16424,2026-08-21,CASH,,1300,0,1238,31.0,31.0,0,1300
16425,2026-08-21,PPP,,0,9980,9504,238.0,238.0,0,9980
16426,2026-08-21,CASH,,150,0,143,3.5,3.5,0,150
16427,2026-08-21,CASH,,150,0,143,3.5,3.5,0,150
16428,2026-08-21,CASH,,400,0,381,9.5,9.5,0,400
16429,2026-08-21,,,100,0,95,2.5,2.5,0,100
16430,2026-08-21,PPP,,0,280,266,7.0,7.0,0,280
16431,2026-08-21,PPP,,0,300,285,7.5,7.5,0,300
16432,2026-08-21,PPP,,0,1000,952,24.0,24.0,0,1000
16433,2026-08-22,CASH,,1150,0,1096,27.0,27.0,0,1150
16434,2026-08-22,CASH,,1500,0,1428,36.0,36.0,0,1500
16435,2026-08-22,PPPP,,0,250,238,6.0,6.0,0,250
16436,2026-08-22,CASH,,120,0,114,3.0,3.0,0,120
16437,2026-08-22,PPP,,0,540,515,12.5,12.5,0,540
16438,2026-08-22,PPP,,0,650,619,15.5,15.5,0,650
16439,2026-08-22,PPP,,0,750,714,18.0,18.0,0,750
16440,2026-08-22,PPP,,0,150,143,3.5,3.5,0,150
16441,2026-08-22,PPP,,0,650,619,15.5,15.5,0,650
16442,2026-08-22,PPP,,0,4000,3810,95.0,95.0,0,4000
16443,2026-08-22,CASH,,300,0,286,7.0,7.0,0,300
16444,2026-08-22,PPP,,0,2340,2229,55.5,55.5,0,2340
16445,2026-08-22,CASH,,500,0,476,12.0,12.0,0,500
16446,2026-08-22,PPP,,0,2500,2381,59.5,59.5,0,2500
16447,2026-08-22,PPP,,0,850,810,20.0,20.0,0,850
16448,2026-08-22,PPP\,,0,640,610,15.0,15.0,0,640
16449,2026-08-22,PPP,,0,1270,1210,30.0,30.0,0,1270
16450,2026-08-22,ASH,,3820,0,3637,91.5,91.5,0,3820
16451,2026-08-22,CASH,,1050,0,1000,25.0,25.0,0,1050
16452,2026-08-22,CASH,,450,0,429,10.5,10.5,0,450
16453,2026-08-22,PPP,,0,150,143,3.5,3.5,0,150
16454,2026-08-22,PPP,,0,200,190,5.0,5.0,0,200
16455,2026-08-22,PPP,,0,1010,961,24.5,24.5,0,1010
16456,2026-08-22,MIXX,,0,720,685,17.5,17.5,0,720
16457,2026-08-22,CASH,,150,0,143,3.5,3.5,0,150
16458,2026-08-22,MIXXX,,0,1210,1151,29.5,29.5,0,1210
16459,2026-08-22,,,20,0,19,0.5,0.5,0,20
16460,2026-08-22,CASH,,850,0,810,20.0,20.0,0,850
16461,2026-08-22,CASH,,240,0,229,5.5,5.5,0,240
16462,2026-08-22,PPP,,0,120,114,3.0,3.0,0,120
16463,2026-08-22,PPP,,0,100,95,2.5,2.5,0,100
16464,2026-08-22,CASH,,100,0,95,2.5,2.5,0,100
16465,2026-08-22,CASH,,700,0,667,16.5,16.5,0,700
16466,2026-08-22,PPP,,0,150,143,3.5,3.5,0,150
16467,2026-08-22,PPP,,0,800,761,19.5,19.5,0,800
16468,2026-08-22,,,400,0,381,9.5,9.5,0,400
16469,2026-08-22,,,700,0,667,16.5,16.5,0,700
16470,2026-08-22,,,450,0,429,10.5,10.5,0,450
16471,2026-08-22,,,300,0,286,7.0,7.0,0,300
16472,2026-08-22,PPP,,0,1550,1477,36.5,36.5,0,1550
16473,2026-08-22,PPP,,0,470,447,11.5,11.5,0,470
16474,2026-08-22,CASH,,50,0,48,1.0,1.0,0,50
16475,2026-08-22,CASH,,350,0,333,8.5,8.5,0,350
16476,2026-08-22,PPP,,0,120,114,3.0,3.0,0,120
16477,2026-08-22,CASH,,500,0,476,12.0,12.0,0,500
16478,2026-08-22,CASH,,1070,0,1019,25.5,25.5,0,1070
16479,2026-08-22,CASH,,300,0,286,7.0,7.0,0,300
16480,2026-08-22,CASH,,1030,0,980,25.0,25.0,0,1030
16481,2026-08-22,CASH,,240,0,229,5.5,5.5,0,240
16482,2026-08-22,CASH,,300,0,286,7.0,7.0,0,300
16483,2026-08-22,CARD,,0,250,238,6.0,6.0,0,250
16484,2026-08-22,PPP,,0,600,571,14.5,14.5,0,600
16485,2026-08-22,CASH,,80,0,76,2.0,2.0,0,80
16486,2026-08-22,CASH,,1050,0,1000,25.0,25.0,0,1050
16487,2026-08-22,PPP,,0,150,143,3.5,3.5,0,150
16488,2026-08-22,PPP,,0,670,637,16.5,16.5,0,670
16489,2026-08-22,PPP,,0,3310,3153,78.5,78.5,0,3310
16490,2026-08-22,CASH,,350,0,333,8.5,8.5,0,350
16491,2026-08-22,PPP,,0,120,114,3.0,3.0,0,120
16492,2026-08-22,,,200,0,190,5.0,5.0,0,200
16493,2026-08-22,,,4750,0,4524,113.0,113.0,0,4750
16494,2026-08-22,,,100,0,95,2.5,2.5,0,100
16495,2026-08-22,,,2200,0,2096,52.0,52.0,0,2200
16496,2026-08-22,CASH,,200,0,190,5.0,5.0,0,200
16497,2026-08-22,PPP,,0,120,114,3.0,3.0,0,120
16498,2026-08-22,CASH,,680,0,648,16.0,16.0,0,680
16499,2026-08-22,CASH,,50,0,48,1.0,1.0,0,50
16500,2026-08-22,PPP,,0,610,581,14.5,14.5,0,610
16501,2026-08-23,CASH,,0,50,48,1.0,1.0,0,50
16502,2026-08-23,PPP,,0,150,143,3.5,3.5,0,150
16503,2026-08-23,PPP,,0,50,48,1.0,1.0,0,50
16504,2026-08-23,,,150,0,143,3.5,3.5,0,150
16505,2026-08-23,,,1120,0,1066,27.0,27.0,0,1120
16506,2026-08-23,,,500,0,476,12.0,12.0,0,500
16507,2026-08-23,CASH,,300,0,286,7.0,7.0,0,300
16508,2026-08-23,PPP,,0,740,705,17.5,17.5,0,740
16509,2026-08-23,CASH,,700,0,667,16.5,16.5,0,700
16510,2026-08-23,CASH,,500,0,476,12.0,12.0,0,500
16511,2026-08-23,PPP,,0,880,837,21.5,21.5,0,880
16512,2026-08-23,CASH,,500,0,476,12.0,12.0,0,500
16513,2026-08-23,PPP,,0,850,809,20.5,20.5,0,850
16514,2026-08-23,CASH,,700,0,667,16.5,16.5,0,700
16515,2026-08-23,PPP,,0,320,304,8.0,8.0,0,320
16516,2026-08-23,PPP,,0,800,762,19.0,19.0,0,800
16517,2026-08-23,CASH,,50,0,48,1.0,1.0,0,50
16518,2026-08-23,,,950,0,905,22.5,22.5,0,950
16519,2026-08-23,CASH,,3500,0,3333,83.5,83.5,0,3500
16520,2026-08-23,PPP,,0,100,95,2.5,2.5,0,100
16521,2026-08-23,,,100,0,95,2.5,2.5,0,100
16522,2026-08-23,PPPP,,0,360,343,8.5,8.5,0,360
16523,2026-08-23,CASH,,1200,0,1143,28.5,28.5,0,1200
16524,2026-08-23,PPP,,0,900,857,21.5,21.5,0,900
16525,2026-08-23,PPP,,0,240,229,5.5,5.5,0,240
16526,2026-08-23,CASH,,200,0,190,5.0,5.0,0,200
16527,2026-08-23,CASH,,200,0,190,5.0,5.0,0,200
16528,2026-08-23,PPP,,0,1600,1524,38.0,38.0,0,1600
16529,2026-08-23,CASH,,100,0,95,2.5,2.5,0,100
16530,2026-08-23,CASH,,180,0,172,4.0,4.0,0,180
16531,2026-08-23,PPP,,0,300,286,7.0,7.0,0,300
16532,2026-08-23,PPP,,0,650,619,15.5,15.5,0,650
16533,2026-08-23,PPP,,0,260,248,6.0,6.0,0,260
16534,2026-08-23,PPP,,0,450,429,10.5,10.5,0,450
16535,2026-08-23,PPP,,0,580,552,14.0,14.0,0,580
16536,2026-08-23,MIXX,,0,950,905,22.5,22.5,0,950
16537,2026-08-23,PPP,,0,2300,2190,55.0,55.0,0,2300
16538,2026-08-23,PPP,,0,350,333,8.5,8.5,0,350
16539,2026-08-23,CASH,,950,0,905,22.5,22.5,0,950
16540,2026-08-23,PPP,,0,30,29,0.5,0.5,0,30
16541,2026-08-23,PPP,,0,350,333,8.5,8.5,0,350
16542,2026-08-23,PPP,,0,100,95,2.5,2.5,0,100
16543,2026-08-23,PPPP,,0,850,810,20.0,20.0,0,850
16544,2026-08-23,,,300,0,286,7.0,7.0,0,300
16545,2026-08-23,,,2600,0,2475,62.5,62.5,0,2600
16546,2026-08-23,CASH,,80,0,76,2.0,2.0,0,80
16547,2026-08-23,,,510,0,485,12.5,12.5,0,510
16548,2026-08-23,CASH,,400,0,381,9.5,9.5,0,400
16549,2026-08-23,,,1050,0,1000,25.0,25.0,0,1050
16550,2026-08-23,,,350,0,333,8.5,8.5,0,350
16551,2026-08-23,,,340,0,324,8.0,8.0,0,340
16552,2026-08-23,,,100,0,95,2.5,2.5,0,100
16553,2026-08-23,,,200,0,190,5.0,5.0,0,200
16554,2026-08-23,,,600,0,571,14.5,14.5,0,600
16555,2026-08-23,,,550,0,523,13.5,13.5,0,550
16556,2026-08-23,,,1260,0,1200,30.0,30.0,0,1260
16557,2026-08-23,,,120,0,114,3.0,3.0,0,120
16558,2026-08-23,,,150,0,143,3.5,3.5,0,150
16559,2026-08-23,,,200,0,190,5.0,5.0,0,200
16560,2026-08-23,,,1080,0,1028,26.0,26.0,0,1080
16561,2026-08-23,,,0,1740,1657,41.5,41.5,0,1740
16562,2026-08-23,,,1460,0,1391,34.5,34.5,0,1460
16563,2026-08-23,,,240,0,229,5.5,5.5,0,240
16564,2026-08-23,,,120,0,114,3.0,3.0,0,120
16565,2026-08-23,,,2210,0,2106,52.0,52.0,0,2210
16566,2026-08-23,,,900,0,857,21.5,21.5,0,900
16567,2026-08-23,CASH,,1020,0,971,24.5,24.5,0,1020
16568,2026-08-23,CASH,,2590,0,2466,62.0,62.0,0,2590
16569,2026-08-23,PPP,,0,200,190,5.0,5.0,0,200
16570,2026-08-23,PPP,,0,200,190,5.0,5.0,0,200
16571,2026-08-23,PPP,,0,550,524,13.0,13.0,0,550
16572,2026-08-23,PPP,,0,2900,2762,69.0,69.0,0,2900
16573,2026-08-23,CASH,,200,0,190,5.0,5.0,0,200
16574,2026-08-23,PPP,,0,860,818,21.0,21.0,0,860
16575,2026-08-23,PPP,,0,250,238,6.0,6.0,0,250
16576,2026-08-23,CASH,,600,0,571,14.5,14.5,0,600
16577,2026-08-23,,,100,0,95,2.5,2.5,0,100
16578,2026-08-23,,,450,0,429,10.5,10.5,0,450
16579,2026-08-23,,,300,0,286,7.0,7.0,0,300
16580,2026-08-23,,,300,0,286,7.0,7.0,0,300
16581,2026-08-23,PPP,,0,160,152,4.0,4.0,0,160
16582,2026-08-23,CASH,,2610,0,2485,62.5,62.5,0,2610
16583,2026-08-23,,,350,0,333,8.5,8.5,0,350
16584,2026-08-23,,,4530,0,4315,107.5,107.5,0,4530
16585,2026-08-23,CASH,,600,0,571,14.5,14.5,0,600
16586,2026-08-23,CASH,,50,0,48,1.0,1.0,0,50
16587,2026-08-23,PPP,,0,400,381,9.5,9.5,0,400
16588,2026-08-23,,,1100,0,1047,26.5,26.5,0,1100
16589,2026-08-23,,,720,0,685,17.5,17.5,0,720
16590,2026-08-23,,,950,0,904,23.0,23.0,0,950
16591,2026-08-23,CATD,,0,1050,1000,25.0,25.0,0,1050
16592,2026-08-23,PPP,,0,1150,1096,27.0,27.0,0,1150
16593,2026-08-24,CASH,,20,0,19,0.5,0.5,0,20
16594,2026-08-24,,,400,0,381,9.5,9.5,0,400
16595,2026-08-24,PPP,,0,240,229,5.5,5.5,0,240
16596,2026-08-24,PPP,,0,1110,1057,26.5,26.5,0,1110
16597,2026-08-24,,,1200,0,1142,29.0,29.0,0,1200
16598,2026-08-24,,,450,0,429,10.5,10.5,0,450
16599,2026-08-24,,,350,0,333,8.5,8.5,0,350
16600,2026-08-24,,,280,0,267,6.5,6.5,0,280
16601,2026-08-24,,,240,0,229,5.5,5.5,0,240
16602,2026-08-24,PPP,,0,150,143,3.5,3.5,0,150
16603,2026-08-24,CASH,,130,0,124,3.0,3.0,0,130
16604,2026-08-24,CASH,,240,0,229,5.5,5.5,0,240
16605,2026-08-24,CASH,,300,0,286,7.0,7.0,0,300
16606,2026-08-24,PPP,,0,300,286,7.0,7.0,0,300
16607,2026-08-24,PPP,,0,40,38,1.0,1.0,0,40
16608,2026-08-24,CARD,,0,1020,972,24.0,24.0,0,1020
16609,2026-08-24,CASH,,150,0,143,3.5,3.5,0,150
16610,2026-08-24,,,0,800,762,19.0,19.0,0,800
16611,2026-08-24,,,500,0,476,12.0,12.0,0,500
16612,2026-08-24,,,450,0,429,10.5,10.5,0,450
16613,2026-08-24,,,100,0,95,2.5,2.5,0,100
16614,2026-08-24,,,300,0,286,7.0,7.0,0,300
16615,2026-08-24,,,120,0,114,3.0,3.0,0,120
16616,2026-08-24,,,150,0,143,3.5,3.5,0,150
16617,2026-08-24,,,0,1800,1713,43.5,43.5,0,1800
16618,2026-08-24,,,50,0,48,1.0,1.0,0,50
16619,2026-08-24,,,4050,0,3857,96.5,96.5,0,4050
16620,2026-08-24,,,2600,0,2475,62.5,62.5,0,2600
16621,2026-08-24,CASH,,1200,0,1143,28.5,28.5,0,1200
16622,2026-08-24,CASH,,600,0,571,14.5,14.5,0,600
16623,2026-08-24,CARD,,0,5870,5590,140.0,140.0,0,5870
16624,2026-08-24,PPP,,0,1790,1704,43.0,43.0,0,1790
16625,2026-08-24,PPP,,0,600,571,14.5,14.5,0,600
16626,2026-08-24,PPP,,0,670,638,16.0,16.0,0,670
16627,2026-08-24,CASH,,650,0,619,15.5,15.5,0,650
16628,2026-08-24,PPP,,0,250,238,6.0,6.0,0,250
16629,2026-08-24,CARD,,0,1900,1809,45.5,45.5,0,1900
16630,2026-08-24,CASH,,500,0,476,12.0,12.0,0,500
16631,2026-08-24,PPP,,0,410,390,10.0,10.0,0,410
16632,2026-08-24,CASH,,1200,0,1143,28.5,28.5,0,1200
16633,2026-08-24,CASH,,150,0,143,3.5,3.5,0,150
16634,2026-08-24,CASH,,150,0,143,3.5,3.5,0,150
16635,2026-08-24,CASH,,5090,0,4848,121.0,121.0,0,5090
16636,2026-08-24,CASH,,2800,0,2667,66.5,66.5,0,2800
16637,2026-08-24,CASH,,430,0,409,10.5,10.5,0,430
16638,2026-08-24,,,560,0,534,13.0,13.0,0,560
16639,2026-08-24,,,150,0,143,3.5,3.5,0,150
16640,2026-08-24,,,2030,0,1933,48.5,48.5,0,2030
16641,2026-08-24,PPP,,0,500,476,12.0,12.0,0,500
16642,2026-08-24,PPP,,0,600,571,14.5,14.5,0,600
16643,2026-08-24,CASH,,930,0,886,22.0,22.0,0,930
16644,2026-08-24,CASH,,350,0,333,8.5,8.5,0,350
16645,2026-08-24,PPP,,0,350,333,8.5,8.5,0,350
16646,2026-08-24,CASH,,1800,0,1714,43.0,43.0,0,1800
16647,2026-08-24,,,160,0,152,4.0,4.0,0,160
16648,2026-08-24,,,710,0,676,17.0,17.0,0,710
16649,2026-08-24,CASH,,1000,0,952,24.0,24.0,0,1000
16650,2026-08-24,CASH,,100,0,96,2.0,2.0,0,100
16651,2026-08-24,CASH,,700,0,667,16.5,16.5,0,700
16652,2026-08-25,CASH,,100,0,95,2.5,2.5,0,100
16653,2026-08-25,PPP,,0,350,333,8.5,8.5,0,350
16654,2026-08-25,CASH,,120,0,114,3.0,3.0,0,120
16655,2026-08-25,,,1950,0,1856,47.0,47.0,0,1950
16656,2026-08-25,,,50,0,48,1.0,1.0,0,50
16657,2026-08-25,,,200,0,190,5.0,5.0,0,200
16658,2026-08-25,,,1520,0,1447,36.5,36.5,0,1520
16659,2026-08-25,,,150,0,143,3.5,3.5,0,150
16660,2026-08-25,CASH,,120,0,114,3.0,3.0,0,120
16661,2026-08-25,CASH,,200,0,190,5.0,5.0,0,200
16662,2026-08-25,CASH,,850,0,810,20.0,20.0,0,850
16663,2026-08-25,CASH,,50,0,48,1.0,1.0,0,50
16664,2026-08-25,CASH,,500,0,476,12.0,12.0,0,500
16665,2026-08-25,CASH,,1450,0,1381,34.5,34.5,0,1450
16666,2026-08-25,PPP,,0,1390,1324,33.0,33.0,0,1390
16667,2026-08-25,CASH,,500,0,476,12.0,12.0,0,500
16668,2026-08-25,CASH,,1550,0,1476,37.0,37.0,0,1550
16669,2026-08-25,CASH,,1000,0,952,24.0,24.0,0,1000
16670,2026-08-25,MIXXX,,570,0,543,13.5,13.5,0,570
16671,2026-08-25,CASH,,1300,0,1238,31.0,31.0,0,1300
16672,2026-08-25,CASH,,70,0,67,1.5,1.5,0,70
16673,2026-08-25,PPP,,0,150,143,3.5,3.5,0,150
16674,2026-08-25,CARD,,0,2200,2095,52.5,52.5,0,2200
16675,2026-08-25,CASH,,380,0,362,9.0,9.0,0,380
16676,2026-08-25,CASH,,1400,0,1333,33.5,33.5,0,1400
16677,2026-08-25,CASH,,150,0,143,3.5,3.5,0,150
16678,2026-08-25,PPP,,0,50,48,1.0,1.0,0,50
16679,2026-08-25,PPP,,0,1240,1181,29.5,29.5,0,1240
16680,2026-08-25,PPP,,0,700,667,16.5,16.5,0,700
16681,2026-08-25,PPP,,0,500,476,12.0,12.0,0,500
16682,2026-08-25,PPP,,0,370,352,9.0,9.0,0,370
16683,2026-08-25,PPP,,0,350,333,8.5,8.5,0,350
16684,2026-08-25,CASH,,2050,0,1953,48.5,48.5,0,2050
16685,2026-08-25,PPP,,0,100,95,2.5,2.5,0,100
16686,2026-08-25,CASH,,200,0,190,5.0,5.0,0,200
16687,2026-08-25,CASH,,1400,0,1333,33.5,33.5,0,1400
16688,2026-08-25,,,60,0,57,1.5,1.5,0,60
16689,2026-08-25,,,100,0,95,2.5,2.5,0,100
16690,2026-08-25,,,500,0,476,12.0,12.0,0,500
16691,2026-08-25,,,600,0,571,14.5,14.5,0,600
16692,2026-08-25,,,600,0,571,14.5,14.5,0,600
16693,2026-08-25,,,230,0,219,5.5,5.5,0,230
16694,2026-08-25,,,500,0,476,12.0,12.0,0,500
16695,2026-08-25,,,100,0,95,2.5,2.5,0,100
16696,2026-08-25,,,950,0,905,22.5,22.5,0,950
16697,2026-08-25,,,600,0,571,14.5,14.5,0,600
16698,2026-08-25,CASH,,120,0,114,3.0,3.0,0,120
16699,2026-08-25,PPP,,0,500,476,12.0,12.0,0,500
16700,2026-08-25,PPP,,0,350,333,8.5,8.5,0,350
16701,2026-08-25,CASH,,370,0,352,9.0,9.0,0,370
16702,2026-08-25,CASH,,1,0,1,0.0,0.0,0,1
16703,2026-08-25,,,1,0,1,0.0,0.0,0,1
16704,2026-08-25,CASH,,440,0,419,10.5,10.5,0,440
16705,2026-08-25,CAASH,,1700,0,1619,40.5,40.5,0,1700
16706,2026-08-25,CASH,,500,0,476,12.0,12.0,0,500
16707,2026-08-25,CASH,,250,0,238,6.0,6.0,0,250
16708,2026-08-25,CASH,,990,0,942,24.0,24.0,0,990
16709,2026-08-25,PPP,,0,300,286,7.0,7.0,0,300
16710,2026-08-25,CASH,,150,0,143,3.5,3.5,0,150
16711,2026-08-25,CASH,,150,0,143,3.5,3.5,0,150
16712,2026-08-25,PPP,,0,200,190,5.0,5.0,0,200
16713,2026-08-25,[PPP],,0,1500,1429,35.5,35.5,0,1500
16714,2026-08-25,PPP,,0,2530,2409,60.5,60.5,0,2530
16715,2026-08-25,CASH,,350,0,333,8.5,8.5,0,350
16716,2026-08-25,PPP,,0,650,619,15.5,15.5,0,650
16717,2026-08-25,PPP,,0,850,810,20.0,20.0,0,850
16718,2026-08-25,CASH,,800,0,762,19.0,19.0,0,800
16719,2026-08-25,PPPP,,0,500,476,12.0,12.0,0,500
16720,2026-08-25,,,0,2770,2638,66.0,66.0,0,2770
16721,2026-08-25,,,630,0,600,15.0,15.0,0,630
16722,2026-08-25,CASHH,,750,0,715,17.5,17.5,0,750
16723,2026-08-25,CASH,,4200,0,4000,100.0,100.0,0,4200
16724,2026-08-25,PPP,,0,450,429,10.5,10.5,0,450
16725,2026-08-25,CASH,,430,0,409,10.5,10.5,0,430
16726,2026-08-25,PPP,,0,200,190,5.0,5.0,0,200
16727,2026-08-25,CASH,,850,0,809,20.5,20.5,0,850
16728,2026-08-25,CASH,,200,0,190,5.0,5.0,0,200
16729,2026-08-25,PPP,,0,420,400,10.0,10.0,0,420
16730,2026-08-25,,,0,1650,1571,39.5,39.5,0,1650
16731,2026-08-25,,,0,200,190,5.0,5.0,0,200
16732,2026-08-26,CASH,,60,0,57,1.5,1.5,0,60
16733,2026-08-26,,,1000,0,952,24.0,24.0,0,1000
16734,2026-08-26,CASH,,1280,0,1220,30.0,30.0,0,1280
16735,2026-08-26,PPP,,0,2120,2019,50.5,50.5,0,2120
16736,2026-08-26,,,80,0,76,2.0,2.0,0,80
16737,2026-08-26,,,350,0,333,8.5,8.5,0,350
16738,2026-08-26,CASH,,150,0,143,3.5,3.5,0,150
16739,2026-08-26,CASH,,620,0,590,15.0,15.0,0,620
16740,2026-08-26,PPP,,0,3650,3476,87.0,87.0,0,3650
16741,2026-08-26,CASH,,1440,0,1372,34.0,34.0,0,1440
16742,2026-08-26,PPP,,0,560,533,13.5,13.5,0,560
16743,2026-08-26,PPP,,0,50,48,1.0,1.0,0,50
16744,2026-08-26,PPP,,0,890,848,21.0,21.0,0,890
16745,2026-08-26,PPP,,0,800,762,19.0,19.0,0,800
16746,2026-08-26,,,0,200,190,5.0,5.0,0,200
16747,2026-08-26,PPP,,0,500,476,12.0,12.0,0,500
16748,2026-08-26,,,150,0,143,3.5,3.5,0,150
16749,2026-08-26,,,600,0,571,14.5,14.5,0,600
16750,2026-08-26,,,600,0,571,14.5,14.5,0,600
16751,2026-08-26,,,1400,0,1333,33.5,33.5,0,1400
16752,2026-08-26,,,600,0,571,14.5,14.5,0,600
16753,2026-08-26,,,100,0,95,2.5,2.5,0,100
16754,2026-08-26,,,400,0,381,9.5,9.5,0,400
16755,2026-08-26,,,350,0,333,8.5,8.5,0,350
16756,2026-08-26,,,270,0,257,6.5,6.5,0,270
16757,2026-08-26,,,150,0,143,3.5,3.5,0,150
16758,2026-08-26,,,150,0,143,3.5,3.5,0,150
16759,2026-08-26,PPP,,0,1800,1715,42.5,42.5,0,1800
16760,2026-08-26,,,200,0,190,5.0,5.0,0,200
16761,2026-08-26,,,650,0,619,15.5,15.5,0,650
16762,2026-08-26,,,150,0,143,3.5,3.5,0,150
16763,2026-08-26,,,50,0,48,1.0,1.0,0,50
16764,2026-08-26,CASH,,750,0,714,18.0,18.0,0,750
16765,2026-08-26,PPP,,0,300,286,7.0,7.0,0,300
16766,2026-08-26,PPP,,0,150,143,3.5,3.5,0,150
16767,2026-08-26,PPP,,0,700,667,16.5,16.5,0,700
16768,2026-08-26,PPP,,0,3120,2971,74.5,74.5,0,3120
16769,2026-08-26,PPP,,0,80,76,2.0,2.0,0,80
16770,2026-08-26,CASH,,3200,0,3047,76.5,76.5,0,3200
16771,2026-08-26,PPP,,0,340,324,8.0,8.0,0,340
16772,2026-08-26,[PPP,,0,500,476,12.0,12.0,0,500
16773,2026-08-26,PPP,,0,1350,1286,32.0,32.0,0,1350
16774,2026-08-26,PPP,,0,650,619,15.5,15.5,0,650
16775,2026-08-26,PPP,,0,80,76,2.0,2.0,0,80
16776,2026-08-26,CASH,,600,0,571,14.5,14.5,0,600
16777,2026-08-26,CASH,,1450,0,1381,34.5,34.5,0,1450
16778,2026-08-26,PPP,,0,150,143,3.5,3.5,0,150
16779,2026-08-26,PPP,,0,450,428,11.0,11.0,0,450
16780,2026-08-26,PPP,,0,2000,1906,47.0,47.0,0,2000
16781,2026-08-26,CASH,,550,0,524,13.0,13.0,0,550
16782,2026-08-26,CASH,,3920,0,3732,94.0,94.0,0,3920
16783,2026-08-26,PPP,,0,1000,952,24.0,24.0,0,1000
16784,2026-08-26,PPP,,0,1350,1286,32.0,32.0,0,1350
16785,2026-08-26,CASH,,350,0,333,8.5,8.5,0,350
16786,2026-08-26,PPP,,0,800,762,19.0,19.0,0,800
16787,2026-08-26,CASH,,700,0,667,16.5,16.5,0,700
16788,2026-08-26,PPP,,0,600,571,14.5,14.5,0,600
16789,2026-08-26,CASH,,350,0,333,8.5,8.5,0,350
16790,2026-08-26,PPP,,0,560,532,14.0,14.0,0,560
16791,2026-08-26,CASH,,80,0,76,2.0,2.0,0,80
16792,2026-08-26,CASH,,600,0,571,14.5,14.5,0,600
16793,2026-08-26,PP,,0,1100,1048,26.0,26.0,0,1100
16794,2026-08-27,PPP,,0,150,143,3.5,3.5,0,150
16795,2026-08-27,PPP,,0,160,152,4.0,4.0,0,160
16796,2026-08-27,CASH,,50,0,48,1.0,1.0,0,50
16797,2026-08-27,PPP,,0,200,190,5.0,5.0,0,200
16798,2026-08-27,CASH,,350,0,333,8.5,8.5,0,350
16799,2026-08-27,,,1450,0,1381,34.5,34.5,0,1450
16800,2026-08-27,PPP,,0,750,714,18.0,18.0,0,750
16801,2026-08-27,,,850,0,810,20.0,20.0,0,850
16802,2026-08-27,,,80,0,77,1.5,1.5,0,80
16803,2026-08-27,,,400,0,381,9.5,9.5,0,400
16804,2026-08-27,ASH,,50,0,48,1.0,1.0,0,50
16805,2026-08-27,CASH,,1050,0,1000,25.0,25.0,0,1050
16806,2026-08-27,CASH,,260,0,248,6.0,6.0,0,260
16807,2026-08-27,CASH,,150,0,143,3.5,3.5,0,150
16808,2026-08-27,PPP,,0,80,76,2.0,2.0,0,80
16809,2026-08-27,,,5700,0,5428,136.0,136.0,0,5700
16810,2026-08-27,CASH,,50,0,48,1.0,1.0,0,50
16811,2026-08-27,CASH,,200,0,190,5.0,5.0,0,200
16812,2026-08-27,CASH,,260,0,248,6.0,6.0,0,260
16813,2026-08-27,CASH,,150,0,143,3.5,3.5,0,150
16814,2026-08-27,CASH,,480,0,457,11.5,11.5,0,480
16815,2026-08-27,CASH,,150,0,143,3.5,3.5,0,150
16816,2026-08-27,CASH,,500,0,476,12.0,12.0,0,500
16817,2026-08-27,PPP,,0,300,286,7.0,7.0,0,300
16818,2026-08-27,CASH,,360,0,343,8.5,8.5,0,360
16819,2026-08-27,CASH,,300,0,286,7.0,7.0,0,300
16820,2026-08-27,CASH,,50,0,48,1.0,1.0,0,50
16821,2026-08-27,CASH,,1000,0,952,24.0,24.0,0,1000
16822,2026-08-27,,,240,0,229,5.5,5.5,0,240
16823,2026-08-27,,,240,0,229,5.5,5.5,0,240
16824,2026-08-27,,,160,0,152,4.0,4.0,0,160
16825,2026-08-27,,,250,0,238,6.0,6.0,0,250
16826,2026-08-27,,,150,0,143,3.5,3.5,0,150
16827,2026-08-27,,,900,0,857,21.5,21.5,0,900
16828,2026-08-27,,,350,0,333,8.5,8.5,0,350
16829,2026-08-27,,,0,200,190,5.0,5.0,0,200
16830,2026-08-27,,,240,0,229,5.5,5.5,0,240
16831,2026-08-27,,,250,0,238,6.0,6.0,0,250
16832,2026-08-27,,,300,0,286,7.0,7.0,0,300
16833,2026-08-27,,,3950,0,3762,94.0,94.0,0,3950
16834,2026-08-27,,,600,0,571,14.5,14.5,0,600
16835,2026-08-27,,,200,0,190,5.0,5.0,0,200
16836,2026-08-27,,,700,0,666,17.0,17.0,0,700
16837,2026-08-27,,,850,0,809,20.5,20.5,0,850
16838,2026-08-27,,,100,0,95,2.5,2.5,0,100
16839,2026-08-27,,,200,0,190,5.0,5.0,0,200
16840,2026-08-27,,,20,0,19,0.5,0.5,0,20
16841,2026-08-27,,,80,0,76,2.0,2.0,0,80
16842,2026-08-27,,,200,0,190,5.0,5.0,0,200
16843,2026-08-27,,,570,0,542,14.0,14.0,0,570
16844,2026-08-27,CASH,,650,0,619,15.5,15.5,0,650
16845,2026-08-27,CASH,,200,0,190,5.0,5.0,0,200
16846,2026-08-27,PPP,,0,400,381,9.5,9.5,0,400
16847,2026-08-27,CASH,,200,0,190,5.0,5.0,0,200
16848,2026-08-27,PPP,,0,30,29,0.5,0.5,0,30
16849,2026-08-27,PPP,,0,500,476,12.0,12.0,0,500
16850,2026-08-27,CASH,,700,0,667,16.5,16.5,0,700
16851,2026-08-27,,,500,0,476,12.0,12.0,0,500
16852,2026-08-27,PPP,,0,300,286,7.0,7.0,0,300
16853,2026-08-27,PPP,,0,600,571,14.5,14.5,0,600
16854,2026-08-27,PPP,,0,750,715,17.5,17.5,0,750
16855,2026-08-27,CASH,,200,0,191,4.5,4.5,0,200
16856,2026-08-27,CASH,,650,0,619,15.5,15.5,0,650
16857,2026-08-27,PPP,,0,850,809,20.5,20.5,0,850
16858,2026-08-27,CASH,,400,0,381,9.5,9.5,0,400
16859,2026-08-27,CASH,,600,0,571,14.5,14.5,0,600
16860,2026-08-27,CASH,,800,0,761,19.5,19.5,0,800
16861,2026-08-27,PPP,,0,1800,1714,43.0,43.0,0,1800
16862,2026-08-27,PPP,,0,500,476,12.0,12.0,0,500
16863,2026-08-27,CASH,,400,0,381,9.5,9.5,0,400
16864,2026-08-27,PPP,,0,1600,1524,38.0,38.0,0,1600
16865,2026-08-27,CARD,,0,640,610,15.0,15.0,0,640
16866,2026-08-27,PPP,,0,150,143,3.5,3.5,0,150
16867,2026-08-27,PPP,,0,900,858,21.0,21.0,0,900
16868,2026-08-27,CASH,,90,0,86,2.0,2.0,0,90
16869,2026-08-27,PPP,,0,350,333,8.5,8.5,0,350
16870,2026-08-28,PPP,,0,350,333,8.5,8.5,0,350
16871,2026-08-28,,,260,0,248,6.0,6.0,0,260
16872,2026-08-28,CASH,,150,0,143,3.5,3.5,0,150
16873,2026-08-28,CASH,,150,0,143,3.5,3.5,0,150
16874,2026-08-28,PPP,,0,1260,1200,30.0,30.0,0,1260
16875,2026-08-28,PPP,,0,1300,1238,31.0,31.0,0,1300
16876,2026-08-28,PPP,,0,520,495,12.5,12.5,0,520
16877,2026-08-28,PPP,,0,1600,1523,38.5,38.5,0,1600
16878,2026-08-28,PPP,,0,850,810,20.0,20.0,0,850
16879,2026-08-28,CASH,,350,0,333,8.5,8.5,0,350
16880,2026-08-28,PPP,,0,630,600,15.0,15.0,0,630
16881,2026-08-28,,,550,0,524,13.0,13.0,0,550
16882,2026-08-28,,,300,0,286,7.0,7.0,0,300
16883,2026-08-28,CASH,,100,0,95,2.5,2.5,0,100
16884,2026-08-28,,,750,0,715,17.5,17.5,0,750
16885,2026-08-28,,,150,0,143,3.5,3.5,0,150
16886,2026-08-28,,,120,0,114,3.0,3.0,0,120
16887,2026-08-28,,,100,0,95,2.5,2.5,0,100
16888,2026-08-28,,,1550,0,1476,37.0,37.0,0,1550
16889,2026-08-28,,,1430,0,1361,34.5,34.5,0,1430
16890,2026-08-28,,,700,0,667,16.5,16.5,0,700
16891,2026-08-28,,,350,0,333,8.5,8.5,0,350
16892,2026-08-28,,,1450,0,1381,34.5,34.5,0,1450
16893,2026-08-28,,,850,0,810,20.0,20.0,0,850
16894,2026-08-28,CARD,,0,1700,1619,40.5,40.5,0,1700
16895,2026-08-28,CARD,,0,850,810,20.0,20.0,0,850
16896,2026-08-28,PPP,,0,500,476,12.0,12.0,0,500
16897,2026-08-28,CASH,,700,0,666,17.0,17.0,0,700
16898,2026-08-28,,,300,0,286,7.0,7.0,0,300
16899,2026-08-28,CASH,,1950,0,1858,46.0,46.0,0,1950
16900,2026-08-28,PPP,,0,350,333,8.5,8.5,0,350
16901,2026-08-28,PPP,,0,200,190,5.0,5.0,0,200
16902,2026-08-28,PPP,,0,700,667,16.5,16.5,0,700
16903,2026-08-28,CASH,,400,0,381,9.5,9.5,0,400
16904,2026-08-28,,,2350,0,2238,56.0,56.0,0,2350
16905,2026-08-28,,,1100,0,1048,26.0,26.0,0,1100
16906,2026-08-28,,,350,0,333,8.5,8.5,0,350
16907,2026-08-28,,,2550,0,2428,61.0,61.0,0,2550
16908,2026-08-28,CASH,,750,0,714,18.0,18.0,0,750
16909,2026-08-28,,,150,0,143,3.5,3.5,0,150
16910,2026-08-28,,,100,0,95,2.5,2.5,0,100
16911,2026-08-28,,,700,0,667,16.5,16.5,0,700
16912,2026-08-28,,,500,0,476,12.0,12.0,0,500
16913,2026-08-28,,,150,0,143,3.5,3.5,0,150
16914,2026-08-28,,,700,0,667,16.5,16.5,0,700
16915,2026-08-28,,,900,0,857,21.5,21.5,0,900
16916,2026-08-28,,,1150,0,1096,27.0,27.0,0,1150
16917,2026-08-28,,,300,0,286,7.0,7.0,0,300
16918,2026-08-28,,,500,0,476,12.0,12.0,0,500
16919,2026-08-28,,,50,0,48,1.0,1.0,0,50
16920,2026-08-28,,,150,0,143,3.5,3.5,0,150
16921,2026-08-28,PPP,,0,150,143,3.5,3.5,0,150
16922,2026-08-28,PPP,,0,250,238,6.0,6.0,0,250
16923,2026-08-28,CASH,,450,0,429,10.5,10.5,0,450
16924,2026-08-28,PPP,,0,440,419,10.5,10.5,0,440
16925,2026-08-28,CASH,,350,0,333,8.5,8.5,0,350
16926,2026-08-28,PPP,,0,1600,1523,38.5,38.5,0,1600
16927,2026-08-28,CASH,,200,0,190,5.0,5.0,0,200
16928,2026-08-28,PPP,,0,1880,1791,44.5,44.5,0,1880
16929,2026-08-28,CASH,,300,0,286,7.0,7.0,0,300
16930,2026-08-28,CASH,,110,0,105,2.5,2.5,0,110
16931,2026-08-28,CASH,,500,0,476,12.0,12.0,0,500
16932,2026-08-28,CASH,,1070,0,1020,25.0,25.0,0,1070
16933,2026-08-28,CASH,,150,0,143,3.5,3.5,0,150
16934,2026-08-28,CASH,,100,0,95,2.5,2.5,0,100
16935,2026-08-28,PPP,,0,450,429,10.5,10.5,0,450
16936,2026-08-28,CASH,,120,0,114,3.0,3.0,0,120
16937,2026-08-28,CASH,,1000,0,952,24.0,24.0,0,1000
16938,2026-08-28,PPP,,0,2080,1981,49.5,49.5,0,2080
16939,2026-08-28,,,700,0,667,16.5,16.5,0,700
16940,2026-08-28,,,500,0,476,12.0,12.0,0,500
16941,2026-08-28,,,4940,0,4705,117.5,117.5,0,4940
16942,2026-08-28,,,350,0,333,8.5,8.5,0,350
16943,2026-08-28,,,350,0,333,8.5,8.5,0,350
16944,2026-08-28,,,240,0,229,5.5,5.5,0,240
16945,2026-08-28,,,1460,0,1391,34.5,34.5,0,1460
16946,2026-08-28,,,850,0,809,20.5,20.5,0,850
16947,2026-08-28,,,400,0,381,9.5,9.5,0,400
16948,2026-08-28,,,1900,0,1809,45.5,45.5,0,1900
16949,2026-08-28,,,600,0,571,14.5,14.5,0,600
16950,2026-08-28,,,300,0,286,7.0,7.0,0,300
16951,2026-08-28,CASH,,1470,0,1400,35.0,35.0,0,1470
16952,2026-08-29,CASH,,4300,0,4095,102.5,102.5,0,4300
16953,2026-08-29,,,240,0,229,5.5,5.5,0,240
16954,2026-08-29,CASH,,40,0,38,1.0,1.0,0,40
16955,2026-08-29,CASH,,200,0,190,5.0,5.0,0,200
16956,2026-08-29,,,1310,0,1247,31.5,31.5,0,1310
16957,2026-08-29,PPP,,0,300,286,7.0,7.0,0,300
16958,2026-08-29,PPP,,0,600,571,14.5,14.5,0,600
16959,2026-08-29,,,500,0,476,12.0,12.0,0,500
16960,2026-08-29,,,1050,0,1000,25.0,25.0,0,1050
16961,2026-08-29,,,450,0,428,11.0,11.0,0,450
16962,2026-08-29,CASH,,350,0,333,8.5,8.5,0,350
16963,2026-08-29,,,150,0,143,3.5,3.5,0,150
16964,2026-08-29,,,0,350,333,8.5,8.5,0,350
16965,2026-08-29,CASH,,0,800,762,19.0,19.0,0,800
16966,2026-08-29,,,150,0,143,3.5,3.5,0,150
16967,2026-08-29,,,200,0,190,5.0,5.0,0,200
16968,2026-08-29,CASH,,1300,0,1238,31.0,31.0,0,1300
16969,2026-08-29,CASH,,2000,0,1905,47.5,47.5,0,2000
16970,2026-08-29,PPPP,,0,250,238,6.0,6.0,0,250
16971,2026-08-29,CASH,,150,0,143,3.5,3.5,0,150
16972,2026-08-29,PPP,,0,100,95,2.5,2.5,0,100
16973,2026-08-29,CASH,6002481011,1550,0,1477,36.5,36.5,0,1550
16974,2026-08-29,CARD,,0,1050,1000,25.0,25.0,0,1050
16975,2026-08-29,PPP,,0,350,333,8.5,8.5,0,350
16976,2026-08-29,PPP,,0,2380,2266,57.0,57.0,0,2380
16977,2026-08-29,PPP,,0,1650,1572,39.0,39.0,0,1650
16978,2026-08-29,PPP,,0,550,524,13.0,13.0,0,550
16979,2026-08-29,PPP,,0,330,314,8.0,8.0,0,330
16980,2026-08-29,CASH,,1000,0,953,23.5,23.5,0,1000
16981,2026-08-29,PPP,,0,150,143,3.5,3.5,0,150
16982,2026-08-29,CASH,,500,0,476,12.0,12.0,0,500
16983,2026-08-29,PPP,,0,90,86,2.0,2.0,0,90
16984,2026-08-29,,,100,0,95,2.5,2.5,0,100
16985,2026-08-29,,,350,0,333,8.5,8.5,0,350
16986,2026-08-29,,,670,0,638,16.0,16.0,0,670
16987,2026-08-29,,,350,0,333,8.5,8.5,0,350
16988,2026-08-29,,,100,0,95,2.5,2.5,0,100
16989,2026-08-29,,,500,0,476,12.0,12.0,0,500
16990,2026-08-29,,,300,0,286,7.0,7.0,0,300
16991,2026-08-29,,,1250,0,1190,30.0,30.0,0,1250
16992,2026-08-29,,,1000,0,952,24.0,24.0,0,1000
16993,2026-08-29,,,50,0,48,1.0,1.0,0,50
16994,2026-08-29,,,240,0,229,5.5,5.5,0,240
16995,2026-08-29,,,160,0,152,4.0,4.0,0,160
16996,2026-08-29,,,1200,0,1143,28.5,28.5,0,1200
16997,2026-08-29,CASH,,800,0,762,19.0,19.0,0,800
16998,2026-08-29,,,300,0,286,7.0,7.0,0,300
16999,2026-08-29,,,200,0,190,5.0,5.0,0,200
17000,2026-08-29,,,350,0,333,8.5,8.5,0,350
17001,2026-08-29,CASH,,300,0,286,7.0,7.0,0,300
17002,2026-08-29,CASH,,350,0,333,8.5,8.5,0,350
17003,2026-08-29,CASH,,300,0,286,7.0,7.0,0,300
17004,2026-08-29,CASH,,2980,0,2838,71.0,71.0,0,2980
17005,2026-08-29,,,1100,0,1048,26.0,26.0,0,1100
17006,2026-08-29,[PPP],,0,300,286,7.0,7.0,0,300
17007,2026-08-29,,,600,0,571,14.5,14.5,0,600
17008,2026-08-29,,,250,0,238,6.0,6.0,0,250
17009,2026-08-29,CASH,,1850,0,1762,44.0,44.0,0,1850
17010,2026-08-29,PPP,,0,360,343,8.5,8.5,0,360
17011,2026-08-29,CASH,,480,0,458,11.0,11.0,0,480
17012,2026-08-29,PPP,,0,300,286,7.0,7.0,0,300
17013,2026-08-29,,,650,0,619,15.5,15.5,0,650
17014,2026-08-29,,,2150,0,2047,51.5,51.5,0,2150
17015,2026-08-29,,,2310,0,2200,55.0,55.0,0,2310
17016,2026-08-29,,,850,0,810,20.0,20.0,0,850
17017,2026-08-29,CARD,,0,550,524,13.0,13.0,0,550
17018,2026-08-29,PPP,,0,300,286,7.0,7.0,0,300
17019,2026-08-29,PPP,,0,560,533,13.5,13.5,0,560
17020,2026-08-29,PPP,,0,240,229,5.5,5.5,0,240
17021,2026-08-30,CASH,,300,0,286,7.0,7.0,0,300
17022,2026-08-30,CASH,,850,0,810,20.0,20.0,0,850
17023,2026-08-30,,,2760,0,2629,65.5,65.5,0,2760
17024,2026-08-30,PPP,,0,240,229,5.5,5.5,0,240
17025,2026-08-30,,,600,0,571,14.5,14.5,0,600
17026,2026-08-30,,,300,0,286,7.0,7.0,0,300
17027,2026-08-30,CASH,,500,0,476,12.0,12.0,0,500
17028,2026-08-30,PPP,,0,600,571,14.5,14.5,0,600
17029,2026-08-30,,,120,0,114,3.0,3.0,0,120
17030,2026-08-30,,,50,0,48,1.0,1.0,0,50
17031,2026-08-30,,,300,0,286,7.0,7.0,0,300
17032,2026-08-30,,,600,0,571,14.5,14.5,0,600
17033,2026-08-30,,,350,0,333,8.5,8.5,0,350
17034,2026-08-30,PPP,,0,1850,1762,44.0,44.0,0,1850
17035,2026-08-30,,,950,0,905,22.5,22.5,0,950
17036,2026-08-30,,,700,0,667,16.5,16.5,0,700
17037,2026-08-30,,,0,600,571,14.5,14.5,0,600
17038,2026-08-30,,,1020,0,972,24.0,24.0,0,1020
17039,2026-08-30,,,1650,0,1572,39.0,39.0,0,1650
17040,2026-08-30,,,200,0,190,5.0,5.0,0,200
17041,2026-08-30,,,300,0,286,7.0,7.0,0,300
17042,2026-08-30,,,500,0,476,12.0,12.0,0,500
17043,2026-08-30,,,610,0,581,14.5,14.5,0,610
17044,2026-08-30,,,100,0,95,2.5,2.5,0,100
17045,2026-08-30,CASH,,500,0,476,12.0,12.0,0,500
17046,2026-08-30,PPP,,0,850,810,20.0,20.0,0,850
17047,2026-08-30,PPP,,0,1200,1142,29.0,29.0,0,1200
17048,2026-08-30,,,300,0,286,7.0,7.0,0,300
17049,2026-08-30,,,800,0,762,19.0,19.0,0,800
17050,2026-08-30,,,1200,0,1143,28.5,28.5,0,1200
17051,2026-08-30,,,1050,0,1000,25.0,25.0,0,1050
17052,2026-08-30,,,1550,0,1476,37.0,37.0,0,1550
17053,2026-08-30,,,450,0,429,10.5,10.5,0,450
17054,2026-08-30,CASH,,1220,0,1162,29.0,29.0,0,1220
17055,2026-08-30,,,500,0,476,12.0,12.0,0,500
17056,2026-08-30,,,550,0,523,13.5,13.5,0,550
17057,2026-08-30,,,1200,0,1143,28.5,28.5,0,1200
17058,2026-08-30,,,610,0,581,14.5,14.5,0,610
17059,2026-08-30,,,500,0,476,12.0,12.0,0,500
17060,2026-08-30,PPP,,0,1100,1048,26.0,26.0,0,1100
17061,2026-08-30,,,290,0,277,6.5,6.5,0,290
17062,2026-08-30,,,130,0,124,3.0,3.0,0,130
17063,2026-08-30,PPP,,0,200,190,5.0,5.0,0,200
17064,2026-08-30,MIXX,,0,520,495,12.5,12.5,0,520
17065,2026-08-30,CASH,,1930,0,1837,46.5,46.5,0,1930
17066,2026-08-30,CASH,,3600,0,3428,86.0,86.0,0,3600
17067,2026-08-30,PPP,,0,500,476,12.0,12.0,0,500
17068,2026-08-30,,,200,0,190,5.0,5.0,0,200
17069,2026-08-30,PPP,,0,1170,1114,28.0,28.0,0,1170
17070,2026-08-30,,,230,0,219,5.5,5.5,0,230
17071,2026-08-30,,,350,0,333,8.5,8.5,0,350
17072,2026-08-30,,,640,0,609,15.5,15.5,0,640
17073,2026-08-30,,,550,0,524,13.0,13.0,0,550
17074,2026-08-30,,,2450,0,2333,58.5,58.5,0,2450
17075,2026-08-30,,,250,0,238,6.0,6.0,0,250
17076,2026-08-30,CASH,,650,0,619,15.5,15.5,0,650
17077,2026-08-30,PPP,,0,800,762,19.0,19.0,0,800
17078,2026-08-30,PPP,,0,300,286,7.0,7.0,0,300
17079,2026-08-30,CAH,,200,0,190,5.0,5.0,0,200
17080,2026-08-30,,,1000,0,952,24.0,24.0,0,1000
17081,2026-08-31,CASH,,300,0,286,7.0,7.0,0,300
17082,2026-08-31,,,1100,0,1047,26.5,26.5,0,1100
17083,2026-08-31,,,500,0,476,12.0,12.0,0,500
17084,2026-08-31,,,200,0,190,5.0,5.0,0,200
17085,2026-08-31,CASH,,80,0,76,2.0,2.0,0,80
17086,2026-08-31,PPP,,0,50,48,1.0,1.0,0,50
17087,2026-08-31,CASH,,1070,0,1019,25.5,25.5,0,1070
17088,2026-08-31,CASH,,500,0,476,12.0,12.0,0,500
17089,2026-08-31,PPP,,0,250,238,6.0,6.0,0,250
17090,2026-08-31,CASH,,150,0,143,3.5,3.5,0,150
17091,2026-08-31,,,200,0,190,5.0,5.0,0,200
17092,2026-08-31,,,0,200,190,5.0,5.0,0,200
17093,2026-08-31,PPP,,0,250,238,6.0,6.0,0,250
17094,2026-08-31,,,480,0,457,11.5,11.5,0,480
17095,2026-08-31,PPP,,0,650,619,15.5,15.5,0,650
17096,2026-08-31,PPP,,0,350,333,8.5,8.5,0,350
17097,2026-08-31,PPP,,0,1650,1571,39.5,39.5,0,1650
17098,2026-08-31,CASH,,100,0,96,2.0,2.0,0,100
17099,2026-08-31,,,800,0,762,19.0,19.0,0,800
17100,2026-08-31,,,200,0,190,5.0,5.0,0,200
17101,2026-08-31,,,250,0,238,6.0,6.0,0,250
17102,2026-08-31,,,600,0,571,14.5,14.5,0,600
17103,2026-08-31,PPP,,0,900,857,21.5,21.5,0,900
17104,2026-08-31,PPP,,0,500,476,12.0,12.0,0,500
17105,2026-08-31,CASH,,600,0,571,14.5,14.5,0,600
17106,2026-08-31,CASH,,1200,0,1143,28.5,28.5,0,1200
17107,2026-08-31,CASH,,570,0,543,13.5,13.5,0,570
17108,2026-08-31,CASH,,550,0,524,13.0,13.0,0,550
17109,2026-08-31,CARD,,0,1800,1714,43.0,43.0,0,1800
17110,2026-08-31,PPP,,0,1250,1190,30.0,30.0,0,1250
17111,2026-08-31,PPP,,0,450,428,11.0,11.0,0,450
17112,2026-08-31,PPP,,0,80,76,2.0,2.0,0,80
17113,2026-08-31,CASH,,1740,0,1657,41.5,41.5,0,1740
17114,2026-08-31,CASH,,30,0,29,0.5,0.5,0,30
17115,2026-08-31,,,350,0,334,8.0,8.0,0,350
17116,2026-08-31,,,120,0,114,3.0,3.0,0,120
17117,2026-08-31,,,700,0,667,16.5,16.5,0,700
17118,2026-08-31,CASH,,450,0,429,10.5,10.5,0,450
17119,2026-08-31,CASH,,800,0,762,19.0,19.0,0,800
17120,2026-08-31,CASH,,150,0,143,3.5,3.5,0,150
17121,2026-08-31,CASH,,240,0,229,5.5,5.5,0,240
17122,2026-08-31,,,540,0,515,12.5,12.5,0,540
17123,2026-08-31,,,1000,0,952,24.0,24.0,0,1000
17124,2026-08-31,,,150,0,143,3.5,3.5,0,150
17125,2026-08-31,CASH,,600,0,571,14.5,14.5,0,600
17126,2026-08-31,,,400,0,381,9.5,9.5,0,400
17127,2026-08-31,,,650,0,619,15.5,15.5,0,650
17128,2026-08-31,CASH,,240,0,229,5.5,5.5,0,240
17129,2026-08-31,,,1950,0,1857,46.5,46.5,0,1950
17130,2026-08-31,,,850,0,810,20.0,20.0,0,850
17131,2026-08-31,CASH,,1170,0,1114,28.0,28.0,0,1170
17132,2026-08-31,CSH,,50,0,48,1.0,1.0,0,50
17133,2026-08-31,PPP,,0,650,619,15.5,15.5,0,650
17134,2026-08-31,CARD,,0,1250,1191,29.5,29.5,0,1250
17135,2026-08-31,CASH,,750,0,714,18.0,18.0,0,750
17136,2026-09-01,CASH,,470,0,447,11.5,11.5,0,470
17137,2026-09-01,,,550,0,524,13.0,13.0,0,550
17138,2026-09-01,,,700,0,667,16.5,16.5,0,700
17139,2026-09-01,,,400,0,381,9.5,9.5,0,400
17140,2026-09-01,PPP,,0,1150,1096,27.0,27.0,0,1150
17141,2026-09-01,PPP,,0,300,286,7.0,7.0,0,300
17142,2026-09-01,PPP,,0,250,238,6.0,6.0,0,250
17143,2026-09-01,,,1500,0,1428,36.0,36.0,0,1500
17144,2026-09-01,,,350,0,333,8.5,8.5,0,350
17145,2026-09-01,PPP,,0,520,495,12.5,12.5,0,520
17146,2026-09-01,CASH,,360,0,343,8.5,8.5,0,360
17147,2026-09-01,PPP,,0,500,476,12.0,12.0,0,500
17148,2026-09-01,PPP,,0,600,572,14.0,14.0,0,600
17149,2026-09-01,PPP,,0,550,524,13.0,13.0,0,550
17150,2026-09-01,PPP,,0,1100,1048,26.0,26.0,0,1100
17151,2026-09-01,PPP,,0,500,476,12.0,12.0,0,500
17152,2026-09-01,PPP,,0,1700,1619,40.5,40.5,0,1700
17153,2026-09-01,CASH,,400,0,380,10.0,10.0,0,400
17154,2026-09-01,,,100,0,95,2.5,2.5,0,100
17155,2026-09-01,,,350,0,333,8.5,8.5,0,350
17156,2026-09-01,,,700,0,667,16.5,16.5,0,700
17157,2026-09-01,,,150,0,143,3.5,3.5,0,150
17158,2026-09-01,CASH,,200,0,190,5.0,5.0,0,200
17159,2026-09-01,CASH,,60,0,57,1.5,1.5,0,60
17160,2026-09-01,PPP,,0,20,19,0.5,0.5,0,20
17161,2026-09-01,PPP,,0,800,763,18.5,18.5,0,800
17162,2026-09-01,CASH,,260,0,248,6.0,6.0,0,260
17163,2026-09-01,CASH,,120,0,114,3.0,3.0,0,120
17164,2026-09-01,CASH,,100,0,95,2.5,2.5,0,100
17165,2026-09-01,CASH,,50,0,48,1.0,1.0,0,50
17166,2026-09-01,CASH,,5100,0,4857,121.5,121.5,0,5100
17167,2026-09-01,,,300,0,286,7.0,7.0,0,300
17168,2026-09-01,,,650,0,619,15.5,15.5,0,650
17169,2026-09-01,,,700,0,667,16.5,16.5,0,700
17170,2026-09-01,CASH,,950,0,905,22.5,22.5,0,950
17171,2026-09-01,CASH,,120,0,114,3.0,3.0,0,120
17172,2026-09-01,CASH,,500,0,476,12.0,12.0,0,500
17173,2026-09-01,CASH,,600,0,571,14.5,14.5,0,600
17174,2026-09-01,PPP,,0,7230,6884,173.0,173.0,0,7230
17175,2026-09-01,PPP,,0,120,114,3.0,3.0,0,120
17176,2026-09-01,PPP,,0,600,571,14.5,14.5,0,600
17177,2026-09-01,CASH,,150,0,143,3.5,3.5,0,150
17178,2026-09-01,PPP,,0,2160,2057,51.5,51.5,0,2160
17179,2026-09-01,CASH,,150,0,143,3.5,3.5,0,150
17180,2026-09-01,CASH,,550,0,523,13.5,13.5,0,550
17181,2026-09-01,PPP,,0,70,67,1.5,1.5,0,70
17182,2026-09-01,CASH,,30,0,29,0.5,0.5,0,30
17183,2026-09-01,CASH,,2700,0,2572,64.0,64.0,0,2700
17184,2026-09-01,PPP,,0,450,429,10.5,10.5,0,450
17185,2026-09-01,CASH,,650,0,619,15.5,15.5,0,650
17186,2026-09-01,PPP,,0,350,333,8.5,8.5,0,350
17187,2026-09-01,CASH,,400,0,381,9.5,9.5,0,400
17188,2026-09-01,PPP,,0,480,457,11.5,11.5,0,480
17189,2026-09-01,CASH,,120,0,114,3.0,3.0,0,120
17190,2026-09-01,PPP,,0,30,29,0.5,0.5,0,30
17191,2026-09-01,PPP,,0,1050,1000,25.0,25.0,0,1050
17192,2026-09-01,CASH,,120,0,114,3.0,3.0,0,120
17193,2026-09-01,PPP,,0,940,895,22.5,22.5,0,940
17194,2026-09-01,PPP,,0,350,333,8.5,8.5,0,350
17195,2026-09-01,CASH,,1350,0,1286,32.0,32.0,0,1350
17196,2026-09-01,CASH,,1360,0,1296,32.0,32.0,0,1360
17197,2026-09-01,PPP,,0,2520,2400,60.0,60.0,0,2520
17198,2026-09-02,CASH,,50,0,48,1.0,1.0,0,50
17199,2026-09-02,,,650,0,619,15.5,15.5,0,650
17200,2026-09-02,,,800,0,761,19.5,19.5,0,800
17201,2026-09-02,,,600,0,571,14.5,14.5,0,600
17202,2026-09-02,PPP,,0,250,238,6.0,6.0,0,250
17203,2026-09-02,PPP,,0,500,476,12.0,12.0,0,500
17204,2026-09-02,PPP,,0,300,286,7.0,7.0,0,300
17205,2026-09-02,PPP,,0,160,152,4.0,4.0,0,160
17206,2026-09-02,CASH,,50,0,48,1.0,1.0,0,50
17207,2026-09-02,CASH,,350,0,334,8.0,8.0,0,350
17208,2026-09-02,PPP,,0,460,438,11.0,11.0,0,460
17209,2026-09-02,PPP,,0,1100,1048,26.0,26.0,0,1100
17210,2026-09-02,CASH,,1600,0,1524,38.0,38.0,0,1600
17211,2026-09-02,PPP,,0,870,828,21.0,21.0,0,870
17212,2026-09-02,PPP,,0,770,733,18.5,18.5,0,770
17213,2026-09-02,PPP,,0,650,619,15.5,15.5,0,650
17214,2026-09-02,MIXXX,,2050,0,1952,49.0,49.0,0,2050
17215,2026-09-02,PPP,,0,2200,2095,52.5,52.5,0,2200
17216,2026-09-02,PPP,,0,2300,2190,55.0,55.0,0,2300
17217,2026-09-02,,,100,0,95,2.5,2.5,0,100
17218,2026-09-02,,,150,0,143,3.5,3.5,0,150
17219,2026-09-02,,,1600,0,1523,38.5,38.5,0,1600
17220,2026-09-02,,,300,0,286,7.0,7.0,0,300
17221,2026-09-02,,,100,0,95,2.5,2.5,0,100
17222,2026-09-02,,,150,0,143,3.5,3.5,0,150
17223,2026-09-02,,,200,0,190,5.0,5.0,0,200
17224,2026-09-02,,,600,0,572,14.0,14.0,0,600
17225,2026-09-02,,,300,0,286,7.0,7.0,0,300
17226,2026-09-02,,,350,0,333,8.5,8.5,0,350
17227,2026-09-02,PPPP,,0,250,238,6.0,6.0,0,250
17228,2026-09-02,CASH,,680,0,648,16.0,16.0,0,680
17229,2026-09-02,CASH,,600,0,571,14.5,14.5,0,600
17230,2026-09-02,PPP,,0,1050,999,25.5,25.5,0,1050
17231,2026-09-02,PPP,,0,600,571,14.5,14.5,0,600
17232,2026-09-02,PPP,,0,1800,1715,42.5,42.5,0,1800
17233,2026-09-02,CASH,,480,0,457,11.5,11.5,0,480
17234,2026-09-02,MIXX,,0,3750,3570,90.0,90.0,0,3750
17235,2026-09-02,PPP,,0,650,619,15.5,15.5,0,650
17236,2026-09-02,CASH,,200,0,190,5.0,5.0,0,200
17237,2026-09-02,,,100,0,95,2.5,2.5,0,100
17238,2026-09-02,,,350,0,333,8.5,8.5,0,350
17239,2026-09-02,,,800,0,762,19.0,19.0,0,800
17240,2026-09-02,,,1050,0,1000,25.0,25.0,0,1050
17241,2026-09-02,,,750,0,714,18.0,18.0,0,750
17242,2026-09-02,,,300,0,286,7.0,7.0,0,300
17243,2026-09-02,,,650,0,619,15.5,15.5,0,650
17244,2026-09-02,,,200,0,190,5.0,5.0,0,200
17245,2026-09-02,,,500,0,476,12.0,12.0,0,500
17246,2026-09-02,,,900,0,857,21.5,21.5,0,900
17247,2026-09-02,,,300,0,286,7.0,7.0,0,300
17248,2026-09-02,,,400,0,381,9.5,9.5,0,400
17249,2026-09-02,,,500,0,477,11.5,11.5,0,500
17250,2026-09-02,CASH,,100,0,95,2.5,2.5,0,100
17251,2026-09-02,CASH,,770,0,733,18.5,18.5,0,770
17252,2026-09-02,CASH,,4700,0,4475,112.5,112.5,0,4700
17253,2026-09-02,MIXX,,240,0,229,5.5,5.5,0,240
17254,2026-09-02,PPP,,0,50,48,1.0,1.0,0,50
17255,2026-09-02,PPP,,0,850,810,20.0,20.0,0,850
17256,2026-09-02,PPP,,0,1250,1190,30.0,30.0,0,1250
17257,2026-09-02,CASH,,650,0,619,15.5,15.5,0,650
17258,2026-09-02,CARD,,0,1900,1809,45.5,45.5,0,1900
17259,2026-09-02,PPP,,0,500,476,12.0,12.0,0,500
17260,2026-09-02,CASH,,1200,0,1143,28.5,28.5,0,1200
17261,2026-09-02,CASH,,1050,0,1000,25.0,25.0,0,1050
17262,2026-09-02,CASH,,910,0,867,21.5,21.5,0,910
17263,2026-09-02,,,500,0,476,12.0,12.0,0,500
17264,2026-09-02,CASH,,250,0,238,6.0,6.0,0,250
17265,2026-09-03,,,1050,0,1000,25.0,25.0,0,1050
17266,2026-09-03,PPP,,0,780,743,18.5,18.5,0,780
17267,2026-09-03,PPP,,0,350,333,8.5,8.5,0,350
17268,2026-09-03,PPP,,0,190,181,4.5,4.5,0,190
17269,2026-09-03,PPP,,0,990,943,23.5,23.5,0,990
17270,2026-09-03,PPP,,0,2050,1952,49.0,49.0,0,2050
17271,2026-09-03,PPP,,0,1650,1571,39.5,39.5,0,1650
17272,2026-09-03,PPP,,0,350,333,8.5,8.5,0,350
17273,2026-09-03,PPP,,0,1700,1619,40.5,40.5,0,1700
17274,2026-09-03,CASH,,600,0,572,14.0,14.0,0,600
17275,2026-09-03,PPP,,0,120,114,3.0,3.0,0,120
17276,2026-09-03,PPP,,0,310,295,7.5,7.5,0,310
17277,2026-09-03,CASH,,500,0,476,12.0,12.0,0,500
17278,2026-09-03,PPP,,0,200,190,5.0,5.0,0,200
17279,2026-09-03,PPP,,0,2050,1953,48.5,48.5,0,2050
17280,2026-09-03,CASH,,200,0,190,5.0,5.0,0,200
17281,2026-09-03,CASH,,350,0,333,8.5,8.5,0,350
17282,2026-09-03,PPP,,0,750,714,18.0,18.0,0,750
17283,2026-09-03,,,30,0,29,0.5,0.5,0,30
17284,2026-09-03,PPP,,0,80,76,2.0,2.0,0,80
17285,2026-09-03,PPP,,0,450,429,10.5,10.5,0,450
17286,2026-09-03,PPP,,0,3800,3619,90.5,90.5,0,3800
17287,2026-09-03,,,1000,0,952,24.0,24.0,0,1000
17288,2026-09-03,,,0,850,809,20.5,20.5,0,850
17289,2026-09-03,PPP,,0,730,695,17.5,17.5,0,730
17290,2026-09-03,PPP,,0,150,143,3.5,3.5,0,150
17291,2026-09-03,CASH,,600,0,571,14.5,14.5,0,600
17292,2026-09-03,CARD,,0,2760,2629,65.5,65.5,0,2760
17293,2026-09-03,CASH,,760,0,724,18.0,18.0,0,760
17294,2026-09-03,CASH,,50,0,48,1.0,1.0,0,50
17295,2026-09-03,PPP,,0,1620,1542,39.0,39.0,0,1620
17296,2026-09-03,CASH,,740,0,704,18.0,18.0,0,740
17297,2026-09-03,PPP,,0,60,57,1.5,1.5,0,60
17298,2026-09-03,PPP,,0,2750,2619,65.5,65.5,0,2750
17299,2026-09-03,PPP,,0,450,428,11.0,11.0,0,450
17300,2026-09-03,PPP,,0,1200,1143,28.5,28.5,0,1200
17301,2026-09-03,PPP,,0,650,619,15.5,15.5,0,650
17302,2026-09-03,CASH,,120,0,114,3.0,3.0,0,120
17303,2026-09-03,PPP,,0,200,190,5.0,5.0,0,200
17304,2026-09-03,,,900,0,857,21.5,21.5,0,900
17305,2026-09-03,,,1300,0,1238,31.0,31.0,0,1300
17306,2026-09-03,,,200,0,190,5.0,5.0,0,200
17307,2026-09-03,,,1000,0,952,24.0,24.0,0,1000
17308,2026-09-03,,,60,0,57,1.5,1.5,0,60
17309,2026-09-03,,,650,0,619,15.5,15.5,0,650
17310,2026-09-03,,,50,0,48,1.0,1.0,0,50
17311,2026-09-03,,,40,0,38,1.0,1.0,0,40
17312,2026-09-03,,,240,0,229,5.5,5.5,0,240
17313,2026-09-03,,,150,0,143,3.5,3.5,0,150
17314,2026-09-03,CASH,,200,0,190,5.0,5.0,0,200
17315,2026-09-03,PPP,,0,460,438,11.0,11.0,0,460
17316,2026-09-03,CASH,,400,0,381,9.5,9.5,0,400
17317,2026-09-03,PPP,,0,1060,1009,25.5,25.5,0,1060
17318,2026-09-03,CASH,,250,0,238,6.0,6.0,0,250
17319,2026-09-03,PPP,,0,400,381,9.5,9.5,0,400
17320,2026-09-03,CASH,,300,0,286,7.0,7.0,0,300
17321,2026-09-03,CASH,,200,0,190,5.0,5.0,0,200
17322,2026-09-03,,,800,0,762,19.0,19.0,0,800
17323,2026-09-03,,,890,0,848,21.0,21.0,0,890
17324,2026-09-03,,,240,0,229,5.5,5.5,0,240
17325,2026-09-03,,,150,0,143,3.5,3.5,0,150
17326,2026-09-03,,,300,0,285,7.5,7.5,0,300
17327,2026-09-03,,,440,0,419,10.5,10.5,0,440
17328,2026-09-03,,,700,0,667,16.5,16.5,0,700
17329,2026-09-03,,,400,0,381,9.5,9.5,0,400
17330,2026-09-03,PPP,,0,300,286,7.0,7.0,0,300
17331,2026-09-04,CASH,,450,0,429,10.5,10.5,0,450
17332,2026-09-04,PPP,,0,300,286,7.0,7.0,0,300
17333,2026-09-04,PPP,,0,1300,1238,31.0,31.0,0,1300
17334,2026-09-04,PPP,,0,2200,2096,52.0,52.0,0,2200
17335,2026-09-04,CASH,,500,0,476,12.0,12.0,0,500
17336,2026-09-04,PPP,,0,250,238,6.0,6.0,0,250
17337,2026-09-04,,,350,0,333,8.5,8.5,0,350
17338,2026-09-04,,,1340,0,1276,32.0,32.0,0,1340
17339,2026-09-04,,,150,0,143,3.5,3.5,0,150
