BillNo,Date,Time,LineNo,Qty,Rate,Amount,Discount%,DiscountAmt,CGSTAmt,SGSTAmt,IGST%,IGSTAmt,TotalAmt,PaymentMode
4,15-Jan-26,15:49:03,1,1,300,286,0,0,7,7,5,0,300,
5,15-Jan-26,15:49:24,1,1,70,67,0,0,1.5,1.5,5,0,70,
5,15-Jan-26,15:49:24,2,1,50,48,0,0,1,1,5,0,50,
6,15-Jan-26,15:50:02,1,1,1000,952,0,0,24,24,5,0,1000,
6,15-Jan-26,15:50:02,2,1,500,476,0,0,12,12,5,0,500,
6,15-Jan-26,15:50:02,3,1,200,190,0,0,5,5,5,0,200,
7,15-Jan-26,15:52:23,1,2,1000,1905,0,0,47.5,47.5,5,0,2000,
7,15-Jan-26,15:52:23,2,2,660,1257,0,0,31.5,31.5,5,0,0,
7,15-Jan-26,15:52:23,3,2,190,362,0,0,9,9,5,0,380,
8,15-Jan-26,15:58:56,1,2,250,476,0,0,12,12,5,0,500,CASH
8,15-Jan-26,15:58:56,2,1,75,71,0,0,2,2,5,0,75,CASH
9,15-Jan-26,16:00:38,1,2,200,381,0,0,9.5,9.5,5,0,400,CASH
9,15-Jan-26,16:00:38,2,1,100,95,0,0,2.5,2.5,5,0,100,CASH
10,15-Jan-26,19:07:19,1,2,100,190,0,0,5,5,5,0,200,CASH
10,15-Jan-26,19:07:19,2,1,400,381,0,0,9.5,9.5,5,0,400,CASH
11,15-Jan-26,19:09:50,1,2,120,229,0,0,5.5,5.5,5,0,240,
12,15-Jan-26,19:14:41,1,1,120,114,0,0,3,3,5,0,120,CASH
351,29-Jan-26,18:52:50,2,1,200,190,0,0,5,5,5,0,200,
352,30-Jan-26,12:02:06,1,2,350,667,0,0,16.5,16.5,5,0,700,CASH
352,30-Jan-26,12:02:06,2,1,200,190,0,0,5,5,5,0,200,CASH
352,30-Jan-26,12:02:06,3,1,100,95,0,0,2.5,2.5,5,0,100,CASH
353,30-Jan-26,12:29:56,1,1,10,10,0,0,0,0,5,0,10,
354,30-Jan-26,12:30:05,1,1,200,190,0,0,5,5,5,0,200,
354,30-Jan-26,12:30:05,2,1,200,190,0,0,5,5,5,0,200,
354,30-Jan-26,12:30:05,3,1,100,95,0,0,2.5,2.5,5,0,100,
355,30-Jan-26,14:49:10,1,1,150,143,0,0,3.5,3.5,5,0,150,CASH
356,30-Jan-26,14:55:42,1,1,120,114,0,0,3,3,5,0,120,
357,30-Jan-26,15:17:29,1,1,100,95,0,0,2.5,2.5,5,0,100,CASH
358,30-Jan-26,15:43:57,1,1,200,190,0,0,5,5,5,0,200,CASH
359,30-Jan-26,15:59:44,1,8,150,1143,0,0,28.5,28.5,5,0,1200,
360,30-Jan-26,16:03:53,1,4,150,571,0,0,14.5,14.5,5,0,600,
360,30-Jan-26,16:03:53,2,2,100,190,0,0,5,5,5,0,200,
360,30-Jan-26,16:03:53,3,1,100,95,0,0,2.5,2.5,5,0,100,
360,30-Jan-26,16:03:53,4,4,150,571,0,0,14.5,14.5,5,0,600,
85,18-Jan-26,16:08:45,2,1,60,57,0,0,1.5,1.5,5,0,60,
86,18-Jan-26,16:11:26,1,1,300,286,0,0,7,7,5,0,300,
87,18-Jan-26,16:32:48,1,2,400,762,0,0,19,19,5,0,800,
87,18-Jan-26,16:32:48,2,1,150,143,0,0,3.5,3.5,5,0,150,
87,18-Jan-26,16:32:48,3,1,150,143,0,0,3.5,3.5,5,0,150,
88,18-Jan-26,16:42:35,1,2,400,762,0,0,19,19,5,0,800,
88,18-Jan-26,16:42:35,2,2,150,286,0,0,7,7,5,0,300,
89,18-Jan-26,16:43:10,1,1,500,476,0,0,12,12,5,0,500,
89,18-Jan-26,16:43:10,2,1,100,95,0,0,2.5,2.5,5,0,100,
90,18-Jan-26,17:21:25,1,4,150,571,0,0,14.5,14.5,5,0,600,
90,18-Jan-26,17:21:25,2,1,400,381,0,0,9.5,9.5,5,0,400,
90,18-Jan-26,17:21:25,3,2,250,476,0,0,12,12,5,0,500,
90,18-Jan-26,17:21:25,4,3,200,571,0,0,14.5,14.5,5,0,600,
91,18-Jan-26,18:04:29,1,2,200,381,0,0,9.5,9.5,5,0,400,
91,18-Jan-26,18:04:29,2,2,150,286,0,0,7,7,5,0,300,
91,18-Jan-26,18:04:29,3,1,100,95,0,0,2.5,2.5,5,0,100,
92,18-Jan-26,18:18:59,1,1,300,286,0,0,7,7,5,0,300,
13,15-Jan-26,19:40:08,1,1,120,114,0,0,3,3,5,0,120,
14,15-Jan-26,19:42:44,1,1,300,286,0,0,7,7,5,0,300,
15,15-Jan-26,19:48:37,1,2,120,229,0,0,5.5,5.5,5,0,240,
16,15-Jan-26,20:04:18,1,1,200,190,0,0,5,5,5,0,200,CASH
16,15-Jan-26,20:04:18,2,1,150,143,0,0,3.5,3.5,5,0,150,CASH
17,15-Jan-26,21:14:45,1,1,300,286,0,0,7,7,5,0,300,CASH
18,15-Jan-26,21:31:13,1,4,40,152,0,0,4,4,5,0,160,
18,15-Jan-26,21:31:13,2,2,100,190,0,0,5,5,5,0,200,
18,15-Jan-26,21:31:13,3,2,100,190,0,0,5,5,5,0,200,
19,15-Jan-26,22:12:33,1,1,300,286,0,0,7,7,5,0,300,CASH
19,15-Jan-26,22:12:33,2,1,200,190,0,0,5,5,5,0,200,CASH
20,16-Jan-26,10:15:35,1,1,150,143,0,0,3.5,3.5,5,0,150,CASH
20,16-Jan-26,10:15:35,2,1,200,190,0,0,5,5,5,0,200,CASH
21,16-Jan-26,14:05:52,1,2,300,571,0,0,14.5,14.5,5,0,600,CASH
21,16-Jan-26,14:05:52,2,1,350,333,0,0,8.5,8.5,5,0,350,CASH
22,16-Jan-26,14:20:38,1,1,180,171,0,0,4.5,4.5,5,0,180,
22,16-Jan-26,14:20:38,2,1,150,143,0,0,3.5,3.5,5,0,150,
92,18-Jan-26,18:18:59,2,1,100,95,0,0,2.5,2.5,5,0,100,
93,18-Jan-26,18:40:56,1,2,200,381,0,0,9.5,9.5,5,0,400,
94,18-Jan-26,19:15:07,1,3,70,200,0,0,5,5,5,0,210,
95,18-Jan-26,20:50:40,1,1,400,381,0,0,9.5,9.5,5,0,400,
95,18-Jan-26,20:50:40,2,1,250,238,0,0,6,6,5,0,250,
95,18-Jan-26,20:50:40,3,1,100,95,0,0,2.5,2.5,5,0,100,
96,18-Jan-26,21:06:19,1,1,150,143,0,0,3.5,3.5,5,0,150,
97,18-Jan-26,21:06:50,1,1,140,133,0,0,3.5,3.5,5,0,140,
98,18-Jan-26,21:07:12,1,1,200,190,0,0,5,5,5,0,200,
98,18-Jan-26,21:07:12,2,1,150,143,0,0,3.5,3.5,5,0,150,
99,18-Jan-26,21:08:11,1,2,75,143,0,0,3.5,3.5,5,0,150,
100,18-Jan-26,21:27:59,1,1,150,143,0,0,3.5,3.5,5,0,150,
101,18-Jan-26,21:37:06,1,1,360,343,0,0,8.5,8.5,5,0,360,
101,18-Jan-26,21:37:06,2,1,200,190,0,0,5,5,5,0,200,
101,18-Jan-26,21:37:06,3,1,150,143,0,0,3.5,3.5,5,0,150,
102,18-Jan-26,21:45:47,1,1,150,143,0,0,3.5,3.5,5,0,150,
103,19-Jan-26,12:19:57,1,1,400,381,0,0,9.5,9.5,5,0,400,
360,30-Jan-26,16:03:53,5,2,100,190,0,0,5,5,5,0,200,
361,30-Jan-26,16:24:30,1,5,150,714,0,0,18,18,5,0,750,
362,30-Jan-26,16:26:02,1,1,150,143,0,0,3.5,3.5,5,0,150,
362,30-Jan-26,16:26:02,2,1,40,38,0,0,1,1,5,0,40,
363,30-Jan-26,19:37:11,1,1,60,57,0,0,1.5,1.5,5,0,60,
364,30-Jan-26,20:29:04,1,1,400,381,0,0,9.5,9.5,5,0,400,
364,30-Jan-26,20:29:04,2,1,100,95,0,0,2.5,2.5,5,0,100,
364,30-Jan-26,20:29:04,3,2,500,952,0,0,24,24,5,0,1000,
364,30-Jan-26,20:29:04,4,2,250,476,0,0,12,12,5,0,500,
365,30-Jan-26,20:36:24,1,1,100,95,0,0,2.5,2.5,5,0,100,
365,30-Jan-26,20:36:24,2,3,150,429,0,0,10.5,10.5,5,0,450,
366,30-Jan-26,20:39:22,1,1,300,286,0,0,7,7,5,0,300,
367,30-Jan-26,20:43:33,1,8,40,305,0,0,7.5,7.5,5,0,320,CASH
367,30-Jan-26,20:43:33,2,1,60,57,0,0,1.5,1.5,5,0,60,CASH
367,30-Jan-26,20:43:33,3,5,70,333,0,0,8.5,8.5,5,0,350,CASH
367,30-Jan-26,20:43:33,4,3,80,229,0,0,5.5,5.5,5,0,240,CASH
368,30-Jan-26,20:48:00,1,1,100,95,0,0,2.5,2.5,5,0,100,
22,16-Jan-26,14:20:38,3,1,150,143,0,0,3.5,3.5,5,0,150,
23,16-Jan-26,14:32:08,1,1,150,143,0,0,3.5,3.5,5,0,150,
24,16-Jan-26,14:35:06,1,1,660,629,0,0,15.5,15.5,5,0,660,
24,16-Jan-26,14:35:06,2,2,150,286,0,0,7,7,5,0,300,
25,16-Jan-26,14:37:02,1,1,100,95,0,0,2.5,2.5,5,0,100,
25,16-Jan-26,14:37:02,2,1,150,143,0,0,3.5,3.5,5,0,150,
26,16-Jan-26,14:49:03,1,5,40,190,0,0,5,5,5,0,200,
27,16-Jan-26,15:06:16,1,1,350,333,0,0,8.5,8.5,5,0,350,
28,16-Jan-26,15:08:42,1,4,100,381,0,0,9.5,9.5,5,0,400,
28,16-Jan-26,15:08:42,2,1,120,114,0,0,3,3,5,0,120,
28,16-Jan-26,15:08:42,3,1,50,48,0,0,1,1,5,0,50,
28,16-Jan-26,15:08:42,4,1,150,143,0,0,3.5,3.5,5,0,150,
29,16-Jan-26,15:34:01,1,1,200,190,0,0,5,5,5,0,200,
30,16-Jan-26,16:00:47,1,1,150,143,0,0,3.5,3.5,5,0,150,
30,16-Jan-26,16:00:47,2,1,100,95,0,0,2.5,2.5,5,0,100,
31,16-Jan-26,17:23:33,1,1,350,333,0,0,8.5,8.5,5,0,350,
32,16-Jan-26,17:55:21,1,1,100,95,0,0,2.5,2.5,5,0,100,
115,19-Jan-26,19:48:54,1,1,150,143,0,0,3.5,3.5,5,0,150,
116,19-Jan-26,19:57:41,1,1,150,143,0,0,3.5,3.5,5,0,150,
117,19-Jan-26,20:15:19,1,1,150,143,0,0,3.5,3.5,5,0,150,
118,19-Jan-26,20:15:30,1,1,50,48,0,0,1,1,5,0,50,
119,19-Jan-26,21:02:52,1,1,70,67,0,0,1.5,1.5,5,0,70,CASH
119,19-Jan-26,21:02:52,2,2,40,76,0,0,2,2,5,0,80,CASH
120,19-Jan-26,21:05:56,1,1,100,95,0,0,2.5,2.5,5,0,100,CASH
120,19-Jan-26,21:05:56,2,1,120,114,0,0,3,3,5,0,120,CASH
121,19-Jan-26,21:43:20,1,2,200,381,0,0,9.5,9.5,5,0,400,
121,19-Jan-26,21:43:20,2,1,250,238,0,0,6,6,5,0,250,
122,19-Jan-26,21:43:49,1,1,50,48,0,0,1,1,5,0,50,
122,19-Jan-26,21:43:49,2,1,200,190,0,0,5,5,5,0,200,
122,19-Jan-26,21:43:49,3,1,150,143,0,0,3.5,3.5,5,0,150,
122,19-Jan-26,21:43:49,4,2,100,190,0,0,5,5,5,0,200,
122,19-Jan-26,21:43:49,5,2,300,571,0,0,14.5,14.5,5,0,600,
123,19-Jan-26,22:00:05,1,1,120,114,0,0,3,3,5,0,120,
124,19-Jan-26,22:02:22,1,2,150,286,0,0,7,7,5,0,300,
374,31-Jan-26,13:31:27,1,1,50,48,0,0,1,1,5,0,50,
375,31-Jan-26,14:13:35,1,1,500,476,0,0,12,12,5,0,500,
376,31-Jan-26,15:38:58,1,1,100,95,0,0,2.5,2.5,5,0,100,
376,31-Jan-26,15:38:58,2,1,200,190,0,0,5,5,5,0,200,
376,31-Jan-26,15:38:58,3,1,50,48,0,0,1,1,5,0,50,
376,31-Jan-26,15:38:58,4,3,50,143,0,0,3.5,3.5,5,0,150,
377,31-Jan-26,15:46:27,1,1,180,171,0,0,4.5,4.5,5,0,180,
378,31-Jan-26,16:23:18,1,2,120,229,0,0,5.5,5.5,5,0,240,
379,31-Jan-26,16:36:25,1,1,200,190,0,0,5,5,5,0,200,CASH
379,31-Jan-26,16:36:25,2,3,150,429,0,0,10.5,10.5,5,0,450,CASH
379,31-Jan-26,16:36:25,3,1,120,114,0,0,3,3,5,0,120,CASH
380,31-Jan-26,16:37:38,1,1,50,48,0,0,1,1,5,0,50,
380,31-Jan-26,16:37:38,2,1,200,190,0,0,5,5,5,0,200,
381,31-Jan-26,17:15:00,1,1,120,114,0,0,3,3,5,0,120,
382,31-Jan-26,18:47:56,1,3,120,343,0,0,8.5,8.5,5,0,360,
383,31-Jan-26,19:04:44,1,1,300,286,0,0,7,7,5,0,300,
384,31-Jan-26,19:05:02,1,2,50,95,0,0,2.5,2.5,5,0,100,
33,16-Jan-26,18:33:21,1,3,50,143,0,0,3.5,3.5,5,0,150,
34,16-Jan-26,18:39:39,1,19,40,724,0,0,18,18,5,0,760,
35,16-Jan-26,19:00:11,1,4,10,38,0,0,1,1,5,0,40,
36,16-Jan-26,19:06:12,1,1,100,95,0,0,2.5,2.5,5,0,100,
36,16-Jan-26,19:06:12,2,1,260,248,0,0,6,6,5,0,260,
37,16-Jan-26,19:24:12,1,4,250,952,0,0,24,24,5,0,1000,
37,16-Jan-26,19:24:12,2,2,200,381,0,0,9.5,9.5,5,0,400,
37,16-Jan-26,19:24:12,3,2,150,286,0,0,7,7,5,0,300,
37,16-Jan-26,19:24:12,4,8,100,762,0,0,19,19,5,0,800,
37,16-Jan-26,19:24:12,5,2,120,229,0,0,5.5,5.5,5,0,240,
37,16-Jan-26,19:24:12,6,2,100,190,0,0,5,5,5,0,200,
37,16-Jan-26,19:24:12,7,1,250,238,0,0,6,6,5,0,250,
38,16-Jan-26,19:29:41,1,1,150,143,0,0,3.5,3.5,5,0,150,
38,16-Jan-26,19:29:41,2,1,150,143,0,0,3.5,3.5,5,0,150,
39,16-Jan-26,19:46:16,1,3,70,200,0,0,5,5,5,0,210,
40,16-Jan-26,19:48:44,1,1,350,333,0,0,8.5,8.5,5,0,350,
40,16-Jan-26,19:48:44,2,1,300,286,0,0,7,7,5,0,300,
459,05-Feb-26,17:53:06,1,3,100,286,0,0,7,7,5,0,300,
459,05-Feb-26,17:53:06,2,3,150,429,0,0,10.5,10.5,5,0,450,
459,05-Feb-26,17:53:06,3,1,80,76,0,0,2,2,5,0,80,
459,05-Feb-26,17:53:06,4,1,500,476,0,0,12,12,5,0,500,
459,05-Feb-26,17:53:06,5,1,300,286,0,0,7,7,5,0,300,
459,05-Feb-26,17:53:06,6,3,40,114,0,0,3,3,5,0,120,
459,05-Feb-26,17:53:06,7,1,50,48,0,0,1,1,5,0,50,
460,05-Feb-26,19:01:34,1,8,150,1143,0,0,28.5,28.5,5,0,1200,
460,05-Feb-26,19:01:34,2,2,150,286,0,0,7,7,5,0,300,
460,05-Feb-26,19:01:34,3,1,200,190,0,0,5,5,5,0,200,
460,05-Feb-26,19:01:34,4,1,150,143,0,0,3.5,3.5,5,0,150,
461,05-Feb-26,19:21:15,1,1,350,333,0,0,8.5,8.5,5,0,350,
462,05-Feb-26,19:22:45,1,2,50,95,0,0,2.5,2.5,5,0,100,
463,05-Feb-26,20:19:33,1,1,150,143,0,0,3.5,3.5,5,0,150,
464,05-Feb-26,20:53:22,1,1,500,476,0,0,12,12,5,0,500,
464,05-Feb-26,20:53:22,2,1,300,286,0,0,7,7,5,0,300,
465,05-Feb-26,21:22:02,1,3,100,286,0,0,7,7,5,0,300,
385,31-Jan-26,19:14:25,1,1,100,95,0,0,2.5,2.5,5,0,100,
385,31-Jan-26,19:14:25,2,1,200,190,0,0,5,5,5,0,200,
386,31-Jan-26,19:33:44,1,2,30,57,0,0,1.5,1.5,5,0,60,
386,31-Jan-26,19:33:44,2,3,100,286,0,0,7,7,5,0,300,
386,31-Jan-26,19:33:44,3,1,100,95,0,0,2.5,2.5,5,0,100,
386,31-Jan-26,19:33:44,4,1,120,114,0,0,3,3,5,0,120,
386,31-Jan-26,19:33:44,5,1,30,29,0,0,0.5,0.5,5,0,30,
387,31-Jan-26,20:41:57,1,1,100,95,0,0,2.5,2.5,5,0,100,
387,31-Jan-26,20:41:57,2,2,150,286,0,0,7,7,5,0,300,
387,31-Jan-26,20:41:57,3,1,160,152,0,0,4,4,5,0,160,
388,31-Jan-26,21:05:54,1,1,800,762,0,0,19,19,5,0,800,
388,31-Jan-26,21:05:54,2,2,100,190,0,0,5,5,5,0,200,
389,31-Jan-26,21:07:08,1,3,100,286,0,0,7,7,5,0,300,
390,31-Jan-26,21:27:55,1,2,40,76,0,0,2,2,5,0,80,
391,31-Jan-26,22:44:19,1,1,100,95,0,0,2.5,2.5,5,0,100,CASH
391,31-Jan-26,22:44:19,2,2,200,381,0,0,9.5,9.5,5,0,400,CASH
391,31-Jan-26,22:44:19,3,1,150,143,0,0,3.5,3.5,5,0,150,CASH
465,05-Feb-26,21:22:02,2,2,150,286,0,0,7,7,5,0,300,
466,05-Feb-26,21:24:47,1,2,50,95,0,0,2.5,2.5,5,0,100,
466,05-Feb-26,21:24:47,2,1,200,190,0,0,5,5,5,0,200,
466,05-Feb-26,21:24:47,3,2,150,286,0,0,7,7,5,0,300,
466,05-Feb-26,21:24:47,4,1,200,190,0,0,5,5,5,0,200,
467,05-Feb-26,21:59:25,1,1,200,190,0,0,5,5,5,0,200,
468,06-Feb-26,17:15:25,1,1,500,476,0,0,12,12,5,0,500,
469,06-Feb-26,18:06:13,1,1,60,57,0,0,1.5,1.5,5,0,60,
470,06-Feb-26,18:38:29,1,1,300,286,0,0,7,7,5,0,300,
470,06-Feb-26,18:38:29,2,1,150,143,0,0,3.5,3.5,5,0,150,
471,06-Feb-26,18:49:10,1,1,300,286,0,0,7,7,5,0,300,
471,06-Feb-26,18:49:10,2,1,150,143,0,0,3.5,3.5,5,0,150,
471,06-Feb-26,18:49:10,3,1,150,143,0,0,3.5,3.5,5,0,150,
471,06-Feb-26,18:49:10,4,2,60,114,0,0,3,3,5,0,120,
472,06-Feb-26,20:06:54,1,1,100,95,0,0,2.5,2.5,5,0,100,
473,06-Feb-26,20:07:14,1,1,300,286,0,0,7,7,5,0,300,
473,06-Feb-26,20:07:14,2,1,100,95,0,0,2.5,2.5,5,0,100,
154,21-Jan-26,17:48:04,2,1,160,152,0,0,4,4,5,0,160,
155,21-Jan-26,18:07:20,1,1,100,95,0,0,2.5,2.5,5,0,100,
156,21-Jan-26,18:16:55,1,1,450,429,0,0,10.5,10.5,5,0,450,
157,21-Jan-26,18:58:13,1,3,150,429,0,0,10.5,10.5,5,0,450,
157,21-Jan-26,18:58:13,2,1,200,190,0,0,5,5,5,0,200,
157,21-Jan-26,18:58:13,3,3,50,143,0,0,3.5,3.5,5,0,150,
158,21-Jan-26,19:07:41,1,3,150,429,0,0,10.5,10.5,5,0,450,
159,21-Jan-26,19:10:27,1,1,150,143,0,0,3.5,3.5,5,0,150,
160,21-Jan-26,19:13:56,1,2,250,476,0,0,12,12,5,0,500,
160,21-Jan-26,19:13:56,2,1,100,95,0,0,2.5,2.5,5,0,100,
161,21-Jan-26,19:25:28,1,1,70,67,0,0,1.5,1.5,5,0,70,
162,21-Jan-26,19:31:37,1,3,130,371,0,0,9.5,9.5,5,0,390,
162,21-Jan-26,19:31:37,2,2,180,343,0,0,8.5,8.5,5,0,360,
163,21-Jan-26,19:56:00,1,1,100,95,0,0,2.5,2.5,5,0,100,
164,21-Jan-26,20:23:23,1,1,350,333,0,0,8.5,8.5,5,0,0,CASH
164,21-Jan-26,20:23:23,2,3,150,429,0,0,10.5,10.5,5,0,450,CASH
164,21-Jan-26,20:23:23,3,1,200,190,0,0,5,5,5,0,200,CASH
70,17-Jan-26,20:55:52,3,2,150,286,0,0,7,7,5,0,300,
70,17-Jan-26,20:55:52,4,1,120,114,0,0,3,3,5,0,120,
71,17-Jan-26,21:12:45,1,2,150,286,0,0,7,7,5,0,300,
71,17-Jan-26,21:12:45,2,1,200,190,0,0,5,5,5,0,200,
71,17-Jan-26,21:12:45,3,1,200,190,0,0,5,5,5,0,200,
72,17-Jan-26,21:41:54,1,5,150,714,0,0,18,18,5,0,750,
72,17-Jan-26,21:41:54,2,1,100,95,0,0,2.5,2.5,5,0,100,
73,17-Jan-26,22:15:45,1,1,100,95,0,0,2.5,2.5,5,0,100,
73,17-Jan-26,22:15:45,2,1,250,238,0,0,6,6,5,0,250,
73,17-Jan-26,22:15:45,3,1,400,381,0,0,9.5,9.5,5,0,400,
74,17-Jan-26,22:19:26,1,1,400,381,0,0,9.5,9.5,5,0,400,
75,17-Jan-26,22:19:42,1,1,550,524,0,0,13,13,5,0,550,
76,17-Jan-26,22:33:21,1,2,50,95,0,0,2.5,2.5,5,0,100,CASH
76,17-Jan-26,22:33:21,2,2,80,152,0,0,4,4,5,0,160,CASH
76,17-Jan-26,22:33:21,3,2,150,286,0,0,7,7,5,0,300,CASH
76,17-Jan-26,22:33:21,4,1,150,143,0,0,3.5,3.5,5,0,150,CASH
77,18-Jan-26,12:23:24,1,2,100,190,0,0,5,5,5,0,200,CASH
165,21-Jan-26,20:49:36,1,1,100,95,0,0,2.5,2.5,5,0,100,
165,21-Jan-26,20:49:36,2,1,150,143,0,0,3.5,3.5,5,0,0,
165,21-Jan-26,20:49:36,3,1,200,190,0,0,5,5,5,0,200,
166,21-Jan-26,21:09:41,1,2,120,229,0,0,5.5,5.5,5,0,240,CASH
166,21-Jan-26,21:09:41,2,1,200,190,0,0,5,5,5,0,200,CASH
166,21-Jan-26,21:09:41,3,1,110,105,0,0,2.5,2.5,5,0,110,CASH
166,21-Jan-26,21:09:41,4,1,200,190,0,0,5,5,5,0,200,CASH
167,21-Jan-26,21:16:44,1,2,200,381,0,0,9.5,9.5,5,0,400,
167,21-Jan-26,21:16:44,2,1,360,343,0,0,8.5,8.5,5,0,360,
167,21-Jan-26,21:16:44,3,1,150,143,0,0,3.5,3.5,5,0,150,
167,21-Jan-26,21:16:44,4,1,340,324,0,0,8,8,5,0,340,
167,21-Jan-26,21:16:44,5,1,200,190,0,0,5,5,5,0,200,
167,21-Jan-26,21:16:44,6,1,160,152,0,0,4,4,5,0,160,
167,21-Jan-26,21:16:44,7,1,150,143,0,0,3.5,3.5,5,0,150,
167,21-Jan-26,21:16:44,8,1,120,114,0,0,3,3,5,0,120,
167,21-Jan-26,21:16:44,9,1,400,381,0,0,9.5,9.5,5,0,400,
168,22-Jan-26,11:08:25,1,1,70,67,0,0,1.5,1.5,5,0,70,CASH
188,23-Jan-26,15:48:50,2,1,100,95,0,0,2.5,2.5,5,0,100,
189,23-Jan-26,17:05:46,1,2,100,190,0,0,5,5,5,0,200,
189,23-Jan-26,17:05:46,2,1,120,114,0,0,3,3,5,0,120,
189,23-Jan-26,17:05:46,3,1,120,114,0,0,3,3,5,0,120,
189,23-Jan-26,17:05:46,4,1,110,105,0,0,2.5,2.5,5,0,110,
190,23-Jan-26,17:12:54,1,1,200,190,0,0,5,5,5,0,200,
191,23-Jan-26,17:13:56,1,2,100,190,0,0,5,5,5,0,200,
191,23-Jan-26,17:13:56,2,1,120,114,0,0,3,3,5,0,120,
191,23-Jan-26,17:13:56,3,1,130,124,0,0,3,3,5,0,130,
192,23-Jan-26,18:12:11,1,1,400,381,0,0,9.5,9.5,5,0,400,
192,23-Jan-26,18:12:11,2,1,500,476,0,0,12,12,5,0,500,
192,23-Jan-26,18:12:11,3,3,100,286,0,0,7,7,5,0,300,
192,23-Jan-26,18:12:11,4,1,200,190,0,0,5,5,5,0,200,
192,23-Jan-26,18:12:11,5,2,100,190,0,0,5,5,5,0,200,
192,23-Jan-26,18:12:11,6,2,30,57,0,0,1.5,1.5,5,0,60,
192,23-Jan-26,18:12:11,7,3,40,114,0,0,3,3,5,0,120,
193,23-Jan-26,18:37:56,1,3,100,286,0,0,7,7,5,0,300,
474,06-Feb-26,20:08:49,1,5,100,476,0,0,12,12,5,0,500,
475,06-Feb-26,20:13:23,1,1,500,476,0,0,12,12,5,0,500,CASH
476,06-Feb-26,20:14:32,1,1,200,190,0,0,5,5,5,0,200,
476,06-Feb-26,20:14:32,2,1,250,238,0,0,6,6,5,0,250,
476,06-Feb-26,20:14:32,3,1,250,238,0,0,6,6,5,0,250,
476,06-Feb-26,20:14:32,4,4,100,381,0,0,9.5,9.5,5,0,400,
476,06-Feb-26,20:14:32,5,2,100,190,0,0,5,5,5,0,200,
476,06-Feb-26,20:14:32,6,4,150,571,0,0,14.5,14.5,5,0,0,
476,06-Feb-26,20:14:32,7,1,100,95,0,0,2.5,2.5,5,0,100,
477,06-Feb-26,21:24:56,1,1,200,190,0,0,5,5,5,0,200,CASH
478,06-Feb-26,22:23:45,1,1,150,143,0,0,3.5,3.5,5,0,150,
479,06-Feb-26,22:23:59,1,1,160,152,0,0,4,4,5,0,160,
480,06-Feb-26,22:24:10,1,1,250,238,0,0,6,6,5,0,250,
481,06-Feb-26,23:04:22,1,1,200,190,0,0,5,5,5,0,200,CASH
482,07-Feb-26,11:11:47,1,1,150,143,0,0,3.5,3.5,5,0,150,CASH
483,07-Feb-26,15:11:40,1,1,100,95,0,0,2.5,2.5,5,0,100,
483,07-Feb-26,15:11:40,2,2,200,381,0,0,9.5,9.5,5,0,400,
193,23-Jan-26,18:37:56,2,1,50,48,0,0,1,1,5,0,50,
193,23-Jan-26,18:37:56,3,1,150,143,0,0,3.5,3.5,5,0,150,
194,23-Jan-26,18:38:51,1,1,200,190,0,0,5,5,5,0,200,
194,23-Jan-26,18:38:51,2,3,120,343,0,0,8.5,8.5,5,0,360,
194,23-Jan-26,18:38:51,3,1,150,143,0,0,3.5,3.5,5,0,150,
195,23-Jan-26,18:50:27,1,1,30,29,0,0,0.5,0.5,5,0,30,
196,23-Jan-26,19:35:12,1,4,60,229,0,0,5.5,5.5,5,0,240,
197,23-Jan-26,19:41:40,1,1,300,286,0,0,7,7,5,0,300,
198,23-Jan-26,19:47:04,1,1,120,114,0,0,3,3,5,0,120,
199,23-Jan-26,19:47:48,1,3,100,286,0,0,7,7,5,0,300,
199,23-Jan-26,19:47:48,2,1,60,57,0,0,1.5,1.5,5,0,60,
200,23-Jan-26,20:12:37,1,1,300,286,0,0,7,7,5,0,300,
201,23-Jan-26,20:39:50,1,1,50,48,0,0,1,1,5,0,50,
202,23-Jan-26,20:40:02,1,4,100,381,0,0,9.5,9.5,5,0,400,
202,23-Jan-26,20:40:02,2,2,100,190,0,0,5,5,5,0,200,
203,23-Jan-26,21:24:59,1,7,150,1000,0,0,25,25,5,0,1050,
204,23-Jan-26,21:26:18,1,3,40,114,0,0,3,3,5,0,120,
137,20-Jan-26,19:34:48,1,1,200,190,0,0,5,5,5,0,200,CASH
137,20-Jan-26,19:34:48,2,1,150,143,0,0,3.5,3.5,5,0,150,CASH
138,20-Jan-26,19:35:59,1,3,150,429,0,0,10.5,10.5,5,0,450,
139,20-Jan-26,20:44:02,1,1,400,381,0,0,9.5,9.5,5,0,400,
140,20-Jan-26,20:48:28,1,1,150,143,0,0,3.5,3.5,5,0,150,
141,20-Jan-26,21:18:24,1,1,120,114,0,0,3,3,5,0,120,
141,20-Jan-26,21:18:24,2,2,50,95,0,0,2.5,2.5,5,0,100,
142,21-Jan-26,11:14:22,1,10,40,381,0,0,9.5,9.5,5,0,400,CASH
142,21-Jan-26,11:14:22,2,2,120,229,0,0,5.5,5.5,5,0,240,CASH
143,21-Jan-26,11:59:47,1,1,100,95,0,0,2.5,2.5,5,0,100,
144,21-Jan-26,12:02:11,1,1,250,238,0,0,6,6,5,0,250,
144,21-Jan-26,12:02:11,2,1,200,190,0,0,5,5,5,0,200,
145,21-Jan-26,12:11:19,1,1,200,190,0,0,5,5,5,0,200,
146,21-Jan-26,12:24:34,1,1,200,190,0,0,5,5,5,0,200,
147,21-Jan-26,12:26:08,1,1,600,571,0,0,14.5,14.5,5,0,600,
147,21-Jan-26,12:26:08,2,2,100,190,0,0,5,5,5,0,200,
148,21-Jan-26,13:44:24,1,1,200,190,0,0,5,5,5,0,200,
369,30-Jan-26,21:23:18,1,2,350,667,0,0,16.5,16.5,5,0,700,CASH
369,30-Jan-26,21:23:18,2,1,300,286,0,0,7,7,5,0,300,CASH
369,30-Jan-26,21:23:18,3,2,80,152,0,0,4,4,5,0,160,CASH
369,30-Jan-26,21:23:18,4,4,150,571,0,0,14.5,14.5,5,0,600,CASH
369,30-Jan-26,21:23:18,5,1,200,190,0,0,5,5,5,0,200,CASH
369,30-Jan-26,21:23:18,6,1,100,95,0,0,2.5,2.5,5,0,100,CASH
369,30-Jan-26,21:23:18,7,1,150,143,0,0,3.5,3.5,5,0,150,CASH
369,30-Jan-26,21:23:18,8,2,100,190,0,0,5,5,5,0,200,CASH
369,30-Jan-26,21:23:18,9,2,150,286,0,0,7,7,5,0,300,CASH
369,30-Jan-26,21:23:18,10,1,100,95,0,0,2.5,2.5,5,0,100,CASH
370,30-Jan-26,21:32:19,1,1,260,248,0,0,6,6,5,0,260,
370,30-Jan-26,21:32:19,2,1,120,114,0,0,3,3,5,0,120,
371,30-Jan-26,21:48:43,1,1,80,76,0,0,2,2,5,0,80,
371,30-Jan-26,21:48:43,2,1,70,67,0,0,1.5,1.5,5,0,70,
372,30-Jan-26,22:05:52,1,1,150,143,0,0,3.5,3.5,5,0,150,CASH
372,30-Jan-26,22:05:52,2,1,100,95,0,0,2.5,2.5,5,0,100,CASH
373,31-Jan-26,10:38:16,1,1,150,143,0,0,3.5,3.5,5,0,150,CASH
452,04-Feb-26,21:52:13,1,1,200,190,0,0,5,5,5,0,200,CASH
453,04-Feb-26,22:09:04,1,1,50,48,0,0,1,1,5,0,50,
453,04-Feb-26,22:09:04,2,2,70,133,0,0,3.5,3.5,5,0,140,
453,04-Feb-26,22:09:04,3,1,50,48,0,0,1,1,5,0,50,
454,05-Feb-26,11:15:30,1,1,120,114,0,0,3,3,5,0,120,CASH
455,05-Feb-26,11:19:08,1,2,400,762,0,0,19,19,5,0,800,
455,05-Feb-26,11:19:08,2,1,200,190,0,0,5,5,5,0,200,
455,05-Feb-26,11:19:08,3,1,50,48,0,0,1,1,5,0,50,
456,05-Feb-26,11:58:45,1,11,40,419,0,0,10.5,10.5,5,0,440,
456,05-Feb-26,11:58:45,2,1,100,95,0,0,2.5,2.5,5,0,100,
456,05-Feb-26,11:58:45,3,3,100,286,0,0,7,7,5,0,300,
456,05-Feb-26,11:58:45,4,1,60,57,0,0,1.5,1.5,5,0,0,
457,05-Feb-26,13:39:19,1,1,200,190,0,0,5,5,5,0,200,
457,05-Feb-26,13:39:19,2,1,120,114,0,0,3,3,5,0,120,
458,05-Feb-26,16:19:37,1,1,200,190,0,0,5,5,5,0,200,CASH
458,05-Feb-26,16:19:37,2,2,150,286,0,0,7,7,5,0,300,CASH
458,05-Feb-26,16:19:37,3,1,200,190,0,0,5,5,5,0,200,CASH
890,01-Mar-26,14:19:20,4,2,40,76,0,0,2,2,5,0,80,
890,01-Mar-26,14:19:20,5,2,80,152,0,0,4,4,5,0,160,
890,01-Mar-26,14:19:20,6,1,200,190,0,0,5,5,5,0,200,
891,01-Mar-26,14:26:30,1,1,140,133,0,0,3.5,3.5,5,0,140,
886,01-Mar-26,12:54:56,1,1,150,143,0,0,3.5,3.5,5,0,0,
886,01-Mar-26,12:54:56,2,1,50,48,0,0,1,1,5,0,50,
886,01-Mar-26,12:54:56,3,1,50,48,0,0,1,1,5,0,50,
886,01-Mar-26,12:54:56,4,1,200,190,0,0,5,5,5,0,200,
886,01-Mar-26,12:54:56,5,1,100,95,0,0,2.5,2.5,5,0,100,
886,01-Mar-26,12:54:56,6,1,40,38,0,0,1,1,5,0,40,
886,01-Mar-26,12:54:56,7,1,80,76,0,0,2,2,5,0,80,
886,01-Mar-26,12:54:56,8,1,130,124,0,0,3,3,5,0,130,
892,01-Mar-26,15:40:20,1,2,100,190,0,0,5,5,5,0,200,
892,01-Mar-26,15:40:20,2,2,120,229,0,0,5.5,5.5,5,0,240,
893,01-Mar-26,15:57:01,1,2,150,286,0,0,7,7,5,0,300,
893,01-Mar-26,15:57:01,2,1,200,190,0,0,5,5,5,0,200,
894,01-Mar-26,15:57:48,1,1,80,76,0,0,2,2,5,0,80,
148,21-Jan-26,13:44:24,2,1,150,143,0,0,3.5,3.5,5,0,150,
148,21-Jan-26,13:44:24,3,1,100,95,0,0,2.5,2.5,5,0,100,
148,21-Jan-26,13:44:24,4,1,150,143,0,0,3.5,3.5,5,0,150,
148,21-Jan-26,13:44:24,5,3,100,286,0,0,7,7,5,0,300,
148,21-Jan-26,13:44:24,6,1,120,114,0,0,3,3,5,0,120,
148,21-Jan-26,13:44:24,7,1,100,95,0,0,2.5,2.5,5,0,100,
148,21-Jan-26,13:44:24,8,2,150,286,0,0,7,7,5,0,300,
149,21-Jan-26,13:51:12,1,1,450,429,0,0,10.5,10.5,5,0,450,
150,21-Jan-26,15:31:49,1,1,200,190,0,0,5,5,5,0,200,
150,21-Jan-26,15:31:49,2,2,120,229,0,0,5.5,5.5,5,0,240,
150,21-Jan-26,15:31:49,3,1,80,76,0,0,2,2,5,0,80,
150,21-Jan-26,15:31:49,4,1,80,76,0,0,2,2,5,0,80,
151,21-Jan-26,15:35:18,1,2,200,381,0,0,9.5,9.5,5,0,400,
151,21-Jan-26,15:35:18,2,1,100,95,0,0,2.5,2.5,5,0,100,
152,21-Jan-26,15:53:24,1,1,200,190,0,0,5,5,5,0,200,
153,21-Jan-26,16:30:59,1,1,220,210,0,0,5,5,5,0,220,
154,21-Jan-26,17:48:04,1,2,100,190,0,0,5,5,5,0,200,
392,01-Feb-26,11:28:30,1,1,500,476,0,0,12,12,5,0,500,CASH
392,01-Feb-26,11:28:30,2,1,200,190,0,0,5,5,5,0,200,CASH
392,01-Feb-26,11:28:30,3,1,500,476,0,0,12,12,5,0,500,CASH
392,01-Feb-26,11:28:30,4,1,300,286,0,0,7,7,5,0,300,CASH
392,01-Feb-26,11:28:30,5,1,200,190,0,0,5,5,5,0,200,CASH
392,01-Feb-26,11:28:30,6,1,250,238,0,0,6,6,5,0,250,CASH
393,01-Feb-26,12:31:49,1,2,100,190,0,0,5,5,5,0,200,
394,01-Feb-26,12:33:27,1,6,100,571,0,0,14.5,14.5,5,0,600,
395,01-Feb-26,12:42:46,1,1,500,476,0,0,12,12,5,0,500,
395,01-Feb-26,12:42:46,2,1,200,190,0,0,5,5,5,0,200,
396,01-Feb-26,12:55:52,1,2,70,133,0,0,3.5,3.5,5,0,140,
396,01-Feb-26,12:55:52,2,1,150,143,0,0,3.5,3.5,5,0,150,
397,01-Feb-26,13:19:02,1,1,500,476,0,0,12,12,5,0,500,
397,01-Feb-26,13:19:02,2,4,100,381,0,0,9.5,9.5,5,0,400,
398,01-Feb-26,13:50:28,1,1,150,143,0,0,3.5,3.5,5,0,150,
398,01-Feb-26,13:50:28,2,1,100,95,0,0,2.5,2.5,5,0,100,
399,01-Feb-26,13:50:51,1,5,350,1667,0,0,41.5,41.5,5,0,1750,
204,23-Jan-26,21:26:18,2,3,100,286,0,0,7,7,5,0,300,
205,23-Jan-26,21:46:22,1,1,300,286,0,0,7,7,5,0,300,
205,23-Jan-26,21:46:22,2,1,200,190,0,0,5,5,5,0,200,
205,23-Jan-26,21:46:22,3,1,400,381,0,0,9.5,9.5,5,0,400,
206,23-Jan-26,22:00:15,1,1,1200,1143,0,0,28.5,28.5,5,0,1200,
206,23-Jan-26,22:00:15,2,1,400,381,0,0,9.5,9.5,5,0,400,
207,23-Jan-26,22:04:49,1,1,300,286,0,0,7,7,5,0,300,CASH
208,23-Jan-26,22:45:52,1,1,250,238,0,0,6,6,5,0,250,
208,23-Jan-26,22:45:52,2,1,100,95,0,0,2.5,2.5,5,0,100,
208,23-Jan-26,22:45:52,3,2,150,286,0,0,7,7,5,0,300,
209,23-Jan-26,22:52:43,1,1,100,95,0,0,2.5,2.5,5,0,100,CASH
210,24-Jan-26,11:00:00,1,2,50,95,0,0,2.5,2.5,5,0,100,CASH
210,24-Jan-26,11:00:00,2,1,100,95,0,0,2.5,2.5,5,0,100,CASH
211,24-Jan-26,12:05:36,1,2,150,286,0,0,7,7,5,0,300,
211,24-Jan-26,12:05:36,2,2,200,381,0,0,9.5,9.5,5,0,400,
211,24-Jan-26,12:05:36,3,3,100,286,0,0,7,7,5,0,300,
212,24-Jan-26,13:01:35,1,1,200,190,0,0,5,5,5,0,200,
212,24-Jan-26,13:01:35,2,1,100,95,0,0,2.5,2.5,5,0,100,
213,24-Jan-26,14:58:28,1,3,100,286,0,0,7,7,5,0,300,CASH
213,24-Jan-26,14:58:28,2,1,50,48,0,0,1,1,5,0,50,CASH
213,24-Jan-26,14:58:28,3,2,120,229,0,0,5.5,5.5,5,0,240,CASH
213,24-Jan-26,14:58:28,4,1,80,76,0,0,2,2,5,0,80,CASH
214,24-Jan-26,14:59:54,1,2,200,381,0,0,9.5,9.5,5,0,400,
214,24-Jan-26,14:59:54,2,1,200,190,0,0,5,5,5,0,200,
214,24-Jan-26,14:59:54,3,12,25,286,0,0,7,7,5,0,300,
215,24-Jan-26,15:09:16,1,1,200,190,0,0,5,5,5,0,200,
216,24-Jan-26,15:43:31,1,2,100,190,0,0,5,5,5,0,200,
217,24-Jan-26,16:27:43,1,2,250,476,0,0,12,12,5,0,500,
217,24-Jan-26,16:27:43,2,5,100,476,0,0,12,12,5,0,500,
217,24-Jan-26,16:27:43,3,2,50,95,0,0,2.5,2.5,5,0,100,
218,24-Jan-26,16:36:56,1,1,120,114,0,0,3,3,5,0,120,
219,24-Jan-26,19:11:04,1,3,150,429,0,0,10.5,10.5,5,0,450,
219,24-Jan-26,19:11:04,2,2,200,381,0,0,9.5,9.5,5,0,400,
220,24-Jan-26,19:11:33,1,4,450,1714,0,0,43,43,5,0,1800,
220,24-Jan-26,19:11:33,2,3,400,1143,0,0,28.5,28.5,5,0,1200,
220,24-Jan-26,19:11:33,3,1,200,190,0,0,5,5,5,0,200,
220,24-Jan-26,19:11:33,4,2,400,762,0,0,19,19,5,0,800,
221,24-Jan-26,19:15:24,1,1,400,381,0,0,9.5,9.5,5,0,400,
221,24-Jan-26,19:15:24,2,2,200,381,0,0,9.5,9.5,5,0,400,
222,24-Jan-26,21:11:00,1,2,50,95,0,0,2.5,2.5,5,0,100,
222,24-Jan-26,21:11:00,2,1,100,95,0,0,2.5,2.5,5,0,0,
222,24-Jan-26,21:11:00,3,14,40,533,0,0,13.5,13.5,5,0,560,
222,24-Jan-26,21:11:00,4,1,240,229,0,0,5.5,5.5,5,0,240,
223,24-Jan-26,21:22:55,1,2,300,571,0,0,14.5,14.5,5,0,600,
224,24-Jan-26,21:25:58,1,1,150,143,0,0,3.5,3.5,5,0,150,
224,24-Jan-26,21:25:58,2,2,130,248,0,0,6,6,5,0,260,
225,24-Jan-26,22:21:31,1,1,400,381,0,0,9.5,9.5,5,0,400,
226,24-Jan-26,22:26:41,1,1,350,333,0,0,8.5,8.5,5,0,350,
226,24-Jan-26,22:26:41,2,1,150,143,0,0,3.5,3.5,5,0,150,
226,24-Jan-26,22:26:41,3,2,50,95,0,0,2.5,2.5,5,0,100,
226,24-Jan-26,22:26:41,4,1,100,95,0,0,2.5,2.5,5,0,100,
227,24-Jan-26,22:36:06,1,1,50,48,0,0,1,1,5,0,50,
228,24-Jan-26,22:43:05,1,2,200,381,0,0,9.5,9.5,5,0,400,CASH
228,24-Jan-26,22:43:05,2,2,100,190,0,0,5,5,5,0,200,CASH
228,24-Jan-26,22:43:05,3,1,100,95,0,0,2.5,2.5,5,0,100,CASH
229,25-Jan-26,12:13:16,1,2,120,229,0,0,5.5,5.5,5,0,240,CASH
229,25-Jan-26,12:13:16,2,1,150,143,0,0,3.5,3.5,5,0,150,CASH
229,25-Jan-26,12:13:16,3,1,300,286,0,0,7,7,5,0,300,CASH
230,25-Jan-26,12:16:09,1,1,350,333,0,0,8.5,8.5,5,0,350,
231,25-Jan-26,13:21:22,1,4,250,952,0,0,24,24,5,0,1000,
231,25-Jan-26,13:21:22,2,2,350,667,0,0,16.5,16.5,5,0,700,
232,25-Jan-26,13:29:13,1,1,180,171,0,0,4.5,4.5,5,0,180,
233,25-Jan-26,13:37:09,1,1,260,248,0,0,6,6,5,0,260,
234,25-Jan-26,13:37:44,1,7,50,333,0,0,8.5,8.5,5,0,350,
234,25-Jan-26,13:37:44,2,1,300,286,0,0,7,7,5,0,300,
234,25-Jan-26,13:37:44,3,2,30,57,0,0,1.5,1.5,5,0,60,
235,25-Jan-26,13:39:41,1,2,200,381,0,0,9.5,9.5,5,0,400,
235,25-Jan-26,13:39:41,2,3,100,286,0,0,7,7,5,0,300,
164,21-Jan-26,19:59:55,1,1,200,190,0,0,5,5,5,0,200,
169,22-Jan-26,13:55:58,1,2,350,0,0,0,0,0,0,0,0,
169,22-Jan-26,13:55:58,2,2,350,667,0,0,16.5,16.5,5,0,700,
170,22-Jan-26,14:25:01,1,1,150,143,0,0,3.5,3.5,5,0,150,
171,22-Jan-26,14:25:23,1,1,300,286,0,0,7,7,5,0,300,
172,22-Jan-26,15:41:49,1,2,150,286,0,0,7,7,5,0,300,
172,22-Jan-26,15:41:49,2,1,100,95,0,0,2.5,2.5,5,0,100,
172,22-Jan-26,15:41:49,3,1,800,762,0,0,19,19,5,0,800,
172,22-Jan-26,15:41:49,4,1,800,762,0,0,19,19,5,0,800,
173,22-Jan-26,15:45:38,1,1,200,190,0,0,5,5,5,0,200,
174,22-Jan-26,17:11:26,1,1,100,95,0,0,2.5,2.5,5,0,100,
175,22-Jan-26,17:34:22,1,1,200,190,0,0,5,5,5,0,200,
176,22-Jan-26,18:51:13,1,1,60,57,0,0,1.5,1.5,5,0,60,
177,22-Jan-26,19:38:34,1,1,400,381,0,0,9.5,9.5,5,0,400,
177,22-Jan-26,19:38:34,2,1,200,190,0,0,5,5,5,0,200,
178,22-Jan-26,19:44:53,1,2,50,95,0,0,2.5,2.5,5,0,100,
179,22-Jan-26,19:46:40,1,2,150,286,0,0,7,7,5,0,300,
417,02-Feb-26,21:40:13,1,1,500,476,0,0,12,12,5,0,500,
417,02-Feb-26,21:40:13,2,1,350,333,0,0,8.5,8.5,5,0,350,
417,02-Feb-26,21:40:13,3,1,200,190,0,0,5,5,5,0,200,
418,02-Feb-26,22:56:41,1,1,350,333,0,0,8.5,8.5,5,0,350,
418,02-Feb-26,22:56:41,2,1,200,190,0,0,5,5,5,0,200,
418,02-Feb-26,22:56:41,3,1,400,381,0,0,9.5,9.5,5,0,400,
418,02-Feb-26,22:56:41,4,2,120,229,0,0,5.5,5.5,5,0,240,
418,02-Feb-26,22:56:41,5,1,500,476,0,0,12,12,5,0,500,
419,03-Feb-26,11:24:10,1,1,100,95,0,0,2.5,2.5,5,0,100,
419,03-Feb-26,11:24:10,2,1,200,190,0,0,5,5,5,0,200,
420,03-Feb-26,11:56:30,1,1,100,95,0,0,2.5,2.5,5,0,100,
421,03-Feb-26,11:57:16,1,1,100,95,0,0,2.5,2.5,5,0,100,
422,03-Feb-26,13:24:41,1,1,300,286,0,0,7,7,5,0,300,
423,03-Feb-26,13:26:46,1,2,80,152,0,0,4,4,5,0,160,
423,03-Feb-26,13:26:46,2,2,150,286,0,0,7,7,5,0,300,
424,03-Feb-26,14:58:30,1,1,200,190,0,0,5,5,5,0,200,
424,03-Feb-26,14:58:30,2,3,130,371,0,0,9.5,9.5,5,0,390,
236,25-Jan-26,13:54:51,1,1,500,476,0,0,12,12,5,0,500,
236,25-Jan-26,13:54:51,2,2,150,286,0,0,7,7,5,0,300,
236,25-Jan-26,13:54:51,3,1,300,286,0,0,7,7,5,0,300,
237,25-Jan-26,14:36:07,1,1,150,143,0,0,3.5,3.5,5,0,150,
238,25-Jan-26,15:31:39,1,1,200,190,0,0,5,5,5,0,200,
238,25-Jan-26,15:31:39,2,3,100,286,0,0,7,7,5,0,300,
238,25-Jan-26,15:31:39,3,2,250,476,0,0,12,12,5,0,500,
239,25-Jan-26,15:33:15,1,1,70,67,0,0,1.5,1.5,5,0,70,
239,25-Jan-26,15:33:15,2,1,120,114,0,0,3,3,5,0,120,
239,25-Jan-26,15:33:15,3,1,100,95,0,0,2.5,2.5,5,0,100,
240,25-Jan-26,15:34:33,1,3,200,571,0,0,14.5,14.5,5,0,600,
241,25-Jan-26,16:05:04,1,2,150,286,0,0,7,7,5,0,300,
242,25-Jan-26,16:19:53,1,2,40,76,0,0,2,2,5,0,80,
243,25-Jan-26,16:20:06,1,1,200,190,0,0,5,5,5,0,200,
244,25-Jan-26,17:00:57,1,2,200,381,0,0,9.5,9.5,5,0,400,
244,25-Jan-26,17:00:57,2,2,50,95,0,0,2.5,2.5,5,0,100,
245,25-Jan-26,17:09:40,1,2,120,229,0,0,5.5,5.5,5,0,240,
483,07-Feb-26,15:11:40,3,1,650,619,0,0,15.5,15.5,5,0,650,
483,07-Feb-26,15:11:40,4,1,500,476,0,0,12,12,5,0,500,
483,07-Feb-26,15:11:40,5,1,130,124,0,0,3,3,5,0,130,
483,07-Feb-26,15:11:40,6,1,50,48,0,0,1,1,5,0,50,
484,07-Feb-26,15:30:15,1,2,150,286,0,0,7,7,5,0,300,
485,07-Feb-26,15:31:35,1,2,150,286,0,0,7,7,5,0,300,CASH
486,07-Feb-26,17:38:25,1,1,350,333,0,0,8.5,8.5,5,0,350,
487,07-Feb-26,17:38:40,1,1,100,95,0,0,2.5,2.5,5,0,100,
488,07-Feb-26,18:05:06,1,2,200,381,0,0,9.5,9.5,5,0,400,
488,07-Feb-26,18:05:06,2,1,150,143,0,0,3.5,3.5,5,0,150,
489,07-Feb-26,18:33:14,1,1,200,190,0,0,5,5,5,0,200,
489,07-Feb-26,18:33:14,2,2,500,952,0,0,24,24,5,0,1000,
490,07-Feb-26,19:14:05,1,1,200,190,0,0,5,5,5,0,200,
490,07-Feb-26,19:14:05,2,2,150,286,0,0,7,7,5,0,300,
490,07-Feb-26,19:14:05,3,2,150,286,0,0,7,7,5,0,300,
490,07-Feb-26,19:14:05,4,1,200,190,0,0,5,5,5,0,200,
490,07-Feb-26,19:14:05,5,5,150,714,0,0,18,18,5,0,750,
425,03-Feb-26,15:06:36,1,2,500,952,0,0,24,24,5,0,1000,
426,03-Feb-26,15:10:32,1,2,150,286,0,0,7,7,5,0,0,
426,03-Feb-26,15:10:32,2,1,200,190,0,0,5,5,5,0,200,
426,03-Feb-26,15:10:32,3,1,150,143,0,0,3.5,3.5,5,0,0,
426,03-Feb-26,15:10:32,4,1,150,143,0,0,3.5,3.5,5,0,150,
426,03-Feb-26,15:10:32,5,1,100,95,0,0,2.5,2.5,5,0,100,
426,03-Feb-26,15:10:32,6,1,150,143,0,0,3.5,3.5,5,0,150,
426,03-Feb-26,15:10:32,7,1,200,190,0,0,5,5,5,0,200,
426,03-Feb-26,15:10:32,8,1,150,143,0,0,3.5,3.5,5,0,150,
427,03-Feb-26,15:42:14,1,3,80,229,0,0,5.5,5.5,5,0,240,
428,03-Feb-26,15:44:48,1,1,50,48,0,0,1,1,5,0,50,
429,03-Feb-26,16:02:04,1,1,400,381,0,0,9.5,9.5,5,0,400,
430,03-Feb-26,16:57:14,1,1,200,190,0,0,5,5,5,0,200,
430,03-Feb-26,16:57:14,2,1,200,190,0,0,5,5,5,0,200,
430,03-Feb-26,16:57:14,3,1,400,381,0,0,9.5,9.5,5,0,400,
430,03-Feb-26,16:57:14,4,1,200,190,0,0,5,5,5,0,200,
430,03-Feb-26,16:57:14,5,1,100,95,0,0,2.5,2.5,5,0,100,
259,25-Jan-26,20:32:15,2,1,200,190,0,0,5,5,5,0,200,
259,25-Jan-26,20:32:15,3,1,250,238,0,0,6,6,5,0,250,
260,25-Jan-26,21:07:58,1,2,200,381,0,0,9.5,9.5,5,0,400,
260,25-Jan-26,21:07:58,2,2,200,381,0,0,9.5,9.5,5,0,400,
260,25-Jan-26,21:07:58,3,1,460,438,0,0,11,11,5,0,460,
260,25-Jan-26,21:07:58,4,4,150,571,0,0,14.5,14.5,5,0,600,
261,25-Jan-26,22:08:07,1,1,250,238,0,0,6,6,5,0,250,
261,25-Jan-26,22:08:07,2,1,100,95,0,0,2.5,2.5,5,0,100,
262,25-Jan-26,22:22:34,1,1,150,143,0,0,3.5,3.5,5,0,150,
262,25-Jan-26,22:22:34,2,1,200,190,0,0,5,5,5,0,200,
262,25-Jan-26,22:22:34,3,1,350,333,0,0,8.5,8.5,5,0,350,
262,25-Jan-26,22:22:34,4,1,300,286,0,0,7,7,5,0,300,
263,25-Jan-26,22:28:05,1,1,350,333,0,0,8.5,8.5,5,0,350,
263,25-Jan-26,22:28:05,2,1,200,190,0,0,5,5,5,0,200,
263,25-Jan-26,22:28:05,3,1,300,286,0,0,7,7,5,0,300,
264,25-Jan-26,22:28:37,1,1,40,38,0,0,1,1,5,0,40,
264,25-Jan-26,22:28:37,2,1,40,38,0,0,1,1,5,0,40,
264,25-Jan-26,22:28:37,3,2,100,190,0,0,5,5,5,0,200,
265,25-Jan-26,22:30:40,1,1,170,162,0,0,4,4,5,0,170,
266,25-Jan-26,22:33:43,1,1,200,190,0,0,5,5,5,0,200,CASH
266,25-Jan-26,22:33:43,2,1,150,143,0,0,3.5,3.5,5,0,150,CASH
266,25-Jan-26,22:33:43,3,1,200,190,0,0,5,5,5,0,200,CASH
266,25-Jan-26,22:33:43,4,1,200,190,0,0,5,5,5,0,200,CASH
266,25-Jan-26,22:33:43,5,1,100,95,0,0,2.5,2.5,5,0,100,CASH
266,25-Jan-26,22:33:43,6,1,150,143,0,0,3.5,3.5,5,0,150,CASH
266,25-Jan-26,22:33:43,7,1,150,143,0,0,3.5,3.5,5,0,150,CASH
267,25-Jan-26,22:36:38,1,1,150,143,0,0,3.5,3.5,5,0,150,
268,26-Jan-26,11:37:53,1,1,120,114,0,0,3,3,5,0,120,
269,26-Jan-26,12:03:26,1,1,300,286,0,0,7,7,5,0,300,
269,26-Jan-26,12:03:26,2,1,200,190,0,0,5,5,5,0,200,
269,26-Jan-26,12:03:26,3,1,100,95,0,0,2.5,2.5,5,0,100,
270,26-Jan-26,12:05:31,1,1,200,190,0,0,5,5,5,0,200,
270,26-Jan-26,12:05:31,2,2,350,667,0,0,16.5,16.5,5,0,700,
270,26-Jan-26,12:05:31,3,1,150,143,0,0,3.5,3.5,5,0,150,
271,26-Jan-26,12:10:55,1,1,200,190,0,0,5,5,5,0,200,
271,26-Jan-26,12:10:55,2,1,200,190,0,0,5,5,5,0,200,
271,26-Jan-26,12:10:55,3,2,300,571,0,0,14.5,14.5,5,0,600,
272,26-Jan-26,12:34:27,1,1,500,476,0,0,12,12,5,0,500,
272,26-Jan-26,12:34:27,2,1,550,524,0,0,13,13,5,0,550,
273,26-Jan-26,13:00:41,1,1,50,48,0,0,1,1,5,0,50,
274,26-Jan-26,13:02:09,1,2,120,229,0,0,5.5,5.5,5,0,240,
274,26-Jan-26,13:02:09,2,1,200,190,0,0,5,5,5,0,200,
275,26-Jan-26,13:12:06,1,2,200,381,0,0,9.5,9.5,5,0,400,
275,26-Jan-26,13:12:06,2,1,300,286,0,0,7,7,5,0,300,
276,26-Jan-26,13:16:18,1,3,40,114,0,0,3,3,5,0,120,
277,26-Jan-26,13:19:40,1,1,400,381,0,0,9.5,9.5,5,0,400,
277,26-Jan-26,13:19:40,2,1,500,476,0,0,12,12,5,0,500,
278,26-Jan-26,13:33:28,1,4,100,381,0,0,9.5,9.5,5,0,400,
278,26-Jan-26,13:33:28,2,1,100,95,0,0,2.5,2.5,5,0,100,
279,26-Jan-26,14:01:31,1,2,100,190,0,0,5,5,5,0,200,
280,26-Jan-26,14:02:21,1,2,100,190,0,0,5,5,5,0,200,
281,26-Jan-26,14:06:43,1,1,50,48,0,0,1,1,5,0,50,
282,26-Jan-26,14:09:02,1,2,400,762,0,0,19,19,5,0,800,CASH
282,26-Jan-26,14:09:02,2,2,500,952,0,0,24,24,5,0,1000,CASH
283,26-Jan-26,14:31:21,1,1,250,238,0,0,6,6,5,0,250,
284,26-Jan-26,14:46:52,1,1,150,143,0,0,3.5,3.5,5,0,150,
284,26-Jan-26,14:46:52,2,1,100,95,0,0,2.5,2.5,5,0,100,
285,26-Jan-26,15:04:30,1,4,100,381,0,0,9.5,9.5,5,0,400,
286,26-Jan-26,15:04:45,1,1,600,571,0,0,14.5,14.5,5,0,600,
286,26-Jan-26,15:04:45,2,1,30,29,0,0,0.5,0.5,5,0,30,
287,26-Jan-26,15:28:22,1,2,60,114,0,0,3,3,5,0,120,
287,26-Jan-26,15:28:22,2,2,150,286,0,0,7,7,5,0,300,
288,26-Jan-26,15:30:10,1,2,150,286,0,0,7,7,5,0,300,
288,26-Jan-26,15:30:10,2,2,60,114,0,0,3,3,5,0,120,
289,26-Jan-26,16:02:16,1,1,500,476,0,0,12,12,5,0,500,
290,26-Jan-26,16:39:53,1,1,100,95,0,0,2.5,2.5,5,0,100,
290,26-Jan-26,16:39:53,2,3,150,429,0,0,10.5,10.5,5,0,450,
290,26-Jan-26,16:39:53,3,2,120,229,0,0,5.5,5.5,5,0,240,
442,04-Feb-26,13:14:04,4,1,100,95,0,0,2.5,2.5,5,0,100,
442,04-Feb-26,13:14:04,5,1,150,143,0,0,3.5,3.5,5,0,150,
443,04-Feb-26,14:32:11,1,2,150,286,0,0,7,7,5,0,300,
443,04-Feb-26,14:32:11,2,1,50,48,0,0,1,1,5,0,50,
443,04-Feb-26,14:32:11,3,1,150,143,0,0,3.5,3.5,5,0,150,
444,04-Feb-26,14:56:56,1,1,100,95,0,0,2.5,2.5,5,0,100,CASH
445,04-Feb-26,18:14:31,1,3,40,114,0,0,3,3,5,0,120,CASH
446,04-Feb-26,18:18:18,1,2,350,667,0,0,16.5,16.5,5,0,700,
446,04-Feb-26,18:18:18,2,1,200,190,0,0,5,5,5,0,200,
446,04-Feb-26,18:18:18,3,1,50,48,0,0,1,1,5,0,50,
447,04-Feb-26,19:07:04,1,2,120,229,0,0,5.5,5.5,5,0,240,
447,04-Feb-26,19:07:04,2,1,100,95,0,0,2.5,2.5,5,0,100,
448,04-Feb-26,21:05:32,1,3,100,286,0,0,7,7,5,0,300,
449,04-Feb-26,21:06:30,1,1,400,381,0,0,9.5,9.5,5,0,400,
449,04-Feb-26,21:06:30,2,1,350,333,0,0,8.5,8.5,5,0,350,
450,04-Feb-26,21:09:29,1,1,200,190,0,0,5,5,5,0,200,
451,04-Feb-26,21:42:42,1,1,400,381,0,0,9.5,9.5,5,0,400,
290,26-Jan-26,16:39:53,4,1,200,190,0,0,5,5,5,0,200,
291,26-Jan-26,17:27:44,1,1,200,190,0,0,5,5,5,0,200,CASH
292,26-Jan-26,17:27:52,1,4,150,571,0,0,14.5,14.5,5,0,600,
292,26-Jan-26,17:27:52,2,1,60,57,0,0,1.5,1.5,5,0,60,
293,26-Jan-26,17:31:45,1,1,150,143,0,0,3.5,3.5,5,0,150,
294,26-Jan-26,17:44:18,1,2,150,286,0,0,7,7,5,0,300,
295,26-Jan-26,17:56:27,1,3,120,343,0,0,8.5,8.5,5,0,360,
296,26-Jan-26,17:56:55,1,1,100,95,0,0,2.5,2.5,5,0,100,
296,26-Jan-26,17:56:55,2,1,200,190,0,0,5,5,5,0,200,
296,26-Jan-26,17:56:55,3,1,150,143,0,0,3.5,3.5,5,0,150,
297,26-Jan-26,18:10:40,1,1,350,333,0,0,8.5,8.5,5,0,350,
297,26-Jan-26,18:10:40,2,1,200,190,0,0,5,5,5,0,200,
297,26-Jan-26,18:10:40,3,1,450,429,0,0,10.5,10.5,5,0,450,
297,26-Jan-26,18:10:40,4,1,500,476,0,0,12,12,5,0,500,
298,26-Jan-26,18:13:43,1,1,150,143,0,0,3.5,3.5,5,0,150,
299,26-Jan-26,18:58:09,1,3,150,429,0,0,10.5,10.5,5,0,450,
300,26-Jan-26,19:05:06,1,2,400,762,0,0,19,19,5,0,800,
908,01-Mar-26,21:31:15,1,3,150,429,0,0,10.5,10.5,5,0,450,
908,01-Mar-26,21:31:15,2,1,60,57,0,0,1.5,1.5,5,0,60,
908,01-Mar-26,21:31:15,3,1,100,95,0,0,2.5,2.5,5,0,100,
909,01-Mar-26,21:36:33,1,1,150,143,0,0,3.5,3.5,5,0,150,
909,01-Mar-26,21:36:33,2,1,100,95,0,0,2.5,2.5,5,0,100,
909,01-Mar-26,21:36:33,3,2,60,114,0,0,3,3,5,0,120,
909,01-Mar-26,21:36:33,4,2,80,152,0,0,4,4,5,0,160,
910,01-Mar-26,22:03:12,1,1,150,143,0,0,3.5,3.5,5,0,150,
910,01-Mar-26,22:03:12,2,1,80,76,0,0,2,2,5,0,80,
911,01-Mar-26,22:05:29,1,1,150,143,0,0,3.5,3.5,5,0,150,
912,01-Mar-26,22:24:05,1,1,100,95,0,0,2.5,2.5,5,0,100,
913,02-Mar-26,17:31:07,1,2,30,57,0,0,1.5,1.5,5,0,60,CASH
913,02-Mar-26,17:31:07,2,2,20,38,0,0,1,1,5,0,40,CASH
913,02-Mar-26,17:31:07,3,1,100,95,0,0,2.5,2.5,5,0,100,CASH
913,02-Mar-26,17:31:07,4,2,80,152,0,0,4,4,5,0,160,CASH
914,02-Mar-26,18:39:33,1,1,300,286,0,0,7,7,5,0,300,
915,02-Mar-26,19:08:29,1,1,300,286,0,0,7,7,5,0,300,
301,26-Jan-26,19:05:51,1,1,120,114,0,0,3,3,5,0,120,
301,26-Jan-26,19:05:51,2,1,100,95,0,0,2.5,2.5,5,0,100,
301,26-Jan-26,19:05:51,3,1,200,190,0,0,5,5,5,0,200,
301,26-Jan-26,19:05:51,4,1,300,286,0,0,7,7,5,0,300,
301,26-Jan-26,19:05:51,5,1,100,95,0,0,2.5,2.5,5,0,100,
302,26-Jan-26,19:15:25,1,1,120,114,0,0,3,3,5,0,120,
302,26-Jan-26,19:15:25,2,1,130,124,0,0,3,3,5,0,130,
303,26-Jan-26,19:47:15,1,1,350,333,0,0,8.5,8.5,5,0,350,CASH
304,26-Jan-26,19:51:59,1,2,150,286,0,0,7,7,5,0,300,
305,26-Jan-26,20:31:17,1,1,660,629,0,0,15.5,15.5,5,0,660,
305,26-Jan-26,20:31:17,2,1,650,619,0,0,15.5,15.5,5,0,650,
306,26-Jan-26,20:33:40,1,1,200,190,0,0,5,5,5,0,200,
306,26-Jan-26,20:33:40,2,1,150,143,0,0,3.5,3.5,5,0,150,
307,26-Jan-26,20:42:51,1,4,70,267,0,0,6.5,6.5,5,0,280,
307,26-Jan-26,20:42:51,2,3,50,143,0,0,3.5,3.5,5,0,150,
307,26-Jan-26,20:42:51,3,1,350,333,0,0,8.5,8.5,5,0,350,
308,26-Jan-26,20:51:22,1,1,200,190,0,0,5,5,5,0,200,
309,26-Jan-26,21:12:46,1,1,100,95,0,0,2.5,2.5,5,0,100,
310,26-Jan-26,22:30:26,1,3,200,571,0,0,14.5,14.5,5,0,600,
311,26-Jan-26,22:47:08,1,1,350,333,0,0,8.5,8.5,5,0,350,
311,26-Jan-26,22:47:08,2,1,100,95,0,0,2.5,2.5,5,0,100,
312,27-Jan-26,11:46:18,1,2,100,190,0,0,5,5,5,0,200,
312,27-Jan-26,11:46:18,2,1,350,333,0,0,8.5,8.5,5,0,350,
313,27-Jan-26,15:20:15,1,1,150,143,0,0,3.5,3.5,5,0,150,
313,27-Jan-26,15:20:15,2,1,100,95,0,0,2.5,2.5,5,0,100,
313,27-Jan-26,15:20:15,3,1,100,95,0,0,2.5,2.5,5,0,100,
314,27-Jan-26,15:24:11,1,4,200,762,0,0,19,19,5,0,800,
314,27-Jan-26,15:24:11,2,1,500,476,0,0,12,12,5,0,500,
315,27-Jan-26,15:28:20,1,1,150,143,0,0,3.5,3.5,5,0,150,
316,27-Jan-26,16:20:32,1,1,150,143,0,0,3.5,3.5,5,0,150,
316,27-Jan-26,16:20:32,2,1,200,190,0,0,5,5,5,0,200,
317,27-Jan-26,16:47:14,1,5,130,619,0,0,15.5,15.5,5,0,650,
317,27-Jan-26,16:47:14,2,1,50,48,0,0,1,1,5,0,50,
318,27-Jan-26,16:47:53,1,3,200,571,0,0,14.5,14.5,5,0,600,
318,27-Jan-26,16:47:53,2,1,150,143,0,0,3.5,3.5,5,0,150,
319,27-Jan-26,17:36:30,1,1,350,333,0,0,8.5,8.5,5,0,350,
320,27-Jan-26,18:56:19,1,2,30,57,0,0,1.5,1.5,5,0,60,CASH
320,27-Jan-26,18:56:19,2,1,40,38,0,0,1,1,5,0,40,CASH
321,27-Jan-26,19:55:48,1,1,350,333,0,0,8.5,8.5,5,0,350,CASH
322,27-Jan-26,20:47:58,1,3,120,343,0,0,8.5,8.5,5,0,360,
322,27-Jan-26,20:47:58,2,1,150,143,0,0,3.5,3.5,5,0,150,
322,27-Jan-26,20:47:58,3,1,150,143,0,0,3.5,3.5,5,0,150,
322,27-Jan-26,20:47:58,4,1,40,38,0,0,1,1,5,0,40,
323,27-Jan-26,21:05:06,1,1,120,114,0,0,3,3,5,0,120,
323,27-Jan-26,21:05:06,2,1,130,124,0,0,3,3,5,0,130,
324,27-Jan-26,21:24:32,1,1,200,190,0,0,5,5,5,0,200,
325,27-Jan-26,21:28:13,1,1,60,57,0,0,1.5,1.5,5,0,60,
325,27-Jan-26,21:28:13,2,1,50,48,0,0,1,1,5,0,50,
325,27-Jan-26,21:28:13,3,1,250,238,0,0,6,6,5,0,250,
325,27-Jan-26,21:28:13,4,1,100,95,0,0,2.5,2.5,5,0,100,
326,27-Jan-26,21:31:51,1,1,120,114,0,0,3,3,5,0,120,
327,27-Jan-26,21:35:38,1,1,50,48,0,0,1,1,5,0,50,
328,27-Jan-26,22:41:40,1,1,300,286,0,0,7,7,5,0,300,CASH
329,28-Jan-26,12:10:35,1,9,200,1714,0,0,43,43,5,0,1800,CASH
329,28-Jan-26,12:10:35,2,4,100,381,0,0,9.5,9.5,5,0,400,CASH
329,28-Jan-26,12:10:35,3,4,150,571,0,0,14.5,14.5,5,0,600,CASH
330,28-Jan-26,12:12:09,1,3,30,86,0,0,2,2,5,0,90,
330,28-Jan-26,12:12:09,2,1,350,333,0,0,8.5,8.5,5,0,350,
330,28-Jan-26,12:12:09,3,1,150,143,0,0,3.5,3.5,5,0,150,
330,28-Jan-26,12:12:09,4,1,110,105,0,0,2.5,2.5,5,0,110,
331,28-Jan-26,12:18:19,1,1,100,95,0,0,2.5,2.5,5,0,100,
332,28-Jan-26,17:56:02,1,2,150,286,0,0,7,7,5,0,300,
332,28-Jan-26,17:56:02,2,1,50,48,0,0,1,1,5,0,50,
333,28-Jan-26,19:50:10,1,1,100,95,0,0,2.5,2.5,5,0,100,
333,28-Jan-26,19:50:10,2,2,50,95,0,0,2.5,2.5,5,0,100,
333,28-Jan-26,19:50:10,3,1,100,95,0,0,2.5,2.5,5,0,100,
334,28-Jan-26,19:57:37,1,1,200,190,0,0,5,5,5,0,200,
335,28-Jan-26,20:05:25,1,4,150,571,0,0,14.5,14.5,5,0,600,
180,22-Jan-26,21:43:18,1,1,50,48,0,0,1,1,5,0,50,
181,22-Jan-26,21:49:53,1,1,350,333,0,0,8.5,8.5,5,0,350,
181,22-Jan-26,21:49:53,2,1,150,143,0,0,3.5,3.5,5,0,150,
182,22-Jan-26,22:11:56,1,1,200,190,0,0,5,5,5,0,200,
182,22-Jan-26,22:11:56,2,1,150,143,0,0,3.5,3.5,5,0,150,
183,22-Jan-26,22:12:11,1,1,300,286,0,0,7,7,5,0,300,
183,22-Jan-26,22:12:11,2,1,200,190,0,0,5,5,5,0,200,
183,22-Jan-26,22:12:11,3,1,300,286,0,0,7,7,5,0,300,
184,23-Jan-26,11:01:51,1,1,120,114,0,0,3,3,5,0,120,-*] 0008-
185,23-Jan-26,11:46:33,1,1,300,286,0,0,7,7,5,0,300,
185,23-Jan-26,11:46:33,2,2,100,190,0,0,5,5,5,0,200,
186,23-Jan-26,11:47:04,1,1,200,190,0,0,5,5,5,0,200,
186,23-Jan-26,11:47:04,2,1,150,143,0,0,3.5,3.5,5,0,150,
184,22-Jan-26,23:02:49,1,1,200,190,0,0,5,5,5,0,200,
184,22-Jan-26,23:02:49,2,1,130,124,0,0,3,3,5,0,130,
187,23-Jan-26,13:52:45,1,1,130,124,0,0,3,3,5,0,130,
188,23-Jan-26,15:48:50,1,1,80,76,0,0,2,2,5,0,80,
399,01-Feb-26,13:50:51,2,3,40,114,0,0,3,3,5,0,120,
399,01-Feb-26,13:50:51,3,12,60,686,0,0,17,17,5,0,720,
400,01-Feb-26,14:11:18,1,2,100,190,0,0,5,5,5,0,200,
400,01-Feb-26,14:11:18,2,1,100,95,0,0,2.5,2.5,5,0,100,
400,01-Feb-26,14:11:18,3,1,300,286,0,0,7,7,5,0,300,
400,01-Feb-26,14:11:18,4,1,120,114,0,0,3,3,5,0,120,
391,31-Jan-26,22:23:32,1,1,200,190,0,0,5,5,5,0,200,
401,01-Feb-26,20:14:49,1,1,150,143,0,0,3.5,3.5,5,0,150,CASH
401,01-Feb-26,20:14:49,2,1,80,76,0,0,2,2,5,0,80,CASH
402,01-Feb-26,20:35:58,1,2,350,667,0,0,16.5,16.5,5,0,700,CASH
402,01-Feb-26,20:35:58,2,1,100,95,0,0,2.5,2.5,5,0,100,CASH
403,01-Feb-26,20:48:41,1,1,130,124,0,0,3,3,5,0,130,CASH
403,01-Feb-26,20:48:41,2,1,120,114,0,0,3,3,5,0,120,CASH
404,01-Feb-26,21:01:52,1,3,40,114,0,0,3,3,5,0,120,
404,01-Feb-26,21:01:52,2,1,80,76,0,0,2,2,5,0,80,
405,01-Feb-26,21:13:16,1,1,110,105,0,0,2.5,2.5,5,0,110,
406,02-Feb-26,12:09:37,1,1,120,114,0,0,3,3,5,0,120,CASH
490,07-Feb-26,19:14:05,6,2,100,190,0,0,5,5,5,0,200,
490,07-Feb-26,19:14:05,7,2,120,229,0,0,5.5,5.5,5,0,240,
491,07-Feb-26,19:19:51,1,1,50,48,0,0,1,1,5,0,50,
492,07-Feb-26,19:33:34,1,1,120,114,0,0,3,3,5,0,120,
493,07-Feb-26,19:37:37,1,3,100,286,0,0,7,7,5,0,300,
494,07-Feb-26,19:38:19,1,1,150,143,0,0,3.5,3.5,5,0,150,
495,07-Feb-26,19:46:59,1,2,100,190,0,0,5,5,5,0,200,
495,07-Feb-26,19:46:59,2,3,200,571,0,0,14.5,14.5,5,0,600,
496,07-Feb-26,19:52:23,1,3,200,571,0,0,14.5,14.5,5,0,600,
496,07-Feb-26,19:52:23,2,3,100,286,0,0,7,7,5,0,300,
497,07-Feb-26,19:55:47,1,1,500,476,0,0,12,12,5,0,500,
498,07-Feb-26,20:04:57,1,1,400,381,0,0,9.5,9.5,5,0,400,
498,07-Feb-26,20:04:57,2,1,550,524,0,0,13,13,5,0,550,
498,07-Feb-26,20:04:57,3,1,200,190,0,0,5,5,5,0,200,
498,07-Feb-26,20:04:57,4,2,150,286,0,0,7,7,5,0,300,
498,07-Feb-26,20:04:57,5,1,100,95,0,0,2.5,2.5,5,0,100,
498,07-Feb-26,20:04:57,6,1,150,143,0,0,3.5,3.5,5,0,150,
894,01-Mar-26,15:57:48,2,2,150,286,0,0,7,7,5,0,300,
894,01-Mar-26,15:57:48,3,1,100,95,0,0,2.5,2.5,5,0,100,
895,01-Mar-26,16:28:07,1,1,100,95,0,0,2.5,2.5,5,0,100,
895,01-Mar-26,16:28:07,2,2,80,152,0,0,4,4,5,0,160,
896,01-Mar-26,17:14:47,1,1,200,190,0,0,5,5,5,0,200,
896,01-Mar-26,17:14:47,2,1,500,476,0,0,12,12,5,0,500,
897,01-Mar-26,17:23:30,1,3,150,429,0,0,10.5,10.5,5,0,450,CASH
897,01-Mar-26,17:23:30,2,1,100,95,0,0,2.5,2.5,5,0,100,CASH
898,01-Mar-26,18:53:57,1,1,100,95,0,0,2.5,2.5,5,0,100,
898,01-Mar-26,18:53:57,2,1,340,324,0,0,8,8,5,0,340,
898,01-Mar-26,18:53:57,3,3,60,171,0,0,4.5,4.5,5,0,180,
899,01-Mar-26,18:55:01,1,1,150,143,0,0,3.5,3.5,5,0,150,
899,01-Mar-26,18:55:01,2,1,340,324,0,0,8,8,5,0,340,
899,01-Mar-26,18:55:01,3,1,50,48,0,0,1,1,5,0,50,
899,01-Mar-26,18:55:01,4,1,60,57,0,0,1.5,1.5,5,0,60,
900,01-Mar-26,18:57:55,1,1,100,95,0,0,2.5,2.5,5,0,100,
900,01-Mar-26,18:57:55,2,1,500,476,0,0,12,12,5,0,500,
916,02-Mar-26,19:44:56,1,3,100,286,0,0,7,7,5,0,300,
916,02-Mar-26,19:44:56,2,1,80,76,0,0,2,2,5,0,80,
917,02-Mar-26,19:50:30,1,1,300,286,0,0,7,7,5,0,300,
918,02-Mar-26,19:51:59,1,1,500,476,0,0,12,12,5,0,500,
919,02-Mar-26,19:59:01,1,5,100,476,0,0,12,12,5,0,500,
919,02-Mar-26,19:59:01,2,3,150,429,0,0,10.5,10.5,5,0,450,
919,02-Mar-26,19:59:01,3,4,200,762,0,0,19,19,5,0,800,
919,02-Mar-26,19:59:01,4,1,40,38,0,0,1,1,5,0,40,
920,02-Mar-26,20:10:35,1,1,500,476,0,0,12,12,5,0,500,
921,02-Mar-26,20:12:32,1,1,100,95,0,0,2.5,2.5,5,0,100,
922,02-Mar-26,20:27:38,1,2,150,286,0,0,7,7,5,0,300,
923,02-Mar-26,20:28:02,1,1,300,286,0,0,7,7,5,0,300,
923,02-Mar-26,20:28:02,2,1,150,143,0,0,3.5,3.5,5,0,150,
923,02-Mar-26,20:28:02,3,1,100,95,0,0,2.5,2.5,5,0,100,
924,02-Mar-26,21:52:18,1,1,200,190,0,0,5,5,5,0,200,CASH
924,02-Mar-26,21:52:18,2,1,50,48,0,0,1,1,5,0,50,CASH
925,02-Mar-26,21:54:28,1,2,250,476,0,0,12,12,5,0,500,
926,02-Mar-26,22:04:15,1,1,200,190,0,0,5,5,5,0,200,
927,02-Mar-26,22:22:31,1,1,150,143,0,0,3.5,3.5,5,0,150,
927,02-Mar-26,22:22:31,2,1,80,76,0,0,2,2,5,0,80,
928,03-Mar-26,15:06:35,1,2,100,190,0,0,5,5,5,0,0,CASH
928,03-Mar-26,15:06:35,2,3,200,571,0,0,14.5,14.5,5,0,600,CASH
929,03-Mar-26,15:13:44,1,2,200,381,0,0,9.5,9.5,5,0,400,CASH
929,03-Mar-26,15:13:44,2,1,100,95,0,0,2.5,2.5,5,0,100,CASH
929,03-Mar-26,15:13:44,3,1,100,95,0,0,2.5,2.5,5,0,100,CASH
930,03-Mar-26,16:03:59,1,1,350,333,0,0,8.5,8.5,5,0,350,CASH
930,03-Mar-26,16:03:59,2,1,100,95,0,0,2.5,2.5,5,0,100,CASH
931,03-Mar-26,18:50:00,1,2,150,286,0,0,7,7,5,0,300,CASH
932,03-Mar-26,19:12:26,1,2,80,152,0,0,4,4,5,0,160,
932,03-Mar-26,19:12:26,2,2,100,190,0,0,5,5,5,0,200,
933,03-Mar-26,19:13:38,1,1,110,105,0,0,2.5,2.5,5,0,110,
934,03-Mar-26,19:25:58,1,2,150,286,0,0,7,7,5,0,300,
935,03-Mar-26,19:26:43,1,12,100,1143,0,0,28.5,28.5,5,0,1200,
935,03-Mar-26,19:26:43,2,4,80,305,0,0,7.5,7.5,5,0,320,
941,03-Mar-26,20:54:41,7,1,100,95,0,0,2.5,2.5,5,0,100,
942,03-Mar-26,20:59:58,1,2,300,571,0,0,14.5,14.5,5,0,600,CASH
943,03-Mar-26,21:56:03,1,1,120,114,0,0,3,3,5,0,120,
943,03-Mar-26,21:56:03,2,2,60,114,0,0,3,3,5,0,120,
944,04-Mar-26,11:27:35,1,2,50,95,0,0,2.5,2.5,5,0,100,CASH
945,04-Mar-26,11:54:40,1,1,150,143,0,0,3.5,3.5,5,0,150,
946,04-Mar-26,12:31:50,1,2,150,286,0,0,7,7,5,0,300,
947,04-Mar-26,13:56:39,1,6,40,229,0,0,5.5,5.5,5,0,240,
948,04-Mar-26,14:58:21,1,1,100,95,0,0,2.5,2.5,5,0,100,CASH
949,04-Mar-26,15:22:20,1,7,60,400,0,0,10,10,5,0,420,CASH
949,04-Mar-26,15:22:20,2,1,70,67,0,0,1.5,1.5,5,0,70,CASH
950,04-Mar-26,16:24:01,1,1,333,317,0,0,8,8,5,0,333,
951,04-Mar-26,16:24:42,1,1,70,67,0,0,1.5,1.5,5,0,70,
952,04-Mar-26,16:31:36,1,2,300,571,0,0,14.5,14.5,5,0,600,
952,04-Mar-26,16:31:36,2,1,300,286,0,0,7,7,5,0,300,
952,04-Mar-26,16:31:36,3,1,500,476,0,0,12,12,5,0,500,
953,04-Mar-26,17:54:06,1,1,300,286,0,0,7,7,5,0,300,
344,29-Jan-26,12:51:32,3,2,300,571,0,0,14.5,14.5,5,0,600,
344,29-Jan-26,12:51:32,4,7,80,533,0,0,13.5,13.5,5,0,560,
345,29-Jan-26,13:03:56,1,1,100,95,0,0,2.5,2.5,5,0,0,
345,29-Jan-26,13:03:56,2,2,150,286,0,0,7,7,5,0,300,
345,29-Jan-26,13:03:56,3,1,200,190,0,0,5,5,5,0,200,
345,29-Jan-26,13:03:56,4,1,200,190,0,0,5,5,5,0,200,
345,29-Jan-26,13:03:56,5,1,200,190,0,0,5,5,5,0,200,
345,29-Jan-26,13:03:56,6,1,150,143,0,0,3.5,3.5,5,0,150,
345,29-Jan-26,13:03:56,7,1,200,190,0,0,5,5,5,0,200,
345,29-Jan-26,13:03:56,8,1,50,48,0,0,1,1,5,0,50,
346,29-Jan-26,13:31:28,1,1,300,286,0,0,7,7,5,0,300,
347,29-Jan-26,15:11:41,1,1,200,190,0,0,5,5,5,0,200,
348,29-Jan-26,15:46:42,1,2,200,381,0,0,9.5,9.5,5,0,400,CASH
348,29-Jan-26,15:46:42,2,1,100,95,0,0,2.5,2.5,5,0,100,CASH
349,29-Jan-26,17:53:54,1,1,100,95,0,0,2.5,2.5,5,0,100,
350,29-Jan-26,18:44:48,1,1,180,171,0,0,4.5,4.5,5,0,180,
351,29-Jan-26,18:52:50,1,3,100,286,0,0,7,7,5,0,300,
935,03-Mar-26,19:26:43,3,1,50,48,0,0,1,1,5,0,50,
936,03-Mar-26,19:32:43,1,1,100,95,0,0,2.5,2.5,5,0,100,
937,03-Mar-26,19:36:25,1,2,100,190,0,0,5,5,5,0,200,
937,03-Mar-26,19:36:25,2,1,60,57,0,0,1.5,1.5,5,0,60,
938,03-Mar-26,20:34:51,1,3,100,286,0,0,7,7,5,0,300,
939,03-Mar-26,20:35:33,1,2,60,114,0,0,3,3,5,0,120,
939,03-Mar-26,20:35:33,2,1,100,95,0,0,2.5,2.5,5,0,100,
940,03-Mar-26,20:51:08,1,3,100,286,0,0,7,7,5,0,300,CASH
940,03-Mar-26,20:51:08,2,1,150,143,0,0,3.5,3.5,5,0,150,CASH
940,03-Mar-26,20:51:08,3,1,120,114,0,0,3,3,5,0,120,CASH
940,03-Mar-26,20:51:08,4,1,250,238,0,0,6,6,5,0,250,CASH
941,03-Mar-26,20:54:41,1,1,400,381,0,0,9.5,9.5,5,0,400,
941,03-Mar-26,20:54:41,2,1,150,143,0,0,3.5,3.5,5,0,150,
941,03-Mar-26,20:54:41,3,1,50,48,0,0,1,1,5,0,50,
941,03-Mar-26,20:54:41,4,1,150,143,0,0,3.5,3.5,5,0,150,
941,03-Mar-26,20:54:41,5,1,200,190,0,0,5,5,5,0,200,
941,03-Mar-26,20:54:41,6,1,100,95,0,0,2.5,2.5,5,0,100,
513,08-Feb-26,18:17:31,1,4,150,571,0,0,14.5,14.5,5,0,600,
513,08-Feb-26,18:17:31,2,2,100,190,0,0,5,5,5,0,0,
514,08-Feb-26,18:20:40,1,5,100,476,0,0,12,12,5,0,500,
515,08-Feb-26,18:22:19,1,4,30,114,0,0,3,3,5,0,120,
515,08-Feb-26,18:22:19,2,1,100,95,0,0,2.5,2.5,5,0,100,
515,08-Feb-26,18:22:19,3,4,70,267,0,0,6.5,6.5,5,0,280,
516,08-Feb-26,18:25:03,1,1,500,476,0,0,12,12,5,0,500,
517,08-Feb-26,18:34:01,1,2,200,381,0,0,9.5,9.5,5,0,400,
518,08-Feb-26,18:57:22,1,3,200,571,0,0,14.5,14.5,5,0,600,
518,08-Feb-26,18:57:22,2,6,40,229,0,0,5.5,5.5,5,0,240,
519,08-Feb-26,19:47:27,1,1,100,95,0,0,2.5,2.5,5,0,100,
520,08-Feb-26,19:54:16,1,1,120,114,0,0,3,3,5,0,120,
521,08-Feb-26,20:01:07,1,1,180,171,0,0,4.5,4.5,5,0,180,
522,08-Feb-26,20:29:10,1,1,100,95,0,0,2.5,2.5,5,0,100,
523,08-Feb-26,20:41:27,1,1,150,143,0,0,3.5,3.5,5,0,150,
524,08-Feb-26,21:22:26,1,1,120,114,0,0,3,3,5,0,120,
524,08-Feb-26,21:22:26,2,1,260,248,0,0,6,6,5,0,260,
525,08-Feb-26,21:24:09,1,1,300,286,0,0,7,7,5,0,300,
525,08-Feb-26,21:24:09,2,2,150,286,0,0,7,7,5,0,300,
525,08-Feb-26,21:24:09,3,1,200,190,0,0,5,5,5,0,200,
525,08-Feb-26,21:24:09,4,1,50,48,0,0,1,1,5,0,50,
526,08-Feb-26,21:32:04,1,1,60,57,0,0,1.5,1.5,5,0,60,
526,08-Feb-26,21:32:04,2,1,100,95,0,0,2.5,2.5,5,0,100,
527,08-Feb-26,21:49:03,1,1,150,143,0,0,3.5,3.5,5,0,150,
528,08-Feb-26,21:49:12,1,4,150,571,0,0,14.5,14.5,5,0,600,
529,08-Feb-26,22:26:01,1,1,200,190,0,0,5,5,5,0,200,CASH
530,09-Feb-26,11:12:59,1,1,100,95,0,0,2.5,2.5,5,0,100,CASH
531,09-Feb-26,11:17:46,1,1,80,76,0,0,2,2,5,0,80,
532,09-Feb-26,18:03:15,1,1,200,190,0,0,5,5,5,0,200,
533,09-Feb-26,18:03:53,1,1,150,143,0,0,3.5,3.5,5,0,150,
533,09-Feb-26,18:03:53,2,1,100,95,0,0,2.5,2.5,5,0,100,
534,09-Feb-26,19:03:29,1,1,150,143,0,0,3.5,3.5,5,0,150,CASH
534,09-Feb-26,19:03:29,2,1,120,114,0,0,3,3,5,0,120,CASH
535,09-Feb-26,19:35:03,1,8,20,152,0,0,4,4,5,0,160,
954,04-Mar-26,19:40:40,1,1,120,114,0,0,3,3,5,0,120,
955,04-Mar-26,19:43:30,1,3,550,1571,0,0,39.5,39.5,5,0,1650,
955,04-Mar-26,19:43:30,2,5,300,1429,0,0,35.5,35.5,5,0,1500,
955,04-Mar-26,19:43:30,3,1,450,429,0,0,10.5,10.5,5,0,450,
955,04-Mar-26,19:43:30,4,2,150,286,0,0,7,7,5,0,300,
955,04-Mar-26,19:43:30,5,2,80,152,0,0,4,4,5,0,160,
955,04-Mar-26,19:43:30,6,1,300,286,0,0,7,7,5,0,300,
956,04-Mar-26,19:52:10,1,1,60,57,0,0,1.5,1.5,5,0,60,
956,04-Mar-26,19:52:10,2,2,100,190,0,0,5,5,5,0,200,
957,04-Mar-26,19:58:42,1,5,100,476,0,0,12,12,5,0,500,
958,04-Mar-26,21:20:23,1,1,107,102,0,0,2.5,2.5,5,0,107,
959,04-Mar-26,21:20:42,1,2,40,76,0,0,2,2,5,0,80,
959,04-Mar-26,21:20:42,2,1,80,76,0,0,2,2,5,0,80,
959,04-Mar-26,21:20:42,3,3,100,286,0,0,7,7,5,0,300,
959,04-Mar-26,21:20:42,4,1,40,38,0,0,1,1,5,0,40,
960,04-Mar-26,21:32:04,1,3,100,286,0,0,7,7,5,0,300,
961,04-Mar-26,21:32:40,1,9,40,343,0,0,8.5,8.5,5,0,360,
536,09-Feb-26,20:23:25,1,4,100,381,0,0,9.5,9.5,5,0,400,
537,09-Feb-26,20:23:37,1,1,100,95,0,0,2.5,2.5,5,0,100,
537,09-Feb-26,20:23:37,2,1,200,190,0,0,5,5,5,0,200,
538,09-Feb-26,20:25:29,1,1,500,476,0,0,12,12,5,0,500,
538,09-Feb-26,20:25:29,2,2,100,190,0,0,5,5,5,0,200,
539,09-Feb-26,20:32:44,1,1,150,143,0,0,3.5,3.5,5,0,150,
540,09-Feb-26,20:34:04,1,2,150,286,0,0,7,7,5,0,300,
541,09-Feb-26,20:34:55,1,1,200,190,0,0,5,5,5,0,200,
542,09-Feb-26,21:43:33,1,1,120,114,0,0,3,3,5,0,120,
543,09-Feb-26,21:44:02,1,3,500,1429,0,0,35.5,35.5,5,0,1500,
543,09-Feb-26,21:44:02,2,3,200,571,0,0,14.5,14.5,5,0,600,
543,09-Feb-26,21:44:02,3,1,120,114,0,0,3,3,5,0,120,
544,09-Feb-26,21:49:28,1,2,200,381,0,0,9.5,9.5,5,0,400,
544,09-Feb-26,21:49:28,2,2,100,190,0,0,5,5,5,0,200,
544,09-Feb-26,21:49:28,3,2,150,286,0,0,7,7,5,0,300,
545,09-Feb-26,21:52:32,1,1,200,190,0,0,5,5,5,0,200,
545,09-Feb-26,21:52:32,2,1,350,333,0,0,8.5,8.5,5,0,350,
961,04-Mar-26,21:32:40,2,1,60,57,0,0,1.5,1.5,5,0,60,
961,04-Mar-26,21:32:40,3,2,40,76,0,0,2,2,5,0,80,
962,05-Mar-26,11:57:09,1,8,40,305,0,0,7.5,7.5,5,0,320,CASH
962,05-Mar-26,11:57:09,2,5,40,190,0,0,5,5,5,0,200,CASH
962,05-Mar-26,11:57:09,3,8,70,533,0,0,13.5,13.5,5,0,560,CASH
963,05-Mar-26,15:59:26,1,1,200,190,0,0,5,5,5,0,200,
964,05-Mar-26,16:20:28,1,2,80,152,0,0,4,4,5,0,160,
964,05-Mar-26,16:20:28,2,5,30,143,0,0,3.5,3.5,5,0,150,
964,05-Mar-26,16:20:28,3,1,200,190,0,0,5,5,5,0,200,
965,05-Mar-26,17:07:35,1,1,60,57,0,0,1.5,1.5,5,0,60,
965,05-Mar-26,17:07:35,2,1,240,229,0,0,5.5,5.5,5,0,240,
966,05-Mar-26,17:09:07,1,2,150,286,0,0,7,7,5,0,300,
967,05-Mar-26,18:20:08,1,1,80,76,0,0,2,2,5,0,80,
968,05-Mar-26,18:35:43,1,1,150,143,0,0,3.5,3.5,5,0,150,
969,05-Mar-26,18:45:15,1,1,100,95,0,0,2.5,2.5,5,0,100,
970,05-Mar-26,19:08:40,1,1,200,190,0,0,5,5,5,0,200,CASH
970,05-Mar-26,19:08:40,2,1,150,143,0,0,3.5,3.5,5,0,150,CASH
980,05-Mar-26,20:53:26,1,2,80,152,0,0,4,4,5,0,160,
980,05-Mar-26,20:53:26,2,2,150,286,0,0,7,7,5,0,300,
980,05-Mar-26,20:53:26,3,1,30,29,0,0,0.5,0.5,5,0,30,
981,05-Mar-26,20:56:02,1,1,450,429,0,0,10.5,10.5,5,0,450,
982,05-Mar-26,21:05:26,1,1,60,57,0,0,1.5,1.5,5,0,60,
982,05-Mar-26,21:05:26,2,1,150,143,0,0,3.5,3.5,5,0,150,
982,05-Mar-26,21:05:26,3,1,60,57,0,0,1.5,1.5,5,0,60,
983,05-Mar-26,21:10:30,1,1,550,524,0,0,13,13,5,0,550,
984,05-Mar-26,21:19:33,1,2,100,190,0,0,5,5,5,0,200,
984,05-Mar-26,21:19:33,2,2,80,152,0,0,4,4,5,0,160,
984,05-Mar-26,21:19:33,3,1,60,57,0,0,1.5,1.5,5,0,60,
985,06-Mar-26,11:52:31,1,1,40,38,0,0,1,1,5,0,40,CASH
986,06-Mar-26,12:27:24,1,3,150,429,0,0,10.5,10.5,5,0,450,CASH
986,06-Mar-26,12:27:24,2,1,80,76,0,0,2,2,5,0,80,CASH
986,06-Mar-26,12:27:24,3,1,50,48,0,0,1,1,5,0,50,CASH
987,06-Mar-26,12:52:29,1,3,50,143,0,0,3.5,3.5,5,0,150,
988,06-Mar-26,12:56:56,1,1,600,571,0,0,14.5,14.5,5,0,600,
545,09-Feb-26,21:52:32,3,1,300,286,0,0,7,7,5,0,300,
545,09-Feb-26,21:52:32,4,1,150,143,0,0,3.5,3.5,5,0,150,
545,09-Feb-26,21:52:32,5,1,30,29,0,0,0.5,0.5,5,0,30,
545,09-Feb-26,21:52:32,6,1,200,190,0,0,5,5,5,0,200,
546,09-Feb-26,21:56:57,1,1,200,190,0,0,5,5,5,0,200,
547,09-Feb-26,22:13:20,1,1,400,381,0,0,9.5,9.5,5,0,400,
547,09-Feb-26,22:13:20,2,1,100,95,0,0,2.5,2.5,5,0,100,
547,09-Feb-26,22:13:20,3,1,120,114,0,0,3,3,5,0,120,
547,09-Feb-26,22:13:20,4,1,300,286,0,0,7,7,5,0,300,
547,09-Feb-26,22:13:20,5,1,150,143,0,0,3.5,3.5,5,0,150,
548,10-Feb-26,16:22:48,1,2,100,190,0,0,5,5,5,0,200,
549,10-Feb-26,16:23:05,1,4,70,267,0,0,6.5,6.5,5,0,280,
549,10-Feb-26,16:23:05,2,12,30,343,0,0,8.5,8.5,5,0,360,
550,10-Feb-26,16:48:53,1,1,350,333,0,0,8.5,8.5,5,0,350,
551,10-Feb-26,16:55:32,1,6,20,114,0,0,3,3,5,0,120,
552,10-Feb-26,17:16:39,1,1,150,143,0,0,3.5,3.5,5,0,150,
553,10-Feb-26,17:18:58,1,2,150,286,0,0,7,7,5,0,300,CASH
554,10-Feb-26,19:03:24,1,1,200,190,0,0,5,5,5,0,200,
555,10-Feb-26,19:16:57,1,1,400,381,0,0,9.5,9.5,5,0,400,
556,10-Feb-26,19:17:04,1,1,40,38,0,0,1,1,5,0,40,
557,10-Feb-26,19:17:45,1,5,40,190,0,0,5,5,5,0,200,
557,10-Feb-26,19:17:45,2,2,350,667,0,0,16.5,16.5,5,0,700,
557,10-Feb-26,19:17:45,3,1,80,76,0,0,2,2,5,0,80,
557,10-Feb-26,19:17:45,4,1,40,38,0,0,1,1,5,0,40,
558,10-Feb-26,19:20:50,1,1,80,76,0,0,2,2,5,0,80,
558,10-Feb-26,19:20:50,2,2,100,190,0,0,5,5,5,0,200,
559,10-Feb-26,19:56:57,1,2,100,190,0,0,5,5,5,0,200,
559,10-Feb-26,19:56:57,2,2,80,152,0,0,4,4,5,0,160,
560,10-Feb-26,19:59:11,1,2,300,571,0,0,14.5,14.5,5,0,600,
561,10-Feb-26,20:07:00,1,7,50,333,0,0,8.5,8.5,5,0,350,
562,10-Feb-26,20:31:28,1,1,150,143,0,0,3.5,3.5,5,0,150,
562,10-Feb-26,20:31:28,2,3,130,371,0,0,9.5,9.5,5,0,390,
563,10-Feb-26,20:32:22,1,1,350,333,0,0,8.5,8.5,5,0,350,
564,10-Feb-26,20:33:30,1,2,110,210,0,0,5,5,5,0,220,
565,10-Feb-26,20:54:54,1,1,150,143,0,0,3.5,3.5,5,0,150,
565,10-Feb-26,20:54:54,2,1,250,238,0,0,6,6,5,0,250,
565,10-Feb-26,20:54:54,3,4,100,381,0,0,9.5,9.5,5,0,400,
566,10-Feb-26,21:46:31,1,1,200,190,0,0,5,5,5,0,200,CASH
566,10-Feb-26,21:46:31,2,1,350,333,0,0,8.5,8.5,5,0,350,CASH
566,10-Feb-26,21:46:31,3,1,250,238,0,0,6,6,5,0,250,CASH
566,10-Feb-26,21:46:31,4,1,120,114,0,0,3,3,5,0,120,CASH
566,10-Feb-26,21:46:31,5,1,150,143,0,0,3.5,3.5,5,0,150,CASH
567,11-Feb-26,11:58:39,1,1,500,476,0,0,12,12,5,0,500,
567,11-Feb-26,11:58:39,2,3,300,857,0,0,21.5,21.5,5,0,900,
568,11-Feb-26,11:59:37,1,2,150,286,0,0,7,7,5,0,300,
569,11-Feb-26,12:32:03,1,1,150,143,0,0,3.5,3.5,5,0,150,
570,11-Feb-26,15:09:40,1,1,500,476,0,0,12,12,5,0,500,
571,11-Feb-26,16:16:47,1,3,120,343,0,0,8.5,8.5,5,0,360,
571,11-Feb-26,16:16:47,2,2,130,248,0,0,6,6,5,0,260,
571,11-Feb-26,16:16:47,3,1,150,143,0,0,3.5,3.5,5,0,150,
571,11-Feb-26,16:16:47,4,2,300,571,0,0,14.5,14.5,5,0,600,
999,06-Mar-26,19:42:41,2,2,350,667,0,0,16.5,16.5,5,0,700,CUSTOMER
999,06-Mar-26,19:42:41,3,3,20,57,0,0,1.5,1.5,5,0,60,CUSTOMER
1000,06-Mar-26,20:53:32,1,2,200,381,0,0,9.5,9.5,5,0,400,
1001,06-Mar-26,20:59:33,1,4,80,305,0,0,7.5,7.5,5,0,320,
1001,06-Mar-26,20:59:33,2,2,50,95,0,0,2.5,2.5,5,0,100,
1001,06-Mar-26,20:59:33,3,1,80,76,0,0,2,2,5,0,80,
1002,06-Mar-26,21:14:27,1,2,60,114,0,0,3,3,5,0,120,
1002,06-Mar-26,21:14:27,2,1,80,76,0,0,2,2,5,0,80,
1003,06-Mar-26,21:15:02,1,3,100,286,0,0,7,7,5,0,300,
1004,06-Mar-26,21:47:41,1,4,100,381,0,0,9.5,9.5,5,0,400,
1004,06-Mar-26,21:47:41,2,1,150,143,0,0,3.5,3.5,5,0,150,
1004,06-Mar-26,21:47:41,3,2,600,1143,0,0,28.5,28.5,5,0,1200,
1004,06-Mar-26,21:47:41,4,1,200,190,0,0,5,5,5,0,200,
1004,06-Mar-26,21:47:41,5,1,30,29,0,0,0.5,0.5,5,0,30,
1005,07-Mar-26,12:17:46,1,2,200,381,0,0,9.5,9.5,5,0,400,
1005,07-Mar-26,12:17:46,2,2,150,286,0,0,7,7,5,0,300,
1005,07-Mar-26,12:17:46,3,1,200,190,0,0,5,5,5,0,200,
582,11-Feb-26,20:16:34,1,1,70,67,0,0,1.5,1.5,5,0,70,
583,11-Feb-26,20:37:43,1,1,200,190,0,0,5,5,5,0,200,
584,11-Feb-26,20:38:10,1,1,110,105,0,0,2.5,2.5,5,0,110,
585,11-Feb-26,20:39:39,1,2,450,857,0,0,21.5,21.5,5,0,900,
585,11-Feb-26,20:39:39,2,1,200,190,0,0,5,5,5,0,200,
585,11-Feb-26,20:39:39,3,1,200,190,0,0,5,5,5,0,200,
585,11-Feb-26,20:39:39,4,2,400,762,0,0,19,19,5,0,800,
585,11-Feb-26,20:39:39,5,2,450,857,0,0,21.5,21.5,5,0,900,
585,11-Feb-26,20:39:39,6,2,300,571,0,0,14.5,14.5,5,0,600,
586,11-Feb-26,20:46:50,1,1,120,114,0,0,3,3,5,0,120,
586,11-Feb-26,20:46:50,2,1,150,143,0,0,3.5,3.5,5,0,150,
587,11-Feb-26,20:51:43,1,4,150,571,0,0,14.5,14.5,5,0,600,
588,11-Feb-26,20:56:35,1,1,80,76,0,0,2,2,5,0,80,
589,11-Feb-26,20:58:26,1,1,200,190,0,0,5,5,5,0,200,
590,11-Feb-26,20:59:32,1,1,50,48,0,0,1,1,5,0,50,
591,11-Feb-26,21:09:31,1,1,150,143,0,0,3.5,3.5,5,0,150,
591,11-Feb-26,21:09:31,2,1,40,38,0,0,1,1,5,0,40,
592,11-Feb-26,21:29:06,1,1,500,476,0,0,12,12,5,0,500,
593,11-Feb-26,21:34:31,1,2,150,286,0,0,7,7,5,0,300,
594,11-Feb-26,21:45:21,1,1,200,190,0,0,5,5,5,0,200,
594,11-Feb-26,21:45:21,2,1,300,286,0,0,7,7,5,0,300,
595,11-Feb-26,21:58:50,1,1,100,95,0,0,2.5,2.5,5,0,100,
595,11-Feb-26,21:58:50,2,1,120,114,0,0,3,3,5,0,120,
596,11-Feb-26,22:24:47,1,4,200,762,0,0,19,19,5,0,800,
596,11-Feb-26,22:24:47,2,2,120,229,0,0,5.5,5.5,5,0,240,
596,11-Feb-26,22:24:47,3,1,50,48,0,0,1,1,5,0,50,
597,11-Feb-26,22:37:37,1,1,100,95,0,0,2.5,2.5,5,0,100,
597,11-Feb-26,22:37:37,2,1,150,143,0,0,3.5,3.5,5,0,150,
598,11-Feb-26,22:37:58,1,1,120,114,0,0,3,3,5,0,120,
599,11-Feb-26,22:48:35,1,1,300,286,0,0,7,7,5,0,300,
600,12-Feb-26,11:29:03,1,4,40,152,0,0,4,4,5,0,160,CASH
601,12-Feb-26,14:21:06,1,1,250,238,0,0,6,6,5,0,250,
601,12-Feb-26,14:21:06,2,1,500,476,0,0,12,12,5,0,500,
602,12-Feb-26,14:26:00,1,1,120,114,0,0,3,3,5,0,120,
602,12-Feb-26,14:26:00,2,1,100,95,0,0,2.5,2.5,5,0,100,
603,12-Feb-26,14:28:57,1,5,200,952,0,0,24,24,5,0,1000,
603,12-Feb-26,14:28:57,2,1,150,143,0,0,3.5,3.5,5,0,150,
603,12-Feb-26,14:28:57,3,1,550,524,0,0,13,13,5,0,550,
603,12-Feb-26,14:28:57,4,1,500,476,0,0,12,12,5,0,500,
603,12-Feb-26,14:28:57,5,1,100,95,0,0,2.5,2.5,5,0,100,
604,12-Feb-26,14:35:14,1,1,300,286,0,0,7,7,5,0,300,
605,12-Feb-26,15:35:21,1,1,150,143,0,0,3.5,3.5,5,0,150,
606,12-Feb-26,16:56:41,1,1,300,286,0,0,7,7,5,0,300,
607,12-Feb-26,16:57:38,1,1,100,95,0,0,2.5,2.5,5,0,100,
607,12-Feb-26,16:57:38,2,1,200,190,0,0,5,5,5,0,200,
608,12-Feb-26,17:40:05,1,2,200,381,0,0,9.5,9.5,5,0,400,
609,12-Feb-26,18:21:55,1,2,200,381,0,0,9.5,9.5,5,0,400,
610,12-Feb-26,18:22:41,1,2,150,286,0,0,7,7,5,0,300,
610,12-Feb-26,18:22:41,2,3,100,286,0,0,7,7,5,0,300,
611,12-Feb-26,19:56:27,1,1,350,333,0,0,8.5,8.5,5,0,350,
612,12-Feb-26,20:47:11,1,7,200,1333,0,0,33.5,33.5,5,0,1400,
612,12-Feb-26,20:47:11,2,1,100,95,0,0,2.5,2.5,5,0,100,
613,12-Feb-26,21:30:37,1,1,100,95,0,0,2.5,2.5,5,0,100,
613,12-Feb-26,21:30:37,2,2,200,381,0,0,9.5,9.5,5,0,400,
614,12-Feb-26,22:22:21,1,1,400,381,0,0,9.5,9.5,5,0,400,CASH
614,12-Feb-26,22:22:21,2,1,400,381,0,0,9.5,9.5,5,0,400,CASH
614,12-Feb-26,22:22:21,3,1,200,190,0,0,5,5,5,0,200,CASH
615,13-Feb-26,11:23:47,1,1,300,286,0,0,7,7,5,0,300,CASH
615,13-Feb-26,11:23:47,2,1,300,286,0,0,7,7,5,0,300,CASH
616,13-Feb-26,13:23:38,1,1,500,476,0,0,12,12,5,0,500,
617,13-Feb-26,13:53:07,1,2,200,381,0,0,9.5,9.5,5,0,400,
618,13-Feb-26,13:59:55,1,1,300,286,0,0,7,7,5,0,300,
618,13-Feb-26,13:59:55,2,1,350,333,0,0,8.5,8.5,5,0,350,
618,13-Feb-26,13:59:55,3,1,100,95,0,0,2.5,2.5,5,0,100,
619,13-Feb-26,14:37:55,1,1,100,95,0,0,2.5,2.5,5,0,100,
620,13-Feb-26,15:20:49,1,1,300,286,0,0,7,7,5,0,300,
621,13-Feb-26,15:32:34,1,1,450,429,0,0,10.5,10.5,5,0,450,
622,13-Feb-26,15:35:34,1,1,150,143,0,0,3.5,3.5,5,0,150,
1013,07-Mar-26,18:24:10,1,2,300,571,0,0,14.5,14.5,5,0,600,
1014,07-Mar-26,18:34:50,1,2,100,190,0,0,5,5,5,0,200,
1015,07-Mar-26,18:59:44,1,5,80,381,0,0,9.5,9.5,5,0,400,
1015,07-Mar-26,18:59:44,2,2,100,190,0,0,5,5,5,0,200,
1015,07-Mar-26,18:59:44,3,1,50,48,0,0,1,1,5,0,50,
1016,07-Mar-26,19:02:38,1,1,200,190,0,0,5,5,5,0,200,
1016,07-Mar-26,19:02:38,2,1,200,190,0,0,5,5,5,0,200,
1016,07-Mar-26,19:02:38,3,1,300,286,0,0,7,7,5,0,300,
1016,07-Mar-26,19:02:38,4,1,100,95,0,0,2.5,2.5,5,0,100,
1016,07-Mar-26,19:02:38,5,1,200,190,0,0,5,5,5,0,200,
1017,07-Mar-26,19:49:58,1,2,60,114,0,0,3,3,5,0,120,
1018,07-Mar-26,19:57:53,1,1,200,190,0,0,5,5,5,0,200,
1019,07-Mar-26,20:18:32,1,2,180,343,0,0,8.5,8.5,5,0,360,
1020,07-Mar-26,20:43:31,1,1,50,48,0,0,1,1,5,0,50,
1021,07-Mar-26,20:43:54,1,1,150,143,0,0,3.5,3.5,5,0,150,
1022,07-Mar-26,20:49:45,1,2,40,76,0,0,2,2,5,0,80,
1023,07-Mar-26,21:06:26,1,1,120,114,0,0,3,3,5,0,120,
622,13-Feb-26,15:35:34,2,1,100,95,0,0,2.5,2.5,5,0,100,
622,13-Feb-26,15:35:34,3,1,300,286,0,0,7,7,5,0,300,
622,13-Feb-26,15:35:34,4,1,400,381,0,0,9.5,9.5,5,0,400,
623,13-Feb-26,17:13:53,1,3,100,286,0,0,7,7,5,0,300,
624,13-Feb-26,17:14:25,1,1,450,429,0,0,10.5,10.5,5,0,450,
625,13-Feb-26,17:14:46,1,5,40,190,0,0,5,5,5,0,200,
625,13-Feb-26,17:14:46,2,2,150,286,0,0,7,7,5,0,300,
625,13-Feb-26,17:14:46,3,1,350,333,0,0,8.5,8.5,5,0,350,
626,13-Feb-26,18:37:40,1,1,350,333,0,0,8.5,8.5,5,0,350,
626,13-Feb-26,18:37:40,2,1,150,143,0,0,3.5,3.5,5,0,150,
627,13-Feb-26,18:40:24,1,1,200,190,0,0,5,5,5,0,200,
628,13-Feb-26,18:41:56,1,3,20,57,0,0,1.5,1.5,5,0,60,
628,13-Feb-26,18:41:56,2,3,30,86,0,0,2,2,5,0,90,
628,13-Feb-26,18:41:56,3,1,150,143,0,0,3.5,3.5,5,0,150,
629,13-Feb-26,18:47:37,1,2,150,286,0,0,7,7,5,0,300,
629,13-Feb-26,18:47:37,2,1,180,171,0,0,4.5,4.5,5,0,180,
630,13-Feb-26,19:11:50,1,1,80,76,0,0,2,2,5,0,80,
1024,07-Mar-26,21:08:34,1,1,200,190,0,0,5,5,5,0,200,
1025,07-Mar-26,21:38:07,1,1,320,305,0,0,7.5,7.5,5,0,320,
1026,08-Mar-26,14:27:21,1,1,500,476,0,0,12,12,5,0,500,CASH
1027,08-Mar-26,14:27:50,1,2,20,38,0,0,1,1,5,0,40,
1028,08-Mar-26,14:28:13,1,2,100,190,0,0,5,5,5,0,200,
1029,08-Mar-26,14:28:40,1,2,600,1143,0,0,28.5,28.5,5,0,1200,
1029,08-Mar-26,14:28:40,2,1,300,286,0,0,7,7,5,0,300,
1029,08-Mar-26,14:28:40,3,2,150,286,0,0,7,7,5,0,300,
1029,08-Mar-26,14:28:40,4,1,200,190,0,0,5,5,5,0,200,
1029,08-Mar-26,14:28:40,5,1,150,143,0,0,3.5,3.5,5,0,150,
1029,08-Mar-26,14:28:40,6,1,200,190,0,0,5,5,5,0,200,
1030,08-Mar-26,14:31:32,1,2,150,286,0,0,7,7,5,0,300,
1031,08-Mar-26,15:07:32,1,2,400,762,0,0,19,19,5,0,800,
1031,08-Mar-26,15:07:32,2,1,200,190,0,0,5,5,5,0,200,
1031,08-Mar-26,15:07:32,3,1,150,143,0,0,3.5,3.5,5,0,150,
1032,08-Mar-26,16:06:05,1,1,60,57,0,0,1.5,1.5,5,0,60,
1032,08-Mar-26,16:06:05,2,1,200,190,0,0,5,5,5,0,200,
638,13-Feb-26,21:13:46,1,2,150,286,0,0,7,7,5,0,300,
639,13-Feb-26,21:42:32,1,2,200,381,0,0,9.5,9.5,5,0,400,CASH
639,13-Feb-26,21:42:32,2,1,100,95,0,0,2.5,2.5,5,0,100,CASH
640,13-Feb-26,22:05:31,1,2,150,286,0,0,7,7,5,0,300,CASH
641,13-Feb-26,22:06:00,1,1,150,143,0,0,3.5,3.5,5,0,150,
642,14-Feb-26,11:13:04,1,1,100,95,0,0,2.5,2.5,5,0,100,CASH
643,14-Feb-26,14:10:10,1,1,150,143,0,0,3.5,3.5,5,0,150,
643,14-Feb-26,14:10:10,2,1,550,524,0,0,13,13,5,0,550,
644,14-Feb-26,15:15:05,1,1,350,333,0,0,8.5,8.5,5,0,350,
644,14-Feb-26,15:15:05,2,1,200,190,0,0,5,5,5,0,200,
645,14-Feb-26,15:21:15,1,1,350,333,0,0,8.5,8.5,5,0,350,
646,14-Feb-26,18:11:41,1,2,500,952,0,0,24,24,5,0,1000,
647,14-Feb-26,18:24:22,1,1,120,114,0,0,3,3,5,0,120,
648,14-Feb-26,18:26:47,1,1,150,143,0,0,3.5,3.5,5,0,150,
649,14-Feb-26,19:07:10,1,1,400,381,0,0,9.5,9.5,5,0,400,
650,14-Feb-26,19:26:29,1,1,300,286,0,0,7,7,5,0,300,
650,14-Feb-26,19:26:29,2,2,150,286,0,0,7,7,5,0,300,
650,14-Feb-26,19:26:29,3,1,100,95,0,0,2.5,2.5,5,0,100,
651,14-Feb-26,20:45:21,1,1,550,524,0,0,13,13,5,0,550,
651,14-Feb-26,20:45:21,2,1,300,286,0,0,7,7,5,0,300,
651,14-Feb-26,20:45:21,3,4,100,381,0,0,9.5,9.5,5,0,400,
652,14-Feb-26,21:46:11,1,1,100,95,0,0,2.5,2.5,5,0,100,
652,14-Feb-26,21:46:11,2,1,150,143,0,0,3.5,3.5,5,0,150,
653,15-Feb-26,11:17:43,1,2,250,476,0,0,12,12,5,0,500,CASH
653,15-Feb-26,11:17:43,2,2,150,286,0,0,7,7,5,0,300,CASH
654,15-Feb-26,12:59:39,1,4,400,1524,0,0,38,38,5,0,1600,
654,15-Feb-26,12:59:39,2,1,150,143,0,0,3.5,3.5,5,0,150,
654,15-Feb-26,12:59:39,3,1,200,190,0,0,5,5,5,0,200,
654,15-Feb-26,12:59:39,4,1,650,619,0,0,15.5,15.5,5,0,650,
654,15-Feb-26,12:59:39,5,2,300,571,0,0,14.5,14.5,5,0,600,
654,15-Feb-26,12:59:39,6,1,300,286,0,0,7,7,5,0,300,
655,15-Feb-26,15:16:51,1,1,400,381,0,0,9.5,9.5,5,0,400,
655,15-Feb-26,15:16:51,2,1,250,238,0,0,6,6,5,0,250,
655,15-Feb-26,15:16:51,3,2,80,152,0,0,4,4,5,0,160,
655,15-Feb-26,15:16:51,4,1,150,143,0,0,3.5,3.5,5,0,150,
655,15-Feb-26,15:16:51,5,1,300,286,0,0,7,7,5,0,300,
655,15-Feb-26,15:16:51,6,1,180,171,0,0,4.5,4.5,5,0,180,
655,15-Feb-26,15:16:51,7,1,120,114,0,0,3,3,5,0,120,
656,15-Feb-26,15:24:22,1,1,200,190,0,0,5,5,5,0,200,
656,15-Feb-26,15:24:22,2,1,450,429,0,0,10.5,10.5,5,0,450,
656,15-Feb-26,15:24:22,3,1,450,429,0,0,10.5,10.5,5,0,450,
656,15-Feb-26,15:24:22,4,3,300,857,0,0,21.5,21.5,5,0,900,
656,15-Feb-26,15:24:22,5,1,100,95,0,0,2.5,2.5,5,0,100,
657,15-Feb-26,17:30:39,1,1,500,476,0,0,12,12,5,0,500,
657,15-Feb-26,17:30:39,2,1,300,286,0,0,7,7,5,0,300,
657,15-Feb-26,17:30:39,3,2,100,190,0,0,5,5,5,0,200,
657,15-Feb-26,17:30:39,4,2,120,229,0,0,5.5,5.5,5,0,240,
658,15-Feb-26,17:32:31,1,1,650,619,0,0,15.5,15.5,5,0,650,
659,15-Feb-26,18:41:31,1,1,120,114,0,0,3,3,5,0,120,
659,15-Feb-26,18:41:31,2,1,120,114,0,0,3,3,5,0,120,
660,15-Feb-26,19:03:14,1,1,200,190,0,0,5,5,5,0,200,
661,15-Feb-26,19:10:18,1,1,100,95,0,0,2.5,2.5,5,0,100,
661,15-Feb-26,19:10:18,2,1,250,238,0,0,6,6,5,0,250,
661,15-Feb-26,19:10:18,3,2,250,476,0,0,12,12,5,0,500,
662,15-Feb-26,19:27:11,1,1,150,143,0,0,3.5,3.5,5,0,150,
663,15-Feb-26,19:57:11,1,3,100,286,0,0,7,7,5,0,300,
664,15-Feb-26,20:14:12,1,1,150,143,0,0,3.5,3.5,5,0,150,
665,15-Feb-26,20:27:31,1,2,60,114,0,0,3,3,5,0,120,
666,15-Feb-26,20:28:16,1,2,80,152,0,0,4,4,5,0,160,
653,14-Feb-26,22:38:25,1,1,130,124,0,0,3,3,5,0,130,
667,15-Feb-26,21:27:09,1,1,600,571,0,0,14.5,14.5,5,0,600,
667,15-Feb-26,21:27:09,2,2,120,229,0,0,5.5,5.5,5,0,240,
667,15-Feb-26,21:27:09,3,2,200,381,0,0,9.5,9.5,5,0,400,
668,15-Feb-26,22:03:20,1,2,150,286,0,0,7,7,5,0,300,
669,15-Feb-26,22:10:29,1,1,150,143,0,0,3.5,3.5,5,0,150,
669,15-Feb-26,22:10:29,2,1,100,95,0,0,2.5,2.5,5,0,100,
669,15-Feb-26,22:10:29,3,1,100,95,0,0,2.5,2.5,5,0,100,
670,15-Feb-26,22:20:50,1,1,450,429,0,0,10.5,10.5,5,0,450,
682,16-Feb-26,16:11:00,1,1,250,238,0,0,6,6,5,0,250,
682,16-Feb-26,16:11:00,2,1,150,143,0,0,3.5,3.5,5,0,150,
682,16-Feb-26,16:11:00,3,1,150,143,0,0,3.5,3.5,5,0,150,
683,16-Feb-26,17:49:00,1,1,200,190,0,0,5,5,5,0,200,
684,16-Feb-26,18:01:39,1,1,350,333,0,0,8.5,8.5,5,0,350,
684,16-Feb-26,18:01:39,2,1,250,238,0,0,6,6,5,0,250,
685,16-Feb-26,18:48:10,1,2,150,286,0,0,7,7,5,0,300,
685,16-Feb-26,18:48:10,2,1,140,133,0,0,3.5,3.5,5,0,140,
685,16-Feb-26,18:48:10,3,2,150,286,0,0,7,7,5,0,300,
685,16-Feb-26,18:48:10,4,1,100,95,0,0,2.5,2.5,5,0,100,
686,16-Feb-26,19:35:09,1,1,80,76,0,0,2,2,5,0,80,
687,16-Feb-26,19:35:40,1,1,100,95,0,0,2.5,2.5,5,0,100,
687,16-Feb-26,19:35:40,2,2,150,286,0,0,7,7,5,0,300,
688,16-Feb-26,21:01:22,1,1,300,286,0,0,7,7,5,0,300,
689,17-Feb-26,13:24:56,1,1,350,333,0,0,8.5,8.5,5,0,350,CASH
690,17-Feb-26,14:53:30,1,1,100,95,0,0,2.5,2.5,5,0,100,
691,17-Feb-26,15:35:33,1,1,350,333,0,0,8.5,8.5,5,0,350,
692,17-Feb-26,15:36:56,1,7,50,333,0,0,8.5,8.5,5,0,350,
692,17-Feb-26,15:36:56,2,1,40,38,0,0,1,1,5,0,40,
692,17-Feb-26,15:36:56,3,1,100,95,0,0,2.5,2.5,5,0,100,
693,17-Feb-26,17:01:33,1,1,50,48,0,0,1,1,5,0,50,
694,17-Feb-26,17:28:22,1,1,300,286,0,0,7,7,5,0,300,
694,17-Feb-26,17:28:22,2,1,200,190,0,0,5,5,5,0,200,
695,17-Feb-26,17:33:58,1,1,300,286,0,0,7,7,5,0,300,
696,17-Feb-26,18:28:21,1,1,200,190,0,0,5,5,5,0,200,
697,17-Feb-26,19:02:03,1,1,300,286,0,0,7,7,5,0,300,
697,17-Feb-26,19:02:03,2,1,180,171,0,0,4.5,4.5,5,0,180,
698,17-Feb-26,20:07:16,1,3,600,1714,0,0,43,43,5,0,1800,CASH
699,17-Feb-26,20:12:07,1,1,120,114,0,0,3,3,5,0,120,
699,17-Feb-26,20:12:07,2,1,150,143,0,0,3.5,3.5,5,0,150,
700,17-Feb-26,20:13:16,1,1,120,114,0,0,3,3,5,0,120,
701,17-Feb-26,20:25:48,1,1,200,190,0,0,5,5,5,0,200,
701,17-Feb-26,20:25:48,2,1,80,76,0,0,2,2,5,0,80,
702,17-Feb-26,20:31:15,1,6,40,229,0,0,5.5,5.5,5,0,240,CASH
703,17-Feb-26,21:38:24,1,2,100,190,0,0,5,5,5,0,200,
704,17-Feb-26,22:13:44,1,1,150,143,0,0,3.5,3.5,5,0,150,
704,17-Feb-26,22:13:44,2,1,200,190,0,0,5,5,5,0,200,
705,18-Feb-26,11:52:40,1,2,100,190,0,0,5,5,5,0,200,
705,18-Feb-26,11:52:40,2,5,150,714,0,0,18,18,5,0,750,
705,18-Feb-26,11:52:40,3,1,150,143,0,0,3.5,3.5,5,0,150,
705,18-Feb-26,11:52:40,4,1,200,190,0,0,5,5,5,0,200,
705,18-Feb-26,11:52:40,5,3,120,343,0,0,8.5,8.5,5,0,360,
705,18-Feb-26,11:52:40,6,3,100,286,0,0,7,7,5,0,300,
705,18-Feb-26,11:52:40,7,1,100,95,0,0,2.5,2.5,5,0,100,
706,18-Feb-26,14:23:43,1,1,300,286,0,0,7,7,5,0,300,
706,18-Feb-26,14:23:43,2,5,200,952,0,0,24,24,5,0,1000,
706,18-Feb-26,14:23:43,3,2,200,381,0,0,9.5,9.5,5,0,400,
706,18-Feb-26,14:23:43,4,1,120,114,0,0,3,3,5,0,120,
707,18-Feb-26,14:32:01,1,1,150,143,0,0,3.5,3.5,5,0,150,
707,18-Feb-26,14:32:01,2,2,100,190,0,0,5,5,5,0,200,
708,18-Feb-26,16:01:50,1,7,40,267,0,0,6.5,6.5,5,0,280,
708,18-Feb-26,16:01:50,2,1,130,124,0,0,3,3,5,0,130,
709,18-Feb-26,17:28:49,1,1,50,48,0,0,1,1,5,0,50,
710,18-Feb-26,19:56:17,1,1,600,571,0,0,14.5,14.5,5,0,600,CASH
710,18-Feb-26,19:56:17,2,1,300,286,0,0,7,7,5,0,300,CASH
711,18-Feb-26,19:57:15,1,2,200,381,0,0,9.5,9.5,5,0,400,
712,18-Feb-26,21:34:45,1,1,300,286,0,0,7,7,5,0,300,
705,17-Feb-26,22:32:14,1,2,100,190,0,0,5,5,5,0,200,
705,17-Feb-26,22:32:14,2,4,120,457,0,0,11.5,11.5,5,0,480,
705,17-Feb-26,22:32:14,3,5,120,571,0,0,14.5,14.5,5,0,600,
705,17-Feb-26,22:32:14,4,1,120,114,0,0,3,3,5,0,120,
705,17-Feb-26,22:32:14,5,5,30,143,0,0,3.5,3.5,5,0,150,
705,17-Feb-26,22:32:14,6,2,40,76,0,0,2,2,5,0,80,
705,17-Feb-26,22:32:14,7,4,150,571,0,0,14.5,14.5,5,0,600,
705,17-Feb-26,22:32:14,8,3,350,1000,0,0,25,25,5,0,1050,
705,17-Feb-26,22:32:14,9,5,100,476,0,0,12,12,5,0,500,
705,17-Feb-26,22:32:14,10,1,150,143,0,0,3.5,3.5,5,0,150,
705,17-Feb-26,22:32:14,11,1,120,114,0,0,3,3,5,0,120,
717,19-Feb-26,16:44:55,1,1,150,143,0,0,3.5,3.5,5,0,150,
718,19-Feb-26,18:10:07,1,2,120,229,0,0,5.5,5.5,5,0,240,
719,19-Feb-26,18:19:49,1,1,200,190,0,0,5,5,5,0,200,
720,19-Feb-26,18:28:26,1,3,150,429,0,0,10.5,10.5,5,0,450,
721,19-Feb-26,18:39:48,1,2,150,286,0,0,7,7,5,0,300,
722,19-Feb-26,19:34:32,1,1,250,238,0,0,6,6,5,0,250,
723,19-Feb-26,19:44:54,1,2,200,381,0,0,9.5,9.5,5,0,400,
724,19-Feb-26,19:49:30,1,1,250,238,0,0,6,6,5,0,250,
725,19-Feb-26,19:51:08,1,1,500,476,0,0,12,12,5,0,500,
726,19-Feb-26,20:18:00,1,1,60,57,0,0,1.5,1.5,5,0,60,
726,19-Feb-26,20:18:00,2,2,25,48,0,0,1,1,5,0,50,
727,19-Feb-26,21:02:14,1,1,50,48,0,0,1,1,5,0,50,
728,19-Feb-26,21:14:41,1,2,150,286,0,0,7,7,5,0,300,
728,19-Feb-26,21:14:41,2,1,200,190,0,0,5,5,5,0,200,
728,19-Feb-26,21:14:41,3,1,150,143,0,0,3.5,3.5,5,0,150,
728,19-Feb-26,21:14:41,4,1,120,114,0,0,3,3,5,0,120,
729,19-Feb-26,22:45:27,1,1,600,571,0,0,14.5,14.5,5,0,600,CASH
1080,10-Mar-26,17:35:02,2,1,300,286,0,0,7,7,5,0,300,
1081,10-Mar-26,17:36:23,1,1,250,238,0,0,6,6,5,0,250,
1081,10-Mar-26,17:36:23,2,1,150,143,0,0,3.5,3.5,5,0,150,
1082,10-Mar-26,18:31:13,1,3,200,571,0,0,14.5,14.5,5,0,600,CASH
1083,10-Mar-26,18:32:48,1,1,250,238,0,0,6,6,5,0,250,
1084,10-Mar-26,18:36:56,1,1,120,114,0,0,3,3,5,0,120,
1085,10-Mar-26,18:47:14,1,2,250,476,0,0,12,12,5,0,500,
1086,10-Mar-26,18:49:03,1,1,250,238,0,0,6,6,5,0,250,
1087,10-Mar-26,20:34:17,1,2,100,190,0,0,5,5,5,0,200,
1087,10-Mar-26,20:34:17,2,1,150,143,0,0,3.5,3.5,5,0,150,
1088,10-Mar-26,20:34:59,1,1,200,190,0,0,5,5,5,0,200,
1089,10-Mar-26,21:04:20,1,2,120,229,0,0,5.5,5.5,5,0,240,
1090,10-Mar-26,21:25:33,1,1,240,229,0,0,5.5,5.5,5,0,240,
1091,10-Mar-26,22:49:39,1,2,150,286,0,0,7,7,5,0,300,
1092,10-Mar-26,22:54:01,1,1,130,124,0,0,3,3,5,0,130,
1093,11-Mar-26,11:51:12,1,1,200,190,0,0,5,5,5,0,200,
1093,11-Mar-26,11:51:12,2,1,200,190,0,0,5,5,5,0,200,
1214,15-Mar-26,21:24:09,2,1,150,143,0,0,3.5,3.5,5,0,150,
1215,15-Mar-26,21:40:47,1,2,350,667,0,0,16.5,16.5,5,0,700,
1215,15-Mar-26,21:40:47,2,2,150,286,0,0,7,7,5,0,300,
1215,15-Mar-26,21:40:47,3,1,120,114,0,0,3,3,5,0,120,
1216,15-Mar-26,21:44:02,1,1,150,143,0,0,3.5,3.5,5,0,150,
1217,15-Mar-26,21:48:56,1,2,130,248,0,0,6,6,5,0,260,CASH
1217,15-Mar-26,21:48:56,2,2,100,190,0,0,5,5,5,0,200,CASH
1218,15-Mar-26,22:15:53,1,1,350,333,0,0,8.5,8.5,5,0,0,
1218,15-Mar-26,22:15:53,2,1,250,238,0,0,6,6,5,0,250,
1219,16-Mar-26,11:15:53,1,5,60,286,0,0,7,7,5,0,300,CASH
1220,16-Mar-26,16:37:03,1,2,100,190,0,0,5,5,5,0,200,
1220,16-Mar-26,16:37:03,2,1,300,286,0,0,7,7,5,0,300,
1221,16-Mar-26,16:37:15,1,3,150,429,0,0,10.5,10.5,5,0,450,
1222,16-Mar-26,17:06:16,1,1,500,476,0,0,12,12,5,0,500,
1222,16-Mar-26,17:06:16,2,1,450,429,0,0,10.5,10.5,5,0,450,
1223,16-Mar-26,17:10:22,1,1,350,333,0,0,8.5,8.5,5,0,350,
1224,16-Mar-26,18:04:38,1,4,250,952,0,0,24,24,5,0,1000,
1224,16-Mar-26,18:04:38,2,2,500,952,0,0,24,24,5,0,1000,
1224,16-Mar-26,18:04:38,3,1,150,143,0,0,3.5,3.5,5,0,150,
1225,16-Mar-26,18:30:36,1,2,350,667,0,0,16.5,16.5,5,0,700,
1225,16-Mar-26,18:30:36,2,2,250,476,0,0,12,12,5,0,500,
1226,16-Mar-26,19:27:14,1,6,300,1714,0,0,43,43,5,0,1800,
1227,16-Mar-26,19:32:38,1,1,500,476,0,0,12,12,5,0,500,
1228,16-Mar-26,20:17:00,1,5,100,476,0,0,12,12,5,0,500,
1229,16-Mar-26,21:15:09,1,2,400,762,0,0,19,19,5,0,800,
1229,16-Mar-26,21:15:09,2,1,200,190,0,0,5,5,5,0,200,
1230,16-Mar-26,21:41:42,1,2,100,190,0,0,5,5,5,0,200,
1231,16-Mar-26,22:11:21,1,1,100,95,0,0,2.5,2.5,5,0,100,
1232,16-Mar-26,22:15:16,1,1,150,143,0,0,3.5,3.5,5,0,150,
1233,17-Mar-26,11:29:36,1,1,550,524,0,0,13,13,5,0,550,CASH
1234,17-Mar-26,12:19:21,1,1,150,143,0,0,3.5,3.5,5,0,150,
1234,17-Mar-26,12:19:21,2,1,200,190,0,0,5,5,5,0,200,
1234,17-Mar-26,12:19:21,3,1,300,286,0,0,7,7,5,0,300,
1235,17-Mar-26,14:05:32,1,1,150,143,0,0,3.5,3.5,5,0,150,
1371,23-Mar-26,19:33:25,1,1,150,143,0,0,3.5,3.5,5,0,150,
1372,23-Mar-26,20:41:15,1,4,250,952,0,0,24,24,5,0,1000,
1373,23-Mar-26,20:53:32,1,1,500,476,0,0,12,12,5,0,500,
1373,23-Mar-26,20:53:32,2,2,200,381,0,0,9.5,9.5,5,0,400,
1373,23-Mar-26,20:53:32,3,1,200,190,0,0,5,5,5,0,200,
1374,23-Mar-26,20:56:00,1,2,150,286,0,0,7,7,5,0,300,
1374,23-Mar-26,20:56:00,2,1,500,476,0,0,12,12,5,0,500,
1374,23-Mar-26,20:56:00,3,1,150,143,0,0,3.5,3.5,5,0,150,
1374,23-Mar-26,20:56:00,4,1,150,143,0,0,3.5,3.5,5,0,150,
1374,23-Mar-26,20:56:00,5,1,200,190,0,0,5,5,5,0,200,
1374,23-Mar-26,20:56:00,6,1,500,476,0,0,12,12,5,0,500,
1375,23-Mar-26,22:48:52,1,3,150,429,0,0,10.5,10.5,5,0,450,
1375,23-Mar-26,22:48:52,2,1,100,95,0,0,2.5,2.5,5,0,100,
1375,23-Mar-26,22:48:52,3,1,120,114,0,0,3,3,5,0,120,
1376,24-Mar-26,11:42:57,1,1,260,248,0,0,6,6,5,0,260,CASH
1376,24-Mar-26,11:42:57,2,2,250,476,0,0,12,12,5,0,500,CASH
1376,24-Mar-26,11:42:57,3,1,200,190,0,0,5,5,5,0,200,CASH
1343,22-Mar-26,17:26:39,1,1,120,114,0,0,3,3,5,0,120,
1344,22-Mar-26,17:29:49,1,1,400,381,0,0,9.5,9.5,5,0,400,
1345,22-Mar-26,17:41:13,1,1,200,190,0,0,5,5,5,0,200,
1345,22-Mar-26,17:41:13,2,2,260,495,0,0,12.5,12.5,5,0,520,
1345,22-Mar-26,17:41:13,3,1,400,381,0,0,9.5,9.5,5,0,400,
1345,22-Mar-26,17:41:13,4,1,180,171,0,0,4.5,4.5,5,0,180,
1346,22-Mar-26,18:32:26,1,1,400,381,0,0,9.5,9.5,5,0,400,
1346,22-Mar-26,18:32:26,2,1,300,286,0,0,7,7,5,0,300,
1346,22-Mar-26,18:32:26,3,1,200,190,0,0,5,5,5,0,200,
1346,22-Mar-26,18:32:26,4,2,250,476,0,0,12,12,5,0,500,
1346,22-Mar-26,18:32:26,5,1,100,95,0,0,2.5,2.5,5,0,100,
1347,22-Mar-26,18:37:05,1,2,100,190,0,0,5,5,5,0,200,
1347,22-Mar-26,18:37:05,2,1,120,114,0,0,3,3,5,0,120,
1348,22-Mar-26,18:39:34,1,1,200,190,0,0,5,5,5,0,200,
1348,22-Mar-26,18:39:34,2,1,150,143,0,0,3.5,3.5,5,0,150,
1348,22-Mar-26,18:39:34,3,1,250,238,0,0,6,6,5,0,250,
1349,22-Mar-26,18:57:26,1,1,400,381,0,0,9.5,9.5,5,0,400,
771,22-Feb-26,18:43:06,5,1,300,286,0,0,7,7,5,0,300,
771,22-Feb-26,18:43:06,6,1,300,286,0,0,7,7,5,0,300,
772,22-Feb-26,19:00:44,1,2,200,381,0,0,9.5,9.5,5,0,400,
772,22-Feb-26,19:00:44,2,2,100,190,0,0,5,5,5,0,200,
773,22-Feb-26,19:06:43,1,1,200,190,0,0,5,5,5,0,200,
774,22-Feb-26,19:07:12,1,2,500,952,0,0,24,24,5,0,1000,
774,22-Feb-26,19:07:12,2,3,300,857,0,0,21.5,21.5,5,0,900,
774,22-Feb-26,19:07:12,3,1,300,286,0,0,7,7,5,0,300,
774,22-Feb-26,19:07:12,4,1,400,381,0,0,9.5,9.5,5,0,400,
774,22-Feb-26,19:07:12,5,12,100,1143,0,0,28.5,28.5,5,0,1200,
775,22-Feb-26,20:21:33,1,1,200,190,0,0,5,5,5,0,200,CASH
776,22-Feb-26,20:55:48,1,1,130,124,0,0,3,3,5,0,130,
776,22-Feb-26,20:55:48,2,1,120,114,0,0,3,3,5,0,120,
777,22-Feb-26,20:57:34,1,1,100,95,0,0,2.5,2.5,5,0,100,
778,22-Feb-26,21:49:40,1,1,350,333,0,0,8.5,8.5,5,0,350,CASH
778,22-Feb-26,21:49:40,2,1,100,95,0,0,2.5,2.5,5,0,100,CASH
779,22-Feb-26,22:51:03,1,2,150,286,0,0,7,7,5,0,300,CASH
780,23-Feb-26,13:11:13,1,1,100,95,0,0,2.5,2.5,5,0,100,
781,23-Feb-26,13:11:23,1,14,100,1333,0,0,33.5,33.5,5,0,1400,
782,23-Feb-26,14:18:27,1,1,600,571,0,0,14.5,14.5,5,0,600,
782,23-Feb-26,14:18:27,2,1,500,476,0,0,12,12,5,0,500,
783,23-Feb-26,16:19:15,1,1,200,190,0,0,5,5,5,0,200,
783,23-Feb-26,16:19:15,2,1,150,143,0,0,3.5,3.5,5,0,150,
784,23-Feb-26,16:57:11,1,3,150,429,0,0,10.5,10.5,5,0,450,
785,23-Feb-26,16:59:05,1,1,100,95,0,0,2.5,2.5,5,0,100,
786,23-Feb-26,18:23:44,1,1,350,333,0,0,8.5,8.5,5,0,350,
786,23-Feb-26,18:23:44,2,1,350,333,0,0,8.5,8.5,5,0,350,
786,23-Feb-26,18:23:44,3,1,150,143,0,0,3.5,3.5,5,0,150,
786,23-Feb-26,18:23:44,4,1,200,190,0,0,5,5,5,0,200,
787,23-Feb-26,19:06:04,1,3,100,286,0,0,7,7,5,0,300,
788,23-Feb-26,19:21:59,1,1,100,95,0,0,2.5,2.5,5,0,100,
789,23-Feb-26,19:27:27,1,1,150,143,0,0,3.5,3.5,5,0,150,
790,23-Feb-26,20:02:12,1,10,20,190,0,0,5,5,5,0,200,
790,23-Feb-26,20:02:12,2,1,450,429,0,0,10.5,10.5,5,0,450,
1243,17-Mar-26,18:04:12,1,1,400,381,0,0,9.5,9.5,5,0,400,
1244,17-Mar-26,18:04:31,1,1,400,381,0,0,9.5,9.5,5,0,400,
1244,17-Mar-26,18:04:31,2,3,80,229,0,0,5.5,5.5,5,0,240,
1245,17-Mar-26,20:14:12,1,2,100,190,0,0,5,5,5,0,200,
1246,17-Mar-26,20:35:06,1,1,50,48,0,0,1,1,5,0,50,
1247,17-Mar-26,20:45:59,1,1,450,429,0,0,10.5,10.5,5,0,450,
1247,17-Mar-26,20:45:59,2,2,100,190,0,0,5,5,5,0,200,
1248,17-Mar-26,21:20:31,1,1,30,29,0,0,0.5,0.5,5,0,30,
1248,17-Mar-26,21:20:31,2,1,40,38,0,0,1,1,5,0,40,
1248,17-Mar-26,21:20:31,3,1,40,38,0,0,1,1,5,0,40,
1248,17-Mar-26,21:20:31,4,1,250,238,0,0,6,6,5,0,250,
1248,17-Mar-26,21:20:31,5,1,450,429,0,0,10.5,10.5,5,0,450,
1249,17-Mar-26,22:01:52,1,1,350,333,0,0,8.5,8.5,5,0,350,CASH
1250,17-Mar-26,22:22:34,1,2,300,571,0,0,14.5,14.5,5,0,600,
1251,17-Mar-26,22:24:08,1,3,200,571,0,0,14.5,14.5,5,0,600,
1252,17-Mar-26,22:36:32,1,1,450,429,0,0,10.5,10.5,5,0,450,
1252,17-Mar-26,22:36:32,2,1,250,238,0,0,6,6,5,0,250,
791,23-Feb-26,20:11:26,1,1,200,190,0,0,5,5,5,0,200,
792,23-Feb-26,20:12:35,1,1,150,143,0,0,3.5,3.5,5,0,150,
793,23-Feb-26,20:39:40,1,1,200,190,0,0,5,5,5,0,200,
793,23-Feb-26,20:39:40,2,2,100,190,0,0,5,5,5,0,200,
794,23-Feb-26,21:26:06,1,1,200,190,0,0,5,5,5,0,200,
794,23-Feb-26,21:26:06,2,1,100,95,0,0,2.5,2.5,5,0,100,
795,23-Feb-26,21:30:01,1,2,150,286,0,0,7,7,5,0,300,
795,23-Feb-26,21:30:01,2,1,200,190,0,0,5,5,5,0,200,
795,23-Feb-26,21:30:01,3,1,120,114,0,0,3,3,5,0,120,
795,23-Feb-26,21:30:01,4,2,100,190,0,0,5,5,5,0,200,
796,23-Feb-26,21:31:58,1,2,100,190,0,0,5,5,5,0,200,
796,23-Feb-26,21:31:58,2,1,150,143,0,0,3.5,3.5,5,0,150,
796,23-Feb-26,21:31:58,3,2,300,571,0,0,14.5,14.5,5,0,600,
797,23-Feb-26,21:52:21,1,4,100,381,0,0,9.5,9.5,5,0,400,
798,23-Feb-26,22:41:19,1,1,300,286,0,0,7,7,5,0,300,
798,23-Feb-26,22:41:19,2,3,150,429,0,0,10.5,10.5,5,0,450,
798,23-Feb-26,22:41:19,3,2,400,762,0,0,19,19,5,0,800,
1133,12-Mar-26,20:26:35,3,1,500,476,0,0,12,12,5,0,500,
1134,12-Mar-26,20:27:50,1,1,100,95,0,0,2.5,2.5,5,0,100,
1134,12-Mar-26,20:27:50,2,1,400,381,0,0,9.5,9.5,5,0,400,
1135,12-Mar-26,20:29:18,1,3,40,114,0,0,3,3,5,0,120,
1136,12-Mar-26,20:30:57,1,1,200,190,0,0,5,5,5,0,200,
1136,12-Mar-26,20:30:57,2,1,300,286,0,0,7,7,5,0,300,
1136,12-Mar-26,20:30:57,3,1,250,238,0,0,6,6,5,0,250,
1136,12-Mar-26,20:30:57,4,1,150,143,0,0,3.5,3.5,5,0,150,
1136,12-Mar-26,20:30:57,5,1,100,95,0,0,2.5,2.5,5,0,100,
1137,12-Mar-26,20:33:30,1,1,180,171,0,0,4.5,4.5,5,0,180,
1137,12-Mar-26,20:33:30,2,1,250,238,0,0,6,6,5,0,250,
1138,12-Mar-26,20:34:52,1,3,150,429,0,0,10.5,10.5,5,0,450,
1138,12-Mar-26,20:34:52,2,1,180,171,0,0,4.5,4.5,5,0,180,
1139,12-Mar-26,20:38:42,1,1,200,190,0,0,5,5,5,0,200,
1139,12-Mar-26,20:38:42,2,1,100,95,0,0,2.5,2.5,5,0,100,
1139,12-Mar-26,20:38:42,3,1,100,95,0,0,2.5,2.5,5,0,100,
1140,12-Mar-26,21:46:54,1,1,250,238,0,0,6,6,5,0,250,
1141,12-Mar-26,22:06:01,1,2,50,95,0,0,2.5,2.5,5,0,100,
1142,12-Mar-26,22:11:36,1,2,100,190,0,0,5,5,5,0,200,
1142,12-Mar-26,22:11:36,2,1,150,143,0,0,3.5,3.5,5,0,150,
1142,12-Mar-26,22:11:36,3,2,250,476,0,0,12,12,5,0,500,
1143,13-Mar-26,11:32:41,1,1,50,48,0,0,1,1,5,0,50,
1144,13-Mar-26,14:27:36,1,4,200,762,0,0,19,19,5,0,800,CASH
1144,13-Mar-26,14:27:36,2,1,250,238,0,0,6,6,5,0,250,CASH
1144,13-Mar-26,14:27:36,3,2,200,381,0,0,9.5,9.5,5,0,400,CASH
1145,13-Mar-26,14:27:59,1,1,100,95,0,0,2.5,2.5,5,0,100,
1146,13-Mar-26,14:41:04,1,2,250,476,0,0,12,12,5,0,500,
1146,13-Mar-26,14:41:04,2,1,350,333,0,0,8.5,8.5,5,0,350,
1146,13-Mar-26,14:41:04,3,1,200,190,0,0,5,5,5,0,200,
1146,13-Mar-26,14:41:04,4,1,500,476,0,0,12,12,5,0,500,
1146,13-Mar-26,14:41:04,5,1,350,333,0,0,8.5,8.5,5,0,350,
1147,13-Mar-26,16:47:46,1,2,250,476,0,0,12,12,5,0,500,CASH
1147,13-Mar-26,16:47:46,2,2,300,571,0,0,14.5,14.5,5,0,600,CASH
1147,13-Mar-26,16:47:46,3,1,150,143,0,0,3.5,3.5,5,0,150,CASH
811,24-Feb-26,21:43:37,2,1,300,286,0,0,7,7,5,0,300,
812,24-Feb-26,21:51:16,1,1,200,190,0,0,5,5,5,0,200,
812,24-Feb-26,21:51:16,2,1,100,95,0,0,2.5,2.5,5,0,100,
813,24-Feb-26,22:33:44,1,2,150,286,0,0,7,7,5,0,300,
814,24-Feb-26,22:34:49,1,8,300,2286,0,0,57,57,5,0,2400,
814,24-Feb-26,22:34:49,2,1,400,381,0,0,9.5,9.5,5,0,400,
814,24-Feb-26,22:34:49,3,1,500,476,0,0,12,12,5,0,500,
815,24-Feb-26,22:40:40,1,2,50,95,0,0,2.5,2.5,5,0,100,
816,25-Feb-26,19:13:40,1,1,350,333,0,0,8.5,8.5,5,0,350,
817,25-Feb-26,19:13:47,1,1,400,381,0,0,9.5,9.5,5,0,400,
817,25-Feb-26,19:13:47,2,1,100,95,0,0,2.5,2.5,5,0,100,
818,25-Feb-26,19:18:29,1,1,150,143,0,0,3.5,3.5,5,0,150,
818,25-Feb-26,19:18:29,2,5,80,381,0,0,9.5,9.5,5,0,400,
819,25-Feb-26,19:33:23,1,1,100,95,0,0,2.5,2.5,5,0,100,
819,25-Feb-26,19:33:23,2,1,150,143,0,0,3.5,3.5,5,0,150,
820,25-Feb-26,20:06:36,1,3,300,857,0,0,21.5,21.5,5,0,900,
820,25-Feb-26,20:06:36,2,1,150,143,0,0,3.5,3.5,5,0,150,
821,25-Feb-26,20:43:17,1,1,150,143,0,0,3.5,3.5,5,0,150,
821,25-Feb-26,20:43:17,2,1,100,95,0,0,2.5,2.5,5,0,100,
822,25-Feb-26,20:43:38,1,2,600,1143,0,0,28.5,28.5,5,0,1200,
822,25-Feb-26,20:43:38,2,1,350,333,0,0,8.5,8.5,5,0,350,
823,25-Feb-26,21:34:44,1,2,200,381,0,0,9.5,9.5,5,0,400,
823,25-Feb-26,21:34:44,2,1,130,124,0,0,3,3,5,0,130,
824,25-Feb-26,21:49:28,1,4,100,381,0,0,9.5,9.5,5,0,400,CASH
824,25-Feb-26,21:49:28,2,2,60,114,0,0,3,3,5,0,120,CASH
824,25-Feb-26,21:49:28,3,5,100,476,0,0,12,12,5,0,500,CASH
824,25-Feb-26,21:49:28,4,1,40,38,0,0,1,1,5,0,40,CASH
824,25-Feb-26,21:49:28,5,2,80,152,0,0,4,4,5,0,160,CASH
825,25-Feb-26,22:10:56,1,2,120,229,0,0,5.5,5.5,5,0,240,
825,25-Feb-26,22:10:56,2,1,80,76,0,0,2,2,5,0,80,
826,25-Feb-26,22:13:01,1,1,40,38,0,0,1,1,5,0,40,
827,25-Feb-26,22:16:59,1,1,300,286,0,0,7,7,5,0,300,
827,25-Feb-26,22:16:59,2,1,120,114,0,0,3,3,5,0,120,
828,25-Feb-26,22:31:03,1,4,150,571,0,0,14.5,14.5,5,0,600,
828,25-Feb-26,22:31:03,2,1,300,286,0,0,7,7,5,0,300,
828,25-Feb-26,22:31:03,3,4,200,762,0,0,19,19,5,0,800,
829,26-Feb-26,11:22:21,1,4,100,381,0,0,9.5,9.5,5,0,400,CASH
829,26-Feb-26,11:22:21,2,1,60,57,0,0,1.5,1.5,5,0,60,CASH
829,26-Feb-26,11:22:21,3,1,80,76,0,0,2,2,5,0,80,CASH
830,26-Feb-26,12:26:50,1,2,100,190,0,0,5,5,5,0,200,CASH
830,26-Feb-26,12:26:50,2,2,80,152,0,0,4,4,5,0,160,CASH
830,26-Feb-26,12:26:50,3,1,60,57,0,0,1.5,1.5,5,0,60,CASH
831,26-Feb-26,12:31:33,1,2,100,190,0,0,5,5,5,0,200,
832,26-Feb-26,15:06:27,1,1,60,57,0,0,1.5,1.5,5,0,60,CASH
833,26-Feb-26,15:35:22,1,1,100,95,0,0,2.5,2.5,5,0,100,
833,26-Feb-26,15:35:22,2,1,80,76,0,0,2,2,5,0,80,
834,26-Feb-26,17:10:32,1,1,300,286,0,0,7,7,5,0,300,
834,26-Feb-26,17:10:32,2,1,200,190,0,0,5,5,5,0,200,
835,26-Feb-26,18:06:25,1,1,150,143,0,0,3.5,3.5,5,0,150,
836,26-Feb-26,18:38:49,1,1,70,67,0,0,1.5,1.5,5,0,70,
836,26-Feb-26,18:38:49,2,1,30,29,0,0,0.5,0.5,5,0,30,
836,26-Feb-26,18:38:49,3,1,320,305,0,0,7.5,7.5,5,0,320,
837,26-Feb-26,18:40:50,1,2,350,667,0,0,16.5,16.5,5,0,700,
837,26-Feb-26,18:40:50,2,1,350,333,0,0,8.5,8.5,5,0,350,
837,26-Feb-26,18:40:50,3,1,150,143,0,0,3.5,3.5,5,0,150,
837,26-Feb-26,18:40:50,4,6,40,229,0,0,5.5,5.5,5,0,240,
837,26-Feb-26,18:40:50,5,2,70,133,0,0,3.5,3.5,5,0,140,
837,26-Feb-26,18:40:50,6,1,60,57,0,0,1.5,1.5,5,0,60,
837,26-Feb-26,18:40:50,7,2,70,133,0,0,3.5,3.5,5,0,140,
837,26-Feb-26,18:40:50,8,1,60,57,0,0,1.5,1.5,5,0,60,
837,26-Feb-26,18:40:50,9,2,70,133,0,0,3.5,3.5,5,0,140,
837,26-Feb-26,18:40:50,10,1,60,57,0,0,1.5,1.5,5,0,60,
837,26-Feb-26,18:40:50,11,4,40,152,0,0,4,4,5,0,160,
837,26-Feb-26,18:40:50,12,2,40,76,0,0,2,2,5,0,80,
837,26-Feb-26,18:40:50,13,9,100,857,0,0,21.5,21.5,5,0,900,
838,26-Feb-26,19:12:55,1,1,400,381,0,0,9.5,9.5,5,0,400,
839,26-Feb-26,20:16:12,1,3,150,429,0,0,10.5,10.5,5,0,450,
839,26-Feb-26,20:16:12,2,1,100,95,0,0,2.5,2.5,5,0,0,
840,26-Feb-26,20:27:18,1,1,150,143,0,0,3.5,3.5,5,0,150,
840,26-Feb-26,20:27:18,2,1,100,95,0,0,2.5,2.5,5,0,100,
841,26-Feb-26,20:29:34,1,1,100,95,0,0,2.5,2.5,5,0,100,
842,26-Feb-26,20:32:46,1,1,350,333,0,0,8.5,8.5,5,0,350,
842,26-Feb-26,20:32:46,2,1,150,143,0,0,3.5,3.5,5,0,150,
843,26-Feb-26,21:16:44,1,1,150,143,0,0,3.5,3.5,5,0,150,
843,26-Feb-26,21:16:44,2,1,220,210,0,0,5,5,5,0,0,
844,26-Feb-26,21:19:52,1,1,250,238,0,0,6,6,5,0,250,
844,26-Feb-26,21:19:52,2,1,50,48,0,0,1,1,5,0,50,
844,26-Feb-26,21:19:52,3,1,60,57,0,0,1.5,1.5,5,0,60,
845,26-Feb-26,22:01:59,1,1,350,333,0,0,8.5,8.5,5,0,350,
845,26-Feb-26,22:01:59,2,1,180,171,0,0,4.5,4.5,5,0,180,
845,26-Feb-26,22:01:59,3,1,200,190,0,0,5,5,5,0,200,
845,26-Feb-26,22:01:59,4,1,120,114,0,0,3,3,5,0,120,
846,27-Feb-26,11:39:23,1,1,450,429,0,0,10.5,10.5,5,0,450,
846,27-Feb-26,11:39:23,2,1,350,333,0,0,8.5,8.5,5,0,350,
846,27-Feb-26,11:39:23,3,1,300,286,0,0,7,7,5,0,300,
864,27-Feb-26,20:45:53,3,1,50,48,0,0,1,1,5,0,50,
865,27-Feb-26,20:48:17,1,1,120,114,0,0,3,3,5,0,120,
866,28-Feb-26,11:23:17,1,1,100,95,0,0,2.5,2.5,5,0,100,CASH
867,28-Feb-26,11:25:38,1,1,300,286,0,0,7,7,5,0,300,
868,28-Feb-26,11:48:36,1,3,100,286,0,0,7,7,5,0,300,CASH
869,28-Feb-26,13:26:41,1,1,40,38,0,0,1,1,5,0,40,
869,28-Feb-26,13:26:41,2,7,40,267,0,0,6.5,6.5,5,0,280,
870,28-Feb-26,13:30:11,1,2,100,190,0,0,5,5,5,0,200,
871,28-Feb-26,14:38:44,1,7,40,267,0,0,6.5,6.5,5,0,280,
871,28-Feb-26,14:38:44,2,2,30,57,0,0,1.5,1.5,5,0,60,
871,28-Feb-26,14:38:44,3,1,80,76,0,0,2,2,5,0,80,
871,28-Feb-26,14:38:44,4,2,150,286,0,0,7,7,5,0,300,
871,28-Feb-26,14:38:44,5,1,260,248,0,0,6,6,5,0,260,
871,28-Feb-26,14:38:44,6,1,200,190,0,0,5,5,5,0,200,
871,28-Feb-26,14:38:44,7,1,360,343,0,0,8.5,8.5,5,0,360,
871,28-Feb-26,14:38:44,8,1,320,305,0,0,7.5,7.5,5,0,320,
871,28-Feb-26,14:38:44,9,1,160,152,0,0,4,4,5,0,160,
866,27-Feb-26,21:26:44,1,1,350,333,0,0,8.5,8.5,5,0,350,
866,27-Feb-26,21:26:44,2,2,120,229,0,0,5.5,5.5,5,0,240,
866,27-Feb-26,21:26:44,3,2,50,95,0,0,2.5,2.5,5,0,100,
884,28-Feb-26,22:09:58,1,1,350,333,0,0,8.5,8.5,5,0,350,CASH
884,28-Feb-26,22:09:58,2,2,50,95,0,0,2.5,2.5,5,0,100,CASH
884,28-Feb-26,22:09:58,3,1,100,95,0,0,2.5,2.5,5,0,100,CASH
884,28-Feb-26,22:09:58,4,1,120,114,0,0,3,3,5,0,120,CASH
885,01-Mar-26,12:52:42,1,2,400,762,0,0,19,19,5,0,800,CASH
886,01-Mar-26,13:06:20,1,1,300,286,0,0,7,7,5,0,300,CASH
887,01-Mar-26,13:30:17,1,1,150,143,0,0,3.5,3.5,5,0,150,
887,01-Mar-26,13:30:17,2,1,200,190,0,0,5,5,5,0,200,
887,01-Mar-26,13:30:17,3,1,100,95,0,0,2.5,2.5,5,0,100,
888,01-Mar-26,13:43:43,1,2,150,286,0,0,7,7,5,0,300,CASH
889,01-Mar-26,13:46:06,1,3,120,343,0,0,8.5,8.5,5,0,360,
890,01-Mar-26,14:19:20,1,2,60,114,0,0,3,3,5,0,120,
890,01-Mar-26,14:19:20,2,3,100,286,0,0,7,7,5,0,300,
890,01-Mar-26,14:19:20,3,6,150,857,0,0,21.5,21.5,5,0,900,
871,28-Feb-26,14:38:44,10,1,320,305,0,0,7.5,7.5,5,0,320,
871,28-Feb-26,14:38:44,11,1,260,248,0,0,6,6,5,0,260,
871,28-Feb-26,14:38:44,12,1,180,171,0,0,4.5,4.5,5,0,180,
871,28-Feb-26,14:38:44,13,1,260,248,0,0,6,6,5,0,260,
871,28-Feb-26,14:38:44,14,1,380,362,0,0,9,9,5,0,380,
871,28-Feb-26,14:38:44,15,5,100,476,0,0,12,12,5,0,500,
871,28-Feb-26,14:38:44,16,1,140,133,0,0,3.5,3.5,5,0,140,
872,28-Feb-26,16:19:59,1,1,350,333,0,0,8.5,8.5,5,0,350,
873,28-Feb-26,16:36:04,1,1,150,143,0,0,3.5,3.5,5,0,150,
873,28-Feb-26,16:36:04,2,1,100,95,0,0,2.5,2.5,5,0,100,
874,28-Feb-26,16:37:02,1,2,120,229,0,0,5.5,5.5,5,0,240,
874,28-Feb-26,16:37:02,2,2,130,248,0,0,6,6,5,0,260,
874,28-Feb-26,16:37:02,3,1,130,124,0,0,3,3,5,0,130,
874,28-Feb-26,16:37:02,4,2,300,571,0,0,14.5,14.5,5,0,600,
875,28-Feb-26,16:40:20,1,1,150,143,0,0,3.5,3.5,5,0,150,
876,28-Feb-26,19:35:57,1,1,200,190,0,0,5,5,5,0,200,
876,28-Feb-26,19:35:57,2,1,300,286,0,0,7,7,5,0,300,
877,28-Feb-26,20:59:44,1,4,100,381,0,0,9.5,9.5,5,0,400,
877,28-Feb-26,20:59:44,2,2,60,114,0,0,3,3,5,0,120,
877,28-Feb-26,20:59:44,3,1,300,286,0,0,7,7,5,0,300,
878,28-Feb-26,21:05:05,1,3,350,1000,0,0,25,25,5,0,1050,
878,28-Feb-26,21:05:05,2,1,300,286,0,0,7,7,5,0,300,
879,28-Feb-26,21:09:42,1,2,30,57,0,0,1.5,1.5,5,0,60,
879,28-Feb-26,21:09:42,2,1,60,57,0,0,1.5,1.5,5,0,60,
880,28-Feb-26,21:16:03,1,1,100,95,0,0,2.5,2.5,5,0,100,CASH
880,28-Feb-26,21:16:03,2,3,70,200,0,0,5,5,5,0,210,CASH
880,28-Feb-26,21:16:03,3,2,60,114,0,0,3,3,5,0,120,CASH
880,28-Feb-26,21:16:03,4,4,80,305,0,0,7.5,7.5,5,0,320,CASH
881,28-Feb-26,21:19:34,1,1,100,95,0,0,2.5,2.5,5,0,100,
881,28-Feb-26,21:19:34,2,2,100,190,0,0,5,5,5,0,200,
882,28-Feb-26,21:22:17,1,1,100,95,0,0,2.5,2.5,5,0,100,
883,28-Feb-26,21:23:24,1,2,60,114,0,0,3,3,5,0,120,
883,28-Feb-26,21:23:24,2,1,250,238,0,0,6,6,5,0,250,
883,28-Feb-26,21:23:24,3,1,60,57,0,0,1.5,1.5,5,0,60,
1160,13-Mar-26,22:10:24,2,1,300,286,0,0,7,7,5,0,300,
1161,14-Mar-26,11:14:33,1,2,250,476,0,0,12,12,5,0,500,CASH
1162,14-Mar-26,11:50:28,1,3,500,1429,0,0,35.5,35.5,5,0,1500,
1162,14-Mar-26,11:50:28,2,3,350,1000,0,0,25,25,5,0,1050,
1162,14-Mar-26,11:50:28,3,1,100,95,0,0,2.5,2.5,5,0,100,
1162,14-Mar-26,11:50:28,4,1,1100,1048,0,0,26,26,5,0,1100,
1163,14-Mar-26,12:41:11,1,2,500,952,0,0,24,24,5,0,0,
1163,14-Mar-26,12:41:11,2,1,250,238,0,0,6,6,5,0,250,
1163,14-Mar-26,12:41:11,3,1,300,286,0,0,7,7,5,0,300,
1164,14-Mar-26,12:46:14,1,11,100,1048,0,0,26,26,5,0,1100,CASH
1164,14-Mar-26,12:46:14,2,1,100,95,0,0,2.5,2.5,5,0,100,CASH
1165,14-Mar-26,12:50:11,1,1,400,381,0,0,9.5,9.5,5,0,400,
1166,14-Mar-26,12:58:15,1,2,150,286,0,0,7,7,5,0,300,
1167,14-Mar-26,13:27:37,1,2,350,667,0,0,16.5,16.5,5,0,700,
1167,14-Mar-26,13:27:37,2,2,150,286,0,0,7,7,5,0,300,
1167,14-Mar-26,13:27:37,3,1,100,95,0,0,2.5,2.5,5,0,100,
1167,14-Mar-26,13:27:37,4,1,200,190,0,0,5,5,5,0,200,
1377,24-Mar-26,11:45:35,1,1,150,143,0,0,3.5,3.5,5,0,150,
1377,24-Mar-26,11:45:35,2,1,60,57,0,0,1.5,1.5,5,0,60,
1377,24-Mar-26,11:45:35,3,1,190,181,0,0,4.5,4.5,5,0,190,
1378,24-Mar-26,13:38:10,1,2,300,571,0,0,14.5,14.5,5,0,600,
1379,24-Mar-26,13:38:19,1,1,500,476,0,0,12,12,5,0,500,
1379,24-Mar-26,13:38:19,2,1,250,238,0,0,6,6,5,0,250,
1380,24-Mar-26,17:40:07,1,1,100,95,0,0,2.5,2.5,5,0,100,
1381,24-Mar-26,17:40:14,1,2,250,476,0,0,12,12,5,0,500,
1381,24-Mar-26,17:40:14,2,1,200,190,0,0,5,5,5,0,200,
1382,24-Mar-26,18:01:17,1,1,450,429,0,0,10.5,10.5,5,0,450,
1383,24-Mar-26,19:25:51,1,1,250,238,0,0,6,6,5,0,250,
1383,24-Mar-26,19:25:51,2,1,250,238,0,0,6,6,5,0,250,
1384,24-Mar-26,20:10:34,1,1,150,143,0,0,3.5,3.5,5,0,150,
1384,24-Mar-26,20:10:34,2,1,150,143,0,0,3.5,3.5,5,0,150,
1385,24-Mar-26,22:03:06,1,6,200,1143,0,0,28.5,28.5,5,0,1200,CASH
1385,24-Mar-26,22:03:06,2,1,100,95,0,0,2.5,2.5,5,0,100,CASH
1386,24-Mar-26,22:39:57,1,1,200,190,0,0,5,5,5,0,200,CASH
1256,18-Mar-26,13:35:26,2,2,300,571,0,0,14.5,14.5,5,0,600,
1257,18-Mar-26,14:34:14,1,4,40,152,0,0,4,4,5,0,160,
1257,18-Mar-26,14:34:14,2,1,60,57,0,0,1.5,1.5,5,0,60,
1257,18-Mar-26,14:34:14,3,3,30,86,0,0,2,2,5,0,90,
1257,18-Mar-26,14:34:14,4,7,60,400,0,0,10,10,5,0,420,
1257,18-Mar-26,14:34:14,5,1,20,19,0,0,0.5,0.5,5,0,20,
1258,18-Mar-26,14:56:18,1,1,500,476,0,0,12,12,5,0,500,CASH
1259,18-Mar-26,14:56:39,1,2,250,476,0,0,12,12,5,0,500,
1260,18-Mar-26,18:15:25,1,3,600,1714,0,0,43,43,5,0,1800,
1260,18-Mar-26,18:15:25,2,5,500,2381,0,0,59.5,59.5,5,0,2500,
1260,18-Mar-26,18:15:25,3,3,150,429,0,0,10.5,10.5,5,0,450,
1260,18-Mar-26,18:15:25,4,1,250,238,0,0,6,6,5,0,250,
1261,18-Mar-26,18:21:26,1,1,40,38,0,0,1,1,5,0,40,
1262,18-Mar-26,18:54:21,1,2,60,114,0,0,3,3,5,0,120,
1262,18-Mar-26,18:54:21,2,2,100,190,0,0,5,5,5,0,200,
1263,18-Mar-26,19:28:33,1,1,130,124,0,0,3,3,5,0,130,
1264,18-Mar-26,20:22:48,1,2,110,210,0,0,5,5,5,0,220,
1168,14-Mar-26,14:39:58,1,2,180,343,0,0,8.5,8.5,5,0,360,
1169,14-Mar-26,15:31:40,1,1,300,286,0,0,7,7,5,0,300,
1170,14-Mar-26,16:19:11,1,1,150,143,0,0,3.5,3.5,5,0,150,
1171,14-Mar-26,16:56:14,1,1,200,190,0,0,5,5,5,0,200,
1171,14-Mar-26,16:56:14,2,1,60,57,0,0,1.5,1.5,5,0,60,
1172,14-Mar-26,16:57:33,1,2,250,476,0,0,12,12,5,0,500,
1172,14-Mar-26,16:57:33,2,1,150,143,0,0,3.5,3.5,5,0,150,
1172,14-Mar-26,16:57:33,3,1,250,238,0,0,6,6,5,0,250,
1173,14-Mar-26,18:14:05,1,1,60,57,0,0,1.5,1.5,5,0,60,CASH
1173,14-Mar-26,18:14:05,2,1,30,29,0,0,0.5,0.5,5,0,30,CASH
1174,14-Mar-26,18:14:38,1,3,250,714,0,0,18,18,5,0,750,
1174,14-Mar-26,18:14:38,2,1,100,95,0,0,2.5,2.5,5,0,100,
1175,14-Mar-26,19:01:55,1,1,250,238,0,0,6,6,5,0,250,
1175,14-Mar-26,19:01:55,2,1,200,190,0,0,5,5,5,0,200,
1176,14-Mar-26,19:18:06,1,1,60,57,0,0,1.5,1.5,5,0,60,
1177,14-Mar-26,19:18:23,1,3,100,286,0,0,7,7,5,0,300,
1177,14-Mar-26,19:18:23,2,1,40,38,0,0,1,1,5,0,40,
1177,14-Mar-26,19:18:23,3,2,70,133,0,0,3.5,3.5,5,0,140,
1177,14-Mar-26,19:18:23,4,1,120,114,0,0,3,3,5,0,120,
1177,14-Mar-26,19:18:23,5,1,350,333,0,0,8.5,8.5,5,0,350,
1177,14-Mar-26,19:18:23,6,2,250,476,0,0,12,12,5,0,500,
1178,14-Mar-26,19:35:17,1,2,100,190,0,0,5,5,5,0,200,
1178,14-Mar-26,19:35:17,2,2,50,95,0,0,2.5,2.5,5,0,100,
1179,14-Mar-26,19:36:35,1,1,300,286,0,0,7,7,5,0,300,
1180,14-Mar-26,19:39:43,1,1,200,190,0,0,5,5,5,0,200,
1180,14-Mar-26,19:39:43,2,1,150,143,0,0,3.5,3.5,5,0,150,
1181,14-Mar-26,19:52:16,1,2,100,190,0,0,5,5,5,0,200,
1181,14-Mar-26,19:52:16,2,1,200,190,0,0,5,5,5,0,200,
1182,14-Mar-26,19:56:12,1,1,100,95,0,0,2.5,2.5,5,0,100,
1182,14-Mar-26,19:56:12,2,1,100,95,0,0,2.5,2.5,5,0,100,
1182,14-Mar-26,19:56:12,3,1,200,190,0,0,5,5,5,0,200,
1182,14-Mar-26,19:56:12,4,2,120,229,0,0,5.5,5.5,5,0,240,
1183,14-Mar-26,20:54:29,1,1,250,238,0,0,6,6,5,0,250,
1183,14-Mar-26,20:54:29,2,1,300,286,0,0,7,7,5,0,300,
1183,14-Mar-26,20:54:29,3,1,180,171,0,0,4.5,4.5,5,0,180,
1183,14-Mar-26,20:54:29,4,1,200,190,0,0,5,5,5,0,200,
1184,14-Mar-26,20:59:23,1,1,150,143,0,0,3.5,3.5,5,0,150,
1185,14-Mar-26,21:11:40,1,3,120,343,0,0,8.5,8.5,5,0,360,
1186,14-Mar-26,21:30:08,1,1,200,190,0,0,5,5,5,0,200,
1186,14-Mar-26,21:30:08,2,1,600,571,0,0,14.5,14.5,5,0,600,
1187,14-Mar-26,22:30:03,1,10,100,952,0,0,24,24,5,0,1000,
1187,14-Mar-26,22:30:03,2,2,60,114,0,0,3,3,5,0,120,
1187,14-Mar-26,22:30:03,3,2,200,381,0,0,9.5,9.5,5,0,400,
1187,14-Mar-26,22:30:03,4,1,300,286,0,0,7,7,5,0,300,
1188,14-Mar-26,22:35:10,1,6,60,343,0,0,8.5,8.5,5,0,360,
1188,14-Mar-26,22:35:10,2,2,120,229,0,0,5.5,5.5,5,0,240,
1188,14-Mar-26,22:35:10,3,1,60,57,0,0,1.5,1.5,5,0,60,
1189,14-Mar-26,22:47:58,1,1,200,190,0,0,5,5,5,0,200,CASH
1190,15-Mar-26,10:58:19,1,1,150,143,0,0,3.5,3.5,5,0,150,CASH
1191,15-Mar-26,11:57:14,1,2,150,286,0,0,7,7,5,0,300,
1191,15-Mar-26,11:57:14,2,1,200,190,0,0,5,5,5,0,200,
1265,18-Mar-26,20:46:33,1,7,60,400,0,0,10,10,5,0,420,
1266,18-Mar-26,20:53:48,1,6,40,229,0,0,5.5,5.5,5,0,240,
1267,18-Mar-26,21:05:36,1,1,60,57,0,0,1.5,1.5,5,0,60,
1267,18-Mar-26,21:05:36,2,2,250,476,0,0,12,12,5,0,500,
1268,18-Mar-26,21:10:58,1,3,450,1286,0,0,32,32,5,0,1350,
1269,18-Mar-26,21:30:30,1,2,100,190,0,0,5,5,5,0,200,
1270,19-Mar-26,12:06:16,1,1,150,143,0,0,3.5,3.5,5,0,150,
1270,19-Mar-26,12:06:16,2,1,400,381,0,0,9.5,9.5,5,0,400,
1271,19-Mar-26,13:46:14,1,1,550,524,0,0,13,13,5,0,550,
1271,19-Mar-26,13:46:14,2,2,200,381,0,0,9.5,9.5,5,0,400,
1271,19-Mar-26,13:46:14,3,1,100,95,0,0,2.5,2.5,5,0,100,
1271,19-Mar-26,13:46:14,4,3,250,714,0,0,18,18,5,0,750,
1272,19-Mar-26,14:01:22,1,2,250,476,0,0,12,12,5,0,500,
1272,19-Mar-26,14:01:22,2,1,250,238,0,0,6,6,5,0,250,
1273,19-Mar-26,14:33:16,1,2,240,457,0,0,11.5,11.5,5,0,480,
1274,19-Mar-26,14:52:20,1,1,450,429,0,0,10.5,10.5,5,0,450,
1275,19-Mar-26,15:04:24,1,1,450,429,0,0,10.5,10.5,5,0,450,
1276,19-Mar-26,16:48:04,1,1,130,124,0,0,3,3,5,0,130,
1276,19-Mar-26,16:48:04,2,1,130,124,0,0,3,3,5,0,130,
1277,19-Mar-26,18:02:31,1,1,60,57,0,0,1.5,1.5,5,0,60,
1277,19-Mar-26,18:02:31,2,1,150,143,0,0,3.5,3.5,5,0,150,
1277,19-Mar-26,18:02:31,3,1,250,238,0,0,6,6,5,0,250,
1277,19-Mar-26,18:02:31,4,1,200,190,0,0,5,5,5,0,200,
1277,19-Mar-26,18:02:31,5,1,60,57,0,0,1.5,1.5,5,0,60,
1277,19-Mar-26,18:02:31,6,1,260,248,0,0,6,6,5,0,260,
1277,19-Mar-26,18:02:31,7,1,140,133,0,0,3.5,3.5,5,0,140,
1277,19-Mar-26,18:02:31,8,2,60,114,0,0,3,3,5,0,120,
1277,19-Mar-26,18:02:31,9,2,220,419,0,0,10.5,10.5,5,0,440,
1277,19-Mar-26,18:02:31,10,1,150,143,0,0,3.5,3.5,5,0,150,
1277,19-Mar-26,18:02:31,11,1,200,190,0,0,5,5,5,0,200,
1277,19-Mar-26,18:02:31,12,1,400,381,0,0,9.5,9.5,5,0,400,
1277,19-Mar-26,18:02:31,13,1,350,333,0,0,8.5,8.5,5,0,350,
1277,19-Mar-26,18:02:31,14,1,150,143,0,0,3.5,3.5,5,0,150,
1277,19-Mar-26,18:02:31,15,1,250,238,0,0,6,6,5,0,250,
1277,19-Mar-26,18:02:31,16,1,150,143,0,0,3.5,3.5,5,0,150,
1278,19-Mar-26,18:39:22,1,2,150,286,0,0,7,7,5,0,300,
1278,19-Mar-26,18:39:22,2,2,400,762,0,0,19,19,5,0,800,
1278,19-Mar-26,18:39:22,3,1,250,238,0,0,6,6,5,0,250,
1278,19-Mar-26,18:39:22,4,3,100,286,0,0,7,7,5,0,300,
1278,19-Mar-26,18:39:22,5,1,60,57,0,0,1.5,1.5,5,0,60,
1278,19-Mar-26,18:39:22,6,3,130,371,0,0,9.5,9.5,5,0,390,
1278,19-Mar-26,18:39:22,7,2,350,667,0,0,16.5,16.5,5,0,700,
1278,19-Mar-26,18:39:22,8,2,30,57,0,0,1.5,1.5,5,0,60,
1278,19-Mar-26,18:39:22,9,1,40,38,0,0,1,1,5,0,40,
1279,19-Mar-26,19:07:10,1,1,30,29,0,0,0.5,0.5,5,0,30,
1279,19-Mar-26,19:07:10,2,3,50,143,0,0,3.5,3.5,5,0,150,
1279,19-Mar-26,19:07:10,3,6,40,229,0,0,5.5,5.5,5,0,240,
1279,19-Mar-26,19:07:10,4,5,120,571,0,0,14.5,14.5,5,0,600,
1279,19-Mar-26,19:07:10,5,3,500,1429,0,0,35.5,35.5,5,0,1500,
1279,19-Mar-26,19:07:10,6,10,30,286,0,0,7,7,5,0,300,
1280,19-Mar-26,19:42:25,1,1,60,57,0,0,1.5,1.5,5,0,60,
1281,19-Mar-26,20:11:30,1,1,60,57,0,0,1.5,1.5,5,0,60,
1282,19-Mar-26,20:29:45,1,1,150,143,0,0,3.5,3.5,5,0,150,
1282,19-Mar-26,20:29:45,2,1,30,29,0,0,0.5,0.5,5,0,30,
1283,19-Mar-26,20:31:09,1,1,350,333,0,0,8.5,8.5,5,0,350,CASH
1283,19-Mar-26,20:31:09,2,1,150,143,0,0,3.5,3.5,5,0,150,CASH
1284,19-Mar-26,20:31:24,1,5,50,238,0,0,6,6,5,0,250,
1285,19-Mar-26,20:50:40,1,4,350,1333,0,0,33.5,33.5,5,0,1400,
1285,19-Mar-26,20:50:40,2,1,250,238,0,0,6,6,5,0,250,
1285,19-Mar-26,20:50:40,3,1,200,190,0,0,5,5,5,0,200,
1286,19-Mar-26,20:59:26,1,1,150,143,0,0,3.5,3.5,5,0,150,
1287,19-Mar-26,21:19:19,1,2,100,190,0,0,5,5,5,0,200,
1287,19-Mar-26,21:19:19,2,4,200,762,0,0,19,19,5,0,800,
1288,19-Mar-26,21:31:23,1,1,100,95,0,0,2.5,2.5,5,0,100,
1288,19-Mar-26,21:31:23,2,2,200,381,0,0,9.5,9.5,5,0,400,
1288,19-Mar-26,21:31:23,3,1,200,190,0,0,5,5,5,0,200,
1289,19-Mar-26,21:43:02,1,1,400,381,0,0,9.5,9.5,5,0,400,
1289,19-Mar-26,21:43:02,2,1,200,190,0,0,5,5,5,0,200,
1597,04-Apr-26,13:17:34,1,1,500,476,0,0,12,12,5,0,500,
1597,04-Apr-26,13:17:34,2,1,200,190,0,0,5,5,5,0,200,
1598,04-Apr-26,14:19:14,1,1,400,381,0,0,9.5,9.5,5,0,400,
1598,04-Apr-26,14:19:14,2,1,50,48,0,0,1,1,5,0,50,
1598,04-Apr-26,14:19:14,3,1,250,238,0,0,6,6,5,0,250,
1599,04-Apr-26,15:42:41,1,1,250,238,0,0,6,6,5,0,250,
1600,04-Apr-26,16:36:10,1,6,60,343,0,0,8.5,8.5,5,0,360,
1600,04-Apr-26,16:36:10,2,3,70,200,0,0,5,5,5,0,210,
1600,04-Apr-26,16:36:10,3,1,100,95,0,0,2.5,2.5,5,0,100,
1600,04-Apr-26,16:36:10,4,1,100,95,0,0,2.5,2.5,5,0,100,
1600,04-Apr-26,16:36:10,5,1,40,38,0,0,1,1,5,0,40,
1600,04-Apr-26,16:36:10,6,1,250,238,0,0,6,6,5,0,250,
1600,04-Apr-26,16:36:10,7,1,200,190,0,0,5,5,5,0,200,
1601,04-Apr-26,18:07:03,1,1,60,57,0,0,1.5,1.5,5,0,60,
1601,04-Apr-26,18:07:03,2,1,60,57,0,0,1.5,1.5,5,0,60,
1601,04-Apr-26,18:07:03,3,1,60,57,0,0,1.5,1.5,5,0,60,
1601,04-Apr-26,18:07:03,4,1,60,57,0,0,1.5,1.5,5,0,60,
1310,20-Mar-26,22:39:10,1,2,75,143,0,0,3.5,3.5,5,0,150,
1311,20-Mar-26,22:49:23,1,1,50,48,0,0,1,1,5,0,50,
1312,21-Mar-26,11:49:19,1,1,300,286,0,0,7,7,5,0,300,CASH
1312,21-Mar-26,11:49:19,2,1,100,95,0,0,2.5,2.5,5,0,100,CASH
1312,21-Mar-26,11:49:19,3,1,100,95,0,0,2.5,2.5,5,0,100,CASH
1312,21-Mar-26,11:49:19,4,1,40,38,0,0,1,1,5,0,40,CASH
1313,21-Mar-26,13:24:12,1,2,250,476,0,0,12,12,5,0,500,
1314,21-Mar-26,15:12:43,1,1,600,571,0,0,14.5,14.5,5,0,600,
1315,21-Mar-26,15:21:07,1,1,100,95,0,0,2.5,2.5,5,0,100,
1315,21-Mar-26,15:21:07,2,1,500,476,0,0,12,12,5,0,500,
1315,21-Mar-26,15:21:07,3,1,150,143,0,0,3.5,3.5,5,0,150,
1315,21-Mar-26,15:21:07,4,1,100,95,0,0,2.5,2.5,5,0,100,
1315,21-Mar-26,15:21:07,5,4,250,952,0,0,24,24,5,0,1000,
1315,21-Mar-26,15:21:07,6,1,150,143,0,0,3.5,3.5,5,0,150,
1316,21-Mar-26,16:12:45,1,1,150,143,0,0,3.5,3.5,5,0,150,CASH
1317,21-Mar-26,16:35:18,1,1,180,171,0,0,4.5,4.5,5,0,180,CASH
1317,21-Mar-26,16:35:18,2,1,120,114,0,0,3,3,5,0,120,CASH
2612,18-May-26,18:52:25,7,1,400,381,0,0,9.5,9.5,5,0,400,
2612,18-May-26,18:52:25,8,1,70,67,0,0,1.5,1.5,5,0,70,
2613,18-May-26,19:35:57,1,1,200,190,0,0,5,5,5,0,200,
2614,18-May-26,19:47:15,1,1,150,143,0,0,3.5,3.5,5,0,150,
2614,18-May-26,19:47:15,2,1,100,95,0,0,2.5,2.5,5,0,100,
2615,18-May-26,20:02:42,1,4,20,76,0,0,2,2,5,0,80,
2615,18-May-26,20:02:42,2,5,30,143,0,0,3.5,3.5,5,0,150,
2615,18-May-26,20:02:42,3,3,70,200,0,0,5,5,5,0,210,
2615,18-May-26,20:02:42,4,3,100,286,0,0,7,7,5,0,300,
2615,18-May-26,20:02:42,5,2,200,381,0,0,9.5,9.5,5,0,400,
2615,18-May-26,20:02:42,6,3,150,429,0,0,10.5,10.5,5,0,450,
2616,18-May-26,20:53:32,1,1,300,286,0,0,7,7,5,0,300,
2617,18-May-26,21:00:45,1,2,40,76,0,0,2,2,5,0,80,
2618,18-May-26,21:08:57,1,1,150,143,0,0,3.5,3.5,5,0,150,
2618,18-May-26,21:08:57,2,1,100,95,0,0,2.5,2.5,5,0,100,
2619,18-May-26,22:21:05,1,3,500,1429,0,0,35.5,35.5,5,0,1500,
2619,18-May-26,22:21:05,2,2,250,476,0,0,12,12,5,0,500,
1414,27-Mar-26,13:19:14,1,1,250,238,0,0,6,6,5,0,250,
1415,27-Mar-26,13:53:21,1,1,350,333,0,0,8.5,8.5,5,0,350,
1416,27-Mar-26,13:54:13,1,1,150,143,0,0,3.5,3.5,5,0,0,
1416,27-Mar-26,13:54:13,2,1,250,238,0,0,6,6,5,0,250,
1417,27-Mar-26,14:03:03,1,1,300,286,0,0,7,7,5,0,300,
1417,27-Mar-26,14:03:03,2,1,100,95,0,0,2.5,2.5,5,0,100,
1418,27-Mar-26,15:18:56,1,2,250,476,0,0,12,12,5,0,500,CASH
1419,27-Mar-26,16:12:35,1,2,150,286,0,0,7,7,5,0,300,
1419,27-Mar-26,16:12:35,2,1,400,381,0,0,9.5,9.5,5,0,400,
1420,27-Mar-26,17:06:21,1,1,300,286,0,0,7,7,5,0,300,CASH
1420,27-Mar-26,17:06:21,2,1,260,248,0,0,6,6,5,0,260,CASH
1420,27-Mar-26,17:06:21,3,1,500,476,0,0,12,12,5,0,500,CASH
1420,27-Mar-26,17:06:21,4,1,350,333,0,0,8.5,8.5,5,0,350,CASH
1421,27-Mar-26,19:48:17,1,4,70,267,0,0,6.5,6.5,5,0,280,
1421,27-Mar-26,19:48:17,2,1,400,381,0,0,9.5,9.5,5,0,400,
1421,27-Mar-26,19:48:17,3,1,150,143,0,0,3.5,3.5,5,0,150,
1421,27-Mar-26,19:48:17,4,1,120,114,0,0,3,3,5,0,120,
1422,27-Mar-26,20:06:32,1,2,450,857,0,0,21.5,21.5,5,0,900,
1422,27-Mar-26,20:06:32,2,1,500,476,0,0,12,12,5,0,500,
1422,27-Mar-26,20:06:32,3,1,200,190,0,0,5,5,5,0,200,
1422,27-Mar-26,20:06:32,4,1,200,190,0,0,5,5,5,0,200,
1422,27-Mar-26,20:06:32,5,1,200,190,0,0,5,5,5,0,200,
1423,27-Mar-26,20:11:17,1,2,200,381,0,0,9.5,9.5,5,0,400,
1424,27-Mar-26,20:30:45,1,1,500,476,0,0,12,12,5,0,500,CASH
1424,27-Mar-26,20:30:45,2,2,150,286,0,0,7,7,5,0,300,CASH
1425,27-Mar-26,20:31:55,1,2,450,857,0,0,21.5,21.5,5,0,900,
1425,27-Mar-26,20:31:55,2,1,100,95,0,0,2.5,2.5,5,0,100,
1426,27-Mar-26,21:25:01,1,2,200,381,0,0,9.5,9.5,5,0,400,
1426,27-Mar-26,21:25:01,2,1,250,238,0,0,6,6,5,0,250,
1426,27-Mar-26,21:25:01,3,1,250,238,0,0,6,6,5,0,250,
1427,27-Mar-26,22:12:27,1,1,150,143,0,0,3.5,3.5,5,0,150,
1427,27-Mar-26,22:12:27,2,2,100,190,0,0,5,5,5,0,200,
1428,27-Mar-26,22:15:13,1,1,60,57,0,0,1.5,1.5,5,0,60,
1428,27-Mar-26,22:15:13,2,1,200,190,0,0,5,5,5,0,200,
1429,27-Mar-26,22:16:35,1,2,60,114,0,0,3,3,5,0,120,
1430,27-Mar-26,22:17:07,1,1,150,143,0,0,3.5,3.5,5,0,150,
1431,27-Mar-26,22:23:37,1,2,60,114,0,0,3,3,5,0,120,
1431,27-Mar-26,22:23:37,2,1,40,38,0,0,1,1,5,0,40,
1431,27-Mar-26,22:23:37,3,1,40,38,0,0,1,1,5,0,40,
1431,27-Mar-26,22:23:37,4,1,250,238,0,0,6,6,5,0,250,
1432,27-Mar-26,22:30:28,1,1,250,238,0,0,6,6,5,0,250,
1432,27-Mar-26,22:30:28,2,1,300,286,0,0,7,7,5,0,300,
1433,28-Mar-26,11:13:47,1,1,100,95,0,0,2.5,2.5,5,0,100,CASH
1434,28-Mar-26,13:02:17,1,1,250,238,0,0,6,6,5,0,250,
1435,28-Mar-26,13:04:13,1,2,150,286,0,0,7,7,5,0,300,
1435,28-Mar-26,13:04:13,2,1,75,71,0,0,2,2,5,0,75,
1435,28-Mar-26,13:04:13,3,1,100,95,0,0,2.5,2.5,5,0,100,
1435,28-Mar-26,13:04:13,4,2,150,286,0,0,7,7,5,0,300,
1435,28-Mar-26,13:04:13,5,1,350,333,0,0,8.5,8.5,5,0,350,
1435,28-Mar-26,13:04:13,6,3,40,114,0,0,3,3,5,0,120,
1435,28-Mar-26,13:04:13,7,3,200,571,0,0,14.5,14.5,5,0,600,
1713,07-Apr-26,21:58:31,2,1,120,114,0,0,3,3,5,0,120,
1713,07-Apr-26,21:58:31,3,1,30,29,0,0,0.5,0.5,5,0,30,
1714,07-Apr-26,22:09:06,1,1,200,190,0,0,5,5,5,0,200,
1715,08-Apr-26,11:42:31,1,1,150,143,0,0,3.5,3.5,5,0,150,
1715,08-Apr-26,11:42:31,2,2,100,190,0,0,5,5,5,0,200,
1715,08-Apr-26,11:42:31,3,1,150,143,0,0,3.5,3.5,5,0,150,
1716,08-Apr-26,14:23:55,1,2,70,133,0,0,3.5,3.5,5,0,140,
1716,08-Apr-26,14:23:55,2,2,60,114,0,0,3,3,5,0,0,
1717,08-Apr-26,14:24:37,1,2,250,476,0,0,12,12,5,0,0,
1717,08-Apr-26,14:24:37,2,1,150,143,0,0,3.5,3.5,5,0,150,
1717,08-Apr-26,14:24:37,3,1,100,95,0,0,2.5,2.5,5,0,100,
1718,08-Apr-26,15:03:57,1,3,100,286,0,0,7,7,5,0,300,
1719,08-Apr-26,16:47:31,1,2,250,476,0,0,12,12,5,0,500,
1719,08-Apr-26,16:47:31,2,1,300,286,0,0,7,7,5,0,300,
1719,08-Apr-26,16:47:31,3,2,120,229,0,0,5.5,5.5,5,0,240,
1720,08-Apr-26,17:16:50,1,1,250,238,0,0,6,6,5,0,250,
1721,08-Apr-26,17:28:17,1,1,250,238,0,0,6,6,5,0,250,
1624,04-Apr-26,21:40:45,3,1,250,238,0,0,6,6,5,0,250,
1625,04-Apr-26,22:23:53,1,1,100,95,0,0,2.5,2.5,5,0,100,CASH
1626,04-Apr-26,22:24:02,1,1,160,152,0,0,4,4,5,0,160,
1625,04-Apr-26,22:21:57,1,2,150,286,0,0,7,7,5,0,300,
1625,04-Apr-26,22:21:57,2,1,200,190,0,0,5,5,5,0,200,
1627,05-Apr-26,10:52:53,1,2,100,190,0,0,5,5,5,0,200,
1627,05-Apr-26,10:52:53,2,1,200,190,0,0,5,5,5,0,200,
1628,05-Apr-26,11:59:16,1,2,100,190,0,0,5,5,5,0,200,
1628,05-Apr-26,11:59:16,2,1,250,238,0,0,6,6,5,0,250,
1629,05-Apr-26,12:01:55,1,2,100,190,0,0,5,5,5,0,200,
1630,05-Apr-26,12:08:16,1,2,400,762,0,0,19,19,5,0,800,
1631,05-Apr-26,13:13:07,1,10,100,952,0,0,24,24,5,0,1000,
1631,05-Apr-26,13:13:07,2,1,100,95,0,0,2.5,2.5,5,0,100,
1631,05-Apr-26,13:13:07,3,2,200,381,0,0,9.5,9.5,5,0,400,
1632,05-Apr-26,13:21:07,1,2,100,190,0,0,5,5,5,0,200,
1633,05-Apr-26,13:21:16,1,2,200,381,0,0,9.5,9.5,5,0,400,
1633,05-Apr-26,13:21:16,2,2,60,114,0,0,3,3,5,0,120,
1443,28-Mar-26,20:09:31,5,2,300,571,0,0,14.5,14.5,5,0,600,
1443,28-Mar-26,20:09:31,6,1,400,381,0,0,9.5,9.5,5,0,400,
1444,28-Mar-26,20:18:24,1,1,120,114,0,0,3,3,5,0,120,
1444,28-Mar-26,20:18:24,2,1,100,95,0,0,2.5,2.5,5,0,100,
1445,28-Mar-26,20:21:12,1,1,250,238,0,0,6,6,5,0,250,
1445,28-Mar-26,20:21:12,2,1,150,143,0,0,3.5,3.5,5,0,150,
1445,28-Mar-26,20:21:12,3,1,50,48,0,0,1,1,5,0,50,
1446,28-Mar-26,21:02:15,1,2,300,571,0,0,14.5,14.5,5,0,600,CASH
1447,28-Mar-26,21:42:58,1,2,200,381,0,0,9.5,9.5,5,0,400,
1447,28-Mar-26,21:42:58,2,1,100,95,0,0,2.5,2.5,5,0,100,
1448,28-Mar-26,21:53:46,1,1,400,381,0,0,9.5,9.5,5,0,400,
1449,28-Mar-26,21:55:08,1,1,400,381,0,0,9.5,9.5,5,0,400,
1449,28-Mar-26,21:55:08,2,1,100,95,0,0,2.5,2.5,5,0,100,
1450,28-Mar-26,21:56:37,1,2,200,381,0,0,9.5,9.5,5,0,400,
1451,28-Mar-26,21:57:21,1,9,60,514,0,0,13,13,5,0,540,
1451,28-Mar-26,21:57:21,2,1,400,381,0,0,9.5,9.5,5,0,400,
1451,28-Mar-26,21:57:21,3,1,50,48,0,0,1,1,5,0,50,
1459,29-Mar-26,16:48:13,1,1,350,333,0,0,8.5,8.5,5,0,350,
1459,29-Mar-26,16:48:13,2,2,250,476,0,0,12,12,5,0,500,
1459,29-Mar-26,16:48:13,3,1,70,67,0,0,1.5,1.5,5,0,70,
1460,29-Mar-26,18:07:01,1,1,100,95,0,0,2.5,2.5,5,0,100,
1460,29-Mar-26,18:07:01,2,1,150,143,0,0,3.5,3.5,5,0,150,
1460,29-Mar-26,18:07:01,3,2,250,476,0,0,12,12,5,0,500,
1460,29-Mar-26,18:07:01,4,4,250,952,0,0,24,24,5,0,1000,
1460,29-Mar-26,18:07:01,5,2,250,476,0,0,12,12,5,0,500,
1461,29-Mar-26,18:49:24,1,1,250,238,0,0,6,6,5,0,250,
1461,29-Mar-26,18:49:24,2,1,250,238,0,0,6,6,5,0,250,
1461,29-Mar-26,18:49:24,3,1,500,476,0,0,12,12,5,0,500,
1461,29-Mar-26,18:49:24,4,1,100,95,0,0,2.5,2.5,5,0,100,
1462,29-Mar-26,19:03:33,1,1,150,143,0,0,3.5,3.5,5,0,150,CASH
1462,29-Mar-26,19:03:33,2,1,200,190,0,0,5,5,5,0,200,CASH
1463,29-Mar-26,20:30:56,1,2,100,190,0,0,5,5,5,0,0,
1463,29-Mar-26,20:30:56,2,1,400,381,0,0,9.5,9.5,5,0,400,
1463,29-Mar-26,20:30:56,3,1,60,57,0,0,1.5,1.5,5,0,60,
1463,29-Mar-26,20:30:56,4,1,80,76,0,0,2,2,5,0,80,
1464,29-Mar-26,20:47:13,1,1,250,238,0,0,6,6,5,0,250,
1464,29-Mar-26,20:47:13,2,1,40,38,0,0,1,1,5,0,40,
1464,29-Mar-26,20:47:13,3,2,60,114,0,0,3,3,5,0,120,
1465,29-Mar-26,20:49:18,1,2,40,76,0,0,2,2,5,0,80,
1465,29-Mar-26,20:49:18,2,1,60,57,0,0,1.5,1.5,5,0,60,
1466,29-Mar-26,20:49:47,1,2,40,76,0,0,2,2,5,0,80,
1467,29-Mar-26,20:53:53,1,7,350,2333,0,0,58.5,58.5,5,0,2450,
1467,29-Mar-26,20:53:53,2,1,500,476,0,0,12,12,5,0,500,
1467,29-Mar-26,20:53:53,3,1,450,429,0,0,10.5,10.5,5,0,450,
1468,29-Mar-26,20:58:16,1,1,450,429,0,0,10.5,10.5,5,0,450,
1468,29-Mar-26,20:58:16,2,1,500,476,0,0,12,12,5,0,500,
1468,29-Mar-26,20:58:16,3,1,350,333,0,0,8.5,8.5,5,0,350,
1468,29-Mar-26,20:58:16,4,1,200,190,0,0,5,5,5,0,200,
1469,29-Mar-26,21:45:32,1,3,60,171,0,0,4.5,4.5,5,0,180,
1470,29-Mar-26,21:46:03,1,3,60,171,0,0,4.5,4.5,5,0,180,
1462,29-Mar-26,19:02:33,1,2,40,76,0,0,2,2,5,0,80,
1633,05-Apr-26,13:21:16,3,1,200,190,0,0,5,5,5,0,200,
1633,05-Apr-26,13:21:16,4,1,150,143,0,0,3.5,3.5,5,0,150,
1633,05-Apr-26,13:21:16,5,2,100,190,0,0,5,5,5,0,200,
1634,05-Apr-26,13:25:35,1,3,250,714,0,0,18,18,5,0,750,
1634,05-Apr-26,13:25:35,2,1,650,619,0,0,15.5,15.5,5,0,650,
1635,05-Apr-26,14:22:20,1,3,70,200,0,0,5,5,5,0,210,CASH
1636,05-Apr-26,14:40:39,1,2,200,381,0,0,9.5,9.5,5,0,400,
1636,05-Apr-26,14:40:39,2,2,200,381,0,0,9.5,9.5,5,0,400,
1636,05-Apr-26,14:40:39,3,2,150,286,0,0,7,7,5,0,300,
1636,05-Apr-26,14:40:39,4,1,200,190,0,0,5,5,5,0,200,
1636,05-Apr-26,14:40:39,5,2,350,667,0,0,16.5,16.5,5,0,700,
1637,05-Apr-26,15:43:27,1,1,400,381,0,0,9.5,9.5,5,0,400,
1637,05-Apr-26,15:43:27,2,1,250,238,0,0,6,6,5,0,250,
1637,05-Apr-26,15:43:27,3,2,200,381,0,0,9.5,9.5,5,0,400,
1638,05-Apr-26,15:52:23,1,3,100,286,0,0,7,7,5,0,300,
1638,05-Apr-26,15:52:23,2,1,150,143,0,0,3.5,3.5,5,0,150,
1638,05-Apr-26,15:52:23,3,2,350,667,0,0,16.5,16.5,5,0,700,
1483,30-Mar-26,19:56:32,2,2,200,381,0,0,9.5,9.5,5,0,400,
1483,30-Mar-26,19:56:32,3,1,150,143,0,0,3.5,3.5,5,0,150,
1484,30-Mar-26,20:10:30,1,3,200,571,0,0,14.5,14.5,5,0,600,
1485,30-Mar-26,20:26:30,1,2,100,190,0,0,5,5,5,0,200,
1485,30-Mar-26,20:26:30,2,1,150,143,0,0,3.5,3.5,5,0,150,
1485,30-Mar-26,20:26:30,3,1,500,476,0,0,12,12,5,0,500,
1485,30-Mar-26,20:26:30,4,1,250,238,0,0,6,6,5,0,250,
1485,30-Mar-26,20:26:30,5,1,300,286,0,0,7,7,5,0,300,
1486,30-Mar-26,20:29:54,1,1,300,286,0,0,7,7,5,0,300,
1486,30-Mar-26,20:29:54,2,1,120,114,0,0,3,3,5,0,120,
1486,30-Mar-26,20:29:54,3,1,100,95,0,0,2.5,2.5,5,0,100,
1486,30-Mar-26,20:29:54,4,1,250,238,0,0,6,6,5,0,250,
1487,30-Mar-26,20:35:51,1,2,100,190,0,0,5,5,5,0,200,
1488,30-Mar-26,21:37:04,1,1,150,143,0,0,3.5,3.5,5,0,150,
1489,30-Mar-26,21:37:14,1,2,500,952,0,0,24,24,5,0,1000,
1489,30-Mar-26,21:37:14,2,3,500,1429,0,0,35.5,35.5,5,0,1500,
1489,30-Mar-26,21:37:14,3,3,300,857,0,0,21.5,21.5,5,0,900,
1721,08-Apr-26,17:28:17,2,1,150,143,0,0,3.5,3.5,5,0,150,
1721,08-Apr-26,17:28:17,3,1,150,143,0,0,3.5,3.5,5,0,150,
1722,08-Apr-26,17:45:31,1,1,250,238,0,0,6,6,5,0,250,
1722,08-Apr-26,17:45:31,2,2,200,381,0,0,9.5,9.5,5,0,400,
1723,08-Apr-26,18:26:58,1,1,350,333,0,0,8.5,8.5,5,0,350,
1723,08-Apr-26,18:26:58,2,2,300,571,0,0,14.5,14.5,5,0,600,
1724,08-Apr-26,19:03:02,1,1,500,476,0,0,12,12,5,0,500,
1724,08-Apr-26,19:03:02,2,1,150,143,0,0,3.5,3.5,5,0,150,
1724,08-Apr-26,19:03:02,3,1,150,143,0,0,3.5,3.5,5,0,150,
1724,08-Apr-26,19:03:02,4,1,150,143,0,0,3.5,3.5,5,0,150,
1724,08-Apr-26,19:03:02,5,1,100,95,0,0,2.5,2.5,5,0,100,
1724,08-Apr-26,19:03:02,6,1,150,143,0,0,3.5,3.5,5,0,150,
1725,08-Apr-26,19:04:06,1,1,250,238,0,0,6,6,5,0,250,
1726,08-Apr-26,19:57:29,1,1,100,95,0,0,2.5,2.5,5,0,100,
1727,08-Apr-26,19:58:57,1,2,130,248,0,0,6,6,5,0,260,
1727,08-Apr-26,19:58:57,2,1,120,114,0,0,3,3,5,0,120,
1728,08-Apr-26,20:15:34,1,1,150,143,0,0,3.5,3.5,5,0,150,
1498,31-Mar-26,15:59:23,5,1,120,114,0,0,3,3,5,0,120,
1499,31-Mar-26,18:14:44,1,1,150,143,0,0,3.5,3.5,5,0,150,
1499,31-Mar-26,18:14:44,2,1,150,143,0,0,3.5,3.5,5,0,150,
1499,31-Mar-26,18:14:44,3,1,150,143,0,0,3.5,3.5,5,0,150,
1500,31-Mar-26,18:28:38,1,1,300,286,0,0,7,7,5,0,300,
1500,31-Mar-26,18:28:38,2,1,250,238,0,0,6,6,5,0,250,
1500,31-Mar-26,18:28:38,3,1,200,190,0,0,5,5,5,0,200,
1500,31-Mar-26,18:28:38,4,1,500,476,0,0,12,12,5,0,500,
1501,31-Mar-26,19:13:43,1,1,60,57,0,0,1.5,1.5,5,0,60,
1502,31-Mar-26,19:46:26,1,1,300,286,0,0,7,7,5,0,300,CASH
1503,31-Mar-26,20:41:45,1,2,250,476,0,0,12,12,5,0,500,
1503,31-Mar-26,20:41:45,2,1,40,38,0,0,1,1,5,0,40,
1504,31-Mar-26,21:47:18,1,1,500,476,0,0,12,12,5,0,500,
1505,31-Mar-26,21:51:14,1,1,500,476,0,0,12,12,5,0,500,
1505,31-Mar-26,21:51:14,2,1,250,238,0,0,6,6,5,0,250,
1506,31-Mar-26,21:58:11,1,1,500,476,0,0,12,12,5,0,500,
1507,31-Mar-26,21:58:53,1,1,150,143,0,0,3.5,3.5,5,0,150,
1650,05-Apr-26,18:13:04,2,1,200,190,0,0,5,5,5,0,200,
1651,05-Apr-26,18:20:53,1,1,500,476,0,0,12,12,5,0,500,
1651,05-Apr-26,18:20:53,2,1,350,333,0,0,8.5,8.5,5,0,350,
1651,05-Apr-26,18:20:53,3,2,100,190,0,0,5,5,5,0,200,
1651,05-Apr-26,18:20:53,4,1,350,333,0,0,8.5,8.5,5,0,350,
1651,05-Apr-26,18:20:53,5,1,100,95,0,0,2.5,2.5,5,0,100,
1652,05-Apr-26,18:22:42,1,1,300,286,0,0,7,7,5,0,300,
1652,05-Apr-26,18:22:42,2,1,200,190,0,0,5,5,5,0,200,
1652,05-Apr-26,18:22:42,3,1,200,190,0,0,5,5,5,0,200,
1653,05-Apr-26,18:36:29,1,1,60,57,0,0,1.5,1.5,5,0,60,CASH
1654,05-Apr-26,18:37:57,1,2,250,476,0,0,12,12,5,0,500,
1654,05-Apr-26,18:37:57,2,2,250,476,0,0,12,12,5,0,500,
1655,05-Apr-26,18:50:02,1,3,100,286,0,0,7,7,5,0,300,
1656,05-Apr-26,18:51:17,1,2,200,381,0,0,9.5,9.5,5,0,400,
1656,05-Apr-26,18:51:17,2,1,150,143,0,0,3.5,3.5,5,0,150,
1656,05-Apr-26,18:51:17,3,1,500,476,0,0,12,12,5,0,500,
1657,05-Apr-26,19:00:43,1,1,250,238,0,0,6,6,5,0,250,
1529,01-Apr-26,20:26:54,2,1,100,95,0,0,2.5,2.5,5,0,100,
1529,01-Apr-26,20:26:54,3,1,100,95,0,0,2.5,2.5,5,0,100,
1529,01-Apr-26,20:26:54,4,2,40,76,0,0,2,2,5,0,80,
1529,01-Apr-26,20:26:54,5,1,270,257,0,0,6.5,6.5,5,0,270,
1530,01-Apr-26,20:31:41,1,1,200,190,0,0,5,5,5,0,200,
1531,01-Apr-26,20:33:48,1,1,50,48,0,0,1,1,5,0,50,
1531,01-Apr-26,20:33:48,2,1,150,143,0,0,3.5,3.5,5,0,150,
1532,01-Apr-26,20:34:43,1,5,60,286,0,0,7,7,5,0,300,
1533,01-Apr-26,20:47:30,1,3,60,171,0,0,4.5,4.5,5,0,180,
1534,01-Apr-26,20:50:24,1,2,150,286,0,0,7,7,5,0,300,
1535,01-Apr-26,21:11:34,1,2,250,476,0,0,12,12,5,0,500,
1535,01-Apr-26,21:11:34,2,1,150,143,0,0,3.5,3.5,5,0,150,
1535,01-Apr-26,21:11:34,3,3,100,286,0,0,7,7,5,0,300,
1535,01-Apr-26,21:11:34,4,2,70,133,0,0,3.5,3.5,5,0,140,
1536,01-Apr-26,21:21:47,1,2,200,381,0,0,9.5,9.5,5,0,400,
1536,01-Apr-26,21:21:47,2,1,100,95,0,0,2.5,2.5,5,0,100,
1536,01-Apr-26,21:21:47,3,1,60,57,0,0,1.5,1.5,5,0,60,
1537,01-Apr-26,21:25:30,1,2,150,286,0,0,7,7,5,0,300,
1538,01-Apr-26,21:30:11,1,2,150,286,0,0,7,7,5,0,300,
1539,01-Apr-26,21:31:34,1,1,450,429,0,0,10.5,10.5,5,0,450,
1539,01-Apr-26,21:31:34,2,1,200,190,0,0,5,5,5,0,200,
1540,01-Apr-26,21:34:59,1,1,100,95,0,0,2.5,2.5,5,0,100,CASH
1541,01-Apr-26,21:35:06,1,2,100,190,0,0,5,5,5,0,200,
1542,01-Apr-26,21:44:25,1,1,150,143,0,0,3.5,3.5,5,0,150,
1542,01-Apr-26,21:44:25,2,3,450,1286,0,0,32,32,5,0,1350,
1542,01-Apr-26,21:44:25,3,1,400,381,0,0,9.5,9.5,5,0,400,
1542,01-Apr-26,21:44:25,4,1,100,95,0,0,2.5,2.5,5,0,100,
1542,01-Apr-26,21:44:25,5,1,120,114,0,0,3,3,5,0,120,
1542,01-Apr-26,21:44:25,6,1,100,95,0,0,2.5,2.5,5,0,100,
1543,01-Apr-26,21:53:18,1,1,120,114,0,0,3,3,5,0,120,
1540,01-Apr-26,21:34:17,1,3,500,1429,0,0,35.5,35.5,5,0,1500,
1544,01-Apr-26,22:18:27,1,1,130,124,0,0,3,3,5,0,130,
1545,02-Apr-26,10:56:40,1,1,40,38,0,0,1,1,5,0,40,
1545,02-Apr-26,10:56:40,2,1,40,38,0,0,1,1,5,0,40,
1658,05-Apr-26,19:33:50,1,2,70,133,0,0,3.5,3.5,5,0,140,
1659,05-Apr-26,19:37:09,1,1,250,238,0,0,6,6,5,0,250,
1660,05-Apr-26,20:00:37,1,2,150,286,0,0,7,7,5,0,300,
1660,05-Apr-26,20:00:37,2,1,100,95,0,0,2.5,2.5,5,0,100,
1660,05-Apr-26,20:00:37,3,1,60,57,0,0,1.5,1.5,5,0,60,
1661,05-Apr-26,20:01:55,1,1,150,143,0,0,3.5,3.5,5,0,150,
1662,05-Apr-26,20:04:26,1,2,150,286,0,0,7,7,5,0,300,
1662,05-Apr-26,20:04:26,2,1,80,76,0,0,2,2,5,0,80,
1662,05-Apr-26,20:04:26,3,6,60,343,0,0,8.5,8.5,5,0,360,
1662,05-Apr-26,20:04:26,4,1,250,238,0,0,6,6,5,0,250,
1663,05-Apr-26,20:14:22,1,4,150,571,0,0,14.5,14.5,5,0,600,
1663,05-Apr-26,20:14:22,2,1,250,238,0,0,6,6,5,0,250,
1664,05-Apr-26,20:17:26,1,2,300,571,0,0,14.5,14.5,5,0,600,
1664,05-Apr-26,20:17:26,2,3,60,171,0,0,4.5,4.5,5,0,180,
1665,05-Apr-26,20:38:03,1,1,250,238,0,0,6,6,5,0,250,
1665,05-Apr-26,20:38:03,2,1,100,95,0,0,2.5,2.5,5,0,100,
1665,05-Apr-26,20:38:03,3,3,60,171,0,0,4.5,4.5,5,0,180,
1737,09-Apr-26,15:45:05,1,2,100,190,0,0,5,5,5,0,200,
1738,09-Apr-26,16:05:57,1,1,250,238,0,0,6,6,5,0,250,
1738,09-Apr-26,16:05:57,2,1,100,95,0,0,2.5,2.5,5,0,100,
1739,09-Apr-26,16:18:39,1,1,100,95,0,0,2.5,2.5,5,0,100,
1739,09-Apr-26,16:18:39,2,1,150,143,0,0,3.5,3.5,5,0,150,
1740,09-Apr-26,16:25:26,1,3,250,714,0,0,18,18,5,0,750,
1741,09-Apr-26,17:24:20,1,4,150,571,0,0,14.5,14.5,5,0,600,
1741,09-Apr-26,17:24:20,2,1,150,143,0,0,3.5,3.5,5,0,150,
1741,09-Apr-26,17:24:20,3,2,60,114,0,0,3,3,5,0,120,
1741,09-Apr-26,17:24:20,4,4,250,952,0,0,24,24,5,0,1000,
1742,09-Apr-26,18:13:15,1,5,100,476,0,0,12,12,5,0,500,
1742,09-Apr-26,18:13:15,2,1,110,105,0,0,2.5,2.5,5,0,110,
1743,09-Apr-26,18:54:11,1,1,50,48,0,0,1,1,5,0,50,
1743,09-Apr-26,18:54:11,2,1,50,48,0,0,1,1,5,0,50,
1744,09-Apr-26,19:51:22,1,1,200,190,0,0,5,5,5,0,200,
1745,09-Apr-26,19:51:29,1,2,500,952,0,0,24,24,5,0,1000,
1746,09-Apr-26,19:58:25,1,1,200,190,0,0,5,5,5,0,200,CASH
1561,02-Apr-26,20:26:49,3,2,300,571,0,0,14.5,14.5,5,0,600,
1561,02-Apr-26,20:26:49,4,1,120,114,0,0,3,3,5,0,120,
1562,02-Apr-26,20:54:57,1,2,50,95,0,0,2.5,2.5,5,0,100,
1563,02-Apr-26,21:12:27,1,3,100,286,0,0,7,7,5,0,300,
1563,02-Apr-26,21:12:27,2,2,250,476,0,0,12,12,5,0,500,
1564,02-Apr-26,21:16:58,1,4,150,571,0,0,14.5,14.5,5,0,600,
1564,02-Apr-26,21:16:58,2,2,100,190,0,0,5,5,5,0,200,
1564,02-Apr-26,21:16:58,3,12,40,457,0,0,11.5,11.5,5,0,480,
1564,02-Apr-26,21:16:58,4,1,20,19,0,0,0.5,0.5,5,0,20,
1565,02-Apr-26,21:28:07,1,1,150,143,0,0,3.5,3.5,5,0,150,
1565,02-Apr-26,21:28:07,2,1,50,48,0,0,1,1,5,0,50,
1566,02-Apr-26,21:31:00,1,1,200,190,0,0,5,5,5,0,200,
1567,02-Apr-26,21:34:56,1,4,100,381,0,0,9.5,9.5,5,0,400,
1568,02-Apr-26,21:50:19,1,8,60,457,0,0,11.5,11.5,5,0,480,
1568,02-Apr-26,21:50:19,2,1,220,210,0,0,5,5,5,0,220,
1568,02-Apr-26,21:50:19,3,1,60,57,0,0,1.5,1.5,5,0,60,
1569,02-Apr-26,22:06:27,1,1,250,238,0,0,6,6,5,0,250,
1570,02-Apr-26,22:07:08,1,1,200,190,0,0,5,5,5,0,200,
1570,02-Apr-26,22:07:08,2,1,300,286,0,0,7,7,5,0,300,
1571,02-Apr-26,22:14:19,1,2,250,476,0,0,12,12,5,0,500,
1571,02-Apr-26,22:14:19,2,1,350,333,0,0,8.5,8.5,5,0,350,
1572,03-Apr-26,11:20:38,1,1,80,76,0,0,2,2,5,0,80,CASH
1572,03-Apr-26,11:20:38,2,1,250,238,0,0,6,6,5,0,250,CASH
1572,03-Apr-26,11:20:38,3,1,250,238,0,0,6,6,5,0,250,CASH
1572,03-Apr-26,11:20:38,4,1,250,238,0,0,6,6,5,0,250,CASH
1573,03-Apr-26,12:09:35,1,4,250,952,0,0,24,24,5,0,1000,
1574,03-Apr-26,12:15:57,1,2,120,229,0,0,5.5,5.5,5,0,240,
1574,03-Apr-26,12:15:57,2,3,100,286,0,0,7,7,5,0,300,
1575,03-Apr-26,12:26:41,1,1,60,57,0,0,1.5,1.5,5,0,60,
1576,03-Apr-26,14:46:27,1,1,400,381,0,0,9.5,9.5,5,0,400,
1577,03-Apr-26,14:47:52,1,1,500,476,0,0,12,12,5,0,500,
1577,03-Apr-26,14:47:52,2,1,80,76,0,0,2,2,5,0,80,
1578,03-Apr-26,15:36:13,1,4,100,381,0,0,9.5,9.5,5,0,400,
1579,03-Apr-26,16:58:03,1,1,200,190,0,0,5,5,5,0,200,
1671,05-Apr-26,22:07:36,1,1,50,48,0,0,1,1,5,0,50,
1672,05-Apr-26,22:09:12,1,1,60,57,0,0,1.5,1.5,5,0,60,
1672,05-Apr-26,22:09:12,2,1,60,57,0,0,1.5,1.5,5,0,60,
1673,05-Apr-26,22:14:01,1,1,100,95,0,0,2.5,2.5,5,0,100,
1673,05-Apr-26,22:14:01,2,1,200,190,0,0,5,5,5,0,200,
1674,05-Apr-26,22:24:09,1,1,350,333,0,0,8.5,8.5,5,0,350,
1674,05-Apr-26,22:24:09,2,1,250,238,0,0,6,6,5,0,250,
1675,05-Apr-26,22:31:30,1,1,40,38,0,0,1,1,5,0,40,
1676,06-Apr-26,11:44:04,1,1,350,333,0,0,8.5,8.5,5,0,350,
1677,06-Apr-26,11:45:28,1,1,250,238,0,0,6,6,5,0,250,
1677,06-Apr-26,11:45:28,2,1,250,238,0,0,6,6,5,0,250,
1677,06-Apr-26,11:45:28,3,1,200,190,0,0,5,5,5,0,200,
1678,06-Apr-26,15:23:18,1,1,100,95,0,0,2.5,2.5,5,0,100,
1679,06-Apr-26,15:32:20,1,1,100,95,0,0,2.5,2.5,5,0,100,
1680,06-Apr-26,16:33:27,1,1,100,95,0,0,2.5,2.5,5,0,100,CASH
1681,06-Apr-26,17:33:29,1,2,150,286,0,0,7,7,5,0,300,
1681,06-Apr-26,17:33:29,2,1,150,143,0,0,3.5,3.5,5,0,150,
2259,02-May-26,13:25:33,3,1,250,238,0,0,6,6,5,0,250,
2259,02-May-26,13:25:33,4,1,250,238,0,0,6,6,5,0,250,
2260,02-May-26,13:27:43,1,1,150,143,0,0,3.5,3.5,5,0,150,
2260,02-May-26,13:27:43,2,1,100,95,0,0,2.5,2.5,5,0,100,
2261,02-May-26,14:17:34,1,1,200,190,0,0,5,5,5,0,200,
2261,02-May-26,14:17:34,2,1,100,95,0,0,2.5,2.5,5,0,100,
2262,02-May-26,14:50:40,1,2,350,667,0,0,16.5,16.5,5,0,700,
2262,02-May-26,14:50:40,2,4,200,762,0,0,19,19,5,0,800,
2262,02-May-26,14:50:40,3,2,300,571,0,0,14.5,14.5,5,0,600,
2262,02-May-26,14:50:40,4,3,350,1000,0,0,25,25,5,0,1050,
2263,02-May-26,14:55:40,1,2,150,286,0,0,7,7,5,0,300,
2263,02-May-26,14:55:40,2,1,250,238,0,0,6,6,5,0,250,
2264,02-May-26,16:18:36,1,2,150,286,0,0,7,7,5,0,300,
2264,02-May-26,16:18:36,2,2,200,381,0,0,9.5,9.5,5,0,400,
2265,02-May-26,18:45:37,1,1,250,238,0,0,6,6,5,0,250,
2266,02-May-26,18:45:44,1,2,150,286,0,0,7,7,5,0,300,
2266,02-May-26,18:45:44,2,5,350,1667,0,0,41.5,41.5,5,0,1750,
1757,09-Apr-26,21:56:23,1,1,120,114,0,0,3,3,5,0,120,
1758,09-Apr-26,21:59:59,1,2,100,190,0,0,5,5,5,0,200,
1759,09-Apr-26,22:08:21,1,1,30,29,0,0,0.5,0.5,5,0,30,
1760,09-Apr-26,22:08:36,1,2,250,476,0,0,12,12,5,0,500,
1761,09-Apr-26,22:10:11,1,1,200,190,0,0,5,5,5,0,200,
1762,09-Apr-26,22:15:01,1,3,200,571,0,0,14.5,14.5,5,0,600,
1763,10-Apr-26,12:10:40,1,1,60,57,0,0,1.5,1.5,5,0,60,
1763,10-Apr-26,12:10:40,2,1,120,114,0,0,3,3,5,0,120,
1763,10-Apr-26,12:10:40,3,1,120,114,0,0,3,3,5,0,120,
1763,10-Apr-26,12:10:40,4,1,40,38,0,0,1,1,5,0,40,
1763,10-Apr-26,12:10:40,5,1,40,38,0,0,1,1,5,0,40,
1764,10-Apr-26,13:40:59,1,2,100,190,0,0,5,5,5,0,200,
1765,10-Apr-26,14:17:23,1,1,300,286,0,0,7,7,5,0,300,
1766,10-Apr-26,15:13:09,1,1,130,124,0,0,3,3,5,0,130,CASH
1766,10-Apr-26,15:13:09,2,1,130,124,0,0,3,3,5,0,130,CASH
1767,10-Apr-26,17:19:22,1,1,250,238,0,0,6,6,5,0,250,
1767,10-Apr-26,17:19:22,2,2,500,952,0,0,24,24,5,0,1000,
2267,02-May-26,18:47:23,1,1,350,333,0,0,8.5,8.5,5,0,350,
2268,02-May-26,19:19:14,1,1,250,238,0,0,6,6,5,0,250,
2268,02-May-26,19:19:14,2,1,250,238,0,0,6,6,5,0,250,
2268,02-May-26,19:19:14,3,1,150,143,0,0,3.5,3.5,5,0,150,
2269,02-May-26,19:58:36,1,1,250,238,0,0,6,6,5,0,250,
2269,02-May-26,19:58:36,2,1,150,143,0,0,3.5,3.5,5,0,150,
2270,02-May-26,20:07:41,1,3,500,1429,0,0,35.5,35.5,5,0,1500,
2270,02-May-26,20:07:41,2,1,200,190,0,0,5,5,5,0,200,
2270,02-May-26,20:07:41,3,1,80,76,0,0,2,2,5,0,80,
2270,02-May-26,20:07:41,4,2,150,286,0,0,7,7,5,0,300,
2270,02-May-26,20:07:41,5,3,100,286,0,0,7,7,5,0,300,
2271,02-May-26,20:13:06,1,1,250,238,0,0,6,6,5,0,250,
2271,02-May-26,20:13:06,2,1,300,286,0,0,7,7,5,0,300,
2272,02-May-26,20:27:47,1,2,150,286,0,0,7,7,5,0,300,
2273,02-May-26,20:30:28,1,3,300,857,0,0,21.5,21.5,5,0,900,
2273,02-May-26,20:30:28,2,1,250,238,0,0,6,6,5,0,250,
2273,02-May-26,20:30:28,3,2,100,190,0,0,5,5,5,0,200,
1768,10-Apr-26,18:55:01,1,1,450,429,0,0,10.5,10.5,5,0,450,
1769,10-Apr-26,18:56:57,1,3,60,171,0,0,4.5,4.5,5,0,180,
1770,10-Apr-26,19:02:17,1,1,60,57,0,0,1.5,1.5,5,0,60,
1771,10-Apr-26,19:16:04,1,1,300,286,0,0,7,7,5,0,300,
1772,10-Apr-26,19:23:06,1,2,250,476,0,0,12,12,5,0,500,
1773,10-Apr-26,19:25:59,1,1,250,238,0,0,6,6,5,0,250,
1774,10-Apr-26,20:14:15,1,1,200,190,0,0,5,5,5,0,200,
1774,10-Apr-26,20:14:15,2,1,150,143,0,0,3.5,3.5,5,0,150,
1775,10-Apr-26,20:18:12,1,1,250,238,0,0,6,6,5,0,250,
1776,10-Apr-26,21:09:19,1,1,120,114,0,0,3,3,5,0,120,
1777,10-Apr-26,21:09:35,1,1,150,143,0,0,3.5,3.5,5,0,150,
1777,10-Apr-26,21:09:35,2,6,60,343,0,0,8.5,8.5,5,0,360,
1777,10-Apr-26,21:09:35,3,1,250,238,0,0,6,6,5,0,250,
1778,10-Apr-26,21:28:19,1,1,250,238,0,0,6,6,5,0,250,
1779,10-Apr-26,21:35:06,1,1,150,143,0,0,3.5,3.5,5,0,150,
1780,10-Apr-26,21:40:44,1,1,150,143,0,0,3.5,3.5,5,0,150,
1780,10-Apr-26,21:40:44,2,1,100,95,0,0,2.5,2.5,5,0,100,
2277,02-May-26,21:26:48,1,1,200,190,0,0,5,5,5,0,200,
2277,02-May-26,21:26:48,2,1,100,95,0,0,2.5,2.5,5,0,100,
2277,02-May-26,21:26:48,3,4,60,229,0,0,5.5,5.5,5,0,240,
2277,02-May-26,21:26:48,4,1,150,143,0,0,3.5,3.5,5,0,150,
2278,02-May-26,21:31:41,1,2,70,133,0,0,3.5,3.5,5,0,140,
2278,02-May-26,21:31:41,2,1,150,143,0,0,3.5,3.5,5,0,150,
2278,02-May-26,21:31:41,3,2,200,381,0,0,9.5,9.5,5,0,400,
2278,02-May-26,21:31:41,4,1,250,238,0,0,6,6,5,0,250,
2278,02-May-26,21:31:41,5,1,250,238,0,0,6,6,5,0,250,
2279,02-May-26,21:39:36,1,1,160,152,0,0,4,4,5,0,160,
2279,02-May-26,21:39:36,2,1,120,114,0,0,3,3,5,0,120,
2279,02-May-26,21:39:36,3,2,60,114,0,0,3,3,5,0,120,
2279,02-May-26,21:39:36,4,1,120,114,0,0,3,3,5,0,120,
2279,02-May-26,21:39:36,5,3,50,143,0,0,3.5,3.5,5,0,150,
2280,02-May-26,22:00:08,1,1,100,95,0,0,2.5,2.5,5,0,100,CASH
2281,03-May-26,12:11:53,1,1,300,286,0,0,7,7,5,0,300,
2281,03-May-26,12:11:53,2,1,300,286,0,0,7,7,5,0,300,
2284,03-May-26,16:33:01,8,1,70,67,0,0,1.5,1.5,5,0,70,
2284,03-May-26,16:33:01,9,1,100,95,0,0,2.5,2.5,5,0,100,
2285,03-May-26,16:35:25,1,1,150,143,0,0,3.5,3.5,5,0,150,
2286,03-May-26,16:37:42,1,1,150,143,0,0,3.5,3.5,5,0,150,
2286,03-May-26,16:37:42,2,1,350,333,0,0,8.5,8.5,5,0,350,
2286,03-May-26,16:37:42,3,2,250,476,0,0,12,12,5,0,500,
2287,03-May-26,16:39:16,1,1,400,381,0,0,9.5,9.5,5,0,400,
2287,03-May-26,16:39:16,2,1,250,238,0,0,6,6,5,0,250,
2288,03-May-26,16:53:50,1,1,300,286,0,0,7,7,5,0,300,
2288,03-May-26,16:53:50,2,1,50,48,0,0,1,1,5,0,50,
2289,03-May-26,17:11:48,1,1,150,143,0,0,3.5,3.5,5,0,150,
2290,03-May-26,17:17:58,1,1,80,76,0,0,2,2,5,0,80,
2291,03-May-26,17:22:30,1,1,100,95,0,0,2.5,2.5,5,0,100,
2292,03-May-26,18:10:09,1,2,150,286,0,0,7,7,5,0,300,
2293,03-May-26,18:14:36,1,1,300,286,0,0,7,7,5,0,300,
2293,03-May-26,18:14:36,2,1,250,238,0,0,6,6,5,0,250,
2293,03-May-26,18:14:36,3,2,450,857,0,0,21.5,21.5,5,0,900,
2631,19-May-26,20:21:14,1,1,60,57,0,0,1.5,1.5,5,0,60,
2631,19-May-26,20:21:14,2,1,60,57,0,0,1.5,1.5,5,0,60,
2631,19-May-26,20:21:14,3,1,100,95,0,0,2.5,2.5,5,0,100,
2631,19-May-26,20:21:14,4,1,60,57,0,0,1.5,1.5,5,0,60,
2631,19-May-26,20:21:14,5,1,60,57,0,0,1.5,1.5,5,0,60,
2632,19-May-26,21:04:57,1,2,200,381,0,0,9.5,9.5,5,0,400,
2632,19-May-26,21:04:57,2,1,100,95,0,0,2.5,2.5,5,0,100,
2633,20-May-26,12:10:06,1,1,250,238,0,0,6,6,5,0,250,
2634,20-May-26,16:56:32,1,1,250,238,0,0,6,6,5,0,250,
2634,20-May-26,16:56:32,2,1,150,143,0,0,3.5,3.5,5,0,150,
2635,20-May-26,16:56:57,1,1,250,238,0,0,6,6,5,0,250,
2635,20-May-26,16:56:57,2,1,150,143,0,0,3.5,3.5,5,0,150,
2636,20-May-26,19:57:08,1,2,300,571,0,0,14.5,14.5,5,0,600,
2637,20-May-26,20:04:38,1,3,150,429,0,0,10.5,10.5,5,0,450,
2637,20-May-26,20:04:38,2,1,250,238,0,0,6,6,5,0,250,
2638,20-May-26,20:17:38,1,1,250,238,0,0,6,6,5,0,250,
2638,20-May-26,20:17:38,2,3,150,429,0,0,10.5,10.5,5,0,450,
1798,11-Apr-26,17:09:48,3,1,350,333,0,0,8.5,8.5,5,0,350,
1799,11-Apr-26,17:24:10,1,2,350,667,0,0,16.5,16.5,5,0,700,
1799,11-Apr-26,17:24:10,2,2,70,133,0,0,3.5,3.5,5,0,140,
1799,11-Apr-26,17:24:10,3,1,120,114,0,0,3,3,5,0,120,
1800,11-Apr-26,17:30:33,1,1,400,381,0,0,9.5,9.5,5,0,400,
1800,11-Apr-26,17:30:33,2,1,150,143,0,0,3.5,3.5,5,0,150,
1801,11-Apr-26,17:44:50,1,1,500,476,0,0,12,12,5,0,500,
1802,11-Apr-26,17:57:57,1,1,500,476,0,0,12,12,5,0,500,
1803,11-Apr-26,18:22:04,1,1,300,286,0,0,7,7,5,0,300,CASH
1803,11-Apr-26,18:22:04,2,2,200,381,0,0,9.5,9.5,5,0,400,CASH
1804,11-Apr-26,18:45:04,1,2,70,133,0,0,3.5,3.5,5,0,140,CASH
1804,11-Apr-26,18:45:04,2,2,30,57,0,0,1.5,1.5,5,0,60,CASH
1804,11-Apr-26,18:45:04,3,3,40,114,0,0,3,3,5,0,120,CASH
1805,11-Apr-26,19:32:00,1,1,300,286,0,0,7,7,5,0,300,
1805,11-Apr-26,19:32:00,2,1,150,143,0,0,3.5,3.5,5,0,150,
1806,11-Apr-26,19:43:44,1,1,130,124,0,0,3,3,5,0,130,
1807,11-Apr-26,20:09:59,1,2,100,190,0,0,5,5,5,0,200,
2293,03-May-26,18:14:36,4,1,350,333,0,0,8.5,8.5,5,0,350,
2294,03-May-26,19:01:48,1,1,400,381,0,0,9.5,9.5,5,0,400,
2295,03-May-26,19:26:08,1,1,150,143,0,0,3.5,3.5,5,0,150,
2295,03-May-26,19:26:08,2,1,250,238,0,0,6,6,5,0,250,
2296,03-May-26,19:58:38,1,1,300,286,0,0,7,7,5,0,300,
2297,03-May-26,20:48:18,1,1,250,238,0,0,6,6,5,0,250,25
2297,03-May-26,20:48:18,2,1,50,48,0,0,1,1,5,0,50,25
2297,03-May-26,20:48:18,3,1,150,143,0,0,3.5,3.5,5,0,150,25
2298,03-May-26,21:20:02,1,2,50,95,0,0,2.5,2.5,5,0,100,
2299,03-May-26,21:25:18,1,1,160,152,0,0,4,4,5,0,160,
2300,03-May-26,21:39:06,1,1,200,190,0,0,5,5,5,0,200,
2300,03-May-26,21:39:06,2,1,300,286,0,0,7,7,5,0,300,
2300,03-May-26,21:39:06,3,1,50,48,0,0,1,1,5,0,50,
2301,04-May-26,12:07:23,1,1,100,95,0,0,2.5,2.5,5,0,100,
2302,04-May-26,13:38:02,1,1,150,143,0,0,3.5,3.5,5,0,150,
2303,04-May-26,13:40:21,1,1,300,286,0,0,7,7,5,0,300,
2303,04-May-26,13:40:21,2,1,100,95,0,0,2.5,2.5,5,0,100,
2303,04-May-26,13:40:21,3,1,150,143,0,0,3.5,3.5,5,0,150,
2304,04-May-26,14:37:01,1,2,150,286,0,0,7,7,5,0,300,
2305,04-May-26,15:59:32,1,1,400,381,0,0,9.5,9.5,5,0,400,
2305,04-May-26,15:59:32,2,1,250,238,0,0,6,6,5,0,250,
2305,04-May-26,15:59:32,3,1,100,95,0,0,2.5,2.5,5,0,100,
2305,04-May-26,15:59:32,4,1,100,95,0,0,2.5,2.5,5,0,100,
2305,04-May-26,15:59:32,5,1,100,95,0,0,2.5,2.5,5,0,100,
2305,04-May-26,15:59:32,6,1,100,95,0,0,2.5,2.5,5,0,100,
2305,04-May-26,15:59:32,7,1,100,95,0,0,2.5,2.5,5,0,100,
2305,04-May-26,15:59:32,8,1,200,190,0,0,5,5,5,0,200,
2305,04-May-26,15:59:32,9,1,500,476,0,0,12,12,5,0,500,
2305,04-May-26,15:59:32,10,1,60,57,0,0,1.5,1.5,5,0,60,
2305,04-May-26,15:59:32,11,1,60,57,0,0,1.5,1.5,5,0,60,
2306,04-May-26,16:01:17,1,1,250,238,0,0,6,6,5,0,250,
2306,04-May-26,16:01:17,2,1,300,286,0,0,7,7,5,0,300,
2306,04-May-26,16:01:17,3,1,150,143,0,0,3.5,3.5,5,0,150,
2307,04-May-26,16:57:21,1,2,500,952,0,0,24,24,5,0,1000,
2307,04-May-26,16:57:21,2,1,300,286,0,0,7,7,5,0,300,
2307,04-May-26,16:57:21,3,1,150,143,0,0,3.5,3.5,5,0,150,
2308,04-May-26,19:33:13,1,1,230,219,0,0,5.5,5.5,5,0,230,
2309,04-May-26,19:34:23,1,2,150,286,0,0,7,7,5,0,300,
2310,04-May-26,20:53:12,1,1,50,48,0,0,1,1,5,0,50,
2311,04-May-26,21:06:29,1,1,200,190,0,0,5,5,5,0,200,
2311,04-May-26,21:06:29,2,1,400,381,0,0,9.5,9.5,5,0,400,
2311,04-May-26,21:06:29,3,3,20,57,0,0,1.5,1.5,5,0,60,
2312,04-May-26,21:35:59,1,1,100,95,0,0,2.5,2.5,5,0,100,
2313,04-May-26,21:58:18,1,2,200,381,0,0,9.5,9.5,5,0,400,
2314,04-May-26,22:05:57,1,2,100,190,0,0,5,5,5,0,200,
2315,05-May-26,12:29:47,1,1,250,238,0,0,6,6,5,0,250,CASH
2316,05-May-26,12:38:35,1,1,150,143,0,0,3.5,3.5,5,0,150,
2316,05-May-26,12:38:35,2,1,500,476,0,0,12,12,5,0,500,
2316,05-May-26,12:38:35,3,1,150,143,0,0,3.5,3.5,5,0,150,
2316,05-May-26,12:38:35,4,1,200,190,0,0,5,5,5,0,200,
2317,05-May-26,14:50:38,1,1,500,476,0,0,12,12,5,0,500,CASH
1825,12-Apr-26,17:59:42,3,1,200,190,0,0,5,5,5,0,200,
1826,12-Apr-26,18:34:32,1,1,250,238,0,0,6,6,5,0,250,
1827,12-Apr-26,18:39:16,1,1,40,38,0,0,1,1,5,0,40,
1827,12-Apr-26,18:39:16,2,1,40,38,0,0,1,1,5,0,40,
1827,12-Apr-26,18:39:16,3,1,40,38,0,0,1,1,5,0,40,
1827,12-Apr-26,18:39:16,4,1,40,38,0,0,1,1,5,0,40,
1827,12-Apr-26,18:39:16,5,1,40,38,0,0,1,1,5,0,40,
1827,12-Apr-26,18:39:16,6,1,70,67,0,0,1.5,1.5,5,0,70,
1827,12-Apr-26,18:39:16,7,1,70,67,0,0,1.5,1.5,5,0,70,
1828,12-Apr-26,19:06:45,1,10,120,1143,0,0,28.5,28.5,5,0,0,CASH
1828,12-Apr-26,19:06:45,2,1,200,190,0,0,5,5,5,0,0,CASH
1828,12-Apr-26,19:06:45,3,1,350,333,0,0,8.5,8.5,5,0,350,CASH
1828,12-Apr-26,19:06:45,4,4,60,229,0,0,5.5,5.5,5,0,240,CASH
1828,12-Apr-26,19:06:45,5,1,350,333,0,0,8.5,8.5,5,0,350,CASH
1828,12-Apr-26,19:06:45,6,1,160,152,0,0,4,4,5,0,160,CASH
1829,12-Apr-26,19:53:05,1,1,100,95,0,0,2.5,2.5,5,0,100,
1830,12-Apr-26,19:54:31,1,1,250,238,0,0,6,6,5,0,250,
2717,24-May-26,18:08:05,1,2,50,95,0,0,2.5,2.5,5,0,100,
2718,24-May-26,18:08:35,1,2,120,229,0,0,5.5,5.5,5,0,240,
2719,24-May-26,18:19:18,1,1,450,429,0,0,10.5,10.5,5,0,450,
2720,24-May-26,18:53:20,1,1,300,286,0,0,7,7,5,0,300,
2721,24-May-26,19:03:10,1,1,200,190,0,0,5,5,5,0,200,
2722,24-May-26,19:04:46,1,2,40,76,0,0,2,2,5,0,80,
2723,24-May-26,19:20:12,1,5,100,476,0,0,12,12,5,0,500,
2724,24-May-26,19:24:03,1,1,450,429,0,0,10.5,10.5,5,0,450,
2724,24-May-26,19:24:03,2,1,200,190,0,0,5,5,5,0,200,
2724,24-May-26,19:24:03,3,2,350,667,0,0,16.5,16.5,5,0,700,
2724,24-May-26,19:24:03,4,1,250,238,0,0,6,6,5,0,250,
2724,24-May-26,19:24:03,5,1,300,286,0,0,7,7,5,0,300,
2724,24-May-26,19:24:03,6,1,400,381,0,0,9.5,9.5,5,0,400,
2725,24-May-26,19:34:13,1,1,150,143,0,0,3.5,3.5,5,0,150,
2725,24-May-26,19:34:13,2,1,50,48,0,0,1,1,5,0,50,
2725,24-May-26,19:34:13,3,1,80,76,0,0,2,2,5,0,80,
2726,24-May-26,19:52:12,1,1,150,143,0,0,3.5,3.5,5,0,150,
1843,13-Apr-26,18:22:52,1,1,500,476,0,0,12,12,5,0,500,
1844,13-Apr-26,18:23:23,1,1,150,143,0,0,3.5,3.5,5,0,150,
1845,13-Apr-26,19:22:47,1,2,250,476,0,0,12,12,5,0,500,
1846,13-Apr-26,19:24:29,1,1,500,476,0,0,12,12,5,0,500,
1847,13-Apr-26,19:34:27,1,2,400,762,0,0,19,19,5,0,800,
1847,13-Apr-26,19:34:27,2,1,200,190,0,0,5,5,5,0,200,
1847,13-Apr-26,19:34:27,3,1,60,57,0,0,1.5,1.5,5,0,60,
1848,13-Apr-26,20:09:49,1,3,250,714,0,0,18,18,5,0,750,
1849,13-Apr-26,20:11:35,1,2,250,476,0,0,12,12,5,0,500,
1850,13-Apr-26,20:51:04,1,4,120,457,0,0,11.5,11.5,5,0,480,
1851,13-Apr-26,20:52:06,1,1,200,190,0,0,5,5,5,0,200,
1851,13-Apr-26,20:52:06,2,1,350,333,0,0,8.5,8.5,5,0,350,
1851,13-Apr-26,20:52:06,3,1,350,333,0,0,8.5,8.5,5,0,350,
1852,13-Apr-26,21:21:44,1,1,250,238,0,0,6,6,5,0,250,
1853,13-Apr-26,21:50:25,1,1,450,429,0,0,10.5,10.5,5,0,450,
1853,13-Apr-26,21:50:25,2,1,350,333,0,0,8.5,8.5,5,0,350,
1853,13-Apr-26,21:50:25,3,1,300,286,0,0,7,7,5,0,300,
3945,14-Jul-26,22:25:24,2,1,550,524,0,0,13,13,5,0,550,
3945,14-Jul-26,22:25:24,3,2,300,571,0,0,14.5,14.5,5,0,600,
3946,15-Jul-26,11:24:31,1,2,150,286,0,0,7,7,5,0,300,CASH
3946,15-Jul-26,11:24:31,2,1,100,95,0,0,2.5,2.5,5,0,100,CASH
3946,15-Jul-26,11:24:31,3,1,200,190,0,0,5,5,5,0,200,CASH
3947,15-Jul-26,11:43:17,1,1,100,95,0,0,2.5,2.5,5,0,100,
3948,15-Jul-26,14:01:14,1,1,550,524,0,0,13,13,5,0,550,
3949,15-Jul-26,15:47:24,1,1,250,238,0,0,6,6,5,0,250,CASH
3949,15-Jul-26,15:47:24,2,1,200,190,0,0,5,5,5,0,200,CASH
3949,15-Jul-26,15:47:24,3,4,30,114,0,0,3,3,5,0,120,CASH
3950,15-Jul-26,17:18:27,1,2,60,114,0,0,3,3,5,0,120,
3950,15-Jul-26,17:18:27,2,1,100,95,0,0,2.5,2.5,5,0,100,
3951,15-Jul-26,17:20:23,1,1,100,95,0,0,2.5,2.5,5,0,100,
3952,15-Jul-26,17:55:38,1,1,200,190,0,0,5,5,5,0,200,
3953,15-Jul-26,17:55:59,1,1,500,476,0,0,12,12,5,0,500,
3953,15-Jul-26,17:55:59,2,1,350,333,0,0,8.5,8.5,5,0,350,
3953,15-Jul-26,17:55:59,3,2,100,190,0,0,5,5,5,0,200,
1865,14-Apr-26,17:35:39,1,1,150,143,0,0,3.5,3.5,5,0,150,
1866,14-Apr-26,17:44:23,1,1,150,143,0,0,3.5,3.5,5,0,150,
1866,14-Apr-26,17:44:23,2,1,100,95,0,0,2.5,2.5,5,0,100,
1866,14-Apr-26,17:44:23,3,1,60,57,0,0,1.5,1.5,5,0,60,
1866,14-Apr-26,17:44:23,4,1,60,57,0,0,1.5,1.5,5,0,60,
1866,14-Apr-26,17:44:23,5,1,60,57,0,0,1.5,1.5,5,0,60,
1867,14-Apr-26,17:51:02,1,1,250,238,0,0,6,6,5,0,250,
1867,14-Apr-26,17:51:02,2,1,100,95,0,0,2.5,2.5,5,0,100,
1867,14-Apr-26,17:51:02,3,1,200,190,0,0,5,5,5,0,200,
1867,14-Apr-26,17:51:02,4,1,250,238,0,0,6,6,5,0,250,
1868,14-Apr-26,18:54:56,1,1,300,286,0,0,7,7,5,0,300,
1869,14-Apr-26,18:57:10,1,1,120,114,0,0,3,3,5,0,120,
1870,14-Apr-26,18:57:38,1,4,120,457,0,0,11.5,11.5,5,0,480,
1870,14-Apr-26,18:57:38,2,4,70,267,0,0,6.5,6.5,5,0,280,
1870,14-Apr-26,18:57:38,3,1,100,95,0,0,2.5,2.5,5,0,100,
1870,14-Apr-26,18:57:38,4,7,60,400,0,0,10,10,5,0,420,
1871,14-Apr-26,19:05:41,1,10,40,381,0,0,9.5,9.5,5,0,400,
1871,14-Apr-26,19:05:41,2,2,200,381,0,0,9.5,9.5,5,0,400,
1872,14-Apr-26,19:08:59,1,4,40,152,0,0,4,4,5,0,160,
1872,14-Apr-26,19:08:59,2,2,80,152,0,0,4,4,5,0,160,
1872,14-Apr-26,19:08:59,3,3,250,714,0,0,18,18,5,0,750,
1873,14-Apr-26,19:18:20,1,3,100,286,0,0,7,7,5,0,300,
1874,14-Apr-26,19:46:28,1,3,300,857,0,0,21.5,21.5,5,0,900,
1874,14-Apr-26,19:46:28,2,1,250,238,0,0,6,6,5,0,250,
1874,14-Apr-26,19:46:28,3,2,350,667,0,0,16.5,16.5,5,0,700,
1874,14-Apr-26,19:46:28,4,1,400,381,0,0,9.5,9.5,5,0,400,
1874,14-Apr-26,19:46:28,5,3,500,1429,0,0,35.5,35.5,5,0,1500,
1875,14-Apr-26,20:02:49,1,3,100,286,0,0,7,7,5,0,300,CASH
1876,14-Apr-26,20:06:45,1,1,250,238,0,0,6,6,5,0,250,
1876,14-Apr-26,20:06:45,2,1,200,190,0,0,5,5,5,0,200,
1877,14-Apr-26,20:24:27,1,2,60,114,0,0,3,3,5,0,120,
1877,14-Apr-26,20:24:27,2,1,120,114,0,0,3,3,5,0,120,
1878,14-Apr-26,20:31:11,1,1,150,143,0,0,3.5,3.5,5,0,150,
1879,14-Apr-26,20:45:42,1,1,600,571,0,0,14.5,14.5,5,0,600,
1879,14-Apr-26,20:45:42,2,1,130,124,0,0,3,3,5,0,130,
1880,14-Apr-26,20:55:03,1,1,350,333,0,0,8.5,8.5,5,0,350,
1881,14-Apr-26,20:55:20,1,1,100,95,0,0,2.5,2.5,5,0,100,
1881,14-Apr-26,20:55:20,2,2,300,571,0,0,14.5,14.5,5,0,600,
1881,14-Apr-26,20:55:20,3,1,300,286,0,0,7,7,5,0,300,
1881,14-Apr-26,20:55:20,4,1,150,143,0,0,3.5,3.5,5,0,150,
1882,15-Apr-26,11:46:22,1,1,250,238,0,0,6,6,5,0,250,CASH
1882,15-Apr-26,11:46:22,2,1,50,48,0,0,1,1,5,0,50,CASH
1883,15-Apr-26,13:17:37,1,1,100,95,0,0,2.5,2.5,5,0,100,
1884,15-Apr-26,13:42:09,1,1,60,57,0,0,1.5,1.5,5,0,60,
1885,15-Apr-26,13:42:43,1,1,200,190,0,0,5,5,5,0,200,
1886,15-Apr-26,14:37:19,1,1,250,238,0,0,6,6,5,0,250,
1887,15-Apr-26,15:21:15,1,15,40,571,0,0,14.5,14.5,5,0,600,
1888,15-Apr-26,15:46:11,1,1,300,286,0,0,7,7,5,0,300,
1889,15-Apr-26,16:44:23,1,2,150,286,0,0,7,7,5,0,300,
1889,15-Apr-26,16:44:23,2,1,200,190,0,0,5,5,5,0,200,
1889,15-Apr-26,16:44:23,3,1,100,95,0,0,2.5,2.5,5,0,100,
2340,06-May-26,20:04:07,2,1,200,190,0,0,5,5,5,0,200,
2341,06-May-26,20:12:28,1,2,100,190,0,0,5,5,5,0,200,
2342,06-May-26,20:13:41,1,1,150,143,0,0,3.5,3.5,5,0,150,
2343,06-May-26,20:27:57,1,1,100,95,0,0,2.5,2.5,5,0,100,
2344,06-May-26,20:39:43,1,1,100,95,0,0,2.5,2.5,5,0,100,
2345,06-May-26,21:11:45,1,4,150,571,0,0,14.5,14.5,5,0,0,
2345,06-May-26,21:11:45,2,1,300,286,0,0,7,7,5,0,300,
2345,06-May-26,21:11:45,3,1,100,95,0,0,2.5,2.5,5,0,100,
2346,06-May-26,21:16:00,1,1,100,95,0,0,2.5,2.5,5,0,100,
2347,06-May-26,21:53:27,1,2,300,571,0,0,14.5,14.5,5,0,600,
2348,07-May-26,12:49:22,1,1,150,143,0,0,3.5,3.5,5,0,150,
2348,07-May-26,12:49:22,2,1,150,143,0,0,3.5,3.5,5,0,150,
2348,07-May-26,12:49:22,3,1,150,143,0,0,3.5,3.5,5,0,150,
2348,07-May-26,12:49:22,4,1,150,143,0,0,3.5,3.5,5,0,150,
2348,07-May-26,12:49:22,5,1,250,238,0,0,6,6,5,0,250,
2349,07-May-26,13:48:14,1,4,60,229,0,0,5.5,5.5,5,0,240,
2350,07-May-26,13:50:52,1,1,250,238,0,0,6,6,5,0,250,
1889,15-Apr-26,16:44:23,4,1,100,95,0,0,2.5,2.5,5,0,100,
1890,15-Apr-26,16:49:25,1,3,80,229,0,0,5.5,5.5,5,0,240,
1890,15-Apr-26,16:49:25,2,1,100,95,0,0,2.5,2.5,5,0,100,
1891,15-Apr-26,17:22:23,1,1,60,57,0,0,1.5,1.5,5,0,60,
1892,15-Apr-26,18:48:16,1,1,250,238,0,0,6,6,5,0,250,
1892,15-Apr-26,18:48:16,2,1,100,95,0,0,2.5,2.5,5,0,100,
1893,15-Apr-26,19:06:09,1,3,150,429,0,0,10.5,10.5,5,0,450,
1893,15-Apr-26,19:06:09,2,2,500,952,0,0,24,24,5,0,1000,
1894,15-Apr-26,20:06:22,1,5,250,1190,0,0,30,30,5,0,1250,
1895,15-Apr-26,20:44:03,1,1,100,95,0,0,2.5,2.5,5,0,100,
1896,15-Apr-26,20:46:50,1,2,100,190,0,0,5,5,5,0,200,
1897,15-Apr-26,20:56:25,1,1,150,143,0,0,3.5,3.5,5,0,150,
1897,15-Apr-26,20:56:25,2,1,200,190,0,0,5,5,5,0,200,
1898,15-Apr-26,21:02:27,1,1,60,57,0,0,1.5,1.5,5,0,60,
1898,15-Apr-26,21:02:27,2,1,230,219,0,0,5.5,5.5,5,0,230,
1899,15-Apr-26,21:05:12,1,1,400,381,0,0,9.5,9.5,5,0,400,
1899,15-Apr-26,21:05:12,2,2,120,229,0,0,5.5,5.5,5,0,240,
2350,07-May-26,13:50:52,2,1,110,105,0,0,2.5,2.5,5,0,110,
2350,07-May-26,13:50:52,3,1,110,105,0,0,2.5,2.5,5,0,110,
2351,07-May-26,14:46:25,1,1,350,333,0,0,8.5,8.5,5,0,350,
2351,07-May-26,14:46:25,2,1,500,476,0,0,12,12,5,0,500,
2351,07-May-26,14:46:25,3,2,150,286,0,0,7,7,5,0,300,
2351,07-May-26,14:46:25,4,1,100,95,0,0,2.5,2.5,5,0,100,
2352,07-May-26,15:33:12,1,2,500,952,0,0,24,24,5,0,1000,
2353,07-May-26,16:16:45,1,3,90,257,0,0,6.5,6.5,5,0,270,
2353,07-May-26,16:16:45,2,2,130,248,0,0,6,6,5,0,260,
2354,07-May-26,16:40:34,1,1,100,95,0,0,2.5,2.5,5,0,100,
2355,07-May-26,17:21:59,1,1,200,190,0,0,5,5,5,0,200,
2355,07-May-26,17:21:59,2,1,60,57,0,0,1.5,1.5,5,0,60,
2356,07-May-26,17:22:34,1,1,40,38,0,0,1,1,5,0,40,
2357,07-May-26,17:26:28,1,1,500,476,0,0,12,12,5,0,500,
2357,07-May-26,17:26:28,2,1,150,143,0,0,3.5,3.5,5,0,150,
2358,07-May-26,17:38:31,1,1,150,143,0,0,3.5,3.5,5,0,150,
2359,07-May-26,18:31:05,1,1,200,190,0,0,5,5,5,0,200,
2359,07-May-26,18:31:05,2,1,150,143,0,0,3.5,3.5,5,0,150,
2360,07-May-26,18:44:19,1,1,350,333,0,0,8.5,8.5,5,0,350,CASH
2360,07-May-26,18:44:19,2,1,200,190,0,0,5,5,5,0,200,CASH
2360,07-May-26,18:44:19,3,1,100,95,0,0,2.5,2.5,5,0,100,CASH
2361,07-May-26,18:45:39,1,1,230,219,0,0,5.5,5.5,5,0,230,
2362,07-May-26,18:46:42,1,1,150,143,0,0,3.5,3.5,5,0,150,
2362,07-May-26,18:46:42,2,2,350,667,0,0,16.5,16.5,5,0,700,
2363,07-May-26,18:52:02,1,2,250,476,0,0,12,12,5,0,500,
2364,07-May-26,18:56:18,1,1,100,95,0,0,2.5,2.5,5,0,100,
2365,07-May-26,19:02:55,1,1,200,190,0,0,5,5,5,0,200,
2365,07-May-26,19:02:55,2,1,150,143,0,0,3.5,3.5,5,0,150,
2365,07-May-26,19:02:55,3,1,100,95,0,0,2.5,2.5,5,0,100,
2366,07-May-26,19:13:31,1,1,250,238,0,0,6,6,5,0,250,
2367,07-May-26,19:18:28,1,2,250,476,0,0,12,12,5,0,500,
2367,07-May-26,19:18:28,2,2,100,190,0,0,5,5,5,0,200,
2368,07-May-26,20:05:17,1,4,250,952,0,0,24,24,5,0,1000,
2369,07-May-26,20:11:43,1,1,150,143,0,0,3.5,3.5,5,0,150,
1921,16-Apr-26,20:12:10,3,1,200,190,0,0,5,5,5,0,200,
1922,16-Apr-26,20:17:07,1,2,150,286,0,0,7,7,5,0,300,
1922,16-Apr-26,20:17:07,2,1,100,95,0,0,2.5,2.5,5,0,100,
1923,16-Apr-26,20:32:06,1,4,150,571,0,0,14.5,14.5,5,0,600,
1923,16-Apr-26,20:32:06,2,2,100,190,0,0,5,5,5,0,200,
1924,16-Apr-26,20:55:22,1,1,350,333,0,0,8.5,8.5,5,0,350,
1924,16-Apr-26,20:55:22,2,2,150,286,0,0,7,7,5,0,300,
1924,16-Apr-26,20:55:22,3,2,250,476,0,0,12,12,5,0,500,
1925,16-Apr-26,20:59:50,1,2,100,190,0,0,5,5,5,0,200,
1926,16-Apr-26,21:06:59,1,2,40,76,0,0,2,2,5,0,80,
1927,16-Apr-26,21:26:00,1,6,100,571,0,0,14.5,14.5,5,0,600,
1927,16-Apr-26,21:26:00,2,4,150,571,0,0,14.5,14.5,5,0,0,
1927,16-Apr-26,21:26:00,3,1,80,76,0,0,2,2,5,0,80,
1927,16-Apr-26,21:26:00,4,1,120,114,0,0,3,3,5,0,120,
1928,16-Apr-26,21:34:23,1,1,100,95,0,0,2.5,2.5,5,0,100,
1928,16-Apr-26,21:34:23,2,1,100,95,0,0,2.5,2.5,5,0,100,
1928,16-Apr-26,21:34:23,3,2,100,190,0,0,5,5,5,0,200,
1928,16-Apr-26,21:34:23,4,2,120,229,0,0,5.5,5.5,5,0,240,
1928,16-Apr-26,21:34:23,5,1,150,143,0,0,3.5,3.5,5,0,150,
1928,16-Apr-26,21:34:23,6,1,100,95,0,0,2.5,2.5,5,0,100,
1929,16-Apr-26,21:45:06,1,2,60,114,0,0,3,3,5,0,120,
1929,16-Apr-26,21:45:06,2,1,150,143,0,0,3.5,3.5,5,0,150,
1930,17-Apr-26,13:14:14,1,1,350,333,0,0,8.5,8.5,5,0,350,
1930,17-Apr-26,13:14:14,2,1,250,238,0,0,6,6,5,0,250,
1931,17-Apr-26,13:16:55,1,1,350,333,0,0,8.5,8.5,5,0,350,
1931,17-Apr-26,13:16:55,2,1,250,238,0,0,6,6,5,0,250,
1932,17-Apr-26,13:56:40,1,1,400,381,0,0,9.5,9.5,5,0,400,
1932,17-Apr-26,13:56:40,2,1,300,286,0,0,7,7,5,0,300,
1932,17-Apr-26,13:56:40,3,1,100,95,0,0,2.5,2.5,5,0,100,
1933,17-Apr-26,14:07:36,1,1,320,305,0,0,7.5,7.5,5,0,320,
1934,17-Apr-26,14:37:54,1,1,300,286,0,0,7,7,5,0,300,
1934,17-Apr-26,14:37:54,2,2,75,143,0,0,3.5,3.5,5,0,150,
1935,17-Apr-26,14:48:32,1,1,200,190,0,0,5,5,5,0,200,
1935,17-Apr-26,14:48:32,2,1,200,190,0,0,5,5,5,0,200,
1935,17-Apr-26,14:48:32,3,1,200,190,0,0,5,5,5,0,200,
1935,17-Apr-26,14:48:32,4,1,100,95,0,0,2.5,2.5,5,0,100,
1935,17-Apr-26,14:48:32,5,1,100,95,0,0,2.5,2.5,5,0,100,
1935,17-Apr-26,14:48:32,6,1,100,95,0,0,2.5,2.5,5,0,100,
1936,17-Apr-26,16:43:09,1,1,200,190,0,0,5,5,5,0,200,
1936,17-Apr-26,16:43:09,2,1,200,190,0,0,5,5,5,0,200,
1936,17-Apr-26,16:43:09,3,1,200,190,0,0,5,5,5,0,200,
1936,17-Apr-26,16:43:09,4,1,100,95,0,0,2.5,2.5,5,0,100,
1936,17-Apr-26,16:43:09,5,1,100,95,0,0,2.5,2.5,5,0,100,
1936,17-Apr-26,16:43:09,6,1,100,95,0,0,2.5,2.5,5,0,100,
1937,17-Apr-26,17:37:57,1,5,60,286,0,0,7,7,5,0,300,
1937,17-Apr-26,17:37:57,2,3,150,429,0,0,10.5,10.5,5,0,450,
1938,17-Apr-26,17:54:29,1,1,150,143,0,0,3.5,3.5,5,0,150,
1938,17-Apr-26,17:54:29,2,1,150,143,0,0,3.5,3.5,5,0,150,
1938,17-Apr-26,17:54:29,3,1,60,57,0,0,1.5,1.5,5,0,60,
1938,17-Apr-26,17:54:29,4,1,120,114,0,0,3,3,5,0,120,
1939,17-Apr-26,18:13:34,1,1,120,114,0,0,3,3,5,0,120,\
2370,07-May-26,20:12:25,1,1,250,238,0,0,6,6,5,0,250,
2371,07-May-26,20:15:13,1,1,200,190,0,0,5,5,5,0,200,
2371,07-May-26,20:15:13,2,1,200,190,0,0,5,5,5,0,200,
2372,07-May-26,20:27:30,1,1,60,57,0,0,1.5,1.5,5,0,60,
2372,07-May-26,20:27:30,2,1,60,57,0,0,1.5,1.5,5,0,60,
2372,07-May-26,20:27:30,3,1,60,57,0,0,1.5,1.5,5,0,60,
2372,07-May-26,20:27:30,4,1,60,57,0,0,1.5,1.5,5,0,60,
2372,07-May-26,20:27:30,5,1,300,286,0,0,7,7,5,0,300,
2372,07-May-26,20:27:30,6,1,300,286,0,0,7,7,5,0,300,
2373,07-May-26,20:31:05,1,1,500,476,0,0,12,12,5,0,500,
2374,07-May-26,20:36:57,1,2,120,229,0,0,5.5,5.5,5,0,240,
2375,07-May-26,21:03:55,1,1,120,114,0,0,3,3,5,0,120,
2376,07-May-26,21:26:13,1,1,60,57,0,0,1.5,1.5,5,0,60,
2377,07-May-26,21:27:21,1,2,150,286,0,0,7,7,5,0,300,
2377,07-May-26,21:27:21,2,1,120,114,0,0,3,3,5,0,120,
2378,07-May-26,21:40:16,1,2,150,286,0,0,7,7,5,0,300,
2379,08-May-26,13:42:50,1,1,150,143,0,0,3.5,3.5,5,0,150,
3138,14-Jun-26,16:58:27,1,4,150,571,0,0,14.5,14.5,5,0,600,
3138,14-Jun-26,16:58:27,2,1,100,95,0,0,2.5,2.5,5,0,100,
3139,14-Jun-26,17:23:14,1,8,60,457,0,0,11.5,11.5,5,0,480,
3139,14-Jun-26,17:23:14,2,4,100,381,0,0,9.5,9.5,5,0,400,
3139,14-Jun-26,17:23:14,3,1,150,143,0,0,3.5,3.5,5,0,150,
3139,14-Jun-26,17:23:14,4,1,70,67,0,0,1.5,1.5,5,0,70,
3140,14-Jun-26,17:34:28,1,4,120,457,0,0,11.5,11.5,5,0,480,
3140,14-Jun-26,17:34:28,2,1,100,95,0,0,2.5,2.5,5,0,100,
3141,14-Jun-26,17:50:39,1,1,250,238,0,0,6,6,5,0,250,
3141,14-Jun-26,17:50:39,2,1,150,143,0,0,3.5,3.5,5,0,150,
3142,14-Jun-26,18:01:32,1,1,150,143,0,0,3.5,3.5,5,0,150,
3143,14-Jun-26,18:08:27,1,1,120,114,0,0,3,3,5,0,120,
3144,14-Jun-26,18:34:22,1,1,200,190,0,0,5,5,5,0,200,
3145,14-Jun-26,18:36:42,1,2,100,190,0,0,5,5,5,0,200,
3146,14-Jun-26,18:38:27,1,4,150,571,0,0,14.5,14.5,5,0,600,
3147,14-Jun-26,19:04:51,1,1,200,190,0,0,5,5,5,0,200,
3147,14-Jun-26,19:04:51,2,1,100,95,0,0,2.5,2.5,5,0,100,
1948,17-Apr-26,19:58:54,1,1,250,238,0,0,6,6,5,0,250,
1949,17-Apr-26,20:02:14,1,2,150,286,0,0,7,7,5,0,300,
1949,17-Apr-26,20:02:14,2,1,60,57,0,0,1.5,1.5,5,0,60,
1950,17-Apr-26,20:07:25,1,1,350,333,0,0,8.5,8.5,5,0,350,
1951,17-Apr-26,20:08:29,1,1,250,238,0,0,6,6,5,0,250,
1951,17-Apr-26,20:08:29,2,1,70,67,0,0,1.5,1.5,5,0,70,
1952,17-Apr-26,20:28:11,1,2,250,476,0,0,12,12,5,0,500,
1953,17-Apr-26,20:30:15,1,2,300,571,0,0,14.5,14.5,5,0,600,
1953,17-Apr-26,20:30:15,2,2,250,476,0,0,12,12,5,0,500,
1954,17-Apr-26,20:35:05,1,1,60,57,0,0,1.5,1.5,5,0,60,
1955,17-Apr-26,21:19:40,1,1,300,286,0,0,7,7,5,0,300,
1956,17-Apr-26,21:19:46,1,1,300,286,0,0,7,7,5,0,300,
1956,17-Apr-26,21:19:46,2,1,300,286,0,0,7,7,5,0,300,
1956,17-Apr-26,21:19:46,3,1,300,286,0,0,7,7,5,0,300,
1957,17-Apr-26,21:28:39,1,1,500,476,0,0,12,12,5,0,500,
1958,17-Apr-26,21:44:06,1,2,75,143,0,0,3.5,3.5,5,0,150,
1958,17-Apr-26,21:44:06,2,1,60,57,0,0,1.5,1.5,5,0,60,
1958,17-Apr-26,21:44:06,3,1,150,143,0,0,3.5,3.5,5,0,150,
1958,17-Apr-26,21:44:06,4,3,30,86,0,0,2,2,5,0,90,
1959,17-Apr-26,21:47:04,1,1,50,48,0,0,1,1,5,0,50,
1960,17-Apr-26,21:49:58,1,3,60,171,0,0,4.5,4.5,5,0,180,
1961,17-Apr-26,21:51:53,1,1,300,286,0,0,7,7,5,0,300,
1961,17-Apr-26,21:51:53,2,2,60,114,0,0,3,3,5,0,120,
1962,17-Apr-26,21:55:50,1,2,60,114,0,0,3,3,5,0,120,
1963,17-Apr-26,21:58:25,1,2,450,857,0,0,21.5,21.5,5,0,900,
1963,17-Apr-26,21:58:25,2,1,200,190,0,0,5,5,5,0,200,
1964,17-Apr-26,22:02:07,1,1,250,238,0,0,6,6,5,0,250,
1965,17-Apr-26,22:05:10,1,1,350,333,0,0,8.5,8.5,5,0,350,
1966,18-Apr-26,11:23:11,1,1,100,95,0,0,2.5,2.5,5,0,100,CASH
1967,18-Apr-26,11:24:27,1,1,500,476,0,0,12,12,5,0,500,
1967,18-Apr-26,11:24:27,2,3,150,429,0,0,10.5,10.5,5,0,450,
1967,18-Apr-26,11:24:27,3,3,200,571,0,0,14.5,14.5,5,0,600,
1968,18-Apr-26,12:31:08,1,7,100,667,0,0,16.5,16.5,5,0,700,
1969,18-Apr-26,12:44:26,1,1,500,476,0,0,12,12,5,0,500,CASH
1974,18-Apr-26,16:09:29,1,1,320,305,0,0,7.5,7.5,5,0,320,
1975,18-Apr-26,16:11:09,1,2,250,476,0,0,12,12,5,0,500,
1975,18-Apr-26,16:11:09,2,1,200,190,0,0,5,5,5,0,200,
1975,18-Apr-26,16:11:09,3,2,70,133,0,0,3.5,3.5,5,0,140,
1975,18-Apr-26,16:11:09,4,3,150,429,0,0,10.5,10.5,5,0,450,
1976,18-Apr-26,18:19:27,1,1,150,143,0,0,3.5,3.5,5,0,150,
1977,18-Apr-26,18:30:48,1,1,300,286,0,0,7,7,5,0,300,
1977,18-Apr-26,18:30:48,2,1,100,95,0,0,2.5,2.5,5,0,100,
1977,18-Apr-26,18:30:48,3,1,100,95,0,0,2.5,2.5,5,0,100,
1977,18-Apr-26,18:30:48,4,1,100,95,0,0,2.5,2.5,5,0,100,
1977,18-Apr-26,18:30:48,5,1,100,95,0,0,2.5,2.5,5,0,100,
1977,18-Apr-26,18:30:48,6,1,100,95,0,0,2.5,2.5,5,0,100,
1977,18-Apr-26,18:30:48,7,1,100,95,0,0,2.5,2.5,5,0,100,
1978,18-Apr-26,18:37:59,1,1,400,381,0,0,9.5,9.5,5,0,400,
1978,18-Apr-26,18:37:59,2,1,300,286,0,0,7,7,5,0,300,
1979,18-Apr-26,19:01:45,1,1,250,238,0,0,6,6,5,0,250,
1979,18-Apr-26,19:01:45,2,1,100,95,0,0,2.5,2.5,5,0,100,
1980,18-Apr-26,19:09:09,1,1,400,381,0,0,9.5,9.5,5,0,400,
1980,18-Apr-26,19:09:09,2,1,200,190,0,0,5,5,5,0,200,
1980,18-Apr-26,19:09:09,3,1,450,429,0,0,10.5,10.5,5,0,450,
1981,18-Apr-26,19:15:35,1,2,100,190,0,0,5,5,5,0,200,
1982,18-Apr-26,20:08:00,1,1,400,381,0,0,9.5,9.5,5,0,400,CASH
1982,18-Apr-26,20:08:00,2,1,300,286,0,0,7,7,5,0,300,CASH
1982,18-Apr-26,20:08:00,3,1,150,143,0,0,3.5,3.5,5,0,150,CASH
1982,18-Apr-26,20:08:00,4,1,150,143,0,0,3.5,3.5,5,0,150,CASH
1983,18-Apr-26,20:21:58,1,1,150,143,0,0,3.5,3.5,5,0,150,
1984,18-Apr-26,20:26:23,1,1,150,143,0,0,3.5,3.5,5,0,150,
1984,18-Apr-26,20:26:23,2,1,150,143,0,0,3.5,3.5,5,0,150,
1984,18-Apr-26,20:26:23,3,1,100,95,0,0,2.5,2.5,5,0,100,
1984,18-Apr-26,20:26:23,4,1,350,333,0,0,8.5,8.5,5,0,350,
1985,18-Apr-26,20:27:58,1,1,120,114,0,0,3,3,5,0,120,
1986,18-Apr-26,20:49:27,1,3,500,1429,0,0,35.5,35.5,5,0,1500,
1986,18-Apr-26,20:49:27,2,4,250,952,0,0,24,24,5,0,1000,
1986,18-Apr-26,20:49:27,3,1,200,190,0,0,5,5,5,0,200,
1987,18-Apr-26,20:53:36,1,2,150,286,0,0,7,7,5,0,300,
1987,18-Apr-26,20:53:36,2,1,50,48,0,0,1,1,5,0,50,
1988,18-Apr-26,20:54:17,1,5,30,143,0,0,3.5,3.5,5,0,150,
1988,18-Apr-26,20:54:17,2,2,150,286,0,0,7,7,5,0,300,
1988,18-Apr-26,20:54:17,3,3,200,571,0,0,14.5,14.5,5,0,600,
1988,18-Apr-26,20:54:17,4,1,500,476,0,0,12,12,5,0,500,
1988,18-Apr-26,20:54:17,5,1,150,143,0,0,3.5,3.5,5,0,150,
1989,18-Apr-26,20:58:41,1,1,250,238,0,0,6,6,5,0,250,
1989,18-Apr-26,20:58:41,2,5,40,190,0,0,5,5,5,0,200,
1990,18-Apr-26,21:07:38,1,2,250,476,0,0,12,12,5,0,500,
1990,18-Apr-26,21:07:38,2,2,300,571,0,0,14.5,14.5,5,0,600,
1991,18-Apr-26,21:16:16,1,2,200,381,0,0,9.5,9.5,5,0,400,
1991,18-Apr-26,21:16:16,2,1,300,286,0,0,7,7,5,0,300,
1991,18-Apr-26,21:16:16,3,1,150,143,0,0,3.5,3.5,5,0,150,
1991,18-Apr-26,21:16:16,4,1,100,95,0,0,2.5,2.5,5,0,100,
1991,18-Apr-26,21:16:16,5,1,120,114,0,0,3,3,5,0,120,
1991,18-Apr-26,21:16:16,6,1,100,95,0,0,2.5,2.5,5,0,100,
3148,14-Jun-26,19:05:18,1,1,100,95,0,0,2.5,2.5,5,0,100,
3148,14-Jun-26,19:05:18,2,1,100,95,0,0,2.5,2.5,5,0,100,
3148,14-Jun-26,19:05:18,3,1,50,48,0,0,1,1,5,0,50,
3149,14-Jun-26,19:14:41,1,3,100,286,0,0,7,7,5,0,300,
3150,14-Jun-26,19:24:17,1,1,100,95,0,0,2.5,2.5,5,0,100,
3150,14-Jun-26,19:24:17,2,1,300,286,0,0,7,7,5,0,300,
3150,14-Jun-26,19:24:17,3,1,100,95,0,0,2.5,2.5,5,0,100,
3150,14-Jun-26,19:24:17,4,1,100,95,0,0,2.5,2.5,5,0,100,
3151,14-Jun-26,19:39:07,1,2,400,762,0,0,19,19,5,0,800,
3151,14-Jun-26,19:39:07,2,3,130,371,0,0,9.5,9.5,5,0,390,
3151,14-Jun-26,19:39:07,3,2,150,286,0,0,7,7,5,0,300,
3151,14-Jun-26,19:39:07,4,2,150,286,0,0,7,7,5,0,300,
3151,14-Jun-26,19:39:07,5,4,100,381,0,0,9.5,9.5,5,0,400,
3151,14-Jun-26,19:39:07,6,1,60,57,0,0,1.5,1.5,5,0,60,
3152,14-Jun-26,19:54:17,1,2,150,286,0,0,7,7,5,0,300,
3152,14-Jun-26,19:54:17,2,1,100,95,0,0,2.5,2.5,5,0,100,
3153,14-Jun-26,20:33:18,1,13,40,495,0,0,12.5,12.5,5,0,520,
2744,25-May-26,14:13:02,1,1,100,95,0,0,2.5,2.5,5,0,100,
2744,25-May-26,14:13:02,2,1,200,190,0,0,5,5,5,0,200,
2744,25-May-26,14:13:02,3,1,200,190,0,0,5,5,5,0,200,
2745,25-May-26,14:24:16,1,1,100,95,0,0,2.5,2.5,5,0,100,
2746,25-May-26,14:35:30,1,2,60,114,0,0,3,3,5,0,120,
2747,25-May-26,17:11:59,1,3,150,429,0,0,10.5,10.5,5,0,450,CASH
2748,25-May-26,17:13:09,1,1,250,238,0,0,6,6,5,0,250,
2749,25-May-26,17:58:17,1,1,250,238,0,0,6,6,5,0,250,
2749,25-May-26,17:58:17,2,1,250,238,0,0,6,6,5,0,250,
2749,25-May-26,17:58:17,3,1,150,143,0,0,3.5,3.5,5,0,150,
2749,25-May-26,17:58:17,4,1,150,143,0,0,3.5,3.5,5,0,150,
2750,25-May-26,17:58:52,1,1,200,190,0,0,5,5,5,0,200,
2751,25-May-26,19:38:51,1,2,120,229,0,0,5.5,5.5,5,0,240,
2752,25-May-26,19:53:07,1,3,150,429,0,0,10.5,10.5,5,0,450,
2752,25-May-26,19:53:07,2,1,250,238,0,0,6,6,5,0,250,
2753,25-May-26,20:07:35,1,5,30,143,0,0,3.5,3.5,5,0,150,
2754,25-May-26,20:30:15,1,1,100,95,0,0,2.5,2.5,5,0,100,
1991,18-Apr-26,21:16:16,7,1,150,143,0,0,3.5,3.5,5,0,150,
1991,18-Apr-26,21:16:16,8,1,30,29,0,0,0.5,0.5,5,0,30,
1992,18-Apr-26,21:36:12,1,1,20,19,0,0,0.5,0.5,5,0,20,
1993,18-Apr-26,21:38:51,1,1,40,38,0,0,1,1,5,0,40,
1994,19-Apr-26,11:38:03,1,1,300,286,0,0,7,7,5,0,300,CASH
1995,19-Apr-26,11:50:12,1,1,500,476,0,0,12,12,5,0,500,
1995,19-Apr-26,11:50:12,2,1,200,190,0,0,5,5,5,0,200,
1996,19-Apr-26,13:05:06,1,2,350,667,0,0,16.5,16.5,5,0,700,
1997,19-Apr-26,15:40:42,1,1,100,95,0,0,2.5,2.5,5,0,100,
1998,19-Apr-26,15:41:02,1,1,400,381,0,0,9.5,9.5,5,0,400,
1999,19-Apr-26,16:50:34,1,1,500,476,0,0,12,12,5,0,500,
2000,19-Apr-26,17:38:31,1,1,100,95,0,0,2.5,2.5,5,0,100,
2000,19-Apr-26,17:38:31,2,1,100,95,0,0,2.5,2.5,5,0,100,
2001,19-Apr-26,17:58:05,1,1,150,143,0,0,3.5,3.5,5,0,150,
2002,19-Apr-26,18:04:31,1,1,150,143,0,0,3.5,3.5,5,0,150,
2003,19-Apr-26,18:45:45,1,1,150,143,0,0,3.5,3.5,5,0,150,
2004,19-Apr-26,18:50:10,1,7,250,1667,0,0,41.5,41.5,5,0,1750,
4306,30-Jul-26,21:29:20,1,2,200,381,0,0,9.5,9.5,5,0,400,
4306,30-Jul-26,21:29:20,2,2,300,571,0,0,14.5,14.5,5,0,600,
4307,31-Jul-26,11:33:14,1,1,400,381,0,0,9.5,9.5,5,0,400,CASH
4308,31-Jul-26,11:34:19,1,2,150,286,0,0,7,7,5,0,300,
4309,31-Jul-26,12:30:54,1,2,200,381,0,0,9.5,9.5,5,0,400,
4310,31-Jul-26,13:06:49,1,2,150,286,0,0,7,7,5,0,300,
4311,31-Jul-26,13:12:43,1,1,150,143,0,0,3.5,3.5,5,0,150,
4312,31-Jul-26,15:44:30,1,2,250,476,0,0,12,12,5,0,500,CASH
4313,31-Jul-26,16:57:01,1,2,650,1238,0,0,31,31,5,0,1300,
4314,31-Jul-26,17:12:11,1,1,600,571,0,0,14.5,14.5,5,0,600,
4315,31-Jul-26,19:26:35,1,2,350,667,0,0,16.5,16.5,5,0,700,
4315,31-Jul-26,19:26:35,2,1,300,286,0,0,7,7,5,0,300,
4315,31-Jul-26,19:26:35,3,1,100,95,0,0,2.5,2.5,5,0,100,
4316,31-Jul-26,19:27:50,1,1,600,571,0,0,14.5,14.5,5,0,600,
4317,31-Jul-26,20:19:07,1,1,200,190,0,0,5,5,5,0,200,
4318,31-Jul-26,20:41:04,1,1,60,57,0,0,1.5,1.5,5,0,60,
4319,01-Aug-26,12:12:57,1,1,500,476,0,0,12,12,5,0,500,CASH
2394,08-May-26,20:04:12,1,1,60,57,0,0,1.5,1.5,5,0,60,
2394,08-May-26,20:04:12,2,1,150,143,0,0,3.5,3.5,5,0,150,
2395,08-May-26,20:05:21,1,1,100,95,0,0,2.5,2.5,5,0,100,
2396,08-May-26,20:27:04,1,1,20,19,0,0,0.5,0.5,5,0,20,
2397,08-May-26,20:29:59,1,1,300,286,0,0,7,7,5,0,300,
2398,08-May-26,20:49:58,1,2,250,476,0,0,12,12,5,0,500,
2398,08-May-26,20:49:58,2,1,150,143,0,0,3.5,3.5,5,0,150,
2398,08-May-26,20:49:58,3,1,100,95,0,0,2.5,2.5,5,0,100,
2399,08-May-26,21:13:44,1,2,250,476,0,0,12,12,5,0,500,
2399,08-May-26,21:13:44,2,2,400,762,0,0,19,19,5,0,800,
2400,08-May-26,21:25:18,1,2,60,114,0,0,3,3,5,0,120,
2400,08-May-26,21:25:18,2,1,150,143,0,0,3.5,3.5,5,0,150,
2401,08-May-26,21:31:01,1,2,25,48,0,0,1,1,5,0,50,
2402,08-May-26,21:32:39,1,1,220,210,0,0,5,5,5,0,220,
2403,08-May-26,21:50:30,1,1,200,190,0,0,5,5,5,0,200,
2404,08-May-26,22:05:19,1,2,60,114,0,0,3,3,5,0,120,
2404,08-May-26,22:05:19,2,1,100,95,0,0,2.5,2.5,5,0,100,
2754,25-May-26,20:30:15,2,1,200,190,0,0,5,5,5,0,200,
2755,25-May-26,21:01:11,1,5,250,1190,0,0,30,30,5,0,1250,
2755,25-May-26,21:01:11,2,1,300,286,0,0,7,7,5,0,300,
2756,25-May-26,21:20:43,1,3,300,857,0,0,21.5,21.5,5,0,900,
2756,25-May-26,21:20:43,2,1,350,333,0,0,8.5,8.5,5,0,350,
2756,25-May-26,21:20:43,3,1,500,476,0,0,12,12,5,0,500,
2757,25-May-26,21:22:04,1,2,150,286,0,0,7,7,5,0,300,
2758,25-May-26,21:56:46,1,3,80,229,0,0,5.5,5.5,5,0,240,
2758,25-May-26,21:56:46,2,2,100,190,0,0,5,5,5,0,200,
2758,25-May-26,21:56:46,3,1,60,57,0,0,1.5,1.5,5,0,60,
2758,25-May-26,21:56:46,4,2,25,48,0,0,1,1,5,0,50,
2759,25-May-26,22:02:47,1,1,20,19,0,0,0.5,0.5,5,0,20,
2760,25-May-26,22:21:59,1,1,70,67,0,0,1.5,1.5,5,0,70,
2761,25-May-26,22:22:35,1,1,200,190,0,0,5,5,5,0,200,
2762,26-May-26,11:39:56,1,1,100,95,0,0,2.5,2.5,5,0,100,CASH
2762,26-May-26,11:39:56,2,1,150,143,0,0,3.5,3.5,5,0,150,CASH
2763,26-May-26,13:05:48,1,3,100,286,0,0,7,7,5,0,300,
2404,08-May-26,22:05:19,3,1,150,143,0,0,3.5,3.5,5,0,150,
2405,08-May-26,22:36:41,1,4,300,1143,0,0,28.5,28.5,5,0,1200,
2406,08-May-26,22:47:56,1,1,200,190,0,0,5,5,5,0,200,
2407,08-May-26,22:52:45,1,1,150,143,0,0,3.5,3.5,5,0,150,
2408,09-May-26,11:02:38,1,1,100,95,0,0,2.5,2.5,5,0,100,
2408,09-May-26,11:02:38,2,1,500,476,0,0,12,12,5,0,500,
2409,09-May-26,12:32:48,1,1,200,190,0,0,5,5,5,0,200,
2410,09-May-26,14:07:19,1,8,20,152,0,0,4,4,5,0,160,
2410,09-May-26,14:07:19,2,1,90,86,0,0,2,2,5,0,90,
2411,09-May-26,14:29:46,1,2,250,476,0,0,12,12,5,0,500,
2412,09-May-26,16:28:08,1,2,500,952,0,0,24,24,5,0,1000,
2412,09-May-26,16:28:08,2,1,250,238,0,0,6,6,5,0,250,
2413,09-May-26,16:46:10,1,2,150,286,0,0,7,7,5,0,300,
2414,09-May-26,17:49:53,1,4,25,95,0,0,2.5,2.5,5,0,100,
2415,09-May-26,18:05:39,1,1,450,429,0,0,10.5,10.5,5,0,450,
2416,09-May-26,18:40:30,1,2,150,286,0,0,7,7,5,0,300,
2416,09-May-26,18:40:30,2,3,120,343,0,0,8.5,8.5,5,0,360,
2023,20-Apr-26,20:09:06,1,1,150,143,0,0,3.5,3.5,5,0,150,
2024,20-Apr-26,20:20:40,1,1,500,476,0,0,12,12,5,0,500,
2024,20-Apr-26,20:20:40,2,1,20,19,0,0,0.5,0.5,5,0,20,
2024,20-Apr-26,20:20:40,3,2,120,229,0,0,5.5,5.5,5,0,240,
2025,20-Apr-26,20:22:55,1,1,200,190,0,0,5,5,5,0,200,
2026,20-Apr-26,20:55:21,1,2,450,857,0,0,21.5,21.5,5,0,900,
2026,20-Apr-26,20:55:21,2,4,500,1905,0,0,47.5,47.5,5,0,2000,
2027,20-Apr-26,21:00:01,1,1,150,143,0,0,3.5,3.5,5,0,150,
2028,20-Apr-26,21:35:02,1,1,200,190,0,0,5,5,5,0,200,CASH
2028,20-Apr-26,21:35:02,2,1,150,143,0,0,3.5,3.5,5,0,150,CASH
2029,20-Apr-26,21:37:11,1,1,300,286,0,0,7,7,5,0,300,
2029,20-Apr-26,21:37:11,2,1,150,143,0,0,3.5,3.5,5,0,150,
2030,20-Apr-26,22:08:51,1,2,100,190,0,0,5,5,5,0,200,
2031,20-Apr-26,22:11:52,1,2,100,190,0,0,5,5,5,0,200,
2031,20-Apr-26,22:11:52,2,1,300,286,0,0,7,7,5,0,300,
2032,20-Apr-26,22:25:54,1,1,100,95,0,0,2.5,2.5,5,0,100,
2033,21-Apr-26,11:46:10,1,1,300,286,0,0,7,7,5,0,300,CASH
2416,09-May-26,18:40:30,3,1,100,95,0,0,2.5,2.5,5,0,100,
2416,09-May-26,18:40:30,4,2,30,57,0,0,1.5,1.5,5,0,60,
2416,09-May-26,18:40:30,5,1,40,38,0,0,1,1,5,0,40,
2416,09-May-26,18:40:30,6,1,60,57,0,0,1.5,1.5,5,0,60,
2416,09-May-26,18:40:30,7,2,100,190,0,0,5,5,5,0,200,
2416,09-May-26,18:40:30,8,1,70,67,0,0,1.5,1.5,5,0,70,
2417,09-May-26,19:10:04,1,4,250,952,0,0,24,24,5,0,1000,
2417,09-May-26,19:10:04,2,1,100,95,0,0,2.5,2.5,5,0,100,
2417,09-May-26,19:10:04,3,1,100,95,0,0,2.5,2.5,5,0,100,
2417,09-May-26,19:10:04,4,1,50,48,0,0,1,1,5,0,50,
2418,09-May-26,19:16:07,1,2,300,571,0,0,14.5,14.5,5,0,600,
2418,09-May-26,19:16:07,2,2,250,476,0,0,12,12,5,0,500,
2419,09-May-26,19:36:00,1,2,250,476,0,0,12,12,5,0,500,
2419,09-May-26,19:36:00,2,1,100,95,0,0,2.5,2.5,5,0,0,
2419,09-May-26,19:36:00,3,1,100,95,0,0,2.5,2.5,5,0,100,
2419,09-May-26,19:36:00,4,2,150,286,0,0,7,7,5,0,300,
2420,09-May-26,19:38:56,1,1,50,48,0,0,1,1,5,0,50,
2420,09-May-26,19:38:56,2,1,100,95,0,0,2.5,2.5,5,0,100,
2420,09-May-26,19:38:56,3,1,100,95,0,0,2.5,2.5,5,0,100,
2421,09-May-26,20:04:43,1,5,250,1190,0,0,30,30,5,0,1250,
2421,09-May-26,20:04:43,2,1,150,143,0,0,3.5,3.5,5,0,150,
2422,09-May-26,20:33:02,1,1,150,143,0,0,3.5,3.5,5,0,150,
2422,09-May-26,20:33:02,2,1,100,95,0,0,2.5,2.5,5,0,100,
2422,09-May-26,20:33:02,3,1,100,95,0,0,2.5,2.5,5,0,100,
2423,09-May-26,20:36:03,1,1,150,143,0,0,3.5,3.5,5,0,150,
2423,09-May-26,20:36:03,2,1,100,95,0,0,2.5,2.5,5,0,100,
2424,09-May-26,20:44:19,1,1,150,143,0,0,3.5,3.5,5,0,150,
2425,09-May-26,20:54:33,1,1,150,143,0,0,3.5,3.5,5,0,150,
2425,09-May-26,20:54:33,2,1,250,238,0,0,6,6,5,0,250,
2426,09-May-26,20:55:24,1,1,250,238,0,0,6,6,5,0,250,
2426,09-May-26,20:55:24,2,1,200,190,0,0,5,5,5,0,200,
2426,09-May-26,20:55:24,3,1,50,48,0,0,1,1,5,0,50,
2427,09-May-26,21:23:37,1,1,150,143,0,0,3.5,3.5,5,0,150,
2427,09-May-26,21:23:37,2,1,250,238,0,0,6,6,5,0,250,
2050,22-Apr-26,18:09:52,3,1,80,76,0,0,2,2,5,0,80,
2050,22-Apr-26,18:09:52,4,1,60,57,0,0,1.5,1.5,5,0,60,
2051,22-Apr-26,20:22:38,1,1,450,429,0,0,10.5,10.5,5,0,450,
2051,22-Apr-26,20:22:38,2,1,500,476,0,0,12,12,5,0,500,
2052,22-Apr-26,21:42:01,1,1,200,190,0,0,5,5,5,0,200,
2052,22-Apr-26,21:42:01,2,1,250,238,0,0,6,6,5,0,250,
2053,22-Apr-26,21:45:42,1,1,250,238,0,0,6,6,5,0,250,
2054,23-Apr-26,12:48:53,1,2,150,286,0,0,7,7,5,0,300,
2054,23-Apr-26,12:48:53,2,2,100,190,0,0,5,5,5,0,200,
2055,23-Apr-26,12:49:29,1,3,250,714,0,0,18,18,5,0,750,
2056,23-Apr-26,13:11:10,1,1,150,143,0,0,3.5,3.5,5,0,150,
2056,23-Apr-26,13:11:10,2,2,120,229,0,0,5.5,5.5,5,0,240,
2056,23-Apr-26,13:11:10,3,1,20,19,0,0,0.5,0.5,5,0,20,
2056,23-Apr-26,13:11:10,4,1,650,619,0,0,15.5,15.5,5,0,650,
2057,23-Apr-26,16:04:55,1,1,250,238,0,0,6,6,5,0,250,
2057,23-Apr-26,16:04:55,2,1,150,143,0,0,3.5,3.5,5,0,150,
2058,23-Apr-26,17:42:01,1,1,150,143,0,0,3.5,3.5,5,0,150,
2058,23-Apr-26,17:42:01,2,1,200,190,0,0,5,5,5,0,200,
2059,23-Apr-26,18:13:27,1,1,150,143,0,0,3.5,3.5,5,0,150,
2060,23-Apr-26,18:15:55,1,5,20,95,0,0,2.5,2.5,5,0,100,
2060,23-Apr-26,18:15:55,2,1,150,143,0,0,3.5,3.5,5,0,150,
2061,23-Apr-26,18:16:11,1,1,300,286,0,0,7,7,5,0,300,
2062,23-Apr-26,18:28:08,1,1,300,286,0,0,7,7,5,0,300,
2063,23-Apr-26,18:28:16,1,1,1200,1143,0,0,28.5,28.5,5,0,1200,
2063,23-Apr-26,18:28:16,2,1,250,238,0,0,6,6,5,0,250,
2064,23-Apr-26,18:44:05,1,2,250,476,0,0,12,12,5,0,500,
2065,23-Apr-26,18:49:21,1,1,200,190,0,0,5,5,5,0,200,
2066,23-Apr-26,19:05:29,1,4,60,229,0,0,5.5,5.5,5,0,240,
2067,23-Apr-26,19:24:17,1,1,150,143,0,0,3.5,3.5,5,0,150,
2068,23-Apr-26,19:29:11,1,5,60,286,0,0,7,7,5,0,300,
2068,23-Apr-26,19:29:11,2,2,150,286,0,0,7,7,5,0,300,
2068,23-Apr-26,19:29:11,3,1,100,95,0,0,2.5,2.5,5,0,100,
2068,23-Apr-26,19:29:11,4,1,150,143,0,0,3.5,3.5,5,0,150,
2068,23-Apr-26,19:29:11,5,1,350,333,0,0,8.5,8.5,5,0,350,
2428,09-May-26,21:25:01,1,1,400,381,0,0,9.5,9.5,5,0,400,
2428,09-May-26,21:25:01,2,1,100,95,0,0,2.5,2.5,5,0,100,
2429,09-May-26,21:39:26,1,1,300,286,0,0,7,7,5,0,300,
2429,09-May-26,21:39:26,2,1,350,333,0,0,8.5,8.5,5,0,350,
2429,09-May-26,21:39:26,3,1,220,210,0,0,5,5,5,0,220,
2430,09-May-26,21:59:58,1,3,30,86,0,0,2,2,5,0,90,CASH
2431,09-May-26,22:07:52,1,1,100,95,0,0,2.5,2.5,5,0,100,
2432,09-May-26,22:32:21,1,1,60,57,0,0,1.5,1.5,5,0,60,
2433,10-May-26,11:27:13,1,1,300,286,0,0,7,7,5,0,300,
2434,10-May-26,12:17:00,1,1,400,381,0,0,9.5,9.5,5,0,400,CASH
2434,10-May-26,12:17:00,2,1,350,333,0,0,8.5,8.5,5,0,350,CASH
2435,10-May-26,13:20:57,1,1,150,143,0,0,3.5,3.5,5,0,150,
2435,10-May-26,13:20:57,2,1,150,143,0,0,3.5,3.5,5,0,150,
2435,10-May-26,13:20:57,3,1,100,95,0,0,2.5,2.5,5,0,100,
2436,10-May-26,14:03:29,1,2,250,476,0,0,12,12,5,0,500,
2437,10-May-26,14:03:35,1,1,100,95,0,0,2.5,2.5,5,0,100,
2438,10-May-26,14:23:58,1,2,100,190,0,0,5,5,5,0,200,
2763,26-May-26,13:05:48,2,6,130,743,0,0,18.5,18.5,5,0,780,
2764,26-May-26,13:07:46,1,3,100,286,0,0,7,7,5,0,300,
2765,26-May-26,13:12:40,1,3,40,114,0,0,3,3,5,0,120,
2765,26-May-26,13:12:40,2,2,100,190,0,0,5,5,5,0,200,
2766,26-May-26,14:09:39,1,6,150,857,0,0,21.5,21.5,5,0,900,
2767,26-May-26,14:20:30,1,2,150,286,0,0,7,7,5,0,300,
2768,26-May-26,15:08:33,1,1,180,171,0,0,4.5,4.5,5,0,180,
2768,26-May-26,15:08:33,2,1,150,143,0,0,3.5,3.5,5,0,150,
2768,26-May-26,15:08:33,3,1,120,114,0,0,3,3,5,0,120,
2769,26-May-26,15:09:19,1,2,250,476,0,0,12,12,5,0,500,
2770,26-May-26,15:37:19,1,8,100,762,0,0,19,19,5,0,800,
2771,26-May-26,15:41:08,1,1,650,619,0,0,15.5,15.5,5,0,650,
2772,26-May-26,15:41:17,1,2,120,229,0,0,5.5,5.5,5,0,240,
2772,26-May-26,15:41:17,2,2,150,286,0,0,7,7,5,0,300,
2773,26-May-26,16:11:53,1,1,100,95,0,0,2.5,2.5,5,0,100,
2773,26-May-26,16:11:53,2,1,60,57,0,0,1.5,1.5,5,0,60,
2774,26-May-26,19:47:13,1,1,300,286,0,0,7,7,5,0,300,
4096,20-Jul-26,22:00:02,1,1,350,333,0,0,8.5,8.5,5,0,350,
4096,20-Jul-26,22:00:02,2,1,250,238,0,0,6,6,5,0,250,
4097,20-Jul-26,22:11:10,1,1,250,238,0,0,6,6,5,0,250,
4098,20-Jul-26,22:29:16,1,1,300,286,0,0,7,7,5,0,300,
4099,20-Jul-26,22:47:09,1,5,30,143,0,0,3.5,3.5,5,0,150,
4099,20-Jul-26,22:47:09,2,1,80,76,0,0,2,2,5,0,80,
4100,21-Jul-26,12:19:43,1,1,350,333,0,0,8.5,8.5,5,0,350,
4100,21-Jul-26,12:19:43,2,1,350,333,0,0,8.5,8.5,5,0,350,
4100,21-Jul-26,12:19:43,3,1,200,190,0,0,5,5,5,0,200,
4101,21-Jul-26,13:06:16,1,3,250,714,0,0,18,18,5,0,750,CASH
4101,21-Jul-26,13:06:16,2,2,200,381,0,0,9.5,9.5,5,0,400,CASH
4101,21-Jul-26,13:06:16,3,2,120,229,0,0,5.5,5.5,5,0,240,CASH
4101,21-Jul-26,12:55:28,1,1,100,95,0,0,2.5,2.5,5,0,100,CASH
4102,21-Jul-26,15:38:05,1,1,100,95,0,0,2.5,2.5,5,0,100,
4103,21-Jul-26,17:34:37,1,1,100,95,0,0,2.5,2.5,5,0,100,CASH
4104,21-Jul-26,18:18:21,1,1,150,143,0,0,3.5,3.5,5,0,150,
4105,21-Jul-26,18:19:09,1,2,100,190,0,0,5,5,5,0,200,
2068,23-Apr-26,19:29:11,6,1,300,286,0,0,7,7,5,0,300,
2068,23-Apr-26,19:29:11,7,1,250,238,0,0,6,6,5,0,250,
2069,23-Apr-26,19:36:18,1,1,150,143,0,0,3.5,3.5,5,0,150,
2070,23-Apr-26,19:36:41,1,2,250,476,0,0,12,12,5,0,500,
2070,23-Apr-26,19:36:41,2,2,150,286,0,0,7,7,5,0,300,
2070,23-Apr-26,19:36:41,3,1,130,124,0,0,3,3,5,0,130,
2071,23-Apr-26,19:42:55,1,1,500,476,0,0,12,12,5,0,500,
2071,23-Apr-26,19:42:55,2,1,150,143,0,0,3.5,3.5,5,0,150,
2072,23-Apr-26,19:46:14,1,2,150,286,0,0,7,7,5,0,300,
2072,23-Apr-26,19:46:14,2,2,80,152,0,0,4,4,5,0,160,
2072,23-Apr-26,19:46:14,3,6,60,343,0,0,8.5,8.5,5,0,360,
2072,23-Apr-26,19:46:14,4,1,60,57,0,0,1.5,1.5,5,0,60,
2073,23-Apr-26,20:12:31,1,2,250,476,0,0,12,12,5,0,500,
2073,23-Apr-26,20:12:31,2,1,200,190,0,0,5,5,5,0,200,
2074,23-Apr-26,20:16:23,1,1,50,48,0,0,1,1,5,0,50,
2074,23-Apr-26,20:16:23,2,3,100,286,0,0,7,7,5,0,300,
2074,23-Apr-26,20:16:23,3,1,100,95,0,0,2.5,2.5,5,0,100,
2075,23-Apr-26,20:50:36,1,2,60,114,0,0,3,3,5,0,120,
2076,23-Apr-26,20:53:23,1,1,450,429,0,0,10.5,10.5,5,0,450,
2077,23-Apr-26,20:56:26,1,1,140,133,0,0,3.5,3.5,5,0,140,
2078,23-Apr-26,21:04:31,1,2,250,476,0,0,12,12,5,0,500,
2078,23-Apr-26,21:04:31,2,1,100,95,0,0,2.5,2.5,5,0,100,
2078,23-Apr-26,21:04:31,3,1,150,143,0,0,3.5,3.5,5,0,150,
2079,23-Apr-26,22:10:53,1,1,150,143,0,0,3.5,3.5,5,0,150,
2079,23-Apr-26,22:10:53,2,1,30,29,0,0,0.5,0.5,5,0,30,
2079,23-Apr-26,22:10:53,3,1,50,48,0,0,1,1,5,0,50,
2080,23-Apr-26,22:15:43,1,3,150,429,0,0,10.5,10.5,5,0,450,
2080,23-Apr-26,22:15:43,2,1,100,95,0,0,2.5,2.5,5,0,100,
2081,23-Apr-26,22:25:46,1,2,150,286,0,0,7,7,5,0,300,
2082,23-Apr-26,22:28:40,1,3,100,286,0,0,7,7,5,0,300,
2082,23-Apr-26,22:28:40,2,1,200,190,0,0,5,5,5,0,200,
2083,23-Apr-26,22:29:56,1,1,200,190,0,0,5,5,5,0,200,
2083,23-Apr-26,22:29:56,2,1,150,143,0,0,3.5,3.5,5,0,150,
2084,23-Apr-26,22:31:08,1,2,500,952,0,0,24,24,5,0,1000,
3172,15-Jun-26,20:59:53,6,1,200,190,0,0,5,5,5,0,200,
3172,15-Jun-26,20:59:53,7,3,100,286,0,0,7,7,5,0,300,
3172,15-Jun-26,20:59:53,8,3,40,114,0,0,3,3,5,0,120,
3172,15-Jun-26,20:59:53,9,2,200,381,0,0,9.5,9.5,5,0,400,
3172,15-Jun-26,20:59:53,10,2,250,476,0,0,12,12,5,0,500,
3172,15-Jun-26,20:59:53,11,1,450,429,0,0,10.5,10.5,5,0,450,
3173,15-Jun-26,21:10:36,1,1,120,114,0,0,3,3,5,0,120,
3174,15-Jun-26,21:46:17,1,2,250,476,0,0,12,12,5,0,500,
3174,15-Jun-26,21:46:17,2,1,150,143,0,0,3.5,3.5,5,0,150,
3174,15-Jun-26,21:46:17,3,1,250,238,0,0,6,6,5,0,250,
3174,15-Jun-26,21:46:17,4,1,100,95,0,0,2.5,2.5,5,0,100,
3175,15-Jun-26,21:58:39,1,400,1,381,0,0,9.5,9.5,5,0,400,
3175,15-Jun-26,21:58:39,2,1,500,476,0,0,12,12,5,0,500,
3176,16-Jun-26,11:46:24,1,1,200,190,0,0,5,5,5,0,200,CASH
3177,16-Jun-26,15:08:44,1,5,150,714,0,0,18,18,5,0,750,
3178,16-Jun-26,15:28:46,1,1,350,333,0,0,8.5,8.5,5,0,350,
3179,16-Jun-26,17:11:19,1,4,650,2476,0,0,62,62,5,0,2600,
2084,23-Apr-26,22:31:08,2,1,150,143,0,0,3.5,3.5,5,0,150,
2085,24-Apr-26,12:18:06,1,1,300,286,0,0,7,7,5,0,300,
2085,24-Apr-26,12:18:06,2,1,100,95,0,0,2.5,2.5,5,0,100,
2086,24-Apr-26,12:19:51,1,6,100,571,0,0,14.5,14.5,5,0,600,
2086,24-Apr-26,12:19:51,2,1,150,143,0,0,3.5,3.5,5,0,150,
2086,24-Apr-26,12:19:51,3,2,350,667,0,0,16.5,16.5,5,0,700,
2086,24-Apr-26,12:19:51,4,1,250,238,0,0,6,6,5,0,250,
2086,24-Apr-26,12:19:51,5,1,150,143,0,0,3.5,3.5,5,0,150,
2086,24-Apr-26,12:19:51,6,1,200,190,0,0,5,5,5,0,200,
2087,24-Apr-26,13:03:39,1,1,250,238,0,0,6,6,5,0,250,
2088,24-Apr-26,13:42:26,1,1,250,238,0,0,6,6,5,0,250,
2088,24-Apr-26,13:42:26,2,1,200,190,0,0,5,5,5,0,200,
2089,24-Apr-26,13:43:20,1,2,250,476,0,0,12,12,5,0,500,
2089,24-Apr-26,13:43:20,2,2,350,667,0,0,16.5,16.5,5,0,700,
2089,24-Apr-26,13:43:20,3,1,200,190,0,0,5,5,5,0,200,
2089,24-Apr-26,13:43:20,4,1,150,143,0,0,3.5,3.5,5,0,150,
2090,24-Apr-26,14:34:48,1,1,250,238,0,0,6,6,5,0,250,
2126,26-Apr-26,13:07:46,1,1,450,429,0,0,10.5,10.5,5,0,450,
2126,26-Apr-26,13:07:46,2,3,500,1429,0,0,35.5,35.5,5,0,1500,
2126,26-Apr-26,13:07:46,3,2,350,667,0,0,16.5,16.5,5,0,700,
2126,26-Apr-26,13:07:46,4,1,100,95,0,0,2.5,2.5,5,0,100,
2126,26-Apr-26,13:07:46,5,1,150,143,0,0,3.5,3.5,5,0,150,
2126,26-Apr-26,13:07:46,6,1,250,238,0,0,6,6,5,0,250,
2126,26-Apr-26,13:07:46,7,1,300,286,0,0,7,7,5,0,300,
2126,26-Apr-26,13:07:46,8,1,200,190,0,0,5,5,5,0,200,
2126,26-Apr-26,13:07:46,9,1,250,238,0,0,6,6,5,0,250,
2126,26-Apr-26,13:07:46,10,1,500,476,0,0,12,12,5,0,500,
2126,26-Apr-26,13:07:46,11,1,250,238,0,0,6,6,5,0,250,
2127,26-Apr-26,13:20:47,1,2,100,190,0,0,5,5,5,0,200,
2127,26-Apr-26,13:20:47,2,1,150,143,0,0,3.5,3.5,5,0,150,
2128,26-Apr-26,14:36:59,1,1,200,190,0,0,5,5,5,0,200,
2129,26-Apr-26,14:40:17,1,2,160,305,0,0,7.5,7.5,5,0,320,
2130,26-Apr-26,15:39:25,1,1,400,381,0,0,9.5,9.5,5,0,400,
2130,26-Apr-26,15:39:25,2,1,100,95,0,0,2.5,2.5,5,0,100,
2108,25-Apr-26,16:52:45,3,2,250,476,0,0,12,12,5,0,500,
2108,25-Apr-26,16:52:45,4,1,200,190,0,0,5,5,5,0,200,
2109,25-Apr-26,18:21:04,1,1,150,143,0,0,3.5,3.5,5,0,150,
2109,25-Apr-26,18:21:04,2,1,100,95,0,0,2.5,2.5,5,0,100,
2110,25-Apr-26,18:38:14,1,1,50,48,0,0,1,1,5,0,50,
2111,25-Apr-26,18:58:12,1,1,100,95,0,0,2.5,2.5,5,0,100,
2112,25-Apr-26,19:09:59,1,1,150,143,0,0,3.5,3.5,5,0,150,
2113,25-Apr-26,19:38:43,1,1,250,238,0,0,6,6,5,0,250,
2114,25-Apr-26,20:03:44,1,5,150,714,0,0,18,18,5,0,750,
2114,25-Apr-26,20:03:44,2,1,60,57,0,0,1.5,1.5,5,0,60,
2114,25-Apr-26,20:03:44,3,1,40,38,0,0,1,1,5,0,40,
2114,25-Apr-26,20:03:44,4,1,100,95,0,0,2.5,2.5,5,0,100,
2114,25-Apr-26,20:03:44,5,1,100,95,0,0,2.5,2.5,5,0,100,
2115,25-Apr-26,20:11:51,1,2,100,190,0,0,5,5,5,0,200,
2115,25-Apr-26,20:11:51,2,1,150,143,0,0,3.5,3.5,5,0,150,
2115,25-Apr-26,20:11:51,3,1,250,238,0,0,6,6,5,0,250,
2115,25-Apr-26,20:11:51,4,2,250,476,0,0,12,12,5,0,500,
2116,25-Apr-26,20:57:53,1,1,350,333,0,0,8.5,8.5,5,0,350,
2116,25-Apr-26,20:57:53,2,1,150,143,0,0,3.5,3.5,5,0,150,
2117,25-Apr-26,21:00:35,1,1,600,571,0,0,14.5,14.5,5,0,600,
2118,25-Apr-26,21:05:25,1,1,500,476,0,0,12,12,5,0,500,
2119,25-Apr-26,21:23:13,1,1,200,190,0,0,5,5,5,0,200,
2120,25-Apr-26,21:23:23,1,1,200,190,0,0,5,5,5,0,200,
2120,25-Apr-26,21:23:23,2,1,450,429,0,0,10.5,10.5,5,0,450,
2120,25-Apr-26,21:23:23,3,3,500,1429,0,0,35.5,35.5,5,0,1500,
2121,25-Apr-26,22:09:51,1,1,500,476,0,0,12,12,5,0,500,
2122,25-Apr-26,22:10:33,1,2,300,571,0,0,14.5,14.5,5,0,600,
2122,25-Apr-26,22:10:33,2,1,250,238,0,0,6,6,5,0,250,
2122,25-Apr-26,22:10:33,3,3,250,714,0,0,18,18,5,0,750,
2122,25-Apr-26,22:10:33,4,1,150,143,0,0,3.5,3.5,5,0,150,
2122,25-Apr-26,22:10:33,5,1,50,48,0,0,1,1,5,0,50,
2123,25-Apr-26,22:20:25,1,1,50,48,0,0,1,1,5,0,50,
2124,25-Apr-26,22:20:30,1,1,100,95,0,0,2.5,2.5,5,0,100,
2125,25-Apr-26,22:35:17,1,1,250,238,0,0,6,6,5,0,250,
2135,26-Apr-26,17:42:47,1,1,150,143,0,0,3.5,3.5,5,0,150,
2135,26-Apr-26,17:42:47,2,1,250,238,0,0,6,6,5,0,250,
2135,26-Apr-26,17:42:47,3,2,75,143,0,0,3.5,3.5,5,0,150,
2135,26-Apr-26,17:42:47,4,2,90,171,0,0,4.5,4.5,5,0,180,
2135,26-Apr-26,17:42:47,5,1,500,476,0,0,12,12,5,0,500,
2136,26-Apr-26,17:51:19,1,1,200,190,0,0,5,5,5,0,200,
2137,26-Apr-26,18:05:40,1,1,250,238,0,0,6,6,5,0,250,
2137,26-Apr-26,18:05:40,2,1,100,95,0,0,2.5,2.5,5,0,100,
2137,26-Apr-26,18:05:40,3,2,150,286,0,0,7,7,5,0,300,
2137,26-Apr-26,18:05:40,4,2,160,305,0,0,7.5,7.5,5,0,320,
2137,26-Apr-26,18:05:40,5,1,160,152,0,0,4,4,5,0,160,
2138,26-Apr-26,18:24:26,1,1,300,286,0,0,7,7,5,0,300,
2139,26-Apr-26,18:28:13,1,1,100,95,0,0,2.5,2.5,5,0,100,
2140,26-Apr-26,18:29:52,1,1,200,190,0,0,5,5,5,0,200,
2141,26-Apr-26,19:11:11,1,4,40,152,0,0,4,4,5,0,160,
2141,26-Apr-26,19:11:11,2,2,150,286,0,0,7,7,5,0,300,
2141,26-Apr-26,19:11:11,3,1,60,57,0,0,1.5,1.5,5,0,60,
3987,16-Jul-26,20:55:13,2,1,550,524,0,0,13,13,5,0,550,
3987,16-Jul-26,20:55:13,3,1,650,619,0,0,15.5,15.5,5,0,650,
3987,16-Jul-26,20:55:13,4,1,100,95,0,0,2.5,2.5,5,0,100,
3987,16-Jul-26,20:55:13,5,1,500,476,0,0,12,12,5,0,500,
3987,16-Jul-26,20:55:13,6,1,250,238,0,0,6,6,5,0,250,
3988,16-Jul-26,20:59:27,1,1,100,95,0,0,2.5,2.5,5,0,100,
3989,16-Jul-26,21:00:07,1,5,60,286,0,0,7,7,5,0,300,
3989,16-Jul-26,21:00:07,2,2,200,381,0,0,9.5,9.5,5,0,400,
3990,16-Jul-26,21:09:57,1,1,150,143,0,0,3.5,3.5,5,0,150,
3990,16-Jul-26,21:09:57,2,1,200,190,0,0,5,5,5,0,200,
3991,16-Jul-26,21:12:45,1,1,150,143,0,0,3.5,3.5,5,0,150,
3992,16-Jul-26,21:12:55,1,2,60,114,0,0,3,3,5,0,120,
3992,16-Jul-26,21:12:55,2,1,80,76,0,0,2,2,5,0,80,
3993,16-Jul-26,21:17:33,1,1,150,143,0,0,3.5,3.5,5,0,150,
3994,16-Jul-26,21:23:37,1,1,60,57,0,0,1.5,1.5,5,0,60,
3994,16-Jul-26,21:23:37,2,1,150,143,0,0,3.5,3.5,5,0,150,
3994,16-Jul-26,21:23:37,3,2,100,190,0,0,5,5,5,0,200,
3180,16-Jun-26,17:51:12,1,1,500,476,0,0,12,12,5,0,500,
3181,16-Jun-26,18:00:19,1,1,100,95,0,0,2.5,2.5,5,0,100,
3181,16-Jun-26,18:00:19,2,1,250,238,0,0,6,6,5,0,250,
3182,16-Jun-26,18:00:30,1,1,350,333,0,0,8.5,8.5,5,0,350,
3182,16-Jun-26,18:00:30,2,1,80,76,0,0,2,2,5,0,80,
3182,16-Jun-26,18:00:30,3,6,100,571,0,0,14.5,14.5,5,0,600,
3182,16-Jun-26,18:00:30,4,1,40,38,0,0,1,1,5,0,40,
3183,16-Jun-26,18:08:50,1,1,100,95,0,0,2.5,2.5,5,0,100,
3184,16-Jun-26,18:14:45,1,1,150,143,0,0,3.5,3.5,5,0,150,
3185,16-Jun-26,18:15:43,1,1,300,286,0,0,7,7,5,0,300,
3186,16-Jun-26,18:55:19,1,3,200,571,0,0,14.5,14.5,5,0,600,
3187,16-Jun-26,20:20:18,1,2,300,571,0,0,14.5,14.5,5,0,600,
3188,17-Jun-26,11:28:32,1,1,150,143,0,0,3.5,3.5,5,0,150,CASH
3189,17-Jun-26,11:28:52,1,1,400,381,0,0,9.5,9.5,5,0,400,
3189,17-Jun-26,11:28:52,2,1,250,238,0,0,6,6,5,0,250,
3190,17-Jun-26,12:27:34,1,1,200,190,0,0,5,5,5,0,200,
3190,17-Jun-26,12:27:34,2,2,150,286,0,0,7,7,5,0,300,
2141,26-Apr-26,19:11:11,4,3,100,286,0,0,7,7,5,0,300,
2141,26-Apr-26,19:11:11,5,2,400,762,0,0,19,19,5,0,800,
2142,26-Apr-26,19:23:26,1,1,350,333,0,0,8.5,8.5,5,0,350,
2143,26-Apr-26,19:39:50,1,1,250,238,0,0,6,6,5,0,250,
2144,26-Apr-26,19:40:42,1,1,460,438,0,0,11,11,5,0,460,
2144,26-Apr-26,19:40:42,2,1,320,305,0,0,7.5,7.5,5,0,320,
2144,26-Apr-26,19:40:42,3,2,250,476,0,0,12,12,5,0,500,
2144,26-Apr-26,19:40:42,4,1,60,57,0,0,1.5,1.5,5,0,60,
2145,26-Apr-26,19:47:38,1,1,300,286,0,0,7,7,5,0,300,
2146,26-Apr-26,19:54:31,1,1,100,95,0,0,2.5,2.5,5,0,100,
2146,26-Apr-26,19:54:31,2,1,200,190,0,0,5,5,5,0,200,
2147,26-Apr-26,20:26:49,1,1,60,57,0,0,1.5,1.5,5,0,60,
2148,26-Apr-26,20:40:45,1,1,100,95,0,0,2.5,2.5,5,0,100,
2148,26-Apr-26,20:40:45,2,2,70,133,0,0,3.5,3.5,5,0,140,
2148,26-Apr-26,20:40:45,3,1,150,143,0,0,3.5,3.5,5,0,150,
2148,26-Apr-26,20:40:45,4,10,60,571,0,0,14.5,14.5,5,0,600,
2149,26-Apr-26,20:42:25,1,2,500,952,0,0,24,24,5,0,1000,
2792,27-May-26,19:27:26,2,1,100,95,0,0,2.5,2.5,5,0,100,
2792,27-May-26,19:27:26,3,1,100,95,0,0,2.5,2.5,5,0,100,
2792,27-May-26,19:27:26,4,1,40,38,0,0,1,1,5,0,40,
2793,27-May-26,19:27:53,1,1,550,524,0,0,13,13,5,0,550,
2793,27-May-26,19:27:53,2,1,450,429,0,0,10.5,10.5,5,0,450,
2793,27-May-26,19:27:53,3,1,20,19,0,0,0.5,0.5,5,0,20,
2793,27-May-26,19:27:53,4,1,50,48,0,0,1,1,5,0,50,
2794,27-May-26,20:06:11,1,1,500,476,0,0,12,12,5,0,500,
2794,27-May-26,20:06:11,2,1,500,476,0,0,12,12,5,0,500,
2795,27-May-26,20:06:50,1,1,500,476,0,0,12,12,5,0,500,
2795,27-May-26,20:06:50,2,1,200,190,0,0,5,5,5,0,200,
2796,27-May-26,20:16:13,1,1,450,429,0,0,10.5,10.5,5,0,450,
2796,27-May-26,20:16:13,2,1,100,95,0,0,2.5,2.5,5,0,100,
2797,27-May-26,20:18:14,1,1,250,238,0,0,6,6,5,0,250,
2798,27-May-26,20:19:43,1,1,400,381,0,0,9.5,9.5,5,0,400,
2798,27-May-26,20:19:43,2,1,100,95,0,0,2.5,2.5,5,0,100,
2799,27-May-26,20:32:57,1,2,100,190,0,0,5,5,5,0,200,
2149,26-Apr-26,20:42:25,2,2,250,476,0,0,12,12,5,0,500,
2149,26-Apr-26,20:42:25,3,2,100,190,0,0,5,5,5,0,200,
2150,26-Apr-26,20:52:24,1,3,300,857,0,0,21.5,21.5,5,0,900,
2150,26-Apr-26,20:52:24,2,1,200,190,0,0,5,5,5,0,200,
2150,26-Apr-26,20:52:24,3,2,250,476,0,0,12,12,5,0,500,
2151,26-Apr-26,21:18:43,1,2,50,95,0,0,2.5,2.5,5,0,100,
2151,26-Apr-26,21:18:43,2,1,80,76,0,0,2,2,5,0,80,
2151,26-Apr-26,21:18:43,3,1,90,86,0,0,2,2,5,0,90,
2151,26-Apr-26,21:18:43,4,1,150,143,0,0,3.5,3.5,5,0,150,
2151,26-Apr-26,21:18:43,5,1,150,143,0,0,3.5,3.5,5,0,150,
2151,26-Apr-26,21:18:43,6,1,60,57,0,0,1.5,1.5,5,0,60,
2151,26-Apr-26,21:18:43,7,1,600,571,0,0,14.5,14.5,5,0,600,
2152,26-Apr-26,21:25:38,1,2,250,476,0,0,12,12,5,0,500,
2152,26-Apr-26,21:25:38,2,1,90,86,0,0,2,2,5,0,90,
2153,26-Apr-26,21:40:53,1,1,500,476,0,0,12,12,5,0,500,
2154,26-Apr-26,21:45:23,1,1,150,143,0,0,3.5,3.5,5,0,150,
2154,26-Apr-26,21:45:23,2,1,250,238,0,0,6,6,5,0,250,
2154,26-Apr-26,21:45:23,3,1,300,286,0,0,7,7,5,0,300,
2154,26-Apr-26,21:45:23,4,1,50,48,0,0,1,1,5,0,50,
2155,26-Apr-26,21:59:06,1,1,300,286,0,0,7,7,5,0,300,
2156,26-Apr-26,22:00:33,1,1,200,190,0,0,5,5,5,0,200,
2157,26-Apr-26,22:10:47,1,1,430,410,0,0,10,10,5,0,430,
2158,27-Apr-26,12:36:09,1,1,400,381,0,0,9.5,9.5,5,0,400,
2158,27-Apr-26,12:36:09,2,1,150,143,0,0,3.5,3.5,5,0,150,
2159,27-Apr-26,14:52:54,1,3,200,571,0,0,14.5,14.5,5,0,600,
2159,27-Apr-26,14:52:54,2,4,150,571,0,0,14.5,14.5,5,0,600,
2159,27-Apr-26,14:52:54,3,1,30,29,0,0,0.5,0.5,5,0,30,
2159,27-Apr-26,14:52:54,4,5,60,286,0,0,7,7,5,0,300,
2160,27-Apr-26,15:10:18,1,1,60,57,0,0,1.5,1.5,5,0,60,
2161,27-Apr-26,16:20:28,1,1,70,67,0,0,1.5,1.5,5,0,70,
2161,27-Apr-26,16:20:28,2,1,70,67,0,0,1.5,1.5,5,0,70,
2161,27-Apr-26,16:20:28,3,1,40,38,0,0,1,1,5,0,40,
2161,27-Apr-26,16:20:28,4,1,40,38,0,0,1,1,5,0,40,
2161,27-Apr-26,16:20:28,5,1,40,38,0,0,1,1,5,0,40,
2475,11-May-26,18:14:34,1,2,220,419,0,0,10.5,10.5,5,0,440,
2476,11-May-26,19:07:35,1,1,120,114,0,0,3,3,5,0,120,
2477,11-May-26,19:20:33,1,1,150,143,0,0,3.5,3.5,5,0,150,CASH
2478,11-May-26,19:27:52,1,4,150,571,0,0,14.5,14.5,5,0,600,
2479,11-May-26,19:28:48,1,1,150,143,0,0,3.5,3.5,5,0,150,
2480,11-May-26,19:37:00,1,2,500,952,0,0,24,24,5,0,1000,CASH
2481,11-May-26,19:50:14,1,1,200,190,0,0,5,5,5,0,200,
2482,11-May-26,19:56:59,1,1,350,333,0,0,8.5,8.5,5,0,350,
2483,11-May-26,20:16:49,1,7,100,667,0,0,16.5,16.5,5,0,700,
2483,11-May-26,20:16:49,2,3,150,429,0,0,10.5,10.5,5,0,450,
2483,11-May-26,20:16:49,3,1,70,67,0,0,1.5,1.5,5,0,70,
2483,11-May-26,20:16:49,4,1,100,95,0,0,2.5,2.5,5,0,100,
2484,11-May-26,20:17:20,1,2,400,762,0,0,19,19,5,0,800,
2484,11-May-26,20:17:20,2,1,200,190,0,0,5,5,5,0,200,
2485,11-May-26,20:19:15,1,1,300,286,0,0,7,7,5,0,300,
2486,11-May-26,21:42:23,1,2,150,286,0,0,7,7,5,0,300,
2487,11-May-26,21:55:59,1,2,70,133,0,0,3.5,3.5,5,0,140,
4342,01-Aug-26,20:13:02,1,1,200,190,0,0,5,5,5,0,200,
4342,01-Aug-26,20:13:02,2,1,150,143,0,0,3.5,3.5,5,0,150,
4343,01-Aug-26,20:13:18,1,2,120,229,0,0,5.5,5.5,5,0,240,
4343,01-Aug-26,20:13:18,2,1,550,524,0,0,13,13,5,0,550,
4344,01-Aug-26,20:22:23,1,1,200,190,0,0,5,5,5,0,200,
4344,01-Aug-26,20:22:23,2,1,150,143,0,0,3.5,3.5,5,0,150,
4345,01-Aug-26,20:27:19,1,14,120,1600,0,0,40,40,5,0,1680,
4346,01-Aug-26,20:29:27,1,9,60,514,0,0,13,13,5,0,540,
4346,01-Aug-26,20:29:27,2,3,150,429,0,0,10.5,10.5,5,0,450,
4346,01-Aug-26,20:29:27,3,1,250,238,0,0,6,6,5,0,250,
4346,01-Aug-26,20:29:27,4,1,300,286,0,0,7,7,5,0,300,
4346,01-Aug-26,20:29:27,5,1,30,29,0,0,0.5,0.5,5,0,30,
4347,01-Aug-26,21:51:32,1,1,650,619,0,0,15.5,15.5,5,0,650,
4347,01-Aug-26,21:51:32,2,1,600,571,0,0,14.5,14.5,5,0,600,
4348,01-Aug-26,22:13:35,1,1,250,238,0,0,6,6,5,0,250,
4349,01-Aug-26,22:13:50,1,2,150,286,0,0,7,7,5,0,300,
4350,01-Aug-26,22:14:26,1,1,200,190,0,0,5,5,5,0,200,
2800,27-May-26,21:12:12,1,2,100,190,0,0,5,5,5,0,200,
2801,27-May-26,21:45:58,1,1,400,381,0,0,9.5,9.5,5,0,400,
2801,27-May-26,21:45:58,2,1,100,95,0,0,2.5,2.5,5,0,100,
2802,27-May-26,22:03:36,1,2,250,476,0,0,12,12,5,0,500,
2803,27-May-26,22:04:25,1,1,200,190,0,0,5,5,5,0,200,
2803,27-May-26,22:04:25,2,3,20,57,0,0,1.5,1.5,5,0,60,
2803,27-May-26,22:04:25,3,1,100,95,0,0,2.5,2.5,5,0,100,
2803,27-May-26,22:04:25,4,1,140,133,0,0,3.5,3.5,5,0,140,
2804,27-May-26,22:08:52,1,1,100,95,0,0,2.5,2.5,5,0,100,
2805,28-May-26,11:23:49,1,1,20,19,0,0,0.5,0.5,5,0,20,
2806,28-May-26,11:37:21,1,1,40,38,0,0,1,1,5,0,40,
2806,28-May-26,11:37:21,2,1,80,76,0,0,2,2,5,0,80,
2807,28-May-26,14:05:10,1,1,300,286,0,0,7,7,5,0,300,
2807,28-May-26,14:05:10,2,2,60,114,0,0,3,3,5,0,120,
2807,28-May-26,14:05:10,3,1,100,95,0,0,2.5,2.5,5,0,100,
2807,28-May-26,14:05:10,4,2,240,457,0,0,11.5,11.5,5,0,480,
2807,28-May-26,14:05:10,5,2,150,286,0,0,7,7,5,0,300,
4003,17-Jul-26,18:21:22,2,2,250,476,0,0,12,12,5,0,500,
4003,17-Jul-26,18:21:22,3,1,100,95,0,0,2.5,2.5,5,0,100,
4004,17-Jul-26,18:26:29,1,2,350,667,0,0,16.5,16.5,5,0,700,
4004,17-Jul-26,18:26:29,2,1,400,381,0,0,9.5,9.5,5,0,400,
4004,17-Jul-26,18:26:29,3,1,250,238,0,0,6,6,5,0,250,
4004,17-Jul-26,18:26:29,4,1,250,238,0,0,6,6,5,0,250,
4005,17-Jul-26,19:42:58,1,3,200,571,0,0,14.5,14.5,5,0,600,
4005,17-Jul-26,19:42:58,2,2,100,190,0,0,5,5,5,0,200,
4005,17-Jul-26,19:42:58,3,1,340,324,0,0,8,8,5,0,340,
4006,17-Jul-26,19:47:12,1,2,130,248,0,0,6,6,5,0,260,
4007,17-Jul-26,21:00:12,1,1,250,238,0,0,6,6,5,0,250,
4008,17-Jul-26,21:01:03,1,2,250,476,0,0,12,12,5,0,500,
4008,17-Jul-26,21:01:03,2,1,300,286,0,0,7,7,5,0,300,
4009,17-Jul-26,21:10:36,1,1,120,114,0,0,3,3,5,0,120,
4010,17-Jul-26,22:11:00,1,1,350,333,0,0,8.5,8.5,5,0,350,
4010,17-Jul-26,22:11:00,2,1,200,190,0,0,5,5,5,0,200,
4011,17-Jul-26,22:11:31,1,2,130,248,0,0,6,6,5,0,260,
2169,27-Apr-26,19:54:57,1,1,300,286,0,0,7,7,5,0,300,
2170,27-Apr-26,20:36:54,1,1,150,143,0,0,3.5,3.5,5,0,150,
2171,27-Apr-26,20:37:46,1,1,300,286,0,0,7,7,5,0,300,
2171,27-Apr-26,20:37:46,2,1,300,286,0,0,7,7,5,0,300,
2172,27-Apr-26,20:42:44,1,4,350,1333,0,0,33.5,33.5,5,0,1400,
2172,27-Apr-26,20:42:44,2,1,150,143,0,0,3.5,3.5,5,0,150,
2172,27-Apr-26,20:42:44,3,1,200,190,0,0,5,5,5,0,200,
2172,27-Apr-26,20:42:44,4,2,300,571,0,0,14.5,14.5,5,0,600,
2172,27-Apr-26,20:42:44,5,2,300,571,0,0,14.5,14.5,5,0,600,
2172,27-Apr-26,20:42:44,6,1,200,190,0,0,5,5,5,0,200,
2172,27-Apr-26,20:42:44,7,1,120,114,0,0,3,3,5,0,120,
2172,27-Apr-26,20:42:44,8,2,50,95,0,0,2.5,2.5,5,0,100,
2172,27-Apr-26,20:42:44,9,3,70,200,0,0,5,5,5,0,210,
2173,27-Apr-26,20:50:46,1,1,200,190,0,0,5,5,5,0,200,
2173,27-Apr-26,20:50:46,2,1,100,95,0,0,2.5,2.5,5,0,100,
2174,27-Apr-26,20:56:11,1,1,300,286,0,0,7,7,5,0,300,
2174,27-Apr-26,20:56:11,2,1,500,476,0,0,12,12,5,0,500,
2174,27-Apr-26,20:56:11,3,1,300,286,0,0,7,7,5,0,300,
2174,27-Apr-26,20:56:11,4,1,50,48,0,0,1,1,5,0,50,
2174,27-Apr-26,20:56:11,5,2,150,286,0,0,7,7,5,0,300,
2175,27-Apr-26,21:00:54,1,1,300,286,0,0,7,7,5,0,300,
2176,27-Apr-26,21:01:11,1,1,60,57,0,0,1.5,1.5,5,0,60,
2177,27-Apr-26,21:21:52,1,1,100,95,0,0,2.5,2.5,5,0,100,
2177,27-Apr-26,21:21:52,2,1,40,38,0,0,1,1,5,0,40,
2178,27-Apr-26,21:29:41,1,1,250,238,0,0,6,6,5,0,250,
2178,27-Apr-26,21:29:41,2,1,250,238,0,0,6,6,5,0,250,
2179,27-Apr-26,21:51:57,1,1,50,48,0,0,1,1,5,0,50,
2180,27-Apr-26,22:01:41,1,1,300,286,0,0,7,7,5,0,300,
2181,27-Apr-26,22:01:50,1,1,150,143,0,0,3.5,3.5,5,0,150,
2182,27-Apr-26,22:12:21,1,2,150,286,0,0,7,7,5,0,300,
2182,27-Apr-26,22:12:21,2,1,200,190,0,0,5,5,5,0,200,
2183,27-Apr-26,22:15:08,1,1,250,238,0,0,6,6,5,0,250,
2183,27-Apr-26,22:15:08,2,2,200,381,0,0,9.5,9.5,5,0,400,
2183,27-Apr-26,22:15:08,3,3,150,429,0,0,10.5,10.5,5,0,450,
2807,28-May-26,14:05:10,6,3,40,114,0,0,3,3,5,0,120,
2807,28-May-26,14:05:10,7,1,120,114,0,0,3,3,5,0,120,
2808,28-May-26,15:08:27,1,1,300,286,0,0,7,7,5,0,300,
2808,28-May-26,15:08:27,2,2,300,571,0,0,14.5,14.5,5,0,600,
2808,28-May-26,15:08:27,3,1,250,238,0,0,6,6,5,0,250,
2808,28-May-26,15:08:27,4,2,150,286,0,0,7,7,5,0,300,
2808,28-May-26,15:08:27,5,1,100,95,0,0,2.5,2.5,5,0,100,
2808,28-May-26,15:08:27,6,2,250,476,0,0,12,12,5,0,500,
2808,28-May-26,15:08:27,7,1,100,95,0,0,2.5,2.5,5,0,100,
2808,28-May-26,15:08:27,8,1,300,286,0,0,7,7,5,0,300,
2809,28-May-26,15:46:36,1,1,500,476,0,0,12,12,5,0,500,
2810,28-May-26,16:28:43,1,1,100,95,0,0,2.5,2.5,5,0,100,
2811,28-May-26,16:34:42,1,1,500,476,0,0,12,12,5,0,500,
2811,28-May-26,16:34:42,2,1,500,476,0,0,12,12,5,0,500,
2812,28-May-26,19:57:18,1,1,500,476,0,0,12,12,5,0,500,
2813,29-May-26,11:46:09,1,1,200,190,0,0,5,5,5,0,200,
2814,29-May-26,11:46:16,1,1,200,190,0,0,5,5,5,0,200,
2183,27-Apr-26,22:15:08,4,2,100,190,0,0,5,5,5,0,200,
2184,27-Apr-26,22:22:49,1,1,300,286,0,0,7,7,5,0,300,
2184,27-Apr-26,22:22:49,2,1,300,286,0,0,7,7,5,0,300,
2185,27-Apr-26,22:25:27,1,1,150,143,0,0,3.5,3.5,5,0,150,
2186,28-Apr-26,12:33:11,1,1,100,95,0,0,2.5,2.5,5,0,100,
2187,28-Apr-26,12:51:21,1,1,200,190,0,0,5,5,5,0,200,
2187,28-Apr-26,12:51:21,2,1,200,190,0,0,5,5,5,0,200,
2187,28-Apr-26,12:51:21,3,1,200,190,0,0,5,5,5,0,200,
2187,28-Apr-26,12:51:21,4,1,60,57,0,0,1.5,1.5,5,0,60,
2188,28-Apr-26,12:58:23,1,1,100,95,0,0,2.5,2.5,5,0,100,
2189,28-Apr-26,14:02:56,1,1,120,114,0,0,3,3,5,0,120,
2190,28-Apr-26,14:43:17,1,1,250,238,0,0,6,6,5,0,250,
2191,28-Apr-26,17:22:47,1,1,100,95,0,0,2.5,2.5,5,0,100,
2191,28-Apr-26,17:22:47,2,1,100,95,0,0,2.5,2.5,5,0,100,
2191,28-Apr-26,17:22:47,3,1,100,95,0,0,2.5,2.5,5,0,100,
2191,28-Apr-26,17:22:47,4,1,200,190,0,0,5,5,5,0,200,
2191,28-Apr-26,17:22:47,5,1,200,190,0,0,5,5,5,0,200,
2494,12-May-26,16:00:22,1,18,25,429,0,0,10.5,10.5,5,0,450,
2495,12-May-26,16:01:09,1,8,25,190,0,0,5,5,5,0,200,
2496,12-May-26,17:06:22,1,1,250,238,0,0,6,6,5,0,250,
2496,12-May-26,17:06:22,2,3,130,371,0,0,9.5,9.5,5,0,390,
2497,12-May-26,17:44:50,1,3,60,171,0,0,4.5,4.5,5,0,180,
2498,12-May-26,18:34:33,1,1,70,67,0,0,1.5,1.5,5,0,70,
2499,12-May-26,19:24:22,1,2,60,114,0,0,3,3,5,0,120,
2500,12-May-26,19:37:57,1,4,250,952,0,0,24,24,5,0,1000,CASH
2501,12-May-26,19:38:38,1,1,250,238,0,0,6,6,5,0,250,
2502,12-May-26,20:19:52,1,1,150,143,0,0,3.5,3.5,5,0,150,CASH
2502,12-May-26,20:19:52,2,1,150,143,0,0,3.5,3.5,5,0,150,CASH
2502,12-May-26,20:19:52,3,1,150,143,0,0,3.5,3.5,5,0,150,CASH
2502,12-May-26,20:19:52,4,1,100,95,0,0,2.5,2.5,5,0,100,CASH
2503,12-May-26,20:20:14,1,3,150,429,0,0,10.5,10.5,5,0,450,
2504,12-May-26,20:21:44,1,1,150,143,0,0,3.5,3.5,5,0,150,
2505,12-May-26,20:21:57,1,1,150,143,0,0,3.5,3.5,5,0,150,
2506,12-May-26,20:33:35,1,1,350,333,0,0,8.5,8.5,5,0,350,
2197,28-Apr-26,19:10:26,1,2,250,476,0,0,12,12,5,0,500,
2198,28-Apr-26,19:30:08,1,1,250,238,0,0,6,6,5,0,250,
2198,28-Apr-26,19:30:08,2,1,250,238,0,0,6,6,5,0,250,
2198,28-Apr-26,19:30:08,3,1,250,238,0,0,6,6,5,0,250,
2198,28-Apr-26,19:30:08,4,1,250,238,0,0,6,6,5,0,250,
2198,28-Apr-26,19:30:08,5,1,100,95,0,0,2.5,2.5,5,0,100,
2198,28-Apr-26,19:30:08,6,1,500,476,0,0,12,12,5,0,500,
2199,28-Apr-26,19:35:40,1,6,40,229,0,0,5.5,5.5,5,0,240,
2200,28-Apr-26,20:02:01,1,1,250,238,0,0,6,6,5,0,250,
2201,28-Apr-26,20:12:02,1,1,150,143,0,0,3.5,3.5,5,0,150,
2202,28-Apr-26,20:16:57,1,4,100,381,0,0,9.5,9.5,5,0,400,
2202,28-Apr-26,20:16:57,2,10,40,381,0,0,9.5,9.5,5,0,400,
2203,28-Apr-26,20:38:05,1,1,300,286,0,0,7,7,5,0,300,
2204,28-Apr-26,20:49:56,1,1,150,143,0,0,3.5,3.5,5,0,150,
2205,28-Apr-26,20:50:06,1,2,100,190,0,0,5,5,5,0,200,
2205,28-Apr-26,20:50:06,2,2,150,286,0,0,7,7,5,0,300,
2205,28-Apr-26,20:50:06,3,1,100,95,0,0,2.5,2.5,5,0,100,
2206,28-Apr-26,20:51:19,1,1,500,476,0,0,12,12,5,0,500,
2206,28-Apr-26,20:51:19,2,1,300,286,0,0,7,7,5,0,300,
2206,28-Apr-26,20:51:19,3,1,100,95,0,0,2.5,2.5,5,0,100,
2207,28-Apr-26,20:55:18,1,1,100,95,0,0,2.5,2.5,5,0,100,
2207,28-Apr-26,20:55:18,2,3,300,857,0,0,21.5,21.5,5,0,900,
2207,28-Apr-26,20:55:18,3,2,500,952,0,0,24,24,5,0,1000,
2207,28-Apr-26,20:55:18,4,2,250,476,0,0,12,12,5,0,500,
2208,28-Apr-26,21:10:44,1,1,600,571,0,0,14.5,14.5,5,0,600,
2208,28-Apr-26,21:10:44,2,2,50,95,0,0,2.5,2.5,5,0,100,
2209,28-Apr-26,21:29:30,1,1,250,238,0,0,6,6,5,0,250,
2209,28-Apr-26,21:29:30,2,1,300,286,0,0,7,7,5,0,300,
2209,28-Apr-26,21:29:30,3,1,60,57,0,0,1.5,1.5,5,0,60,
2209,28-Apr-26,21:29:30,4,1,50,48,0,0,1,1,5,0,50,
2210,28-Apr-26,21:49:37,1,1,150,143,0,0,3.5,3.5,5,0,150,
2210,28-Apr-26,21:49:37,2,2,150,286,0,0,7,7,5,0,300,
2210,28-Apr-26,21:49:37,3,1,200,190,0,0,5,5,5,0,200,
2210,28-Apr-26,21:49:37,4,1,400,381,0,0,9.5,9.5,5,0,400,
2218,29-Apr-26,16:24:03,1,1,100,95,0,0,2.5,2.5,5,0,100,
2219,29-Apr-26,16:26:18,1,1,500,476,0,0,12,12,5,0,500,
2220,29-Apr-26,16:55:19,1,2,150,286,0,0,7,7,5,0,300,
2220,29-Apr-26,16:55:19,2,1,300,286,0,0,7,7,5,0,300,
2221,29-Apr-26,17:02:24,1,4,150,571,0,0,14.5,14.5,5,0,600,
2221,29-Apr-26,17:02:24,2,1,100,95,0,0,2.5,2.5,5,0,100,
2221,29-Apr-26,17:02:24,3,2,100,190,0,0,5,5,5,0,200,
2222,29-Apr-26,18:57:19,1,1,400,381,0,0,9.5,9.5,5,0,400,CASH
2223,29-Apr-26,20:08:29,1,5,120,571,0,0,14.5,14.5,5,0,600,
2223,29-Apr-26,20:08:29,2,4,40,152,0,0,4,4,5,0,160,
2223,29-Apr-26,20:08:29,3,1,500,476,0,0,12,12,5,0,500,
2224,29-Apr-26,20:44:07,1,1,120,114,0,0,3,3,5,0,120,
2225,29-Apr-26,20:44:32,1,1,200,190,0,0,5,5,5,0,200,
2226,30-Apr-26,12:55:13,1,1,100,95,0,0,2.5,2.5,5,0,100,
2227,30-Apr-26,14:14:12,1,1,250,238,0,0,6,6,5,0,250,
2228,30-Apr-26,18:59:17,1,1,400,381,0,0,9.5,9.5,5,0,400,
2228,30-Apr-26,18:59:17,2,1,300,286,0,0,7,7,5,0,300,
4021,18-Jul-26,18:47:29,1,1,150,143,0,0,3.5,3.5,5,0,150,
4022,18-Jul-26,19:35:51,1,1,350,333,0,0,8.5,8.5,5,0,350,
4022,18-Jul-26,19:35:51,2,1,300,286,0,0,7,7,5,0,300,
4023,18-Jul-26,19:40:05,1,1,100,95,0,0,2.5,2.5,5,0,100,
4023,18-Jul-26,19:40:05,2,1,200,190,0,0,5,5,5,0,200,
4023,18-Jul-26,19:40:05,3,1,250,238,0,0,6,6,5,0,250,
4023,18-Jul-26,19:40:05,4,1,150,143,0,0,3.5,3.5,5,0,150,
4024,18-Jul-26,19:49:24,1,1,100,95,0,0,2.5,2.5,5,0,100,CASH
4024,18-Jul-26,19:49:24,2,3,150,429,0,0,10.5,10.5,5,0,450,CASH
4025,18-Jul-26,20:10:48,1,2,150,286,0,0,7,7,5,0,300,
4025,18-Jul-26,20:10:48,2,1,200,190,0,0,5,5,5,0,200,
4025,18-Jul-26,20:10:48,3,1,100,95,0,0,2.5,2.5,5,0,100,
4026,18-Jul-26,20:15:33,1,1,300,286,0,0,7,7,5,0,300,
4027,18-Jul-26,20:47:32,1,2,250,476,0,0,12,12,5,0,500,
4028,18-Jul-26,21:08:06,1,1,600,571,0,0,14.5,14.5,5,0,600,CASH
4029,18-Jul-26,21:08:24,1,3,150,429,0,0,10.5,10.5,5,0,450,
4029,18-Jul-26,21:08:24,2,1,550,524,0,0,13,13,5,0,550,
2516,13-May-26,19:18:54,1,1,150,143,0,0,3.5,3.5,5,0,150,
2516,13-May-26,19:18:54,2,1,100,95,0,0,2.5,2.5,5,0,100,
2516,13-May-26,19:18:54,3,1,100,95,0,0,2.5,2.5,5,0,100,
2517,13-May-26,19:40:18,1,1,300,286,0,0,7,7,5,0,300,CASH
2517,13-May-26,19:40:18,2,1,500,476,0,0,12,12,5,0,500,CASH
2518,13-May-26,19:42:16,1,1,300,286,0,0,7,7,5,0,300,
2518,13-May-26,19:42:16,2,1,250,238,0,0,6,6,5,0,250,
2518,13-May-26,19:42:16,3,1,200,190,0,0,5,5,5,0,200,
2518,13-May-26,19:42:16,4,1,120,114,0,0,3,3,5,0,120,
2519,13-May-26,20:25:40,1,1,250,238,0,0,6,6,5,0,250,
2520,13-May-26,20:26:17,1,1,500,476,0,0,12,12,5,0,500,
2520,13-May-26,20:26:17,2,3,100,286,0,0,7,7,5,0,300,
2520,13-May-26,20:26:17,3,1,80,76,0,0,2,2,5,0,80,
2521,13-May-26,20:44:53,1,2,40,76,0,0,2,2,5,0,80,
2521,13-May-26,20:44:53,2,1,120,114,0,0,3,3,5,0,120,
2522,13-May-26,21:15:07,1,1,60,57,0,0,1.5,1.5,5,0,60,
2523,13-May-26,21:17:17,1,1,300,286,0,0,7,7,5,0,300,
2830,30-May-26,12:17:09,7,1,20,19,0,0,0.5,0.5,5,0,20,
2830,30-May-26,12:17:09,8,1,150,143,0,0,3.5,3.5,5,0,150,
2830,30-May-26,12:17:09,9,1,130,124,0,0,3,3,5,0,130,
2830,30-May-26,12:17:09,10,1,120,114,0,0,3,3,5,0,120,
2830,30-May-26,12:17:09,11,5,130,619,0,0,15.5,15.5,5,0,650,
2830,30-May-26,12:17:09,12,1,100,95,0,0,2.5,2.5,5,0,100,
2830,30-May-26,12:17:09,13,1,350,333,0,0,8.5,8.5,5,0,350,
2830,30-May-26,12:17:09,14,1,300,286,0,0,7,7,5,0,300,
2830,30-May-26,12:17:09,15,1,200,190,0,0,5,5,5,0,200,
2830,30-May-26,12:17:09,16,2,20,38,0,0,1,1,5,0,40,
2831,30-May-26,14:43:10,1,1,80,76,0,0,2,2,5,0,80,
2831,30-May-26,14:43:10,2,2,100,190,0,0,5,5,5,0,200,
2831,30-May-26,14:43:10,3,1,120,114,0,0,3,3,5,0,120,
2832,30-May-26,14:51:57,1,1,100,95,0,0,2.5,2.5,5,0,100,
2832,30-May-26,14:51:57,2,1,150,143,0,0,3.5,3.5,5,0,150,
2832,30-May-26,14:51:57,3,1,60,57,0,0,1.5,1.5,5,0,60,
2833,30-May-26,15:12:30,1,1,130,124,0,0,3,3,5,0,130,
4370,02-Aug-26,19:09:21,3,1,250,238,0,0,6,6,5,0,250,
4370,02-Aug-26,19:09:21,4,3,150,429,0,0,10.5,10.5,5,0,450,
4370,02-Aug-26,19:09:21,5,1,200,190,0,0,5,5,5,0,200,
4371,02-Aug-26,19:12:50,1,1,250,238,0,0,6,6,5,0,250,
4372,02-Aug-26,19:13:52,1,1,100,95,0,0,2.5,2.5,5,0,100,
4373,02-Aug-26,19:20:19,1,2,150,286,0,0,7,7,5,0,300,
4374,02-Aug-26,19:34:58,1,1,150,143,0,0,3.5,3.5,5,0,150,
4375,02-Aug-26,19:36:14,1,2,400,762,0,0,19,19,5,0,800,
4375,02-Aug-26,19:36:14,2,1,250,238,0,0,6,6,5,0,250,
4376,02-Aug-26,19:40:41,1,2,200,381,0,0,9.5,9.5,5,0,400,
4376,02-Aug-26,19:40:41,2,1,400,381,0,0,9.5,9.5,5,0,400,
4377,02-Aug-26,19:42:48,1,1,150,143,0,0,3.5,3.5,5,0,150,
4378,02-Aug-26,20:10:42,1,2,500,952,0,0,24,24,5,0,1000,
4378,02-Aug-26,20:10:42,2,1,340,324,0,0,8,8,5,0,340,
4378,02-Aug-26,20:10:42,3,1,200,190,0,0,5,5,5,0,200,
4378,02-Aug-26,20:10:42,4,1,150,143,0,0,3.5,3.5,5,0,150,
4379,02-Aug-26,20:57:19,1,2,60,114,0,0,3,3,5,0,120,
2229,30-Apr-26,19:05:07,1,1,350,333,0,0,8.5,8.5,5,0,350,
2229,30-Apr-26,19:05:07,2,1,150,143,0,0,3.5,3.5,5,0,150,
2230,30-Apr-26,19:34:42,1,1,150,143,0,0,3.5,3.5,5,0,150,
2231,30-Apr-26,19:39:46,1,5,150,714,0,0,18,18,5,0,750,
2232,01-May-26,13:23:05,1,3,200,571,0,0,14.5,14.5,5,0,600,
2233,01-May-26,13:23:55,1,2,150,286,0,0,7,7,5,0,300,
2234,01-May-26,13:49:49,1,1,150,143,0,0,3.5,3.5,5,0,150,
2235,01-May-26,13:50:29,1,2,350,667,0,0,16.5,16.5,5,0,700,
2236,01-May-26,14:31:26,1,1,150,143,0,0,3.5,3.5,5,0,150,
2236,01-May-26,14:31:26,2,1,150,143,0,0,3.5,3.5,5,0,150,
2236,01-May-26,14:31:26,3,1,150,143,0,0,3.5,3.5,5,0,150,
2236,01-May-26,14:31:26,4,1,150,143,0,0,3.5,3.5,5,0,150,
2236,01-May-26,14:31:26,5,1,100,95,0,0,2.5,2.5,5,0,100,
2237,01-May-26,14:35:22,1,1,500,476,0,0,12,12,5,0,500,
2238,01-May-26,14:56:41,1,6,30,171,0,0,4.5,4.5,5,0,180,
2238,01-May-26,14:56:41,2,5,60,286,0,0,7,7,5,0,300,
2239,01-May-26,15:53:01,1,1,60,57,0,0,1.5,1.5,5,0,60,
2524,13-May-26,21:56:18,1,1,500,476,0,0,12,12,5,0,500,
2525,13-May-26,21:56:38,1,2,150,286,0,0,7,7,5,0,300,
2525,13-May-26,21:56:38,2,2,100,190,0,0,5,5,5,0,200,
2526,13-May-26,22:04:49,1,2,100,190,0,0,5,5,5,0,200,
2526,13-May-26,22:04:49,2,1,150,143,0,0,3.5,3.5,5,0,150,
2527,14-May-26,12:22:10,1,1,50,48,0,0,1,1,5,0,50,
2528,14-May-26,12:49:16,1,1,100,95,0,0,2.5,2.5,5,0,100,CASH
2529,14-May-26,14:14:35,1,1,250,238,0,0,6,6,5,0,250,
2530,14-May-26,15:55:16,1,2,500,952,0,0,24,24,5,0,1000,CASH
2531,14-May-26,15:59:57,1,1,300,286,0,0,7,7,5,0,300,CASH
2531,14-May-26,15:59:57,2,1,100,95,0,0,2.5,2.5,5,0,100,CASH
2532,14-May-26,16:00:13,1,2,150,286,0,0,7,7,5,0,300,
2533,14-May-26,16:30:11,1,2,150,286,0,0,7,7,5,0,300,
2534,14-May-26,16:49:44,1,2,150,286,0,0,7,7,5,0,300,
2535,14-May-26,17:28:49,1,3,70,200,0,0,5,5,5,0,210,
2535,14-May-26,17:28:49,2,1,100,95,0,0,2.5,2.5,5,0,100,
2536,14-May-26,18:35:47,1,1,200,190,0,0,5,5,5,0,200,CASH
2842,30-May-26,19:49:03,3,1,150,143,0,0,3.5,3.5,5,0,150,
2842,30-May-26,19:49:03,4,1,70,67,0,0,1.5,1.5,5,0,70,
2842,30-May-26,19:49:03,5,1,70,67,0,0,1.5,1.5,5,0,70,
2843,30-May-26,19:49:53,1,1,220,210,0,0,5,5,5,0,220,
2844,30-May-26,21:16:20,1,3,100,286,0,0,7,7,5,0,300,
2845,31-May-26,11:21:30,1,1,500,476,0,0,12,12,5,0,500,
2845,31-May-26,11:21:30,2,1,100,95,0,0,2.5,2.5,5,0,100,
2846,31-May-26,11:55:50,1,3,50,143,0,0,3.5,3.5,5,0,150,
2847,31-May-26,11:57:22,1,1,450,429,0,0,10.5,10.5,5,0,450,
2848,31-May-26,12:48:28,1,1,130,124,0,0,3,3,5,0,130,
2848,31-May-26,12:48:28,2,1,150,143,0,0,3.5,3.5,5,0,150,
2848,31-May-26,12:48:28,3,1,150,143,0,0,3.5,3.5,5,0,150,
2848,31-May-26,12:48:28,4,1,150,143,0,0,3.5,3.5,5,0,150,
2849,31-May-26,14:15:26,1,1,500,476,0,0,12,12,5,0,500,
2849,31-May-26,14:15:26,2,1,250,238,0,0,6,6,5,0,250,
2850,31-May-26,14:30:11,1,1,100,95,0,0,2.5,2.5,5,0,100,
2850,31-May-26,14:30:11,2,5,40,190,0,0,5,5,5,0,200,
4380,02-Aug-26,21:20:20,1,3,350,1000,0,0,25,25,5,0,1050,
4380,02-Aug-26,21:20:20,2,3,150,429,0,0,10.5,10.5,5,0,450,
4380,02-Aug-26,21:20:20,3,1,250,238,0,0,6,6,5,0,250,
4380,02-Aug-26,21:20:20,4,1,100,95,0,0,2.5,2.5,5,0,100,
4380,02-Aug-26,21:20:20,5,2,60,114,0,0,3,3,5,0,120,
4380,02-Aug-26,21:20:20,6,2,40,76,0,0,2,2,5,0,80,
4380,02-Aug-26,21:20:20,7,5,20,95,0,0,2.5,2.5,5,0,100,
4381,02-Aug-26,21:34:06,1,6,60,343,0,0,8.5,8.5,5,0,360,
4382,02-Aug-26,21:42:15,1,3,60,171,0,0,4.5,4.5,5,0,180,
4382,02-Aug-26,21:42:15,2,2,150,286,0,0,7,7,5,0,300,
4382,02-Aug-26,21:42:15,3,3,100,286,0,0,7,7,5,0,300,
4383,02-Aug-26,21:51:04,1,7,60,400,0,0,10,10,5,0,420,
4383,02-Aug-26,21:51:04,2,1,150,143,0,0,3.5,3.5,5,0,150,
4383,02-Aug-26,21:51:04,3,1,80,76,0,0,2,2,5,0,80,
4384,02-Aug-26,21:58:10,1,1,400,381,0,0,9.5,9.5,5,0,400,
4385,02-Aug-26,22:00:02,1,1,300,286,0,0,7,7,5,0,300,
4386,02-Aug-26,22:16:55,1,2,100,190,0,0,5,5,5,0,200,
2850,31-May-26,14:30:11,3,3,200,571,0,0,14.5,14.5,5,0,600,
2850,31-May-26,14:30:11,4,2,300,571,0,0,14.5,14.5,5,0,600,
2850,31-May-26,14:30:11,5,1,300,286,0,0,7,7,5,0,300,
2850,31-May-26,14:30:11,6,1,600,571,0,0,14.5,14.5,5,0,600,
2850,31-May-26,14:30:11,7,1,100,95,0,0,2.5,2.5,5,0,100,
2851,31-May-26,14:39:31,1,3,100,286,0,0,7,7,5,0,300,
2852,31-May-26,14:45:54,1,2,250,476,0,0,12,12,5,0,500,
2853,31-May-26,17:29:53,1,1,100,95,0,0,2.5,2.5,5,0,100,
2854,31-May-26,18:15:00,1,1,60,57,0,0,1.5,1.5,5,0,60,
2855,31-May-26,18:15:47,1,3,500,1429,0,0,35.5,35.5,5,0,1500,
2855,31-May-26,18:15:47,2,3,250,714,0,0,18,18,5,0,750,
2856,31-May-26,18:30:14,1,5,400,1905,0,0,47.5,47.5,5,0,2000,
2856,31-May-26,18:30:14,2,1,100,95,0,0,2.5,2.5,5,0,100,
2856,31-May-26,18:30:14,3,1,100,95,0,0,2.5,2.5,5,0,100,
2857,31-May-26,18:35:16,1,1,500,476,0,0,12,12,5,0,500,
2857,31-May-26,18:35:16,2,1,250,238,0,0,6,6,5,0,250,
2858,31-May-26,18:40:44,1,1,500,476,0,0,12,12,5,0,500,
2550,15-May-26,13:27:18,1,1,250,238,0,0,6,6,5,0,250,
2551,15-May-26,14:16:46,1,4,150,571,0,0,14.5,14.5,5,0,600,
2552,15-May-26,14:46:49,1,1,250,238,0,0,6,6,5,0,250,CASH
2553,15-May-26,14:46:58,1,1,150,143,0,0,3.5,3.5,5,0,150,
2554,15-May-26,15:36:44,1,1,100,95,0,0,2.5,2.5,5,0,100,
2555,15-May-26,15:54:11,1,1,150,143,0,0,3.5,3.5,5,0,150,
2556,15-May-26,17:56:39,1,1,500,476,0,0,12,12,5,0,500,CASH
2556,15-May-26,17:56:39,2,1,500,476,0,0,12,12,5,0,500,CASH
2556,15-May-26,17:56:39,3,1,200,190,0,0,5,5,5,0,200,CASH
2556,15-May-26,17:56:39,4,1,250,238,0,0,6,6,5,0,250,CASH
2556,15-May-26,17:56:39,5,1,150,143,0,0,3.5,3.5,5,0,150,CASH
2556,15-May-26,17:56:39,6,1,150,143,0,0,3.5,3.5,5,0,150,CASH
2557,15-May-26,17:57:06,1,1,500,476,0,0,12,12,5,0,500,
2558,15-May-26,18:56:38,1,1,150,143,0,0,3.5,3.5,5,0,150,
2559,15-May-26,19:18:27,1,2,50,95,0,0,2.5,2.5,5,0,100,CASH
2560,15-May-26,19:18:38,1,1,150,143,0,0,3.5,3.5,5,0,150,
2561,15-May-26,19:19:45,1,1,40,38,0,0,1,1,5,0,40,
4387,02-Aug-26,22:17:35,1,3,200,571,0,0,14.5,14.5,5,0,600,
4387,02-Aug-26,22:17:35,2,1,150,143,0,0,3.5,3.5,5,0,150,
4388,02-Aug-26,22:20:28,1,2,20,38,0,0,1,1,5,0,40,
4388,02-Aug-26,22:20:28,2,1,10,10,0,0,0,0,5,0,10,
4389,03-Aug-26,13:04:49,1,1,250,238,0,0,6,6,5,0,250,CASH
4389,03-Aug-26,13:04:49,2,1,130,124,0,0,3,3,5,0,130,CASH
4390,03-Aug-26,13:06:46,1,2,300,571,0,0,14.5,14.5,5,0,600,
4391,03-Aug-26,13:22:16,1,1,150,143,0,0,3.5,3.5,5,0,150,
4392,03-Aug-26,13:22:48,1,1,150,143,0,0,3.5,3.5,5,0,150,
4392,03-Aug-26,13:22:48,2,1,200,190,0,0,5,5,5,0,200,
4393,03-Aug-26,13:24:52,1,2,120,229,0,0,5.5,5.5,5,0,240,
4393,03-Aug-26,13:24:52,2,1,60,57,0,0,1.5,1.5,5,0,60,
4394,03-Aug-26,13:47:51,1,2,150,286,0,0,7,7,5,0,300,CASH
4394,03-Aug-26,13:47:51,2,1,100,95,0,0,2.5,2.5,5,0,100,CASH
4394,03-Aug-26,13:47:51,3,2,100,190,0,0,5,5,5,0,200,CASH
4395,03-Aug-26,13:48:26,1,2,120,229,0,0,5.5,5.5,5,0,240,
4395,03-Aug-26,13:48:26,2,2,500,952,0,0,24,24,5,0,1000,
2561,15-May-26,19:19:45,2,1,40,38,0,0,1,1,5,0,40,
2561,15-May-26,19:19:45,3,1,150,143,0,0,3.5,3.5,5,0,150,
2561,15-May-26,19:19:45,4,1,220,210,0,0,5,5,5,0,220,
2561,15-May-26,19:19:45,5,1,220,210,0,0,5,5,5,0,220,
2562,15-May-26,19:46:54,1,1,120,114,0,0,3,3,5,0,120,
2563,15-May-26,20:04:28,1,2,150,286,0,0,7,7,5,0,300,
2563,15-May-26,20:04:28,2,2,100,190,0,0,5,5,5,0,200,
2564,15-May-26,20:43:39,1,3,150,429,0,0,10.5,10.5,5,0,450,
2564,15-May-26,20:43:39,2,1,150,143,0,0,3.5,3.5,5,0,150,
2564,15-May-26,20:43:39,3,3,90,257,0,0,6.5,6.5,5,0,270,
2564,15-May-26,20:43:39,4,1,80,76,0,0,2,2,5,0,80,
2565,15-May-26,21:58:35,1,1,200,190,0,0,5,5,5,0,200,
2566,15-May-26,22:16:41,1,5,120,571,0,0,14.5,14.5,5,0,600,
2566,15-May-26,22:16:41,2,1,200,190,0,0,5,5,5,0,200,
2566,15-May-26,22:16:41,3,1,150,143,0,0,3.5,3.5,5,0,150,
2566,15-May-26,22:16:41,4,1,150,143,0,0,3.5,3.5,5,0,150,
2566,15-May-26,22:16:41,5,5,80,381,0,0,9.5,9.5,5,0,400,
3248,19-Jun-26,19:59:47,1,1,100,95,0,0,2.5,2.5,5,0,100,
3249,19-Jun-26,20:00:21,1,1,250,238,0,0,6,6,5,0,250,
3250,19-Jun-26,20:18:13,1,2,200,381,0,0,9.5,9.5,5,0,400,
3251,19-Jun-26,20:19:03,1,1,150,143,0,0,3.5,3.5,5,0,150,
3251,19-Jun-26,20:19:03,2,5,100,476,0,0,12,12,5,0,500,
3252,19-Jun-26,20:27:35,1,5,60,286,0,0,7,7,5,0,300,
3252,19-Jun-26,20:27:35,2,2,70,133,0,0,3.5,3.5,5,0,140,
3252,19-Jun-26,20:27:35,3,3,40,114,0,0,3,3,5,0,120,
3253,19-Jun-26,21:30:40,1,2,150,286,0,0,7,7,5,0,300,
3253,19-Jun-26,21:30:40,2,1,350,333,0,0,8.5,8.5,5,0,350,
3254,19-Jun-26,22:26:08,1,2,120,229,0,0,5.5,5.5,5,0,240,
3254,19-Jun-26,22:26:08,2,1,500,476,0,0,12,12,5,0,500,
3255,20-Jun-26,11:08:38,1,1,650,619,0,0,15.5,15.5,5,0,650,CASH
3256,20-Jun-26,12:07:18,1,1,200,190,0,0,5,5,5,0,200,
3257,20-Jun-26,13:42:12,1,1,150,143,0,0,3.5,3.5,5,0,150,
3258,20-Jun-26,13:57:12,1,2,40,76,0,0,2,2,5,0,80,
3259,20-Jun-26,15:36:08,1,1,150,143,0,0,3.5,3.5,5,0,150,
3259,20-Jun-26,15:36:08,2,1,100,95,0,0,2.5,2.5,5,0,100,
3259,20-Jun-26,15:36:08,3,1,70,67,0,0,1.5,1.5,5,0,70,
3259,20-Jun-26,15:36:08,4,1,70,67,0,0,1.5,1.5,5,0,70,
3259,20-Jun-26,15:36:08,5,1,100,95,0,0,2.5,2.5,5,0,100,
3260,20-Jun-26,15:39:01,1,1,650,619,0,0,15.5,15.5,5,0,650,
3260,20-Jun-26,15:39:01,2,1,100,95,0,0,2.5,2.5,5,0,100,
3261,20-Jun-26,16:18:01,1,80,2,152,0,0,4,4,5,0,160,
3262,20-Jun-26,16:27:45,1,1,400,381,0,0,9.5,9.5,5,0,400,
3262,20-Jun-26,16:27:45,2,1,200,190,0,0,5,5,5,0,200,
3262,20-Jun-26,16:27:45,3,1,200,190,0,0,5,5,5,0,200,
3263,20-Jun-26,16:28:41,1,1,650,619,0,0,15.5,15.5,5,0,650,
3264,20-Jun-26,16:53:06,1,1,300,286,0,0,7,7,5,0,300,
3264,20-Jun-26,16:53:06,2,1,250,238,0,0,6,6,5,0,250,
3264,20-Jun-26,16:53:06,3,1,200,190,0,0,5,5,5,0,200,
3264,20-Jun-26,16:53:06,4,1,150,143,0,0,3.5,3.5,5,0,150,
3264,20-Jun-26,16:53:06,5,1,200,190,0,0,5,5,5,0,200,
3265,20-Jun-26,16:54:53,1,1,300,286,0,0,7,7,5,0,300,
3275,21-Jun-26,14:08:22,1,1,80,76,0,0,2,2,5,0,80,
3276,21-Jun-26,14:23:13,1,2,130,248,0,0,6,6,5,0,260,
3276,21-Jun-26,14:23:13,2,2,100,190,0,0,5,5,5,0,200,
3276,21-Jun-26,14:23:13,3,1,150,143,0,0,3.5,3.5,5,0,150,
3277,21-Jun-26,14:34:30,1,1,150,143,0,0,3.5,3.5,5,0,150,
3278,21-Jun-26,15:27:40,1,1,300,286,0,0,7,7,5,0,300,
3278,21-Jun-26,15:27:40,2,1,100,95,0,0,2.5,2.5,5,0,100,
3279,21-Jun-26,15:52:41,1,1,600,571,0,0,14.5,14.5,5,0,600,
3279,21-Jun-26,15:52:41,2,1,100,95,0,0,2.5,2.5,5,0,100,
3279,21-Jun-26,15:52:41,3,1,100,95,0,0,2.5,2.5,5,0,100,
3279,21-Jun-26,15:52:41,4,1,200,190,0,0,5,5,5,0,200,
3279,21-Jun-26,15:52:41,5,1,200,190,0,0,5,5,5,0,200,
3279,21-Jun-26,15:52:41,6,1,200,190,0,0,5,5,5,0,200,
3279,21-Jun-26,15:52:41,7,1,200,190,0,0,5,5,5,0,200,
3279,21-Jun-26,15:52:41,8,1,50,48,0,0,1,1,5,0,50,
3279,21-Jun-26,15:52:41,9,1,50,48,0,0,1,1,5,0,50,
3280,21-Jun-26,16:03:29,1,1,30,29,0,0,0.5,0.5,5,0,30,
2908,03-Jun-26,18:54:36,2,1,200,190,0,0,5,5,5,0,200,
2908,03-Jun-26,18:54:36,3,1,200,190,0,0,5,5,5,0,200,
2908,03-Jun-26,18:54:36,4,1,200,190,0,0,5,5,5,0,200,
2908,03-Jun-26,18:54:36,5,1,200,190,0,0,5,5,5,0,200,
2909,03-Jun-26,19:14:34,1,7,200,1333,0,0,33.5,33.5,5,0,1400,
2910,03-Jun-26,19:19:19,1,1,250,238,0,0,6,6,5,0,250,
2910,03-Jun-26,19:19:19,2,1,500,476,0,0,12,12,5,0,500,
2911,03-Jun-26,19:20:38,1,1,500,476,0,0,12,12,5,0,500,
2911,03-Jun-26,19:20:38,2,1,550,524,0,0,13,13,5,0,550,
2911,03-Jun-26,19:20:38,3,1,150,143,0,0,3.5,3.5,5,0,150,
2912,03-Jun-26,19:29:49,1,2,250,476,0,0,12,12,5,0,500,
2912,03-Jun-26,19:29:49,2,1,250,238,0,0,6,6,5,0,250,
2913,03-Jun-26,19:52:29,1,1,100,95,0,0,2.5,2.5,5,0,100,
2914,03-Jun-26,19:55:08,1,1,350,333,0,0,8.5,8.5,5,0,350,
2915,03-Jun-26,20:07:12,1,1,450,429,0,0,10.5,10.5,5,0,450,
2916,03-Jun-26,20:18:40,1,2,250,476,0,0,12,12,5,0,500,
2916,03-Jun-26,20:18:40,2,1,500,476,0,0,12,12,5,0,500,
4151,23-Jul-26,20:13:17,3,2,150,286,0,0,7,7,5,0,300,
4152,23-Jul-26,20:33:42,1,2,50,95,0,0,2.5,2.5,5,0,100,
4153,23-Jul-26,20:38:49,1,2,300,571,0,0,14.5,14.5,5,0,600,
4153,23-Jul-26,20:38:49,2,1,400,381,0,0,9.5,9.5,5,0,400,
4154,23-Jul-26,21:56:44,1,2,150,286,0,0,7,7,5,0,300,2
4154,23-Jul-26,21:56:44,2,3,100,286,0,0,7,7,5,0,300,2
4154,23-Jul-26,21:56:44,3,1,200,190,0,0,5,5,5,0,200,2
4154,23-Jul-26,21:56:44,4,1,100,95,0,0,2.5,2.5,5,0,100,2
4155,23-Jul-26,22:28:18,1,1,100,95,0,0,2.5,2.5,5,0,100,
4156,24-Jul-26,11:26:34,1,1,200,190,0,0,5,5,5,0,200,CASH
4157,24-Jul-26,11:26:40,1,1,40,38,0,0,1,1,5,0,40,
4157,24-Jul-26,11:26:40,2,1,70,67,0,0,1.5,1.5,5,0,70,
4158,24-Jul-26,11:39:49,1,3,400,1143,0,0,28.5,28.5,5,0,1200,
4158,24-Jul-26,11:39:49,2,3,300,857,0,0,21.5,21.5,5,0,900,
4158,24-Jul-26,11:39:49,3,1,120,114,0,0,3,3,5,0,120,
4158,24-Jul-26,11:39:49,4,1,650,619,0,0,15.5,15.5,5,0,650,
4159,24-Jul-26,12:50:17,1,3,100,286,0,0,7,7,5,0,300,
3280,21-Jun-26,16:03:29,2,1,30,29,0,0,0.5,0.5,5,0,30,
3280,21-Jun-26,16:03:29,3,1,40,38,0,0,1,1,5,0,40,
3281,21-Jun-26,16:03:58,1,1,600,571,0,0,14.5,14.5,5,0,600,
3281,21-Jun-26,16:03:58,2,1,150,143,0,0,3.5,3.5,5,0,150,
3282,21-Jun-26,16:16:42,1,1,500,476,0,0,12,12,5,0,500,
3283,21-Jun-26,16:58:48,1,2,100,190,0,0,5,5,5,0,200,CASH
3284,21-Jun-26,16:59:01,1,1,200,190,0,0,5,5,5,0,200,
3285,21-Jun-26,17:00:13,1,1,350,333,0,0,8.5,8.5,5,0,350,
3286,21-Jun-26,17:12:49,1,1,250,238,0,0,6,6,5,0,250,
3287,21-Jun-26,17:17:43,1,1,200,190,0,0,5,5,5,0,200,PPPPPP
3288,21-Jun-26,17:27:23,1,1,150,143,0,0,3.5,3.5,5,0,150,
3288,21-Jun-26,17:27:23,2,1,200,190,0,0,5,5,5,0,200,
3289,21-Jun-26,17:52:18,1,1,250,238,0,0,6,6,5,0,250,PPPP
3290,21-Jun-26,18:14:03,1,2,250,476,0,0,12,12,5,0,500,PPPP
3290,21-Jun-26,18:14:03,2,1,500,476,0,0,12,12,5,0,500,PPPP
3290,21-Jun-26,18:14:03,3,1,250,238,0,0,6,6,5,0,250,PPPP
3290,21-Jun-26,18:14:03,4,1,120,114,0,0,3,3,5,0,120,PPPP
2924,04-Jun-26,18:51:42,7,1,30,29,0,0,0.5,0.5,5,0,30,
2924,04-Jun-26,18:51:42,8,1,70,67,0,0,1.5,1.5,5,0,70,
2924,04-Jun-26,18:51:42,9,1,150,143,0,0,3.5,3.5,5,0,150,
2925,04-Jun-26,18:54:59,1,1,300,286,0,0,7,7,5,0,300,
2925,04-Jun-26,18:54:59,2,1,250,238,0,0,6,6,5,0,250,
2926,04-Jun-26,20:14:42,1,1,100,95,0,0,2.5,2.5,5,0,100,
2927,04-Jun-26,21:33:38,1,1,150,143,0,0,3.5,3.5,5,0,150,
2927,04-Jun-26,21:33:38,2,1,100,95,0,0,2.5,2.5,5,0,100,
2928,04-Jun-26,21:42:37,1,1,250,238,0,0,6,6,5,0,250,
2929,04-Jun-26,21:46:52,1,3,100,286,0,0,7,7,5,0,300,
2929,04-Jun-26,21:46:52,2,1,500,476,0,0,12,12,5,0,500,
2930,04-Jun-26,21:48:42,1,1,100,95,0,0,2.5,2.5,5,0,100,
2930,04-Jun-26,21:48:42,2,2,500,952,0,0,24,24,5,0,1000,
2931,04-Jun-26,22:05:56,1,7,100,667,0,0,16.5,16.5,5,0,700,
2932,04-Jun-26,22:08:33,1,1,500,476,0,0,12,12,5,0,500,
2933,04-Jun-26,22:17:08,1,2,100,190,0,0,5,5,5,0,200,
2933,04-Jun-26,22:17:08,2,2,150,286,0,0,7,7,5,0,300,
2934,04-Jun-26,22:25:58,1,1,250,238,0,0,6,6,5,0,250,
2935,05-Jun-26,11:48:34,1,2,350,667,0,0,16.5,16.5,5,0,700,
2936,05-Jun-26,11:49:37,1,1,250,238,0,0,6,6,5,0,250,CASH
2936,05-Jun-26,11:49:37,2,2,20,38,0,0,1,1,5,0,40,CASH
2936,05-Jun-26,11:49:37,3,1,400,381,0,0,9.5,9.5,5,0,400,CASH
2936,05-Jun-26,11:49:37,4,1,450,429,0,0,10.5,10.5,5,0,450,CASH
2936,05-Jun-26,11:49:37,5,1,60,57,0,0,1.5,1.5,5,0,60,CASH
2937,05-Jun-26,12:30:56,1,1,250,238,0,0,6,6,5,0,250,
2938,05-Jun-26,12:39:20,1,2,100,190,0,0,5,5,5,0,200,
2939,05-Jun-26,12:49:19,1,10,40,381,0,0,9.5,9.5,5,0,400,
2939,05-Jun-26,12:49:19,2,2,80,152,0,0,4,4,5,0,160,
2939,05-Jun-26,12:49:19,3,2,100,190,0,0,5,5,5,0,200,
2939,05-Jun-26,12:49:19,4,6,150,857,0,0,21.5,21.5,5,0,900,
2939,05-Jun-26,12:49:19,5,1,250,238,0,0,6,6,5,0,250,
2939,05-Jun-26,12:49:19,6,3,150,429,0,0,10.5,10.5,5,0,450,
2939,05-Jun-26,12:49:19,7,2,370,705,0,0,17.5,17.5,5,0,740,
2940,05-Jun-26,14:25:23,1,1,500,476,0,0,12,12,5,0,500,
4159,24-Jul-26,12:50:17,2,1,100,95,0,0,2.5,2.5,5,0,100,
4160,24-Jul-26,13:05:29,1,2,250,476,0,0,12,12,5,0,500,
4161,24-Jul-26,13:44:11,1,2,100,190,0,0,5,5,5,0,200,
4162,24-Jul-26,14:02:11,1,1,1,1,0,0,0,0,5,0,1,
4163,24-Jul-26,16:04:09,1,1,500,476,0,0,12,12,5,0,500,CASH
4163,24-Jul-26,16:04:09,2,1,650,619,0,0,15.5,15.5,5,0,650,CASH
4163,24-Jul-26,16:04:09,3,1,650,619,0,0,15.5,15.5,5,0,650,CASH
4163,24-Jul-26,16:04:09,4,1,150,143,0,0,3.5,3.5,5,0,150,CASH
4163,24-Jul-26,16:04:09,5,1,150,143,0,0,3.5,3.5,5,0,150,CASH
4163,24-Jul-26,16:04:09,6,1,150,143,0,0,3.5,3.5,5,0,150,CASH
4163,24-Jul-26,16:04:09,7,1,130,124,0,0,3,3,5,0,130,CASH
4163,24-Jul-26,16:04:09,8,1,130,124,0,0,3,3,5,0,130,CASH
4163,24-Jul-26,16:04:09,9,1,130,124,0,0,3,3,5,0,130,CASH
4164,24-Jul-26,17:10:38,1,1,450,429,0,0,10.5,10.5,5,0,450,
4164,24-Jul-26,17:10:38,2,1,150,143,0,0,3.5,3.5,5,0,150,
4165,24-Jul-26,18:03:29,1,1,500,476,0,0,12,12,5,0,500,
4166,24-Jul-26,18:07:43,1,4,30,114,0,0,3,3,5,0,120,
2940,05-Jun-26,14:25:23,2,1,250,238,0,0,6,6,5,0,250,
2941,05-Jun-26,14:41:49,1,1,120,114,0,0,3,3,5,0,120,CASH
2941,05-Jun-26,14:41:49,2,3,20,57,0,0,1.5,1.5,5,0,60,CASH
2942,05-Jun-26,18:08:10,1,1,250,238,0,0,6,6,5,0,250,
2942,05-Jun-26,18:08:10,2,1,130,124,0,0,3,3,5,0,130,
2942,05-Jun-26,18:08:10,3,1,70,67,0,0,1.5,1.5,5,0,70,
2942,05-Jun-26,18:08:10,4,2,25,48,0,0,1,1,5,0,50,
2942,05-Jun-26,18:08:10,5,2,25,48,0,0,1,1,5,0,50,
2943,05-Jun-26,19:12:58,1,2,70,133,0,0,3.5,3.5,5,0,140,
2944,05-Jun-26,19:57:04,1,2,80,152,0,0,4,4,5,0,160,CASH
2944,05-Jun-26,19:57:04,2,2,40,76,0,0,2,2,5,0,80,CASH
2944,05-Jun-26,19:57:04,3,2,120,229,0,0,5.5,5.5,5,0,240,CASH
2945,05-Jun-26,20:04:55,1,1,150,143,0,0,3.5,3.5,5,0,150,
2946,05-Jun-26,20:15:23,1,1,120,114,0,0,3,3,5,0,120,
2947,05-Jun-26,20:35:04,1,1,60,57,0,0,1.5,1.5,5,0,60,
2948,05-Jun-26,20:42:43,1,1,300,286,0,0,7,7,5,0,300,
2949,05-Jun-26,20:53:43,1,2,100,190,0,0,5,5,5,0,200,
2950,05-Jun-26,21:41:39,1,1,250,238,0,0,6,6,5,0,250,
2950,05-Jun-26,21:41:39,2,1,400,381,0,0,9.5,9.5,5,0,400,
2950,05-Jun-26,21:41:39,3,1,100,95,0,0,2.5,2.5,5,0,100,
2950,05-Jun-26,21:41:39,4,1,200,190,0,0,5,5,5,0,200,
2950,05-Jun-26,21:41:39,5,1,80,76,0,0,2,2,5,0,80,
2950,05-Jun-26,21:41:39,6,1,150,143,0,0,3.5,3.5,5,0,150,
2951,05-Jun-26,22:20:34,1,3,200,571,0,0,14.5,14.5,5,0,600,
2952,05-Jun-26,22:20:40,1,4,20,76,0,0,2,2,5,0,80,
2953,06-Jun-26,11:21:15,1,1,150,143,0,0,3.5,3.5,5,0,150,
2953,06-Jun-26,11:21:15,2,1,70,67,0,0,1.5,1.5,5,0,70,
2954,06-Jun-26,11:23:10,1,1,400,381,0,0,9.5,9.5,5,0,400,
2955,06-Jun-26,14:03:23,1,2,200,381,0,0,9.5,9.5,5,0,400,
2956,06-Jun-26,16:10:01,1,4,250,952,0,0,24,24,5,0,1000,
2957,06-Jun-26,16:32:06,1,2,50,95,0,0,2.5,2.5,5,0,100,
2958,06-Jun-26,17:28:41,1,2,80,152,0,0,4,4,5,0,160,
2959,06-Jun-26,17:35:39,1,1,250,238,0,0,6,6,5,0,250,
2960,06-Jun-26,19:19:12,1,1,350,333,0,0,8.5,8.5,5,0,350,
4456,07-Aug-26,18:35:41,1,1,250,238,0,0,6,6,5,0,250,
4457,07-Aug-26,18:54:50,1,1,350,333,0,0,8.5,8.5,5,0,350,
4458,07-Aug-26,18:59:54,1,2,60,114,0,0,3,3,5,0,120,
4459,07-Aug-26,19:02:14,1,1,130,124,0,0,3,3,5,0,130,
4459,07-Aug-26,19:02:14,2,1,130,124,0,0,3,3,5,0,130,
4460,07-Aug-26,19:04:23,1,1,80,76,0,0,2,2,5,0,80,
4460,07-Aug-26,19:04:23,2,1,100,95,0,0,2.5,2.5,5,0,100,
4460,07-Aug-26,19:04:23,3,4,40,152,0,0,4,4,5,0,160,
4461,07-Aug-26,19:05:54,1,1,250,238,0,0,6,6,5,0,250,
4462,07-Aug-26,19:19:47,1,4,250,952,0,0,24,24,5,0,1000,
4462,07-Aug-26,19:19:47,2,2,300,571,0,0,14.5,14.5,5,0,600,
4462,07-Aug-26,19:19:47,3,1,150,143,0,0,3.5,3.5,5,0,150,
4463,07-Aug-26,19:45:02,1,1,150,143,0,0,3.5,3.5,5,0,150,
4464,07-Aug-26,19:51:05,1,1,500,476,0,0,12,12,5,0,500,
4465,07-Aug-26,19:58:13,1,1,350,333,0,0,8.5,8.5,5,0,350,CASH
4466,07-Aug-26,20:09:09,1,1,100,95,0,0,2.5,2.5,5,0,100,
4467,07-Aug-26,20:35:08,1,2,300,571,0,0,14.5,14.5,5,0,600,
2960,06-Jun-26,19:19:12,2,1,50,48,0,0,1,1,5,0,50,
2960,06-Jun-26,19:19:12,3,1,350,333,0,0,8.5,8.5,5,0,350,
2961,06-Jun-26,19:26:45,1,2,100,190,0,0,5,5,5,0,200,
2962,06-Jun-26,19:33:45,1,1,100,95,0,0,2.5,2.5,5,0,100,
2963,06-Jun-26,20:36:45,1,1,150,143,0,0,3.5,3.5,5,0,150,
2963,06-Jun-26,20:36:45,2,1,100,95,0,0,2.5,2.5,5,0,100,
2964,06-Jun-26,20:39:31,1,1,300,286,0,0,7,7,5,0,300,
2965,06-Jun-26,21:26:02,1,1,200,190,0,0,5,5,5,0,200,
2965,06-Jun-26,21:26:02,2,1,100,95,0,0,2.5,2.5,5,0,100,
2966,06-Jun-26,22:26:53,1,1,600,571,0,0,14.5,14.5,5,0,600,
2966,06-Jun-26,22:26:53,2,1,500,476,0,0,12,12,5,0,500,
2967,06-Jun-26,22:29:58,1,1,300,286,0,0,7,7,5,0,300,
2968,07-Jun-26,14:05:51,1,8,100,762,0,0,19,19,5,0,800,
2968,07-Jun-26,14:05:51,2,1,200,190,0,0,5,5,5,0,200,
2969,07-Jun-26,14:20:43,1,3,70,200,0,0,5,5,5,0,210,
2970,07-Jun-26,14:21:12,1,6,100,571,0,0,14.5,14.5,5,0,600,
2970,07-Jun-26,14:21:12,2,2,80,152,0,0,4,4,5,0,160,
2970,07-Jun-26,14:21:12,3,2,100,190,0,0,5,5,5,0,200,
2970,07-Jun-26,14:21:12,4,1,250,238,0,0,6,6,5,0,250,
2970,07-Jun-26,14:21:12,5,1,650,619,0,0,15.5,15.5,5,0,650,
2970,07-Jun-26,14:21:12,6,1,80,76,0,0,2,2,5,0,80,
2971,07-Jun-26,14:49:58,1,1,400,381,0,0,9.5,9.5,5,0,400,
2971,07-Jun-26,14:49:58,2,2,250,476,0,0,12,12,5,0,500,
2972,07-Jun-26,15:15:13,1,1,400,381,0,0,9.5,9.5,5,0,400,
2973,07-Jun-26,16:13:27,1,2,150,286,0,0,7,7,5,0,300,
2973,07-Jun-26,16:13:27,2,2,250,476,0,0,12,12,5,0,500,
2974,07-Jun-26,16:30:32,1,1,550,524,0,0,13,13,5,0,550,
2975,07-Jun-26,16:33:02,1,1,130,124,0,0,3,3,5,0,130,
2975,07-Jun-26,16:33:02,2,3,150,429,0,0,10.5,10.5,5,0,450,
2976,07-Jun-26,16:48:48,1,2,40,76,0,0,2,2,5,0,80,
2977,07-Jun-26,17:03:14,1,1,200,190,0,0,5,5,5,0,200,
2978,07-Jun-26,17:04:21,1,1,200,190,0,0,5,5,5,0,200,
2978,07-Jun-26,17:04:21,2,1,150,143,0,0,3.5,3.5,5,0,150,
2978,07-Jun-26,17:04:21,3,1,100,95,0,0,2.5,2.5,5,0,100,
3311,22-Jun-26,14:17:58,1,1,200,190,0,0,5,5,5,0,200,SAMSUL HOQUE
3312,22-Jun-26,15:12:41,1,1,500,476,0,0,12,12,5,0,500,
3313,22-Jun-26,15:22:49,1,1,400,381,0,0,9.5,9.5,5,0,400,
3314,22-Jun-26,15:23:40,1,1,200,190,0,0,5,5,5,0,200,
3314,22-Jun-26,15:23:40,2,1,150,143,0,0,3.5,3.5,5,0,150,
3315,22-Jun-26,15:46:11,1,2,120,229,0,0,5.5,5.5,5,0,240,
3316,22-Jun-26,16:22:09,1,1,110,105,0,0,2.5,2.5,5,0,110,
3317,22-Jun-26,16:23:11,1,1,500,476,0,0,12,12,5,0,500,
3318,22-Jun-26,17:11:46,1,1,100,95,0,0,2.5,2.5,5,0,100,
3319,22-Jun-26,17:11:54,1,2,500,952,0,0,24,24,5,0,1000,
3319,22-Jun-26,17:11:54,2,1,150,143,0,0,3.5,3.5,5,0,150,
3320,22-Jun-26,17:13:12,1,4,40,152,0,0,4,4,5,0,160,SAMSUL HOQUE
3320,22-Jun-26,17:13:12,2,2,100,190,0,0,5,5,5,0,200,SAMSUL HOQUE
3320,22-Jun-26,17:13:12,3,2,150,286,0,0,7,7,5,0,300,SAMSUL HOQUE
3321,22-Jun-26,17:19:48,1,1,500,476,0,0,12,12,5,0,500,
3321,22-Jun-26,17:19:48,2,2,100,190,0,0,5,5,5,0,200,
3321,22-Jun-26,17:19:48,3,1,100,95,0,0,2.5,2.5,5,0,100,
3331,22-Jun-26,20:11:55,2,1,200,190,0,0,5,5,5,0,200,
3331,22-Jun-26,20:11:55,3,1,120,114,0,0,3,3,5,0,120,
3331,22-Jun-26,20:11:55,4,1,150,143,0,0,3.5,3.5,5,0,150,
3332,22-Jun-26,20:51:48,1,4,650,2476,0,0,62,62,5,0,2600,SAMSUL HOQUE
3333,22-Jun-26,21:07:32,1,1,150,143,0,0,3.5,3.5,5,0,150,
3334,22-Jun-26,22:00:19,1,2,200,381,0,0,9.5,9.5,5,0,400,
3335,23-Jun-26,10:42:24,1,1,500,476,0,0,12,12,5,0,500,PPPPPP
3335,23-Jun-26,10:42:24,2,1,200,190,0,0,5,5,5,0,200,PPPPPP
3336,23-Jun-26,12:08:40,1,1,60,57,0,0,1.5,1.5,5,0,60,
3337,23-Jun-26,15:01:37,1,1,60,57,0,0,1.5,1.5,5,0,60,SAMSUL HOQUE
3338,23-Jun-26,16:28:07,1,1,450,429,0,0,10.5,10.5,5,0,450,SAMSUL HOQUE
3338,23-Jun-26,16:28:07,2,1,100,95,0,0,2.5,2.5,5,0,100,SAMSUL HOQUE
3339,23-Jun-26,16:38:26,1,2,100,190,0,0,5,5,5,0,200,SAMSUL HOQUE
3340,23-Jun-26,16:51:33,1,1,500,476,0,0,12,12,5,0,500,
3340,23-Jun-26,16:51:33,2,1,500,476,0,0,12,12,5,0,500,
3340,23-Jun-26,16:51:33,3,1,200,190,0,0,5,5,5,0,200,
3340,23-Jun-26,16:51:33,4,1,200,190,0,0,5,5,5,0,200,
2996,07-Jun-26,19:16:33,1,4,150,571,0,0,14.5,14.5,5,0,600,
2996,07-Jun-26,19:16:33,2,1,200,190,0,0,5,5,5,0,200,
2997,07-Jun-26,19:31:39,1,1,250,238,0,0,6,6,5,0,250,
2998,07-Jun-26,20:15:25,1,3,250,714,0,0,18,18,5,0,750,
2999,07-Jun-26,20:17:55,1,1,250,238,0,0,6,6,5,0,250,CASH
2999,07-Jun-26,20:17:55,2,1,100,95,0,0,2.5,2.5,5,0,100,CASH
3000,07-Jun-26,20:18:47,1,1,150,143,0,0,3.5,3.5,5,0,150,
3000,07-Jun-26,20:18:47,2,1,350,333,0,0,8.5,8.5,5,0,350,
3001,07-Jun-26,20:59:18,1,1,250,238,0,0,6,6,5,0,250,
3001,07-Jun-26,20:59:18,2,1,150,143,0,0,3.5,3.5,5,0,150,
3001,07-Jun-26,20:59:18,3,1,80,76,0,0,2,2,5,0,80,
3002,07-Jun-26,21:08:27,1,4,150,571,0,0,14.5,14.5,5,0,600,
3002,07-Jun-26,21:08:27,2,1,250,238,0,0,6,6,5,0,250,
3003,07-Jun-26,21:10:05,1,1,150,143,0,0,3.5,3.5,5,0,150,
3004,07-Jun-26,21:14:14,1,1,150,143,0,0,3.5,3.5,5,0,150,
3005,07-Jun-26,21:50:48,1,3,250,714,0,0,18,18,5,0,750,
3005,07-Jun-26,21:50:48,2,1,200,190,0,0,5,5,5,0,0,
4491,08-Aug-26,19:23:23,1,3,70,200,0,0,5,5,5,0,210,
4491,08-Aug-26,19:23:23,2,5,30,143,0,0,3.5,3.5,5,0,150,
4492,08-Aug-26,20:00:28,1,1,100,95,0,0,2.5,2.5,5,0,100,
4493,08-Aug-26,20:27:30,1,1,150,143,0,0,3.5,3.5,5,0,150,
4493,08-Aug-26,20:27:30,2,1,100,95,0,0,2.5,2.5,5,0,100,
4494,08-Aug-26,20:28:10,1,1,200,190,0,0,5,5,5,0,200,
4494,08-Aug-26,20:28:10,2,2,100,190,0,0,5,5,5,0,200,
4495,08-Aug-26,20:32:29,1,2,200,381,0,0,9.5,9.5,5,0,400,
4496,08-Aug-26,20:33:38,1,1,350,333,0,0,8.5,8.5,5,0,350,
4496,08-Aug-26,20:33:38,2,1,250,238,0,0,6,6,5,0,250,
4497,08-Aug-26,20:43:54,1,1,150,143,0,0,3.5,3.5,5,0,150,
4498,08-Aug-26,20:57:37,1,3,550,1571,0,0,39.5,39.5,5,0,1650,CASH
4498,08-Aug-26,20:57:37,2,1,650,619,0,0,15.5,15.5,5,0,650,CASH
4498,08-Aug-26,20:57:37,3,1,500,476,0,0,12,12,5,0,500,CASH
4499,08-Aug-26,21:30:27,1,1,400,381,0,0,9.5,9.5,5,0,400,CASH
4500,08-Aug-26,21:43:17,1,1,500,476,0,0,12,12,5,0,500,
4501,08-Aug-26,21:44:36,1,6,150,857,0,0,21.5,21.5,5,0,900,
3340,23-Jun-26,16:51:33,5,1,300,286,0,0,7,7,5,0,300,
3340,23-Jun-26,16:51:33,6,1,250,238,0,0,6,6,5,0,250,
3340,23-Jun-26,16:51:33,7,1,250,238,0,0,6,6,5,0,250,
3341,23-Jun-26,17:34:01,1,1,70,67,0,0,1.5,1.5,5,0,70,
3342,23-Jun-26,19:01:04,1,2,120,229,0,0,5.5,5.5,5,0,240,SAMSUL HOQUE
3343,23-Jun-26,19:13:03,1,3,150,429,0,0,10.5,10.5,5,0,450,
3344,23-Jun-26,19:21:41,1,1,300,286,0,0,7,7,5,0,300,SAMSUL HOQUE
3345,23-Jun-26,19:28:14,1,2,100,190,0,0,5,5,5,0,200,SAMSUL HOQUE
3346,23-Jun-26,19:38:46,1,1,150,143,0,0,3.5,3.5,5,0,150,SHNTHI
3347,23-Jun-26,19:41:25,1,1,200,190,0,0,5,5,5,0,200,SAMSUL HOQUE
3347,23-Jun-26,19:41:25,2,1,150,143,0,0,3.5,3.5,5,0,150,SAMSUL HOQUE
3348,23-Jun-26,20:02:12,1,2,40,76,0,0,2,2,5,0,80,SAMSUL HOQUE
3348,23-Jun-26,20:02:12,2,2,100,190,0,0,5,5,5,0,200,SAMSUL HOQUE
3349,23-Jun-26,20:40:59,1,1,100,95,0,0,2.5,2.5,5,0,100,SAMSUL HOQUE
3350,23-Jun-26,21:05:56,1,2,200,381,0,0,9.5,9.5,5,0,400,
3351,23-Jun-26,21:44:48,1,2,150,286,0,0,7,7,5,0,300,CASH
3352,23-Jun-26,22:10:11,1,1,200,190,0,0,5,5,5,0,200,CASH
3014,08-Jun-26,16:50:07,1,1,150,143,0,0,3.5,3.5,5,0,150,
3015,08-Jun-26,16:56:22,1,1,550,524,0,0,13,13,5,0,550,
3015,08-Jun-26,16:56:22,2,1,550,524,0,0,13,13,5,0,550,
3016,08-Jun-26,17:04:57,1,1,400,381,0,0,9.5,9.5,5,0,400,CASH
3017,08-Jun-26,17:41:40,1,3,150,429,0,0,10.5,10.5,5,0,450,
3017,08-Jun-26,17:41:40,2,4,100,381,0,0,9.5,9.5,5,0,400,
3017,08-Jun-26,17:41:40,3,1,500,476,0,0,12,12,5,0,500,
3017,08-Jun-26,17:41:40,4,2,25,48,0,0,1,1,5,0,50,
3018,08-Jun-26,17:50:42,1,1,200,190,0,0,5,5,5,0,200,
3019,08-Jun-26,17:52:39,1,1,350,333,0,0,8.5,8.5,5,0,350,
3019,08-Jun-26,17:52:39,2,1,150,143,0,0,3.5,3.5,5,0,150,
3019,08-Jun-26,17:52:39,3,3,100,286,0,0,7,7,5,0,300,
3019,08-Jun-26,17:52:39,4,1,150,143,0,0,3.5,3.5,5,0,150,
3020,08-Jun-26,19:18:14,1,1,400,381,0,0,9.5,9.5,5,0,400,
3020,08-Jun-26,19:18:14,2,1,200,190,0,0,5,5,5,0,200,
3020,08-Jun-26,19:18:14,3,1,200,190,0,0,5,5,5,0,200,
3021,08-Jun-26,19:18:37,1,2,40,76,0,0,2,2,5,0,80,
3022,08-Jun-26,19:20:32,1,1,650,619,0,0,15.5,15.5,5,0,650,
3023,08-Jun-26,20:07:07,1,2,50,95,0,0,2.5,2.5,5,0,100,
3023,08-Jun-26,20:07:07,2,3,100,286,0,0,7,7,5,0,300,
3024,08-Jun-26,20:16:55,1,3,250,714,0,0,18,18,5,0,750,
3024,08-Jun-26,20:16:55,2,2,80,152,0,0,4,4,5,0,160,
3025,08-Jun-26,20:25:23,1,1,600,571,0,0,14.5,14.5,5,0,600,
3025,08-Jun-26,20:25:23,2,1,500,476,0,0,12,12,5,0,500,
3026,08-Jun-26,22:02:04,1,6,150,857,0,0,21.5,21.5,5,0,900,
3026,08-Jun-26,22:02:04,2,1,100,95,0,0,2.5,2.5,5,0,100,
3026,08-Jun-26,22:02:04,3,2,650,1238,0,0,31,31,5,0,1300,
3027,08-Jun-26,22:02:39,1,2,60,114,0,0,3,3,5,0,120,
3027,08-Jun-26,22:02:39,2,1,150,143,0,0,3.5,3.5,5,0,150,
3027,08-Jun-26,22:02:39,3,1,200,190,0,0,5,5,5,0,200,
3028,09-Jun-26,11:55:19,1,1,100,95,0,0,2.5,2.5,5,0,100,CASH
3029,09-Jun-26,12:59:41,1,1,650,619,0,0,15.5,15.5,5,0,650,
3029,09-Jun-26,12:59:41,2,1,150,143,0,0,3.5,3.5,5,0,150,
3029,09-Jun-26,12:59:41,3,1,100,95,0,0,2.5,2.5,5,0,100,
1350,22-Mar-26,19:24:21,1,1,500,476,0,0,12,12,5,0,500,
1350,22-Mar-26,19:24:21,2,1,350,333,0,0,8.5,8.5,5,0,350,
1350,22-Mar-26,19:24:21,3,1,300,286,0,0,7,7,5,0,300,
1351,22-Mar-26,19:42:31,1,2,350,667,0,0,16.5,16.5,5,0,700,
1351,22-Mar-26,19:42:31,2,2,300,571,0,0,14.5,14.5,5,0,600,
1352,22-Mar-26,19:45:47,1,6,250,1429,0,0,35.5,35.5,5,0,1500,
1352,22-Mar-26,19:45:47,2,4,400,1524,0,0,38,38,5,0,1600,
1352,22-Mar-26,19:45:47,3,4,200,762,0,0,19,19,5,0,800,
1352,22-Mar-26,19:45:47,4,1,250,238,0,0,6,6,5,0,250,
1352,22-Mar-26,19:45:47,5,2,150,286,0,0,7,7,5,0,300,
1352,22-Mar-26,19:45:47,6,2,100,190,0,0,5,5,5,0,200,
1352,22-Mar-26,19:45:47,7,2,50,95,0,0,2.5,2.5,5,0,100,
1353,22-Mar-26,19:52:45,1,1,200,190,0,0,5,5,5,0,200,
1353,22-Mar-26,19:52:45,2,1,100,95,0,0,2.5,2.5,5,0,100,
1354,22-Mar-26,19:57:50,1,1,250,238,0,0,6,6,5,0,250,
1354,22-Mar-26,19:57:50,2,2,150,286,0,0,7,7,5,0,300,
1354,22-Mar-26,19:57:50,3,1,150,143,0,0,3.5,3.5,5,0,150,
1366,23-Mar-26,17:24:47,4,1,120,114,0,0,3,3,5,0,120,
1366,23-Mar-26,17:24:47,5,2,80,152,0,0,4,4,5,0,160,
1367,23-Mar-26,17:47:45,1,2,100,190,0,0,5,5,5,0,200,
1367,23-Mar-26,17:47:45,2,4,70,267,0,0,6.5,6.5,5,0,280,
1367,23-Mar-26,17:47:45,3,1,100,95,0,0,2.5,2.5,5,0,100,
1367,23-Mar-26,17:47:45,4,1,150,143,0,0,3.5,3.5,5,0,150,
1368,23-Mar-26,17:53:48,1,1,120,114,0,0,3,3,5,0,120,
1368,23-Mar-26,17:53:48,2,1,150,143,0,0,3.5,3.5,5,0,150,
1368,23-Mar-26,17:53:48,3,1,150,143,0,0,3.5,3.5,5,0,150,
1369,23-Mar-26,18:04:47,1,1,150,143,0,0,3.5,3.5,5,0,150,
1369,23-Mar-26,18:04:47,2,1,200,190,0,0,5,5,5,0,200,
1370,23-Mar-26,18:06:45,1,1,120,114,0,0,3,3,5,0,120,
1370,23-Mar-26,18:06:45,2,2,120,229,0,0,5.5,5.5,5,0,240,
1370,23-Mar-26,18:06:45,3,2,250,476,0,0,12,12,5,0,500,
1370,23-Mar-26,18:06:45,4,2,250,476,0,0,12,12,5,0,500,
1370,23-Mar-26,18:06:45,5,1,400,381,0,0,9.5,9.5,5,0,400,
1370,23-Mar-26,18:06:45,6,1,350,333,0,0,8.5,8.5,5,0,350,
1387,25-Mar-26,10:24:45,1,2,120,229,0,0,5.5,5.5,5,0,240,
1387,25-Mar-26,10:24:45,2,1,120,114,0,0,3,3,5,0,120,
1387,25-Mar-26,10:24:45,3,1,60,57,0,0,1.5,1.5,5,0,60,
1387,25-Mar-26,10:24:45,4,1,120,114,0,0,3,3,5,0,120,
1388,25-Mar-26,15:32:07,1,4,200,762,0,0,19,19,5,0,800,
1389,25-Mar-26,18:21:13,1,10,75,714,0,0,18,18,5,0,750,
1390,25-Mar-26,18:55:58,1,1,250,238,0,0,6,6,5,0,250,
1390,25-Mar-26,18:55:58,2,1,500,476,0,0,12,12,5,0,500,
1391,25-Mar-26,19:16:23,1,1,400,381,0,0,9.5,9.5,5,0,400,
1392,25-Mar-26,20:02:57,1,3,50,143,0,0,3.5,3.5,5,0,150,
1393,25-Mar-26,20:03:10,1,2,150,286,0,0,7,7,5,0,300,
1394,25-Mar-26,20:47:19,1,2,150,286,0,0,7,7,5,0,300,
1395,25-Mar-26,20:48:30,1,1,200,190,0,0,5,5,5,0,200,
1395,25-Mar-26,20:48:30,2,1,250,238,0,0,6,6,5,0,250,
1396,25-Mar-26,20:52:44,1,1,100,95,0,0,2.5,2.5,5,0,100,
1396,25-Mar-26,20:52:44,2,1,150,143,0,0,3.5,3.5,5,0,150,
1396,25-Mar-26,20:52:44,3,1,120,114,0,0,3,3,5,0,120,
3029,09-Jun-26,12:59:41,4,1,50,48,0,0,1,1,5,0,50,
3030,09-Jun-26,13:04:13,1,5,120,571,0,0,14.5,14.5,5,0,600,
3030,09-Jun-26,13:04:13,2,1,500,476,0,0,12,12,5,0,500,
3030,09-Jun-26,13:04:13,3,1,450,429,0,0,10.5,10.5,5,0,450,
3031,09-Jun-26,13:09:15,1,1,150,143,0,0,3.5,3.5,5,0,150,
3032,09-Jun-26,14:04:48,1,1,350,333,0,0,8.5,8.5,5,0,350,
3032,09-Jun-26,14:04:48,2,3,400,1143,0,0,28.5,28.5,5,0,1200,
3032,09-Jun-26,14:04:48,3,1,450,429,0,0,10.5,10.5,5,0,450,
3033,09-Jun-26,15:06:45,1,2,150,286,0,0,7,7,5,0,300,
3034,09-Jun-26,15:29:33,1,2,150,286,0,0,7,7,5,0,300,
3034,09-Jun-26,15:29:33,2,5,80,381,0,0,9.5,9.5,5,0,400,
3035,09-Jun-26,15:30:15,1,4,100,381,0,0,9.5,9.5,5,0,400,
3036,09-Jun-26,15:32:44,1,1,300,286,0,0,7,7,5,0,300,
3037,09-Jun-26,16:10:28,1,2,120,229,0,0,5.5,5.5,5,0,240,
3037,09-Jun-26,16:10:28,2,2,150,286,0,0,7,7,5,0,300,
3037,09-Jun-26,16:10:28,3,1,100,95,0,0,2.5,2.5,5,0,100,
3037,09-Jun-26,16:10:28,4,5,60,286,0,0,7,7,5,0,300,
1148,13-Mar-26,16:50:09,1,2,250,476,0,0,12,12,5,0,500,
1148,13-Mar-26,16:50:09,2,1,300,286,0,0,7,7,5,0,300,
1149,13-Mar-26,17:48:14,1,1,120,114,0,0,3,3,5,0,120,
1149,13-Mar-26,17:48:14,2,1,260,248,0,0,6,6,5,0,260,
1150,13-Mar-26,17:50:14,1,1,70,67,0,0,1.5,1.5,5,0,70,
1151,13-Mar-26,18:30:08,1,1,250,238,0,0,6,6,5,0,250,
1152,13-Mar-26,18:45:50,1,1,200,190,0,0,5,5,5,0,200,
1153,13-Mar-26,18:58:48,1,1,250,238,0,0,6,6,5,0,250,
1154,13-Mar-26,20:07:39,1,2,200,381,0,0,9.5,9.5,5,0,400,
1155,13-Mar-26,20:11:28,1,1,250,238,0,0,6,6,5,0,250,
1156,13-Mar-26,20:14:07,1,1,100,95,0,0,2.5,2.5,5,0,100,
1157,13-Mar-26,20:38:11,1,1,400,381,0,0,9.5,9.5,5,0,400,
1158,13-Mar-26,21:17:10,1,1,320,305,0,0,7.5,7.5,5,0,320,
1158,13-Mar-26,21:17:10,2,1,250,238,0,0,6,6,5,0,250,
1158,13-Mar-26,21:17:10,3,1,120,114,0,0,3,3,5,0,120,
1159,13-Mar-26,21:31:02,1,2,120,229,0,0,5.5,5.5,5,0,240,
1160,13-Mar-26,22:10:24,1,1,200,190,0,0,5,5,5,0,200,
3038,09-Jun-26,16:21:07,1,1,500,476,0,0,12,12,5,0,500,
3039,09-Jun-26,17:04:22,1,1,150,143,0,0,3.5,3.5,5,0,150,CASH
3040,09-Jun-26,17:51:34,1,1,350,333,0,0,8.5,8.5,5,0,350,
3040,09-Jun-26,17:51:34,2,1,250,238,0,0,6,6,5,0,250,
3040,09-Jun-26,17:51:34,3,1,150,143,0,0,3.5,3.5,5,0,150,
3041,09-Jun-26,17:54:43,1,3,60,171,0,0,4.5,4.5,5,0,180,
3042,09-Jun-26,18:33:01,1,1,200,190,0,0,5,5,5,0,200,
3042,09-Jun-26,18:33:01,2,1,150,143,0,0,3.5,3.5,5,0,150,
3043,09-Jun-26,18:45:36,1,1,120,114,0,0,3,3,5,0,120,
3043,09-Jun-26,18:45:36,2,1,100,95,0,0,2.5,2.5,5,0,100,
3043,09-Jun-26,18:45:36,3,1,150,143,0,0,3.5,3.5,5,0,150,
3044,09-Jun-26,18:50:37,1,1,100,95,0,0,2.5,2.5,5,0,100,
3044,09-Jun-26,18:50:37,2,1,60,57,0,0,1.5,1.5,5,0,60,
3044,09-Jun-26,18:50:37,3,1,60,57,0,0,1.5,1.5,5,0,60,
3045,09-Jun-26,19:37:08,1,2,300,571,0,0,14.5,14.5,5,0,600,
3045,09-Jun-26,19:37:08,2,1,250,238,0,0,6,6,5,0,250,
3045,09-Jun-26,19:37:08,3,1,400,381,0,0,9.5,9.5,5,0,400,
4192,25-Jul-26,21:51:13,1,1,550,524,0,0,13,13,5,0,550,
4193,25-Jul-26,21:52:11,1,4,80,305,0,0,7.5,7.5,5,0,320,
4193,25-Jul-26,21:52:11,2,4,200,762,0,0,19,19,5,0,800,
4193,25-Jul-26,21:52:11,3,1,300,286,0,0,7,7,5,0,300,
4194,25-Jul-26,21:59:08,1,1,180,171,0,0,4.5,4.5,5,0,180,
4195,25-Jul-26,22:33:28,1,2,200,381,0,0,9.5,9.5,5,0,400,CASH
4195,25-Jul-26,22:33:28,2,1,100,95,0,0,2.5,2.5,5,0,100,CASH
4196,26-Jul-26,11:43:18,1,1,200,190,0,0,5,5,5,0,200,CASH
4197,26-Jul-26,11:44:31,1,1,150,143,0,0,3.5,3.5,5,0,150,
4197,26-Jul-26,11:44:31,2,1,130,124,0,0,3,3,5,0,130,
4198,26-Jul-26,12:38:38,1,1,200,190,0,0,5,5,5,0,200,
4198,26-Jul-26,12:38:38,2,1,150,143,0,0,3.5,3.5,5,0,150,
4198,26-Jul-26,12:38:38,3,1,100,95,0,0,2.5,2.5,5,0,100,
4198,26-Jul-26,12:38:38,4,1,300,286,0,0,7,7,5,0,300,
4199,26-Jul-26,12:43:45,1,5,650,3095,0,0,77.5,77.5,5,0,3250,
4200,26-Jul-26,13:34:12,1,3,500,1429,0,0,35.5,35.5,5,0,1500,
4200,26-Jul-26,13:34:12,2,2,550,1048,0,0,26,26,5,0,1100,
3045,09-Jun-26,19:37:08,4,2,150,286,0,0,7,7,5,0,300,
3045,09-Jun-26,19:37:08,5,1,70,67,0,0,1.5,1.5,5,0,70,
3045,09-Jun-26,19:37:08,6,3,60,171,0,0,4.5,4.5,5,0,180,
3045,09-Jun-26,19:37:08,7,2,100,190,0,0,5,5,5,0,200,
3045,09-Jun-26,19:37:08,8,1,50,48,0,0,1,1,5,0,50,
3046,09-Jun-26,19:40:30,1,1,250,238,0,0,6,6,5,0,250,
3047,09-Jun-26,19:47:58,1,1,200,190,0,0,5,5,5,0,200,
3048,09-Jun-26,19:58:56,1,1,250,238,0,0,6,6,5,0,250,
3049,09-Jun-26,20:04:35,1,1,120,114,0,0,3,3,5,0,120,
3049,09-Jun-26,20:04:35,2,2,150,286,0,0,7,7,5,0,300,
3049,09-Jun-26,20:04:35,3,4,20,76,0,0,2,2,5,0,80,
3050,09-Jun-26,20:20:31,1,1,250,238,0,0,6,6,5,0,250,
3051,09-Jun-26,21:25:54,1,1,200,190,0,0,5,5,5,0,200,
3052,09-Jun-26,21:31:41,1,2,20,38,0,0,1,1,5,0,40,
3052,09-Jun-26,21:31:41,2,2,200,381,0,0,9.5,9.5,5,0,400,
3052,09-Jun-26,21:31:41,3,1,100,95,0,0,2.5,2.5,5,0,100,
3052,09-Jun-26,21:31:41,4,2,80,152,0,0,4,4,5,0,160,
3366,24-Jun-26,18:21:56,1,1,700,667,0,0,16.5,16.5,5,0,700,
3367,24-Jun-26,18:28:23,1,1,250,238,0,0,6,6,5,0,250,CASH
3368,24-Jun-26,18:42:17,1,1,350,333,0,0,8.5,8.5,5,0,350,
3368,24-Jun-26,18:42:17,2,1,150,143,0,0,3.5,3.5,5,0,150,
3369,24-Jun-26,18:55:24,1,1,350,333,0,0,8.5,8.5,5,0,350,
3369,24-Jun-26,18:55:24,2,1,150,143,0,0,3.5,3.5,5,0,150,
3369,24-Jun-26,18:55:24,3,1,150,143,0,0,3.5,3.5,5,0,150,
3370,24-Jun-26,18:55:37,1,1,150,143,0,0,3.5,3.5,5,0,150,
3371,24-Jun-26,19:14:24,1,1,250,238,0,0,6,6,5,0,250,SAMSUL HOQUE
3372,24-Jun-26,19:15:23,1,1,150,143,0,0,3.5,3.5,5,0,150,
3372,24-Jun-26,19:15:23,2,1,200,190,0,0,5,5,5,0,200,
3373,24-Jun-26,19:27:46,1,1,100,95,0,0,2.5,2.5,5,0,100,
3374,24-Jun-26,19:51:37,1,1,100,95,0,0,2.5,2.5,5,0,100,CASH
3375,24-Jun-26,19:51:45,1,1,150,143,0,0,3.5,3.5,5,0,150,
3375,24-Jun-26,19:51:45,2,1,150,143,0,0,3.5,3.5,5,0,150,
3376,24-Jun-26,20:15:38,1,2,250,476,0,0,12,12,5,0,500,
3377,24-Jun-26,20:58:17,1,1,150,143,0,0,3.5,3.5,5,0,150,
3053,09-Jun-26,21:40:34,1,1,200,190,0,0,5,5,5,0,200,
3053,09-Jun-26,21:40:34,2,1,300,286,0,0,7,7,5,0,300,
3054,09-Jun-26,22:20:10,1,1,500,476,0,0,12,12,5,0,500,
3054,09-Jun-26,22:20:10,2,1,80,76,0,0,2,2,5,0,80,
3055,10-Jun-26,11:27:29,1,3,650,1857,0,0,46.5,46.5,5,0,1950,CASH
3055,10-Jun-26,11:27:29,2,2,250,476,0,0,12,12,5,0,500,CASH
3056,10-Jun-26,12:54:35,1,1,150,143,0,0,3.5,3.5,5,0,150,
3056,10-Jun-26,12:54:35,2,1,120,114,0,0,3,3,5,0,120,
3057,10-Jun-26,17:04:25,1,1,300,286,0,0,7,7,5,0,300,
3057,10-Jun-26,17:04:25,2,3,150,429,0,0,10.5,10.5,5,0,450,
3058,10-Jun-26,17:04:45,1,4,200,762,0,0,19,19,5,0,800,
3058,10-Jun-26,17:04:45,2,1,450,429,0,0,10.5,10.5,5,0,450,
3059,10-Jun-26,19:19:18,1,1,100,95,0,0,2.5,2.5,5,0,100,CASH
3060,10-Jun-26,19:23:44,1,1,40,38,0,0,1,1,5,0,40,
3060,10-Jun-26,19:23:44,2,2,60,114,0,0,3,3,5,0,120,
3060,10-Jun-26,19:23:44,3,1,150,143,0,0,3.5,3.5,5,0,150,
3061,10-Jun-26,19:33:54,1,2,40,76,0,0,2,2,5,0,80,
506,08-Feb-26,14:07:06,1,1,170,162,0,0,4,4,5,0,170,
507,08-Feb-26,15:35:21,1,1,100,95,0,0,2.5,2.5,5,0,100,
507,08-Feb-26,15:35:21,2,2,150,286,0,0,7,7,5,0,300,
508,08-Feb-26,15:43:02,1,2,100,190,0,0,5,5,5,0,200,
509,08-Feb-26,15:45:19,1,2,50,95,0,0,2.5,2.5,5,0,100,
509,08-Feb-26,15:45:19,2,2,80,152,0,0,4,4,5,0,160,
509,08-Feb-26,15:45:19,3,1,50,48,0,0,1,1,5,0,50,
509,08-Feb-26,15:45:19,4,1,150,143,0,0,3.5,3.5,5,0,150,
509,08-Feb-26,15:45:19,5,1,180,171,0,0,4.5,4.5,5,0,180,
509,08-Feb-26,15:45:19,6,1,300,286,0,0,7,7,5,0,300,
509,08-Feb-26,15:45:19,7,1,200,190,0,0,5,5,5,0,200,
509,08-Feb-26,15:45:19,8,2,150,286,0,0,7,7,5,0,300,
510,08-Feb-26,16:49:45,1,1,120,114,0,0,3,3,5,0,120,CASH
511,08-Feb-26,17:53:05,1,1,120,114,0,0,3,3,5,0,120,
511,08-Feb-26,17:53:05,2,1,320,305,0,0,7.5,7.5,5,0,320,
511,08-Feb-26,17:53:05,3,1,120,114,0,0,3,3,5,0,120,
512,08-Feb-26,17:54:57,1,1,200,190,0,0,5,5,5,0,200,
3062,10-Jun-26,19:49:28,1,1,150,143,0,0,3.5,3.5,5,0,150,
3062,10-Jun-26,19:49:28,2,1,100,95,0,0,2.5,2.5,5,0,100,
3063,10-Jun-26,19:50:01,1,3,60,171,0,0,4.5,4.5,5,0,180,
3064,10-Jun-26,19:50:27,1,1,100,95,0,0,2.5,2.5,5,0,100,
3065,10-Jun-26,20:00:45,1,4,250,952,0,0,24,24,5,0,1000,
3065,10-Jun-26,20:00:45,2,4,120,457,0,0,11.5,11.5,5,0,480,
3066,10-Jun-26,20:28:47,1,1,600,571,0,0,14.5,14.5,5,0,600,
3067,10-Jun-26,20:37:02,1,1,350,333,0,0,8.5,8.5,5,0,350,
3068,10-Jun-26,20:38:03,1,3,130,371,0,0,9.5,9.5,5,0,390,
3069,10-Jun-26,20:42:04,1,2,120,229,0,0,5.5,5.5,5,0,240,
3070,10-Jun-26,20:43:41,1,1,450,429,0,0,10.5,10.5,5,0,450,
3071,10-Jun-26,21:12:20,1,6,150,857,0,0,21.5,21.5,5,0,900,
3071,10-Jun-26,21:12:20,2,1,60,57,0,0,1.5,1.5,5,0,60,
3071,10-Jun-26,21:12:20,3,2,20,38,0,0,1,1,5,0,40,
3072,10-Jun-26,21:44:32,1,1,60,57,0,0,1.5,1.5,5,0,60,
3073,11-Jun-26,11:17:45,1,1,200,190,0,0,5,5,5,0,200,CASH
3074,11-Jun-26,15:34:27,1,2,200,381,0,0,9.5,9.5,5,0,400,
4200,26-Jul-26,13:34:12,3,3,250,714,0,0,18,18,5,0,750,
4200,26-Jul-26,13:34:12,4,1,300,286,0,0,7,7,5,0,300,
4201,26-Jul-26,14:06:42,1,1,150,143,0,0,3.5,3.5,5,0,150,
4202,26-Jul-26,14:47:44,1,2,80,152,0,0,4,4,5,0,160,
4203,26-Jul-26,14:49:22,1,1,200,190,0,0,5,5,5,0,200,
4204,26-Jul-26,14:51:57,1,3,100,286,0,0,7,7,5,0,300,
4204,26-Jul-26,14:51:57,2,3,150,429,0,0,10.5,10.5,5,0,450,
4204,26-Jul-26,14:51:57,3,1,50,48,0,0,1,1,5,0,50,
4205,26-Jul-26,15:33:53,1,1,100,95,0,0,2.5,2.5,5,0,100,
4206,26-Jul-26,16:13:08,1,1,500,476,0,0,12,12,5,0,500,
4207,26-Jul-26,16:26:05,1,1,350,333,0,0,8.5,8.5,5,0,350,
4208,26-Jul-26,16:26:40,1,1,120,114,0,0,3,3,5,0,120,
4209,26-Jul-26,16:34:02,1,2,120,229,0,0,5.5,5.5,5,0,240,
4209,26-Jul-26,16:34:02,2,1,150,143,0,0,3.5,3.5,5,0,150,
4210,26-Jul-26,17:24:25,1,2,200,381,0,0,9.5,9.5,5,0,400,
4210,26-Jul-26,17:24:25,2,1,260,248,0,0,6,6,5,0,260,
4210,26-Jul-26,17:24:25,3,1,130,124,0,0,3,3,5,0,130,
3393,25-Jun-26,16:08:14,8,1,100,95,0,0,2.5,2.5,5,0,100,SURESHBABU
3393,25-Jun-26,16:08:14,9,4,150,571,0,0,14.5,14.5,5,0,600,SURESHBABU
3394,25-Jun-26,16:52:38,1,2,200,381,0,0,9.5,9.5,5,0,400,SAMSUL HOQUE
3395,25-Jun-26,18:22:25,1,3,150,429,0,0,10.5,10.5,5,0,450,
3396,25-Jun-26,18:24:51,1,2,250,476,0,0,12,12,5,0,500,SAMSUL HOQUE
3396,25-Jun-26,18:24:51,2,2,550,1048,0,0,26,26,5,0,1100,SAMSUL HOQUE
3396,25-Jun-26,18:24:51,3,1,600,571,0,0,14.5,14.5,5,0,600,SAMSUL HOQUE
3396,25-Jun-26,18:24:51,4,1,700,667,0,0,16.5,16.5,5,0,700,SAMSUL HOQUE
3396,25-Jun-26,18:24:51,5,1,600,571,0,0,14.5,14.5,5,0,600,SAMSUL HOQUE
3396,25-Jun-26,18:24:51,6,1,450,429,0,0,10.5,10.5,5,0,450,SAMSUL HOQUE
3397,25-Jun-26,18:54:10,1,4,60,229,0,0,5.5,5.5,5,0,240,
3398,25-Jun-26,19:05:54,1,1,120,114,0,0,3,3,5,0,120,
3398,25-Jun-26,19:05:54,2,1,200,190,0,0,5,5,5,0,200,
3399,25-Jun-26,19:06:56,1,2,150,286,0,0,7,7,5,0,300,
3399,25-Jun-26,19:06:56,2,1,120,114,0,0,3,3,5,0,120,
3399,25-Jun-26,19:06:56,3,4,60,229,0,0,5.5,5.5,5,0,240,
3399,25-Jun-26,19:06:56,4,6,100,571,0,0,14.5,14.5,5,0,600,
4509,09-Aug-26,16:32:13,2,4,150,571,0,0,14.5,14.5,5,0,600,
4509,09-Aug-26,16:32:13,3,3,100,286,0,0,7,7,5,0,300,
4509,09-Aug-26,16:32:13,4,1,200,190,0,0,5,5,5,0,200,
4510,09-Aug-26,16:35:13,1,4,100,381,0,0,9.5,9.5,5,0,400,
4511,09-Aug-26,16:36:36,1,2,150,286,0,0,7,7,5,0,300,
4512,09-Aug-26,17:25:16,1,1,200,190,0,0,5,5,5,0,200,
4513,09-Aug-26,17:25:55,1,2,150,286,0,0,7,7,5,0,300,
4513,09-Aug-26,17:25:55,2,1,50,48,0,0,1,1,5,0,50,
4514,09-Aug-26,17:35:59,1,4,120,457,0,0,11.5,11.5,5,0,480,
4515,09-Aug-26,17:45:36,1,1,150,143,0,0,3.5,3.5,5,0,150,
4516,09-Aug-26,17:48:00,1,4,60,229,0,0,5.5,5.5,5,0,240,
4516,09-Aug-26,17:48:00,2,2,200,381,0,0,9.5,9.5,5,0,400,
4517,09-Aug-26,18:09:23,1,2,100,190,0,0,5,5,5,0,200,
4518,09-Aug-26,18:11:49,1,2,250,476,0,0,12,12,5,0,500,
4519,09-Aug-26,18:15:28,1,2,100,190,0,0,5,5,5,0,200,
4520,09-Aug-26,18:31:37,1,1,500,476,0,0,12,12,5,0,500,
4521,09-Aug-26,18:32:59,1,1,150,143,0,0,3.5,3.5,5,0,150,
3103,12-Jun-26,22:26:24,1,1,120,114,0,0,3,3,5,0,120,
3103,12-Jun-26,22:26:24,2,1,150,143,0,0,3.5,3.5,5,0,150,
3104,12-Jun-26,22:27:59,1,1,300,286,0,0,7,7,5,0,300,
3104,12-Jun-26,22:27:59,2,5,20,95,0,0,2.5,2.5,5,0,100,
3105,13-Jun-26,11:50:43,1,1,100,95,0,0,2.5,2.5,5,0,100,CASH
3106,13-Jun-26,13:55:04,1,3,120,343,0,0,8.5,8.5,5,0,360,CASH
3107,13-Jun-26,13:56:33,1,1,150,143,0,0,3.5,3.5,5,0,150,
3107,13-Jun-26,13:56:33,2,1,150,143,0,0,3.5,3.5,5,0,150,
3107,13-Jun-26,13:56:33,3,1,150,143,0,0,3.5,3.5,5,0,150,
3107,13-Jun-26,13:56:33,4,1,150,143,0,0,3.5,3.5,5,0,150,
3107,13-Jun-26,13:56:33,5,1,100,95,0,0,2.5,2.5,5,0,100,
3107,13-Jun-26,13:56:33,6,1,100,95,0,0,2.5,2.5,5,0,100,
3107,13-Jun-26,13:56:33,7,1,40,38,0,0,1,1,5,0,40,
3107,13-Jun-26,13:56:33,8,1,40,38,0,0,1,1,5,0,40,
3108,13-Jun-26,13:59:14,1,5,150,714,0,0,18,18,5,0,750,
3108,13-Jun-26,13:59:14,2,2,30,57,0,0,1.5,1.5,5,0,60,
3109,13-Jun-26,15:09:38,1,1,150,143,0,0,3.5,3.5,5,0,150,
3400,25-Jun-26,19:37:33,1,2,300,571,0,0,14.5,14.5,5,0,600,SAMSUL HOQUE
3400,25-Jun-26,19:37:33,2,1,250,238,0,0,6,6,5,0,250,SAMSUL HOQUE
3401,25-Jun-26,19:42:36,1,3,100,286,0,0,7,7,5,0,300,
3402,25-Jun-26,20:41:47,1,1,350,333,0,0,8.5,8.5,5,0,350,
3403,25-Jun-26,21:06:15,1,2,150,286,0,0,7,7,5,0,300,
3403,25-Jun-26,21:06:15,2,1,60,57,0,0,1.5,1.5,5,0,60,
3404,25-Jun-26,21:23:31,1,1,650,619,0,0,15.5,15.5,5,0,650,
3405,25-Jun-26,21:26:57,1,1,250,238,0,0,6,6,5,0,250,
3406,26-Jun-26,11:15:32,1,2,120,229,0,0,5.5,5.5,5,0,240,CASH
3407,26-Jun-26,12:59:41,1,1,500,476,0,0,12,12,5,0,500,
3407,26-Jun-26,12:59:41,2,1,150,143,0,0,3.5,3.5,5,0,150,
3407,26-Jun-26,12:59:41,3,1,300,286,0,0,7,7,5,0,300,
3407,26-Jun-26,12:59:41,4,1,350,333,0,0,8.5,8.5,5,0,350,
3407,26-Jun-26,12:59:41,5,1,250,238,0,0,6,6,5,0,250,
3408,26-Jun-26,13:00:32,1,4,30,114,0,0,3,3,5,0,120,
3409,26-Jun-26,13:00:47,1,1,100,95,0,0,2.5,2.5,5,0,100,
3410,26-Jun-26,13:37:34,1,1,200,190,0,0,5,5,5,0,200,
4210,26-Jul-26,17:24:25,4,1,250,238,0,0,6,6,5,0,250,
4210,26-Jul-26,17:24:25,5,1,100,95,0,0,2.5,2.5,5,0,100,
4210,26-Jul-26,17:24:25,6,1,80,76,0,0,2,2,5,0,80,
4211,26-Jul-26,17:27:04,1,2,150,286,0,0,7,7,5,0,300,
4212,26-Jul-26,18:10:25,1,1,250,238,0,0,6,6,5,0,250,
4212,26-Jul-26,18:10:25,2,1,250,238,0,0,6,6,5,0,250,
4212,26-Jul-26,18:10:25,3,1,300,286,0,0,7,7,5,0,300,
4212,26-Jul-26,18:10:25,4,1,150,143,0,0,3.5,3.5,5,0,150,
4213,26-Jul-26,18:11:41,1,1,100,95,0,0,2.5,2.5,5,0,100,
4213,26-Jul-26,18:11:41,2,3,60,171,0,0,4.5,4.5,5,0,180,
4214,26-Jul-26,18:43:09,1,6,80,457,0,0,11.5,11.5,5,0,480,
4214,26-Jul-26,18:43:09,2,2,30,57,0,0,1.5,1.5,5,0,60,
4215,26-Jul-26,18:54:05,1,1,150,143,0,0,3.5,3.5,5,0,150,
4215,26-Jul-26,18:54:05,2,3,40,114,0,0,3,3,5,0,120,
4215,26-Jul-26,18:54:05,3,3,70,200,0,0,5,5,5,0,210,
4215,26-Jul-26,18:54:05,4,2,60,114,0,0,3,3,5,0,120,
4215,26-Jul-26,18:54:05,5,1,50,48,0,0,1,1,5,0,50,
3410,26-Jun-26,13:37:34,2,1,200,190,0,0,5,5,5,0,200,
3410,26-Jun-26,13:37:34,3,1,200,190,0,0,5,5,5,0,200,
3410,26-Jun-26,13:37:34,4,1,100,95,0,0,2.5,2.5,5,0,100,
3411,26-Jun-26,14:15:51,1,6,150,857,0,0,21.5,21.5,5,0,900,
3411,26-Jun-26,14:15:51,2,1,60,57,0,0,1.5,1.5,5,0,60,
3411,26-Jun-26,14:15:51,3,1,60,57,0,0,1.5,1.5,5,0,60,
3411,26-Jun-26,14:15:51,4,1,540,514,0,0,13,13,5,0,540,
3411,26-Jun-26,14:15:51,5,1,100,95,0,0,2.5,2.5,5,0,100,
3412,26-Jun-26,14:18:50,1,1,120,114,0,0,3,3,5,0,120,
3413,26-Jun-26,14:22:18,1,3,200,571,0,0,14.5,14.5,5,0,600,
3414,26-Jun-26,14:38:36,1,2,200,381,0,0,9.5,9.5,5,0,400,
3414,26-Jun-26,14:38:36,2,1,150,143,0,0,3.5,3.5,5,0,150,
3415,26-Jun-26,16:17:03,1,1,250,238,0,0,6,6,5,0,250,
3416,26-Jun-26,16:17:13,1,6,40,229,0,0,5.5,5.5,5,0,240,
3417,26-Jun-26,16:39:44,1,4,50,190,0,0,5,5,5,0,200,
3418,26-Jun-26,17:56:51,1,1,300,286,0,0,7,7,5,0,300,CASH
3418,26-Jun-26,17:56:51,2,1,300,286,0,0,7,7,5,0,300,CASH
3425,26-Jun-26,22:07:03,2,1,100,95,0,0,2.5,2.5,5,0,100,
3425,26-Jun-26,22:07:03,3,1,650,619,0,0,15.5,15.5,5,0,650,
3425,26-Jun-26,22:07:03,4,1,350,333,0,0,8.5,8.5,5,0,350,
3425,26-Jun-26,22:07:03,5,2,120,229,0,0,5.5,5.5,5,0,240,
3426,27-Jun-26,11:02:50,1,1,100,95,0,0,2.5,2.5,5,0,100,CASH
3426,27-Jun-26,11:02:50,2,2,60,114,0,0,3,3,5,0,120,CASH
3426,27-Jun-26,11:02:50,3,1,100,95,0,0,2.5,2.5,5,0,100,CASH
3427,27-Jun-26,11:27:44,1,1,250,238,0,0,6,6,5,0,250,
3427,27-Jun-26,11:27:44,2,1,400,381,0,0,9.5,9.5,5,0,400,
3428,27-Jun-26,11:49:03,1,2,250,476,0,0,12,12,5,0,500,
3429,27-Jun-26,15:11:01,1,4,40,152,0,0,4,4,5,0,160,
3430,27-Jun-26,16:24:43,1,1,350,333,0,0,8.5,8.5,5,0,350,
3430,27-Jun-26,16:24:43,2,2,200,381,0,0,9.5,9.5,5,0,400,
3431,27-Jun-26,16:27:08,1,2,50,95,0,0,2.5,2.5,5,0,100,
3432,27-Jun-26,16:50:39,1,2,350,667,0,0,16.5,16.5,5,0,700,
3432,27-Jun-26,16:50:39,2,2,200,381,0,0,9.5,9.5,5,0,400,
3433,27-Jun-26,17:30:55,1,1,250,238,0,0,6,6,5,0,250,
245,25-Jan-26,17:09:40,2,1,200,190,0,0,5,5,5,0,200,
246,25-Jan-26,17:44:11,1,2,500,952,0,0,24,24,5,0,1000,
246,25-Jan-26,17:44:11,2,1,300,286,0,0,7,7,5,0,300,
247,25-Jan-26,18:12:47,1,1,350,333,0,0,8.5,8.5,5,0,350,CASH
247,25-Jan-26,18:12:47,2,2,130,248,0,0,6,6,5,0,260,CASH
248,25-Jan-26,18:14:20,1,1,400,381,0,0,9.5,9.5,5,0,400,CASH
248,25-Jan-26,18:14:20,2,1,150,143,0,0,3.5,3.5,5,0,150,CASH
249,25-Jan-26,18:19:03,1,1,200,190,0,0,5,5,5,0,200,
249,25-Jan-26,18:19:03,2,1,350,333,0,0,8.5,8.5,5,0,350,
250,25-Jan-26,18:19:26,1,1,150,143,0,0,3.5,3.5,5,0,150,
251,25-Jan-26,18:34:07,1,2,150,286,0,0,7,7,5,0,300,
252,25-Jan-26,18:36:35,1,1,60,57,0,0,1.5,1.5,5,0,60,CASH
252,25-Jan-26,18:36:35,2,1,60,57,0,0,1.5,1.5,5,0,60,CASH
252,25-Jan-26,18:36:35,3,3,200,571,0,0,14.5,14.5,5,0,600,CASH
252,25-Jan-26,18:36:35,4,1,150,143,0,0,3.5,3.5,5,0,150,CASH
253,25-Jan-26,18:43:16,1,1,150,143,0,0,3.5,3.5,5,0,150,
253,25-Jan-26,18:43:16,2,1,50,48,0,0,1,1,5,0,50,
406,02-Feb-26,12:09:37,2,1,650,619,0,0,15.5,15.5,5,0,650,CASH
406,02-Feb-26,12:09:37,3,1,300,286,0,0,7,7,5,0,300,CASH
407,02-Feb-26,12:34:31,1,1,450,429,0,0,10.5,10.5,5,0,450,
408,02-Feb-26,16:54:14,1,3,110,314,0,0,8,8,5,0,330,
409,02-Feb-26,16:54:39,1,3,450,1286,0,0,32,32,5,0,1350,
410,02-Feb-26,17:21:55,1,1,350,333,0,0,8.5,8.5,5,0,350,
410,02-Feb-26,17:21:55,2,1,100,95,0,0,2.5,2.5,5,0,100,
411,02-Feb-26,19:12:11,1,1,70,67,0,0,1.5,1.5,5,0,70,
412,02-Feb-26,19:46:48,1,3,150,429,0,0,10.5,10.5,5,0,450,
412,02-Feb-26,19:46:48,2,1,100,95,0,0,2.5,2.5,5,0,100,
413,02-Feb-26,19:47:18,1,3,150,429,0,0,10.5,10.5,5,0,450,
414,02-Feb-26,20:42:31,1,1,200,190,0,0,5,5,5,0,200,
415,02-Feb-26,21:17:57,1,1,300,286,0,0,7,7,5,0,300,
415,02-Feb-26,21:17:57,2,1,450,429,0,0,10.5,10.5,5,0,450,
415,02-Feb-26,21:17:57,3,1,150,143,0,0,3.5,3.5,5,0,150,
415,02-Feb-26,21:17:57,4,1,250,238,0,0,6,6,5,0,250,
416,02-Feb-26,21:29:55,1,1,600,571,0,0,14.5,14.5,5,0,600,
498,07-Feb-26,20:04:57,7,1,200,190,0,0,5,5,5,0,200,
498,07-Feb-26,20:04:57,8,1,300,286,0,0,7,7,5,0,300,
498,07-Feb-26,20:04:57,9,1,300,286,0,0,7,7,5,0,300,
498,07-Feb-26,20:04:57,10,1,1000,952,0,0,24,24,5,0,1000,
498,07-Feb-26,20:04:57,11,1,100,95,0,0,2.5,2.5,5,0,100,
499,07-Feb-26,20:10:26,1,1,200,190,0,0,5,5,5,0,200,
500,07-Feb-26,20:14:30,1,1,350,333,0,0,8.5,8.5,5,0,350,
501,07-Feb-26,20:18:21,1,1,100,95,0,0,2.5,2.5,5,0,100,
501,07-Feb-26,20:18:21,2,1,100,95,0,0,2.5,2.5,5,0,100,
501,07-Feb-26,20:18:21,3,1,100,95,0,0,2.5,2.5,5,0,100,
501,07-Feb-26,20:18:21,4,2,250,476,0,0,12,12,5,0,500,
502,07-Feb-26,20:50:34,1,1,500,476,0,0,12,12,5,0,500,
503,07-Feb-26,21:05:36,1,4,100,381,0,0,9.5,9.5,5,0,400,
503,07-Feb-26,21:05:36,2,1,200,190,0,0,5,5,5,0,200,
504,07-Feb-26,21:13:01,1,1,200,190,0,0,5,5,5,0,200,
504,07-Feb-26,21:13:01,2,2,150,286,0,0,7,7,5,0,300,
505,08-Feb-26,11:23:02,1,1,200,190,0,0,5,5,5,0,200,CASH
900,01-Mar-26,18:57:55,3,1,300,286,0,0,7,7,5,0,300,
900,01-Mar-26,18:57:55,4,1,200,190,0,0,5,5,5,0,200,
901,01-Mar-26,19:04:45,1,1,200,190,0,0,5,5,5,0,200,
902,01-Mar-26,19:58:04,1,3,120,343,0,0,8.5,8.5,5,0,360,
902,01-Mar-26,19:58:04,2,1,100,95,0,0,2.5,2.5,5,0,100,
903,01-Mar-26,20:17:25,1,1,80,76,0,0,2,2,5,0,80,
903,01-Mar-26,20:17:25,2,6,100,571,0,0,14.5,14.5,5,0,600,
903,01-Mar-26,20:17:25,3,5,40,190,0,0,5,5,5,0,200,
904,01-Mar-26,20:37:42,1,3,150,429,0,0,10.5,10.5,5,0,450,
905,01-Mar-26,20:49:06,1,2,175,333,0,0,8.5,8.5,5,0,350,
906,01-Mar-26,20:49:33,1,1,150,143,0,0,3.5,3.5,5,0,150,
906,01-Mar-26,20:49:33,2,1,100,95,0,0,2.5,2.5,5,0,100,
906,01-Mar-26,20:49:33,3,1,60,57,0,0,1.5,1.5,5,0,60,
907,01-Mar-26,21:17:49,1,3,300,857,0,0,21.5,21.5,5,0,900,
907,01-Mar-26,21:17:49,2,2,150,286,0,0,7,7,5,0,300,
907,01-Mar-26,21:17:49,3,1,100,95,0,0,2.5,2.5,5,0,100,
907,01-Mar-26,21:17:49,4,4,50,190,0,0,5,5,5,0,200,
970,05-Mar-26,19:08:40,3,1,60,57,0,0,1.5,1.5,5,0,60,CASH
971,05-Mar-26,19:33:18,1,10,40,381,0,0,9.5,9.5,5,0,400,
971,05-Mar-26,19:33:18,2,4,100,381,0,0,9.5,9.5,5,0,400,
972,05-Mar-26,19:37:55,1,1,250,238,0,0,6,6,5,0,250,
973,05-Mar-26,20:14:50,1,1,100,95,0,0,2.5,2.5,5,0,100,
973,05-Mar-26,20:14:50,2,1,160,152,0,0,4,4,5,0,160,
973,05-Mar-26,20:14:50,3,1,100,95,0,0,2.5,2.5,5,0,100,
973,05-Mar-26,20:14:50,4,1,30,29,0,0,0.5,0.5,5,0,30,
974,05-Mar-26,20:29:37,1,5,40,190,0,0,5,5,5,0,200,
975,05-Mar-26,20:30:18,1,1,600,571,0,0,14.5,14.5,5,0,600,
976,05-Mar-26,20:31:08,1,3,200,571,0,0,14.5,14.5,5,0,600,
976,05-Mar-26,20:31:08,2,1,600,571,0,0,14.5,14.5,5,0,600,
977,05-Mar-26,20:47:46,1,4,120,457,0,0,11.5,11.5,5,0,480,CASH
977,05-Mar-26,20:47:46,2,1,350,333,0,0,8.5,8.5,5,0,350,CASH
978,05-Mar-26,20:48:03,1,1,150,143,0,0,3.5,3.5,5,0,150,
978,05-Mar-26,20:48:03,2,1,60,57,0,0,1.5,1.5,5,0,60,
979,05-Mar-26,20:51:26,1,4,60,229,0,0,5.5,5.5,5,0,240,
3433,27-Jun-26,17:30:55,2,1,200,190,0,0,5,5,5,0,200,
3434,27-Jun-26,18:21:56,1,2,350,667,0,0,16.5,16.5,5,0,700,
3434,27-Jun-26,18:21:56,2,2,300,571,0,0,14.5,14.5,5,0,600,
3434,27-Jun-26,18:21:56,3,1,200,190,0,0,5,5,5,0,200,
3434,27-Jun-26,18:21:56,4,2,150,286,0,0,7,7,5,0,300,
3434,27-Jun-26,18:21:56,5,1,60,57,0,0,1.5,1.5,5,0,60,
3435,27-Jun-26,18:30:25,1,1,450,429,0,0,10.5,10.5,5,0,450,
3435,27-Jun-26,18:30:25,2,2,250,476,0,0,12,12,5,0,500,
3436,27-Jun-26,19:16:00,1,1,200,190,0,0,5,5,5,0,200,
3437,27-Jun-26,19:16:10,1,2,130,248,0,0,6,6,5,0,260,
3437,27-Jun-26,19:16:10,2,2,130,248,0,0,6,6,5,0,260,
3437,27-Jun-26,19:16:10,3,1,60,57,0,0,1.5,1.5,5,0,60,
3437,27-Jun-26,19:16:10,4,1,100,95,0,0,2.5,2.5,5,0,100,
3437,27-Jun-26,19:16:10,5,1,150,143,0,0,3.5,3.5,5,0,150,
3437,27-Jun-26,19:16:10,6,3,40,114,0,0,3,3,5,0,120,
3438,27-Jun-26,19:39:18,1,4,50,190,0,0,5,5,5,0,200,
3438,27-Jun-26,19:39:18,2,3,80,229,0,0,5.5,5.5,5,0,240,
51,17-Jan-26,16:55:07,2,3,100,286,0,0,7,7,5,0,300,
51,17-Jan-26,16:55:07,3,2,400,762,0,0,19,19,5,0,800,
51,17-Jan-26,16:55:07,4,1,300,286,0,0,7,7,5,0,300,
52,17-Jan-26,16:58:10,1,1,300,286,0,0,7,7,5,0,300,
53,17-Jan-26,17:07:46,1,1,100,95,0,0,2.5,2.5,5,0,100,
54,17-Jan-26,17:11:19,1,1,500,476,0,0,12,12,5,0,500,
55,17-Jan-26,17:55:00,1,1,100,95,0,0,2.5,2.5,5,0,100,
56,17-Jan-26,17:57:35,1,1,100,95,0,0,2.5,2.5,5,0,100,
56,17-Jan-26,17:57:35,2,1,120,114,0,0,3,3,5,0,120,
57,17-Jan-26,17:58:00,1,1,500,476,0,0,12,12,5,0,500,
58,17-Jan-26,18:15:08,1,1,200,190,0,0,5,5,5,0,200,
59,17-Jan-26,18:19:49,1,2,200,381,0,0,9.5,9.5,5,0,400,
60,17-Jan-26,18:23:51,1,5,500,2381,0,0,59.5,59.5,5,0,2500,
60,17-Jan-26,18:23:51,2,1,540,514,0,0,13,13,5,0,540,
61,17-Jan-26,18:38:34,1,2,100,190,0,0,5,5,5,0,200,
62,17-Jan-26,18:38:47,1,3,50,143,0,0,3.5,3.5,5,0,150,
63,17-Jan-26,18:49:31,1,2,100,190,0,0,5,5,5,0,200,
78,18-Jan-26,12:35:25,1,4,50,190,0,0,5,5,5,0,200,
79,18-Jan-26,13:12:30,1,1,100,95,0,0,2.5,2.5,5,0,100,
80,18-Jan-26,13:12:53,1,1,50,48,0,0,1,1,5,0,50,
81,18-Jan-26,13:32:27,1,7,40,267,0,0,6.5,6.5,5,0,280,
81,18-Jan-26,13:32:27,2,1,20,19,0,0,0.5,0.5,5,0,20,
82,18-Jan-26,13:33:05,1,1,100,95,0,0,2.5,2.5,5,0,100,
83,18-Jan-26,14:50:39,1,2,75,143,0,0,3.5,3.5,5,0,150,
83,18-Jan-26,14:50:39,2,1,50,48,0,0,1,1,5,0,50,
84,18-Jan-26,15:49:03,1,1,70,67,0,0,1.5,1.5,5,0,70,CASH
84,18-Jan-26,15:49:03,2,1,100,95,0,0,2.5,2.5,5,0,100,CASH
84,18-Jan-26,15:49:03,3,2,100,190,0,0,5,5,5,0,200,CASH
84,18-Jan-26,15:49:03,4,3,300,857,0,0,21.5,21.5,5,0,900,CASH
84,18-Jan-26,15:49:03,5,1,200,190,0,0,5,5,5,0,200,CASH
84,18-Jan-26,15:49:03,6,1,250,238,0,0,6,6,5,0,250,CASH
84,18-Jan-26,15:49:03,7,2,100,190,0,0,5,5,5,0,200,CASH
84,18-Jan-26,15:49:03,8,1,80,76,0,0,2,2,5,0,80,CASH
85,18-Jan-26,16:08:45,1,2,100,190,0,0,5,5,5,0,200,
103,19-Jan-26,12:19:57,2,2,150,286,0,0,7,7,5,0,300,
103,19-Jan-26,12:19:57,3,2,250,476,0,0,12,12,5,0,500,
104,19-Jan-26,12:25:35,1,3,200,571,0,0,14.5,14.5,5,0,600,
105,19-Jan-26,12:44:45,1,3,200,571,0,0,14.5,14.5,5,0,600,
106,19-Jan-26,13:20:42,1,2,100,190,0,0,5,5,5,0,200,
107,19-Jan-26,13:56:23,1,1,350,333,0,0,8.5,8.5,5,0,350,
108,19-Jan-26,16:01:08,1,5,200,952,0,0,24,24,5,0,1000,
108,19-Jan-26,16:01:08,2,1,30,29,0,0,0.5,0.5,5,0,30,
108,19-Jan-26,16:01:08,3,1,150,143,0,0,3.5,3.5,5,0,150,
108,19-Jan-26,16:01:08,4,1,300,286,0,0,7,7,5,0,300,
109,19-Jan-26,17:56:07,1,2,150,286,0,0,7,7,5,0,300,
109,19-Jan-26,17:56:07,2,1,200,190,0,0,5,5,5,0,200,
110,19-Jan-26,18:49:24,1,4,150,571,0,0,14.5,14.5,5,0,600,
111,19-Jan-26,18:50:09,1,1,150,143,0,0,3.5,3.5,5,0,150,
112,19-Jan-26,18:50:48,1,1,100,95,0,0,2.5,2.5,5,0,100,
113,19-Jan-26,19:15:55,1,2,100,190,0,0,5,5,5,0,200,
114,19-Jan-26,19:29:26,1,2,115,219,0,0,5.5,5.5,5,0,230,
430,03-Feb-26,16:57:14,6,1,130,124,0,0,3,3,5,0,130,
431,03-Feb-26,18:49:55,1,1,350,333,0,0,8.5,8.5,5,0,350,
431,03-Feb-26,18:49:55,2,1,200,190,0,0,5,5,5,0,200,
431,03-Feb-26,18:49:55,3,1,100,95,0,0,2.5,2.5,5,0,100,
432,03-Feb-26,20:10:11,1,2,100,190,0,0,5,5,5,0,200,
433,03-Feb-26,20:10:56,1,1,120,114,0,0,3,3,5,0,120,
433,03-Feb-26,20:10:56,2,1,120,114,0,0,3,3,5,0,120,
434,03-Feb-26,20:32:31,1,1,120,114,0,0,3,3,5,0,120,
435,03-Feb-26,20:44:52,1,1,150,143,0,0,3.5,3.5,5,0,150,
436,03-Feb-26,21:37:27,1,1,200,190,0,0,5,5,5,0,200,
436,03-Feb-26,21:37:27,2,1,150,143,0,0,3.5,3.5,5,0,150,
436,03-Feb-26,21:37:27,3,1,150,143,0,0,3.5,3.5,5,0,150,
436,03-Feb-26,21:37:27,4,1,150,143,0,0,3.5,3.5,5,0,150,
436,03-Feb-26,21:37:27,5,1,150,143,0,0,3.5,3.5,5,0,150,
436,03-Feb-26,21:37:27,6,1,150,143,0,0,3.5,3.5,5,0,150,
436,03-Feb-26,21:37:27,7,1,150,143,0,0,3.5,3.5,5,0,150,
437,03-Feb-26,22:20:38,1,2,500,952,0,0,24,24,5,0,1000,CASH
253,25-Jan-26,18:43:16,3,2,50,95,0,0,2.5,2.5,5,0,100,
254,25-Jan-26,19:09:05,1,2,100,190,0,0,5,5,5,0,200,
255,25-Jan-26,19:30:34,1,1,200,190,0,0,5,5,5,0,200,
256,25-Jan-26,20:12:01,1,4,300,1143,0,0,28.5,28.5,5,0,1200,
256,25-Jan-26,20:12:01,2,1,60,57,0,0,1.5,1.5,5,0,60,
256,25-Jan-26,20:12:01,3,1,300,286,0,0,7,7,5,0,300,
256,25-Jan-26,20:12:01,4,1,300,286,0,0,7,7,5,0,300,
257,25-Jan-26,20:19:08,1,3,200,571,0,0,14.5,14.5,5,0,600,CASH
257,25-Jan-26,20:19:08,2,1,120,114,0,0,3,3,5,0,120,CASH
257,25-Jan-26,20:19:08,3,1,350,333,0,0,8.5,8.5,5,0,350,CASH
257,25-Jan-26,20:19:08,4,1,150,143,0,0,3.5,3.5,5,0,150,CASH
257,25-Jan-26,20:19:08,5,1,80,76,0,0,2,2,5,0,80,CASH
257,25-Jan-26,20:19:08,6,1,100,95,0,0,2.5,2.5,5,0,100,CASH
257,25-Jan-26,20:19:08,7,1,150,143,0,0,3.5,3.5,5,0,150,CASH
257,25-Jan-26,20:19:08,8,1,100,95,0,0,2.5,2.5,5,0,100,CASH
258,25-Jan-26,20:28:15,1,1,100,95,0,0,2.5,2.5,5,0,100,
259,25-Jan-26,20:32:15,1,1,350,333,0,0,8.5,8.5,5,0,350,
437,03-Feb-26,22:20:38,2,1,150,143,0,0,3.5,3.5,5,0,150,CASH
438,04-Feb-26,11:58:46,1,2,50,95,0,0,2.5,2.5,5,0,100,CASH
438,04-Feb-26,11:58:46,2,2,80,152,0,0,4,4,5,0,160,CASH
438,04-Feb-26,11:58:46,3,1,100,95,0,0,2.5,2.5,5,0,100,CASH
438,04-Feb-26,11:58:46,4,1,90,86,0,0,2,2,5,0,90,CASH
439,04-Feb-26,12:10:14,1,2,350,667,0,0,16.5,16.5,5,0,700,AT
439,04-Feb-26,12:10:14,2,4,550,2095,0,0,52.5,52.5,5,0,2200,AT
439,04-Feb-26,12:10:14,3,1,300,286,0,0,7,7,5,0,300,AT
440,04-Feb-26,12:24:22,1,2,100,190,0,0,5,5,5,0,200,
441,04-Feb-26,13:07:13,1,4,200,762,0,0,19,19,5,0,0,
441,04-Feb-26,13:07:13,2,2,80,152,0,0,4,4,5,0,160,
441,04-Feb-26,13:07:13,3,2,150,286,0,0,7,7,5,0,300,
441,04-Feb-26,13:07:13,4,1,150,143,0,0,3.5,3.5,5,0,150,
441,04-Feb-26,13:07:13,5,1,90,86,0,0,2,2,5,0,90,
442,04-Feb-26,13:14:04,1,1,200,190,0,0,5,5,5,0,200,
442,04-Feb-26,13:14:04,2,1,200,190,0,0,5,5,5,0,200,
442,04-Feb-26,13:14:04,3,1,150,143,0,0,3.5,3.5,5,0,150,
4531,09-Aug-26,19:22:59,1,1,200,190,0,0,5,5,5,0,200,
4532,09-Aug-26,19:26:36,1,1,250,238,0,0,6,6,5,0,250,
4533,09-Aug-26,19:56:10,1,1,650,619,0,0,15.5,15.5,5,0,650,
4534,09-Aug-26,19:57:20,1,2,250,476,0,0,12,12,5,0,500,
4534,09-Aug-26,19:57:20,2,1,100,95,0,0,2.5,2.5,5,0,100,
4535,09-Aug-26,20:00:04,1,1,350,333,0,0,8.5,8.5,5,0,350,
4535,09-Aug-26,20:00:04,2,1,650,619,0,0,15.5,15.5,5,0,650,
4536,09-Aug-26,20:02:36,1,1,350,333,0,0,8.5,8.5,5,0,350,
4537,09-Aug-26,20:28:33,1,3,150,429,0,0,10.5,10.5,5,0,450,
4538,09-Aug-26,20:38:50,1,1,130,124,0,0,3,3,5,0,130,
4538,09-Aug-26,20:38:50,2,1,200,190,0,0,5,5,5,0,200,
4538,09-Aug-26,20:38:50,3,1,650,619,0,0,15.5,15.5,5,0,650,
4539,09-Aug-26,20:54:19,1,1,150,143,0,0,3.5,3.5,5,0,150,
4540,09-Aug-26,21:20:11,1,1,350,333,0,0,8.5,8.5,5,0,350,
4541,09-Aug-26,21:33:45,1,1,150,143,0,0,3.5,3.5,5,0,150,
4541,09-Aug-26,21:33:45,2,2,100,190,0,0,5,5,5,0,200,
4542,09-Aug-26,21:40:30,1,2,120,229,0,0,5.5,5.5,5,0,240,
4664,15-Aug-26,14:07:01,2,1,100,95,0,0,2.5,2.5,5,0,100,
4664,15-Aug-26,14:07:01,3,1,650,619,0,0,15.5,15.5,5,0,650,
4664,15-Aug-26,14:07:01,4,1,400,381,0,0,9.5,9.5,5,0,400,
4664,15-Aug-26,14:07:01,5,6,200,1143,0,0,28.5,28.5,5,0,1200,
4664,15-Aug-26,14:07:01,6,5,60,286,0,0,7,7,5,0,300,
4665,15-Aug-26,14:45:24,1,9,150,1286,0,0,32,32,5,0,1350,
4665,15-Aug-26,14:45:24,2,1,250,238,0,0,6,6,5,0,250,
4666,15-Aug-26,14:48:16,1,1,450,429,0,0,10.5,10.5,5,0,450,
4666,15-Aug-26,14:48:16,2,1,400,381,0,0,9.5,9.5,5,0,400,
4666,15-Aug-26,14:48:16,3,3,250,714,0,0,18,18,5,0,750,
4666,15-Aug-26,14:48:16,4,3,150,429,0,0,10.5,10.5,5,0,450,
4666,15-Aug-26,14:48:16,5,1,500,476,0,0,12,12,5,0,500,
4666,15-Aug-26,14:48:16,6,1,750,714,0,0,18,18,5,0,750,
4666,15-Aug-26,14:48:16,7,1,600,571,0,0,14.5,14.5,5,0,600,
4666,15-Aug-26,14:48:16,8,1,300,286,0,0,7,7,5,0,300,
4667,15-Aug-26,15:01:05,1,2,150,286,0,0,7,7,5,0,300,
4667,15-Aug-26,15:01:05,2,2,40,76,0,0,2,2,5,0,80,
63,17-Jan-26,18:49:31,2,1,80,76,0,0,2,2,5,0,80,
64,17-Jan-26,19:07:49,1,2,150,286,0,0,7,7,5,0,300,
64,17-Jan-26,19:07:49,2,1,200,190,0,0,5,5,5,0,200,
64,17-Jan-26,19:07:49,3,4,100,381,0,0,9.5,9.5,5,0,400,
64,17-Jan-26,19:07:49,4,4,200,762,0,0,19,19,5,0,800,
64,17-Jan-26,19:07:49,5,1,150,143,0,0,3.5,3.5,5,0,150,
65,17-Jan-26,19:54:32,1,2,500,952,0,0,24,24,5,0,1000,
65,17-Jan-26,19:54:32,2,2,100,190,0,0,5,5,5,0,200,
65,17-Jan-26,19:54:32,3,1,150,143,0,0,3.5,3.5,5,0,150,
65,17-Jan-26,19:54:32,4,1,200,190,0,0,5,5,5,0,200,
66,17-Jan-26,20:28:37,1,5,50,238,0,0,6,6,5,0,250,
67,17-Jan-26,20:43:30,1,3,50,143,0,0,3.5,3.5,5,0,150,
68,17-Jan-26,20:44:16,1,2,40,76,0,0,2,2,5,0,0,
68,17-Jan-26,20:44:16,2,1,100,95,0,0,2.5,2.5,5,0,100,
69,17-Jan-26,20:47:09,1,1,250,238,0,0,6,6,5,0,250,
70,17-Jan-26,20:55:52,1,1,320,305,0,0,7.5,7.5,5,0,320,
70,17-Jan-26,20:55:52,2,1,720,686,0,0,17,17,5,0,720,
125,19-Jan-26,22:18:43,1,1,1000,952,0,0,24,24,5,0,1000,
126,20-Jan-26,11:12:15,1,1,350,333,0,0,8.5,8.5,5,0,350,CASH
127,20-Jan-26,13:58:42,1,2,250,476,0,0,12,12,5,0,500,
127,20-Jan-26,13:58:42,2,1,200,190,0,0,5,5,5,0,200,
128,20-Jan-26,14:11:03,1,2,150,286,0,0,7,7,5,0,300,
129,20-Jan-26,14:11:21,1,2,150,286,0,0,7,7,5,0,300,
129,20-Jan-26,14:11:21,2,1,100,95,0,0,2.5,2.5,5,0,100,
130,20-Jan-26,15:47:07,1,3,150,429,0,0,10.5,10.5,5,0,450,CASH
130,20-Jan-26,15:47:07,2,1,150,143,0,0,3.5,3.5,5,0,150,CASH
131,20-Jan-26,16:13:37,1,1,950,905,0,0,22.5,22.5,5,0,950,
132,20-Jan-26,16:27:33,1,4,40,152,0,0,4,4,5,0,160,
133,20-Jan-26,16:37:17,1,2,80,152,0,0,4,4,5,0,160,
134,20-Jan-26,16:40:27,1,1,250,238,0,0,6,6,5,0,250,
135,20-Jan-26,17:10:16,1,3,100,286,0,0,7,7,5,0,300,
135,20-Jan-26,17:10:16,2,1,130,124,0,0,3,3,5,0,130,
135,20-Jan-26,17:10:16,3,1,120,114,0,0,3,3,5,0,120,
136,20-Jan-26,18:24:35,1,1,350,333,0,0,8.5,8.5,5,0,350,
4771,19-Aug-26,16:32:36,1,1,200,190,0,0,5,5,5,0,200,
4772,19-Aug-26,16:33:31,1,1,50,48,0,0,1,1,5,0,50,
4773,19-Aug-26,17:26:01,1,3,50,143,0,0,3.5,3.5,5,0,150,
4774,19-Aug-26,18:23:13,1,2,750,1429,0,0,35.5,35.5,5,0,1500,
4775,19-Aug-26,18:35:02,1,2,120,229,0,0,5.5,5.5,5,0,240,CASH
4776,19-Aug-26,19:55:21,1,1,100,95,0,0,2.5,2.5,5,0,100,
4777,19-Aug-26,19:57:47,1,2,70,133,0,0,3.5,3.5,5,0,140,
4777,19-Aug-26,19:57:47,2,2,40,76,0,0,2,2,5,0,80,
4777,19-Aug-26,19:57:47,3,1,100,95,0,0,2.5,2.5,5,0,100,
4778,19-Aug-26,20:08:21,1,1,40,38,0,0,1,1,5,0,40,
4778,19-Aug-26,20:08:21,2,1,60,57,0,0,1.5,1.5,5,0,60,
4778,19-Aug-26,20:08:21,3,6,50,286,0,0,7,7,5,0,300,
4779,19-Aug-26,20:08:48,1,1,300,286,0,0,7,7,5,0,300,
4780,19-Aug-26,20:14:13,1,3,200,571,0,0,14.5,14.5,5,0,600,
4781,19-Aug-26,20:15:37,1,4,150,571,0,0,14.5,14.5,5,0,600,
4782,19-Aug-26,20:54:34,1,1,150,143,0,0,3.5,3.5,5,0,150,
4783,19-Aug-26,21:36:40,1,1,400,381,0,0,9.5,9.5,5,0,400,
3455,28-Jun-26,17:05:57,2,2,200,381,0,0,9.5,9.5,5,0,400,
3456,28-Jun-26,17:14:58,1,1,150,143,0,0,3.5,3.5,5,0,150,
3457,28-Jun-26,17:25:11,1,4,250,952,0,0,24,24,5,0,1000,
3457,28-Jun-26,17:25:11,2,2,150,286,0,0,7,7,5,0,300,
3457,28-Jun-26,17:25:11,3,2,100,190,0,0,5,5,5,0,200,
3457,28-Jun-26,17:25:11,4,2,250,476,0,0,12,12,5,0,500,
3457,28-Jun-26,17:25:11,5,1,200,190,0,0,5,5,5,0,200,
3457,28-Jun-26,17:25:11,6,2,150,286,0,0,7,7,5,0,300,
3458,28-Jun-26,17:42:11,1,2,250,476,0,0,12,12,5,0,500,
3458,28-Jun-26,17:42:11,2,2,130,248,0,0,6,6,5,0,260,
3458,28-Jun-26,17:42:11,3,1,300,286,0,0,7,7,5,0,300,
3459,28-Jun-26,17:47:35,1,1,300,286,0,0,7,7,5,0,300,
3459,28-Jun-26,17:47:35,2,1,150,143,0,0,3.5,3.5,5,0,150,
3459,28-Jun-26,17:47:35,3,1,100,95,0,0,2.5,2.5,5,0,100,
3459,28-Jun-26,17:47:35,4,1,50,48,0,0,1,1,5,0,50,
3460,28-Jun-26,17:55:09,1,1,60,57,0,0,1.5,1.5,5,0,60,
3461,28-Jun-26,18:07:07,1,1,200,190,0,0,5,5,5,0,200,
4248,27-Jul-26,20:46:54,1,1,650,619,0,0,15.5,15.5,5,0,650,
4248,27-Jul-26,20:46:54,2,1,350,333,0,0,8.5,8.5,5,0,350,
4249,27-Jul-26,20:54:24,1,1,550,524,0,0,13,13,5,0,550,
4250,27-Jul-26,21:48:49,1,1,130,124,0,0,3,3,5,0,130,
4251,27-Jul-26,22:07:25,1,1,300,286,0,0,7,7,5,0,300,
4251,27-Jul-26,22:07:25,2,1,120,114,0,0,3,3,5,0,120,
4252,28-Jul-26,11:46:44,1,1,100,95,0,0,2.5,2.5,5,0,100,CASH
4253,28-Jul-26,13:42:12,1,1,60,57,0,0,1.5,1.5,5,0,60,
4254,28-Jul-26,15:17:50,1,2,100,190,0,0,5,5,5,0,200,
4255,28-Jul-26,15:25:50,1,1,650,619,0,0,15.5,15.5,5,0,650,
4256,28-Jul-26,15:48:43,1,1,400,381,0,0,9.5,9.5,5,0,400,
4256,28-Jul-26,15:48:43,2,1,150,143,0,0,3.5,3.5,5,0,150,
4256,28-Jul-26,15:48:43,3,1,100,95,0,0,2.5,2.5,5,0,100,
4257,28-Jul-26,16:02:18,1,1,150,143,0,0,3.5,3.5,5,0,150,
4257,28-Jul-26,16:02:18,2,1,120,114,0,0,3,3,5,0,120,
4258,28-Jul-26,16:02:56,1,1,500,476,0,0,12,12,5,0,500,
4259,28-Jul-26,16:37:26,1,1,200,190,0,0,5,5,5,0,200,
4543,09-Aug-26,22:20:44,1,3,350,1000,0,0,25,25,5,0,1050,
4543,09-Aug-26,22:20:44,2,1,200,190,0,0,5,5,5,0,200,
4543,09-Aug-26,22:20:44,3,1,60,57,0,0,1.5,1.5,5,0,60,
4543,09-Aug-26,22:20:44,4,2,150,286,0,0,7,7,5,0,300,
4543,09-Aug-26,22:20:44,5,2,100,190,0,0,5,5,5,0,200,
4543,09-Aug-26,22:20:44,6,4,20,76,0,0,2,2,5,0,80,
4544,09-Aug-26,22:30:49,1,2,100,190,0,0,5,5,5,0,200,
4544,09-Aug-26,22:30:49,2,1,50,48,0,0,1,1,5,0,50,
4544,09-Aug-26,22:30:49,3,1,350,333,0,0,8.5,8.5,5,0,350,
4545,09-Aug-26,22:32:21,1,1,120,114,0,0,3,3,5,0,120,
4546,09-Aug-26,22:44:35,1,1,400,381,0,0,9.5,9.5,5,0,400,
4546,09-Aug-26,22:44:35,2,2,200,381,0,0,9.5,9.5,5,0,400,
4547,10-Aug-26,11:53:16,1,2,200,381,0,0,9.5,9.5,5,0,400,CASH
4547,10-Aug-26,11:53:16,2,1,250,238,0,0,6,6,5,0,250,CASH
4547,10-Aug-26,11:53:16,3,2,150,286,0,0,7,7,5,0,300,CASH
4548,10-Aug-26,12:11:26,1,5,70,333,0,0,8.5,8.5,5,0,350,CASH
4548,10-Aug-26,12:11:26,2,3,30,86,0,0,2,2,5,0,90,CASH
3471,28-Jun-26,19:06:01,1,1,60,57,0,0,1.5,1.5,5,0,60,
3472,28-Jun-26,19:06:32,1,1,650,619,0,0,15.5,15.5,5,0,650,
3473,28-Jun-26,19:38:54,1,1,150,143,0,0,3.5,3.5,5,0,150,
3474,28-Jun-26,19:46:40,1,1,200,190,0,0,5,5,5,0,200,
3475,28-Jun-26,20:25:59,1,1,100,95,0,0,2.5,2.5,5,0,100,
3476,28-Jun-26,20:33:59,1,1,550,524,0,0,13,13,5,0,550,
3476,28-Jun-26,20:33:59,2,1,130,124,0,0,3,3,5,0,130,
3477,28-Jun-26,20:36:15,1,2,200,381,0,0,9.5,9.5,5,0,400,
3477,28-Jun-26,20:36:15,2,2,100,190,0,0,5,5,5,0,200,
3478,28-Jun-26,20:47:25,1,3,150,429,0,0,10.5,10.5,5,0,450,
3479,28-Jun-26,20:58:18,1,1,500,476,0,0,12,12,5,0,500,
3479,28-Jun-26,20:58:18,2,1,250,238,0,0,6,6,5,0,250,
3480,28-Jun-26,21:03:51,1,1,120,114,0,0,3,3,5,0,120,
3481,28-Jun-26,22:05:20,1,1,400,381,0,0,9.5,9.5,5,0,400,
3481,28-Jun-26,22:05:20,2,1,600,571,0,0,14.5,14.5,5,0,600,
3482,28-Jun-26,22:05:31,1,1,200,190,0,0,5,5,5,0,200,
3482,28-Jun-26,22:05:31,2,1,450,429,0,0,10.5,10.5,5,0,450,
4260,28-Jul-26,17:11:32,1,3,150,429,0,0,10.5,10.5,5,0,450,
4261,28-Jul-26,17:22:37,1,1,150,143,0,0,3.5,3.5,5,0,150,
4262,28-Jul-26,17:23:09,1,1,250,238,0,0,6,6,5,0,250,
4263,28-Jul-26,17:50:07,1,2,650,1238,0,0,31,31,5,0,1300,
4264,28-Jul-26,18:08:27,1,1,150,143,0,0,3.5,3.5,5,0,150,
4265,28-Jul-26,19:59:48,1,2,250,476,0,0,12,12,5,0,500,CASH
4265,28-Jul-26,19:59:48,2,2,200,381,0,0,9.5,9.5,5,0,400,CASH
4265,28-Jul-26,19:59:48,3,1,200,190,0,0,5,5,5,0,200,CASH
4266,28-Jul-26,20:02:26,1,1,250,238,0,0,6,6,5,0,250,
4267,28-Jul-26,20:02:49,1,1,60,57,0,0,1.5,1.5,5,0,60,
4265,28-Jul-26,19:11:38,1,1,100,95,0,0,2.5,2.5,5,0,100,
4268,28-Jul-26,21:21:54,1,1,250,238,0,0,6,6,5,0,250,
4268,28-Jul-26,21:21:54,2,1,150,143,0,0,3.5,3.5,5,0,150,
4269,28-Jul-26,21:23:35,1,2,150,286,0,0,7,7,5,0,300,
4269,28-Jul-26,21:23:35,2,1,120,114,0,0,3,3,5,0,120,
4270,28-Jul-26,21:36:05,1,2,130,248,0,0,6,6,5,0,260,
4270,28-Jul-26,21:36:05,2,1,200,190,0,0,5,5,5,0,200,
4632,13-Aug-26,22:30:32,2,1,150,143,0,0,3.5,3.5,5,0,150,
4633,14-Aug-26,11:28:52,1,1,150,143,0,0,3.5,3.5,5,0,150,CASH
4634,14-Aug-26,12:16:17,1,1,350,333,0,0,8.5,8.5,5,0,350,
4634,14-Aug-26,12:16:17,2,1,200,190,0,0,5,5,5,0,200,
4635,14-Aug-26,12:20:28,1,1,150,143,0,0,3.5,3.5,5,0,150,
4636,14-Aug-26,13:19:07,1,1,250,238,0,0,6,6,5,0,250,CASH
4637,14-Aug-26,13:20:29,1,2,150,286,0,0,7,7,5,0,300,
4637,14-Aug-26,13:20:29,2,1,40,38,0,0,1,1,5,0,40,
4638,14-Aug-26,15:11:52,1,1,400,381,0,0,9.5,9.5,5,0,400,
4638,14-Aug-26,15:11:52,2,1,500,476,0,0,12,12,5,0,500,
4638,14-Aug-26,15:11:52,3,1,350,333,0,0,8.5,8.5,5,0,350,
4639,14-Aug-26,16:34:27,1,1,350,333,0,0,8.5,8.5,5,0,350,
4639,14-Aug-26,16:34:27,2,2,60,114,0,0,3,3,5,0,120,
4640,14-Aug-26,17:41:35,1,1,100,95,0,0,2.5,2.5,5,0,100,
4641,14-Aug-26,17:54:59,1,1,200,190,0,0,5,5,5,0,200,
4641,14-Aug-26,17:54:59,2,1,100,95,0,0,2.5,2.5,5,0,100,
4642,14-Aug-26,18:14:54,1,1,300,286,0,0,7,7,5,0,300,
3494,29-Jun-26,16:14:07,2,1,500,476,0,0,12,12,5,0,500,
3495,29-Jun-26,17:00:11,1,1,500,476,0,0,12,12,5,0,500,
3495,29-Jun-26,17:00:11,2,1,550,524,0,0,13,13,5,0,550,
3496,29-Jun-26,17:15:52,1,1,50,48,0,0,1,1,5,0,50,
3497,29-Jun-26,18:24:01,1,2,100,190,0,0,5,5,5,0,200,
3497,29-Jun-26,18:24:01,2,1,30,29,0,0,0.5,0.5,5,0,30,
3497,29-Jun-26,18:24:01,3,2,70,133,0,0,3.5,3.5,5,0,140,
3497,29-Jun-26,18:24:01,4,1,230,219,0,0,5.5,5.5,5,0,230,
3498,29-Jun-26,19:13:01,1,1,700,667,0,0,16.5,16.5,5,0,700,
3499,29-Jun-26,20:03:18,1,1,500,476,0,0,12,12,5,0,500,SAMSUL HOQUE
3500,29-Jun-26,20:20:16,1,2,250,476,0,0,12,12,5,0,500,
3501,29-Jun-26,21:20:09,1,2,250,476,0,0,12,12,5,0,500,CASH
3502,29-Jun-26,21:37:06,1,1,250,238,0,0,6,6,5,0,250,
3502,29-Jun-26,21:37:06,2,2,300,571,0,0,14.5,14.5,5,0,600,
3503,29-Jun-26,22:10:59,1,1,350,333,0,0,8.5,8.5,5,0,350,CASH
3503,29-Jun-26,22:10:59,2,1,300,286,0,0,7,7,5,0,300,CASH
3503,29-Jun-26,22:10:59,3,1,650,619,0,0,15.5,15.5,5,0,650,CASH
3514,30-Jun-26,17:10:38,1,2,250,476,0,0,12,12,5,0,500,
3515,30-Jun-26,17:36:15,1,1,60,57,0,0,1.5,1.5,5,0,60,
3516,30-Jun-26,17:41:22,1,1,200,190,0,0,5,5,5,0,200,
3517,30-Jun-26,17:41:29,1,1,150,143,0,0,3.5,3.5,5,0,150,
3517,30-Jun-26,17:41:29,2,1,100,95,0,0,2.5,2.5,5,0,100,
3518,30-Jun-26,19:21:47,1,1,100,95,0,0,2.5,2.5,5,0,100,
3519,30-Jun-26,19:34:58,1,1,250,238,0,0,6,6,5,0,250,
3520,30-Jun-26,19:36:22,1,2,200,381,0,0,9.5,9.5,5,0,400,
3520,30-Jun-26,19:36:22,2,1,100,95,0,0,2.5,2.5,5,0,100,
3521,30-Jun-26,19:39:20,1,1,60,57,0,0,1.5,1.5,5,0,60,
3522,30-Jun-26,19:44:19,1,1,60,57,0,0,1.5,1.5,5,0,60,
3523,30-Jun-26,19:49:52,1,1,200,190,0,0,5,5,5,0,200,
3523,30-Jun-26,19:49:52,2,1,300,286,0,0,7,7,5,0,300,
3524,30-Jun-26,19:55:19,1,2,150,286,0,0,7,7,5,0,300,
3525,30-Jun-26,20:20:08,1,5,100,476,0,0,12,12,5,0,500,
3525,30-Jun-26,20:20:08,2,3,150,429,0,0,10.5,10.5,5,0,450,
3526,30-Jun-26,20:23:06,1,2,100,190,0,0,5,5,5,0,200,
3526,30-Jun-26,20:23:06,2,2,150,286,0,0,7,7,5,0,300,
3526,30-Jun-26,20:23:06,3,1,550,524,0,0,13,13,5,0,550,
3527,30-Jun-26,20:24:13,1,3,650,1857,0,0,46.5,46.5,5,0,1950,
3527,30-Jun-26,20:24:13,2,1,300,286,0,0,7,7,5,0,300,
3528,30-Jun-26,20:32:37,1,1,300,286,0,0,7,7,5,0,300,
3528,30-Jun-26,20:32:37,2,1,650,619,0,0,15.5,15.5,5,0,650,
3529,30-Jun-26,20:39:38,1,2,350,667,0,0,16.5,16.5,5,0,700,
3529,30-Jun-26,20:39:38,2,1,25,24,0,0,0.5,0.5,5,0,25,
3530,30-Jun-26,20:45:58,1,1,100,95,0,0,2.5,2.5,5,0,100,
3530,30-Jun-26,20:45:58,2,1,60,57,0,0,1.5,1.5,5,0,60,
3531,30-Jun-26,20:54:28,1,1,100,95,0,0,2.5,2.5,5,0,100,
3531,30-Jun-26,20:54:28,2,1,400,381,0,0,9.5,9.5,5,0,400,
3532,30-Jun-26,20:54:57,1,1,80,76,0,0,2,2,5,0,80,
3533,30-Jun-26,21:45:45,1,1,100,95,0,0,2.5,2.5,5,0,100,
3534,30-Jun-26,21:58:49,1,3,150,429,0,0,10.5,10.5,5,0,450,
3535,30-Jun-26,22:00:46,1,1,350,333,0,0,8.5,8.5,5,0,350,
3536,01-Jul-26,11:17:43,1,1,100,95,0,0,2.5,2.5,5,0,100,CASH
335,28-Jan-26,20:05:25,2,1,180,171,0,0,4.5,4.5,5,0,180,
336,28-Jan-26,20:24:32,1,2,100,190,0,0,5,5,5,0,200,
336,28-Jan-26,20:24:32,2,1,200,190,0,0,5,5,5,0,200,
336,28-Jan-26,20:24:32,3,2,150,286,0,0,7,7,5,0,300,
337,28-Jan-26,21:34:47,1,3,200,571,0,0,14.5,14.5,5,0,600,
338,28-Jan-26,22:27:57,1,4,40,152,0,0,4,4,5,0,160,
339,28-Jan-26,22:31:50,1,2,50,95,0,0,2.5,2.5,5,0,100,
340,28-Jan-26,22:33:54,1,2,150,286,0,0,7,7,5,0,300,
340,28-Jan-26,22:33:54,2,1,100,95,0,0,2.5,2.5,5,0,100,
340,28-Jan-26,22:33:54,3,1,900,857,0,0,21.5,21.5,5,0,900,
341,28-Jan-26,22:43:10,1,2,350,667,0,0,16.5,16.5,5,0,700,
342,29-Jan-26,12:48:58,1,1,350,333,0,0,8.5,8.5,5,0,350,
342,29-Jan-26,12:48:58,2,1,300,286,0,0,7,7,5,0,300,
343,29-Jan-26,12:51:08,1,2,200,381,0,0,9.5,9.5,5,0,400,CASH
343,29-Jan-26,12:51:08,2,1,300,286,0,0,7,7,5,0,300,CASH
344,29-Jan-26,12:51:32,1,12,100,1143,0,0,28.5,28.5,5,0,1200,
344,29-Jan-26,12:51:32,2,2,350,667,0,0,16.5,16.5,5,0,700,
3547,01-Jul-26,16:55:09,1,1,100,95,0,0,2.5,2.5,5,0,100,
3548,01-Jul-26,16:57:25,1,1,500,476,0,0,12,12,5,0,500,
3549,01-Jul-26,17:33:51,1,4,50,190,0,0,5,5,5,0,200,
3550,01-Jul-26,17:57:00,1,1,120,114,0,0,3,3,5,0,120,CASH
3550,01-Jul-26,17:57:00,2,1,120,114,0,0,3,3,5,0,120,CASH
3550,01-Jul-26,17:57:00,3,1,60,57,0,0,1.5,1.5,5,0,60,CASH
3551,01-Jul-26,18:24:04,1,2,550,1048,0,0,26,26,5,0,1100,CASH
3551,01-Jul-26,18:24:04,2,2,60,114,0,0,3,3,5,0,120,CASH
3552,01-Jul-26,18:58:40,1,2,200,381,0,0,9.5,9.5,5,0,400,
3553,01-Jul-26,19:50:31,1,1,250,238,0,0,6,6,5,0,250,
3554,01-Jul-26,19:51:04,1,4,150,571,0,0,14.5,14.5,5,0,600,
3554,01-Jul-26,19:51:04,2,1,100,95,0,0,2.5,2.5,5,0,100,
3555,01-Jul-26,20:04:26,1,1,300,286,0,0,7,7,5,0,300,
3556,01-Jul-26,20:04:51,1,2,300,571,0,0,14.5,14.5,5,0,600,
3556,01-Jul-26,20:04:51,2,1,400,381,0,0,9.5,9.5,5,0,400,
3557,01-Jul-26,20:05:12,1,2,200,381,0,0,9.5,9.5,5,0,400,
3557,01-Jul-26,20:05:12,2,2,200,381,0,0,9.5,9.5,5,0,400,
571,11-Feb-26,16:16:47,5,1,150,143,0,0,3.5,3.5,5,0,150,
572,11-Feb-26,16:58:30,1,1,150,143,0,0,3.5,3.5,5,0,150,
572,11-Feb-26,16:58:30,2,1,400,381,0,0,9.5,9.5,5,0,400,
572,11-Feb-26,16:58:30,3,3,40,114,0,0,3,3,5,0,120,
572,11-Feb-26,16:58:30,4,3,100,286,0,0,7,7,5,0,300,
573,11-Feb-26,17:17:32,1,1,150,143,0,0,3.5,3.5,5,0,150,
573,11-Feb-26,17:17:32,2,1,130,124,0,0,3,3,5,0,130,
574,11-Feb-26,17:25:30,1,4,30,114,0,0,3,3,5,0,120,
575,11-Feb-26,17:27:53,1,1,300,286,0,0,7,7,5,0,300,
576,11-Feb-26,18:02:18,1,1,300,286,0,0,7,7,5,0,300,
576,11-Feb-26,18:02:18,2,1,350,333,0,0,8.5,8.5,5,0,350,
576,11-Feb-26,18:02:18,3,1,100,95,0,0,2.5,2.5,5,0,100,
577,11-Feb-26,18:40:08,1,3,80,229,0,0,5.5,5.5,5,0,240,
578,11-Feb-26,19:07:29,1,2,300,571,0,0,14.5,14.5,5,0,600,
579,11-Feb-26,20:02:59,1,3,150,429,0,0,10.5,10.5,5,0,450,
580,11-Feb-26,20:03:35,1,1,200,190,0,0,5,5,5,0,200,
581,11-Feb-26,20:04:25,1,1,150,143,0,0,3.5,3.5,5,0,150,
988,06-Mar-26,12:56:56,2,1,600,571,0,0,14.5,14.5,5,0,600,
988,06-Mar-26,12:56:56,3,1,300,286,0,0,7,7,5,0,300,
989,06-Mar-26,13:13:04,1,2,400,762,0,0,19,19,5,0,800,
989,06-Mar-26,13:13:04,2,1,380,362,0,0,9,9,5,0,380,
989,06-Mar-26,13:13:04,3,2,150,286,0,0,7,7,5,0,300,
990,06-Mar-26,13:56:10,1,1,600,571,0,0,14.5,14.5,5,0,600,
990,06-Mar-26,13:56:10,2,1,450,429,0,0,10.5,10.5,5,0,450,
991,06-Mar-26,17:12:59,1,1,100,95,0,0,2.5,2.5,5,0,100,
992,06-Mar-26,17:13:10,1,1,120,114,0,0,3,3,5,0,120,
993,06-Mar-26,18:47:33,1,4,40,152,0,0,4,4,5,0,160,
993,06-Mar-26,18:47:33,2,1,40,38,0,0,1,1,5,0,40,
994,06-Mar-26,18:54:16,1,2,100,190,0,0,5,5,5,0,200,
995,06-Mar-26,19:28:31,1,2,250,476,0,0,12,12,5,0,500,
996,06-Mar-26,19:29:59,1,1,450,429,0,0,10.5,10.5,5,0,450,
997,06-Mar-26,19:33:25,1,1,200,190,0,0,5,5,5,0,200,
998,06-Mar-26,19:42:33,1,1,110,105,0,0,2.5,2.5,5,0,110,
999,06-Mar-26,19:42:41,1,4,100,381,0,0,9.5,9.5,5,0,400,CUSTOMER
1032,08-Mar-26,16:06:05,3,1,350,333,0,0,8.5,8.5,5,0,350,
1033,08-Mar-26,16:19:54,1,1,300,286,0,0,7,7,5,0,300,
1034,08-Mar-26,16:35:23,1,3,100,286,0,0,7,7,5,0,300,
1034,08-Mar-26,16:35:23,2,1,200,190,0,0,5,5,5,0,200,
1034,08-Mar-26,16:35:23,3,1,100,95,0,0,2.5,2.5,5,0,100,
1035,08-Mar-26,16:37:22,1,1,100,95,0,0,2.5,2.5,5,0,100,
1036,08-Mar-26,16:41:31,1,4,40,152,0,0,4,4,5,0,160,
1037,08-Mar-26,16:55:32,1,2,200,381,0,0,9.5,9.5,5,0,400,
1038,08-Mar-26,16:55:41,1,1,40,38,0,0,1,1,5,0,40,
1039,08-Mar-26,17:54:45,1,1,30,29,0,0,0.5,0.5,5,0,30,
1040,08-Mar-26,18:04:33,1,1,100,95,0,0,2.5,2.5,5,0,100,
1041,08-Mar-26,18:15:04,1,1,100,95,0,0,2.5,2.5,5,0,100,
1041,08-Mar-26,18:15:04,2,1,100,95,0,0,2.5,2.5,5,0,100,
1041,08-Mar-26,18:15:04,3,1,50,48,0,0,1,1,5,0,50,
1042,08-Mar-26,18:23:40,1,2,60,114,0,0,3,3,5,0,120,
1043,08-Mar-26,18:28:46,1,3,150,429,0,0,10.5,10.5,5,0,450,
1044,08-Mar-26,18:29:42,1,3,20,57,0,0,1.5,1.5,5,0,60,
3558,01-Jul-26,20:22:02,1,1,200,190,0,0,5,5,5,0,200,
3558,01-Jul-26,20:22:02,2,1,150,143,0,0,3.5,3.5,5,0,150,
3559,01-Jul-26,20:25:29,1,1,100,95,0,0,2.5,2.5,5,0,100,
3560,01-Jul-26,20:43:13,1,1,250,238,0,0,6,6,5,0,250,
3560,01-Jul-26,20:43:13,2,1,300,286,0,0,7,7,5,0,300,
3561,01-Jul-26,20:47:40,1,1,100,95,0,0,2.5,2.5,5,0,100,
3562,01-Jul-26,20:57:47,1,1,120,114,0,0,3,3,5,0,120,
3563,01-Jul-26,21:00:01,1,1,550,524,0,0,13,13,5,0,550,
3564,01-Jul-26,21:04:18,1,1,200,190,0,0,5,5,5,0,200,
3565,01-Jul-26,21:17:26,1,2,350,667,0,0,16.5,16.5,5,0,700,
3565,01-Jul-26,21:17:26,2,1,300,286,0,0,7,7,5,0,300,
3566,01-Jul-26,22:08:39,1,1,550,524,0,0,13,13,5,0,550,
3566,01-Jul-26,22:08:39,2,1,130,124,0,0,3,3,5,0,130,
3567,01-Jul-26,22:30:51,1,5,200,952,0,0,24,24,5,0,1000,
3567,01-Jul-26,22:30:51,2,1,300,286,0,0,7,7,5,0,300,
3567,01-Jul-26,22:30:51,3,1,250,238,0,0,6,6,5,0,250,
3568,01-Jul-26,22:35:36,1,1,50,48,0,0,1,1,5,0,50,
3583,02-Jul-26,19:15:37,1,1,250,238,0,0,6,6,5,0,250,
3584,02-Jul-26,19:16:56,1,2,500,952,0,0,24,24,5,0,1000,
3584,02-Jul-26,19:16:56,2,1,250,238,0,0,6,6,5,0,250,
3584,02-Jul-26,19:16:56,3,2,100,190,0,0,5,5,5,0,200,
3584,02-Jul-26,19:16:56,4,2,80,152,0,0,4,4,5,0,160,
3585,02-Jul-26,19:32:21,1,5,200,952,0,0,24,24,5,0,1000,
3585,02-Jul-26,19:32:21,2,2,60,114,0,0,3,3,5,0,120,
3586,02-Jul-26,19:53:07,1,1,350,333,0,0,8.5,8.5,5,0,350,
3586,02-Jul-26,19:53:07,2,3,150,429,0,0,10.5,10.5,5,0,450,
3586,02-Jul-26,19:53:07,3,1,100,95,0,0,2.5,2.5,5,0,100,
3586,02-Jul-26,19:53:07,4,2,80,152,0,0,4,4,5,0,160,
3587,02-Jul-26,20:48:57,1,1,250,238,0,0,6,6,5,0,250,CASH
3588,02-Jul-26,20:50:16,1,1,250,238,0,0,6,6,5,0,250,
3589,02-Jul-26,20:50:42,1,4,120,457,0,0,11.5,11.5,5,0,480,
3590,02-Jul-26,21:03:37,1,2,130,248,0,0,6,6,5,0,260,
3591,02-Jul-26,21:13:53,1,2,40,76,0,0,2,2,5,0,80,CASH
3592,02-Jul-26,21:15:28,1,2,150,286,0,0,7,7,5,0,300,
4896,24-Aug-26,16:31:13,1,2,200,381,0,0,9.5,9.5,5,0,400,
4896,24-Aug-26,16:31:13,2,2,150,286,0,0,7,7,5,0,300,
4897,24-Aug-26,16:42:27,1,1,150,143,0,0,3.5,3.5,5,0,150,
4898,24-Aug-26,18:32:41,1,2,50,95,0,0,2.5,2.5,5,0,100,
4899,24-Aug-26,19:13:50,1,2,100,190,0,0,5,5,5,0,200,
4900,24-Aug-26,19:25:07,1,1,360,343,0,0,8.5,8.5,5,0,360,
4900,24-Aug-26,19:25:07,2,1,150,143,0,0,3.5,3.5,5,0,150,
4901,24-Aug-26,19:26:32,1,1,150,143,0,0,3.5,3.5,5,0,150,
4902,24-Aug-26,19:27:21,1,1,650,619,0,0,15.5,15.5,5,0,650,
4903,24-Aug-26,19:32:17,1,1,150,143,0,0,3.5,3.5,5,0,150,
4904,24-Aug-26,20:12:58,1,3,50,143,0,0,3.5,3.5,5,0,150,
4904,24-Aug-26,20:12:58,2,1,80,76,0,0,2,2,5,0,80,
4905,24-Aug-26,20:25:49,1,3,100,286,0,0,7,7,5,0,300,
4906,24-Aug-26,20:35:12,1,1,500,476,0,0,12,12,5,0,500,
4907,24-Aug-26,20:51:43,1,1,50,48,0,0,1,1,5,0,50,
4907,24-Aug-26,20:51:43,2,1,50,48,0,0,1,1,5,0,50,
4908,24-Aug-26,22:39:38,1,2,100,190,0,0,5,5,5,0,200,
4801,20-Aug-26,20:52:29,2,1,150,143,0,0,3.5,3.5,5,0,150,
4801,20-Aug-26,20:52:29,3,1,100,95,0,0,2.5,2.5,5,0,100,
4802,20-Aug-26,22:01:40,1,1,350,333,0,0,8.5,8.5,5,0,350,
4803,20-Aug-26,22:03:16,1,3,150,429,0,0,10.5,10.5,5,0,450,
4803,20-Aug-26,22:03:16,2,1,100,95,0,0,2.5,2.5,5,0,100,
4803,20-Aug-26,22:03:16,3,1,100,95,0,0,2.5,2.5,5,0,100,
4804,20-Aug-26,22:30:06,1,2,220,419,0,0,10.5,10.5,5,0,440,
4805,20-Aug-26,22:30:49,1,1,100,95,0,0,2.5,2.5,5,0,100,
4806,21-Aug-26,11:35:19,1,1,150,143,0,0,3.5,3.5,5,0,150,CASH
4807,21-Aug-26,14:09:26,1,3,120,343,0,0,8.5,8.5,5,0,360,
4807,21-Aug-26,14:09:26,2,1,150,143,0,0,3.5,3.5,5,0,150,
4807,21-Aug-26,14:09:26,3,1,250,238,0,0,6,6,5,0,250,
4808,21-Aug-26,14:12:10,1,6,25,143,0,0,3.5,3.5,5,0,150,
4809,21-Aug-26,14:50:14,1,10,50,476,0,0,12,12,5,0,500,
4809,21-Aug-26,14:50:14,2,1,40,38,0,0,1,1,5,0,40,
4810,21-Aug-26,15:00:08,1,1,650,619,0,0,15.5,15.5,5,0,650,
4811,21-Aug-26,15:38:07,1,2,50,95,0,0,2.5,2.5,5,0,100,
4919,25-Aug-26,17:38:47,1,1,250,238,0,0,6,6,5,0,250,
4920,25-Aug-26,17:39:15,1,1,150,143,0,0,3.5,3.5,5,0,150,
4921,25-Aug-26,17:52:38,1,1,350,333,0,0,8.5,8.5,5,0,350,
4921,25-Aug-26,17:52:38,2,1,100,95,0,0,2.5,2.5,5,0,100,
4921,25-Aug-26,17:52:38,3,1,350,333,0,0,8.5,8.5,5,0,350,
4922,25-Aug-26,17:53:36,1,3,50,143,0,0,3.5,3.5,5,0,150,
4923,25-Aug-26,18:12:01,1,1,40,38,0,0,1,1,5,0,40,
4924,25-Aug-26,19:05:19,1,3,200,571,0,0,14.5,14.5,5,0,600,
4925,25-Aug-26,19:12:02,1,2,60,114,0,0,3,3,5,0,120,
4925,25-Aug-26,19:12:02,2,1,40,38,0,0,1,1,5,0,40,
4926,25-Aug-26,19:44:51,1,1,100,95,0,0,2.5,2.5,5,0,100,
4926,25-Aug-26,19:44:51,2,1,250,238,0,0,6,6,5,0,250,
4927,25-Aug-26,19:48:06,1,2,50,95,0,0,2.5,2.5,5,0,100,
4928,25-Aug-26,20:21:21,1,5,120,571,0,0,14.5,14.5,5,0,600,
4928,25-Aug-26,20:21:21,2,1,20,19,0,0,0.5,0.5,5,0,20,
4929,25-Aug-26,20:37:52,1,1,400,381,0,0,9.5,9.5,5,0,400,
4929,25-Aug-26,20:37:52,2,1,300,286,0,0,7,7,5,0,300,
3592,02-Jul-26,21:15:28,2,1,200,190,0,0,5,5,5,0,200,
3593,03-Jul-26,11:25:27,1,1,150,143,0,0,3.5,3.5,5,0,150,CASH
3593,03-Jul-26,11:25:27,2,1,100,95,0,0,2.5,2.5,5,0,100,CASH
3594,03-Jul-26,11:59:25,1,1,100,95,0,0,2.5,2.5,5,0,100,
3595,03-Jul-26,12:06:07,1,1,200,190,0,0,5,5,5,0,200,
3596,03-Jul-26,12:35:47,1,3,60,171,0,0,4.5,4.5,5,0,180,
3596,03-Jul-26,12:35:47,2,3,40,114,0,0,3,3,5,0,120,
3596,03-Jul-26,12:35:47,3,1,150,143,0,0,3.5,3.5,5,0,150,
3597,03-Jul-26,12:44:37,1,2,70,133,0,0,3.5,3.5,5,0,140,
3597,03-Jul-26,12:44:37,2,1,60,57,0,0,1.5,1.5,5,0,60,
3598,03-Jul-26,15:08:03,1,1,200,190,0,0,5,5,5,0,200,
3599,03-Jul-26,17:23:19,1,2,150,286,0,0,7,7,5,0,300,
3600,03-Jul-26,17:26:32,1,1,150,143,0,0,3.5,3.5,5,0,150,
3601,03-Jul-26,18:04:22,1,1,400,381,0,0,9.5,9.5,5,0,400,
3601,03-Jul-26,18:04:22,2,2,100,190,0,0,5,5,5,0,200,
3601,03-Jul-26,18:04:22,3,3,150,429,0,0,10.5,10.5,5,0,450,
3601,03-Jul-26,18:04:22,4,1,250,238,0,0,6,6,5,0,250,
4718,16-Aug-26,18:30:51,1,1,200,190,0,0,5,5,5,0,200,
4719,16-Aug-26,19:01:18,1,1,250,238,0,0,6,6,5,0,250,
4720,16-Aug-26,19:02:16,1,1,150,143,0,0,3.5,3.5,5,0,150,
4721,16-Aug-26,19:04:35,1,1,150,143,0,0,3.5,3.5,5,0,150,
4722,16-Aug-26,19:18:07,1,1,50,48,0,0,1,1,5,0,50,
4723,16-Aug-26,19:22:10,1,2,70,133,0,0,3.5,3.5,5,0,140,
4724,16-Aug-26,19:58:18,1,1,250,238,0,0,6,6,5,0,250,
4725,16-Aug-26,19:58:28,1,1,50,48,0,0,1,1,5,0,50,
4726,16-Aug-26,20:09:22,1,1,50,48,0,0,1,1,5,0,50,
4727,16-Aug-26,20:12:24,1,5,100,476,0,0,12,12,5,0,500,
4728,16-Aug-26,20:16:46,1,1,100,95,0,0,2.5,2.5,5,0,100,
4729,16-Aug-26,20:36:43,1,1,120,114,0,0,3,3,5,0,120,
4730,16-Aug-26,21:08:51,1,1,200,190,0,0,5,5,5,0,200,
4730,16-Aug-26,21:08:51,2,1,150,143,0,0,3.5,3.5,5,0,150,
4730,16-Aug-26,21:08:51,3,1,250,238,0,0,6,6,5,0,250,
4731,17-Aug-26,11:30:12,1,1,50,48,0,0,1,1,5,0,50,CASH
4732,17-Aug-26,11:30:36,1,1,100,95,0,0,2.5,2.5,5,0,100,
4950,26-Aug-26,18:46:24,1,1,340,324,0,0,8,8,5,0,340,
4951,26-Aug-26,19:16:34,1,2,50,95,0,0,2.5,2.5,5,0,100,
4952,26-Aug-26,19:54:30,1,1,120,114,0,0,3,3,5,0,120,
4953,26-Aug-26,20:11:39,1,3,150,429,0,0,10.5,10.5,5,0,450,
4953,26-Aug-26,20:11:39,2,2,50,95,0,0,2.5,2.5,5,0,100,
4954,26-Aug-26,20:27:04,1,3,150,429,0,0,10.5,10.5,5,0,450,
4955,26-Aug-26,20:27:25,1,1,150,143,0,0,3.5,3.5,5,0,150,
4956,26-Aug-26,20:27:36,1,1,100,95,0,0,2.5,2.5,5,0,100,
4956,26-Aug-26,20:27:36,2,1,50,48,0,0,1,1,5,0,50,
4957,26-Aug-26,20:57:47,1,1,550,524,0,0,13,13,5,0,550,
4958,26-Aug-26,21:06:04,1,1,500,476,0,0,12,12,5,0,500,
4959,26-Aug-26,21:09:06,1,1,500,476,0,0,12,12,5,0,500,
4960,26-Aug-26,21:32:28,1,1,200,190,0,0,5,5,5,0,200,
4960,26-Aug-26,21:32:28,2,1,150,143,0,0,3.5,3.5,5,0,150,
4961,26-Aug-26,22:51:54,1,3,40,114,0,0,3,3,5,0,120,
4962,27-Aug-26,12:54:21,1,1,100,95,0,0,2.5,2.5,5,0,100,CASH
4963,27-Aug-26,13:25:19,1,2,60,114,0,0,3,3,5,0,120,
4822,21-Aug-26,20:30:45,1,1,500,476,0,0,12,12,5,0,500,
4822,21-Aug-26,20:30:45,2,1,450,429,0,0,10.5,10.5,5,0,450,
4822,21-Aug-26,20:30:45,3,1,100,95,0,0,2.5,2.5,5,0,100,
4823,21-Aug-26,21:17:53,1,1,550,524,0,0,13,13,5,0,550,
4824,21-Aug-26,22:01:05,1,2,650,1238,0,0,31,31,5,0,1300,
4824,21-Aug-26,22:01:05,2,1,50,48,0,0,1,1,5,0,50,
4824,21-Aug-26,22:01:05,3,2,100,190,0,0,5,5,5,0,200,
4825,21-Aug-26,22:03:40,1,3,150,429,0,0,10.5,10.5,5,0,450,
4825,21-Aug-26,22:03:40,2,2,100,190,0,0,5,5,5,0,200,
4825,21-Aug-26,22:03:40,3,5,130,619,0,0,15.5,15.5,5,0,650,
4826,21-Aug-26,22:10:18,1,4,50,190,0,0,5,5,5,0,200,
4827,21-Aug-26,22:24:47,1,1,500,476,0,0,12,12,5,0,500,
4828,21-Aug-26,22:41:15,1,3,200,571,0,0,14.5,14.5,5,0,600,
4829,22-Aug-26,11:42:59,1,1,70,67,0,0,1.5,1.5,5,0,70,CASH
4829,22-Aug-26,11:42:59,2,1,150,143,0,0,3.5,3.5,5,0,150,CASH
4830,22-Aug-26,12:52:03,1,5,50,238,0,0,6,6,5,0,250,
4831,22-Aug-26,12:52:35,1,1,200,190,0,0,5,5,5,0,200,
4846,22-Aug-26,22:15:57,1,1,500,476,0,0,12,12,5,0,500,
4847,22-Aug-26,22:18:04,1,1,50,48,0,0,1,1,5,0,50,
4848,22-Aug-26,22:21:19,1,1,100,95,0,0,2.5,2.5,5,0,100,
4848,22-Aug-26,22:21:19,2,1,50,48,0,0,1,1,5,0,50,
4849,22-Aug-26,22:35:41,1,1,400,381,0,0,9.5,9.5,5,0,400,
4850,23-Aug-26,11:07:10,1,3,150,429,0,0,10.5,10.5,5,0,450,CASH
4851,23-Aug-26,11:13:59,1,2,120,229,0,0,5.5,5.5,5,0,240,
4852,23-Aug-26,11:14:53,1,1,100,95,0,0,2.5,2.5,5,0,100,
4853,23-Aug-26,11:26:03,1,1,350,333,0,0,8.5,8.5,5,0,350,
4854,23-Aug-26,11:51:04,1,2,250,476,0,0,12,12,5,0,500,
4855,23-Aug-26,12:47:29,1,2,200,381,0,0,9.5,9.5,5,0,400,
4855,23-Aug-26,12:47:29,2,3,130,371,0,0,9.5,9.5,5,0,390,
4855,23-Aug-26,12:47:29,3,1,150,143,0,0,3.5,3.5,5,0,150,
4855,23-Aug-26,12:47:29,4,4,250,952,0,0,24,24,5,0,1000,
4855,23-Aug-26,12:47:29,5,1,50,48,0,0,1,1,5,0,50,
4855,23-Aug-26,12:47:29,6,1,60,57,0,0,1.5,1.5,5,0,60,
4856,23-Aug-26,12:51:09,1,2,150,286,0,0,7,7,5,0,300,
3601,03-Jul-26,18:04:22,5,1,250,238,0,0,6,6,5,0,250,
3601,03-Jul-26,18:04:22,6,1,50,48,0,0,1,1,5,0,50,
3602,03-Jul-26,18:17:14,1,2,650,1238,0,0,31,31,5,0,1300,
3603,03-Jul-26,18:22:12,1,2,150,286,0,0,7,7,5,0,300,
3603,03-Jul-26,18:22:12,2,1,200,190,0,0,5,5,5,0,200,
3604,03-Jul-26,19:06:12,1,1,200,190,0,0,5,5,5,0,200,
3604,03-Jul-26,19:06:12,2,5,150,714,0,0,18,18,5,0,750,
3604,03-Jul-26,19:06:12,3,1,100,95,0,0,2.5,2.5,5,0,100,
3605,03-Jul-26,19:32:27,1,2,650,1238,0,0,31,31,5,0,1300,
3605,03-Jul-26,19:32:27,2,2,500,952,0,0,24,24,5,0,1000,
3605,03-Jul-26,19:32:27,3,2,200,381,0,0,9.5,9.5,5,0,400,
3605,03-Jul-26,19:32:27,4,4,150,571,0,0,14.5,14.5,5,0,600,
3605,03-Jul-26,19:32:27,5,1,300,286,0,0,7,7,5,0,300,
3606,03-Jul-26,19:47:13,1,1,650,619,0,0,15.5,15.5,5,0,650,
3606,03-Jul-26,19:47:13,2,1,200,190,0,0,5,5,5,0,200,
3607,03-Jul-26,20:22:07,1,1,250,238,0,0,6,6,5,0,250,CASH
3608,03-Jul-26,20:22:26,1,1,100,95,0,0,2.5,2.5,5,0,100,
4868,23-Aug-26,19:03:12,2,1,100,95,0,0,2.5,2.5,5,0,100,
4868,23-Aug-26,19:03:12,3,1,300,286,0,0,7,7,5,0,300,
4869,23-Aug-26,19:03:55,1,2,50,95,0,0,2.5,2.5,5,0,100,
4870,23-Aug-26,19:17:39,1,6,100,571,0,0,14.5,14.5,5,0,600,
4870,23-Aug-26,19:17:39,2,1,150,143,0,0,3.5,3.5,5,0,150,
4870,23-Aug-26,19:17:39,3,1,50,48,0,0,1,1,5,0,50,
4871,23-Aug-26,19:35:27,1,1,200,190,0,0,5,5,5,0,200,
4872,23-Aug-26,19:35:51,1,4,60,229,0,0,5.5,5.5,5,0,240,
4873,23-Aug-26,19:37:56,1,2,100,190,0,0,5,5,5,0,200,
4874,23-Aug-26,19:38:24,1,1,250,238,0,0,6,6,5,0,250,
4875,23-Aug-26,19:39:20,1,1,50,48,0,0,1,1,5,0,50,
4876,23-Aug-26,19:40:12,1,1,150,143,0,0,3.5,3.5,5,0,150,
4877,23-Aug-26,20:07:05,1,1,200,190,0,0,5,5,5,0,200,
4878,23-Aug-26,20:09:43,1,3,100,286,0,0,7,7,5,0,300,
4879,23-Aug-26,20:57:36,1,1,150,143,0,0,3.5,3.5,5,0,150,
4880,23-Aug-26,21:31:47,1,7,120,800,0,0,20,20,5,0,840,
4881,23-Aug-26,21:36:51,1,1,300,286,0,0,7,7,5,0,300,
3617,04-Jul-26,15:10:33,2,2,40,76,0,0,2,2,5,0,80,
3618,04-Jul-26,15:14:04,1,1,350,333,0,0,8.5,8.5,5,0,350,
3619,04-Jul-26,15:29:27,1,3,200,571,0,0,14.5,14.5,5,0,600,
3619,04-Jul-26,15:29:27,2,1,400,381,0,0,9.5,9.5,5,0,400,
3619,04-Jul-26,15:29:27,3,1,500,476,0,0,12,12,5,0,500,
3620,04-Jul-26,15:43:07,1,1,100,95,0,0,2.5,2.5,5,0,100,
3620,04-Jul-26,15:43:07,2,1,50,48,0,0,1,1,5,0,50,
3621,04-Jul-26,16:03:45,1,1,100,95,0,0,2.5,2.5,5,0,100,
3622,04-Jul-26,16:26:50,1,1,60,57,0,0,1.5,1.5,5,0,60,
3622,04-Jul-26,16:26:50,2,1,150,143,0,0,3.5,3.5,5,0,150,
3622,04-Jul-26,16:26:50,3,1,350,333,0,0,8.5,8.5,5,0,350,
3623,04-Jul-26,16:40:41,1,2,100,190,0,0,5,5,5,0,200,
3623,04-Jul-26,16:40:41,2,1,150,143,0,0,3.5,3.5,5,0,150,
3623,04-Jul-26,16:40:41,3,2,60,114,0,0,3,3,5,0,120,
3623,04-Jul-26,16:40:41,4,1,350,333,0,0,8.5,8.5,5,0,350,
3624,04-Jul-26,16:49:40,1,1,100,95,0,0,2.5,2.5,5,0,100,
3625,04-Jul-26,16:53:12,1,2,650,1238,0,0,31,31,5,0,1300,
3625,04-Jul-26,16:53:12,2,2,300,571,0,0,14.5,14.5,5,0,600,
3626,04-Jul-26,16:56:49,1,1,250,238,0,0,6,6,5,0,250,
3626,04-Jul-26,16:56:49,2,1,500,476,0,0,12,12,5,0,500,
3626,04-Jul-26,16:56:49,3,1,500,476,0,0,12,12,5,0,500,
3627,04-Jul-26,18:19:38,1,1,500,476,0,0,12,12,5,0,500,
3627,04-Jul-26,18:19:38,2,1,550,524,0,0,13,13,5,0,550,
3627,04-Jul-26,18:19:38,3,3,100,286,0,0,7,7,5,0,300,
3627,04-Jul-26,18:19:38,4,1,500,476,0,0,12,12,5,0,500,
3628,04-Jul-26,18:24:20,1,1,550,524,0,0,13,13,5,0,550,
3628,04-Jul-26,18:24:20,2,2,100,190,0,0,5,5,5,0,200,
3628,04-Jul-26,18:24:20,3,1,60,57,0,0,1.5,1.5,5,0,60,
3629,04-Jul-26,18:27:44,1,1,300,286,0,0,7,7,5,0,300,
3629,04-Jul-26,18:27:44,2,1,150,143,0,0,3.5,3.5,5,0,150,
3630,04-Jul-26,18:37:57,1,6,150,857,0,0,21.5,21.5,5,0,900,
3631,04-Jul-26,18:54:46,1,1,250,238,0,0,6,6,5,0,250,
3632,04-Jul-26,19:13:55,1,3,60,171,0,0,4.5,4.5,5,0,180,
3632,04-Jul-26,19:13:55,2,1,150,143,0,0,3.5,3.5,5,0,150,
4929,25-Aug-26,20:37:52,3,1,100,95,0,0,2.5,2.5,5,0,100,
4929,25-Aug-26,20:37:52,4,1,80,76,0,0,2,2,5,0,80,
4930,25-Aug-26,21:53:31,1,1,50,48,0,0,1,1,5,0,50,
4930,25-Aug-26,21:53:31,2,1,150,143,0,0,3.5,3.5,5,0,150,
4930,25-Aug-26,21:53:31,3,1,200,190,0,0,5,5,5,0,200,
4931,25-Aug-26,21:59:17,1,1,50,48,0,0,1,1,5,0,50,
4932,25-Aug-26,21:59:23,1,1,350,333,0,0,8.5,8.5,5,0,350,
4933,25-Aug-26,22:06:25,1,4,300,1143,0,0,28.5,28.5,5,0,1200,
4934,25-Aug-26,22:25:55,1,2,200,381,0,0,9.5,9.5,5,0,400,
4935,25-Aug-26,22:26:11,1,1,50,48,0,0,1,1,5,0,50,
4935,25-Aug-26,22:26:11,2,1,500,476,0,0,12,12,5,0,500,
4935,25-Aug-26,22:26:11,3,2,100,190,0,0,5,5,5,0,200,
4936,25-Aug-26,22:53:14,1,3,200,571,0,0,14.5,14.5,5,0,600,
4937,26-Aug-26,11:34:28,1,1,50,48,0,0,1,1,5,0,50,CASH
4937,26-Aug-26,11:34:28,2,1,50,48,0,0,1,1,5,0,50,CASH
4938,26-Aug-26,12:15:22,1,1,500,476,0,0,12,12,5,0,500,
4939,26-Aug-26,12:48:43,1,1,100,95,0,0,2.5,2.5,5,0,100,
4882,23-Aug-26,21:37:14,1,1,650,619,0,0,15.5,15.5,5,0,650,
4883,23-Aug-26,21:37:33,1,2,40,76,0,0,2,2,5,0,80,
4884,23-Aug-26,21:39:52,1,2,250,476,0,0,12,12,5,0,500,
4884,23-Aug-26,21:39:52,2,1,150,143,0,0,3.5,3.5,5,0,150,
4885,23-Aug-26,22:13:41,1,1,120,114,0,0,3,3,5,0,120,
4886,23-Aug-26,22:14:25,1,2,150,286,0,0,7,7,5,0,300,
4886,23-Aug-26,22:14:25,2,1,60,57,0,0,1.5,1.5,5,0,60,
4887,24-Aug-26,12:39:35,1,3,50,143,0,0,3.5,3.5,5,0,150,CASH
4888,24-Aug-26,12:45:25,1,2,300,571,0,0,14.5,14.5,5,0,600,
4889,24-Aug-26,13:06:46,1,4,100,381,0,0,9.5,9.5,5,0,400,
4890,24-Aug-26,13:57:36,1,4,150,571,0,0,14.5,14.5,5,0,600,
4890,24-Aug-26,13:57:36,2,2,550,1048,0,0,26,26,5,0,1100,
4891,24-Aug-26,14:07:03,1,2,100,190,0,0,5,5,5,0,200,
4892,24-Aug-26,14:52:08,1,1,120,114,0,0,3,3,5,0,120,
4893,24-Aug-26,14:56:57,1,3,100,286,0,0,7,7,5,0,300,
4894,24-Aug-26,15:50:55,1,6,30,171,0,0,4.5,4.5,5,0,180,
4895,24-Aug-26,15:56:31,1,1,50,48,0,0,1,1,5,0,50,
3633,04-Jul-26,19:14:24,1,1,650,619,0,0,15.5,15.5,5,0,650,
3633,04-Jul-26,19:14:24,2,1,400,381,0,0,9.5,9.5,5,0,400,
3634,04-Jul-26,19:26:35,1,2,25,48,0,0,1,1,5,0,50,
3635,04-Jul-26,19:32:32,1,1,150,143,0,0,3.5,3.5,5,0,150,
3635,04-Jul-26,19:32:32,2,1,100,95,0,0,2.5,2.5,5,0,100,
3635,04-Jul-26,19:32:32,3,2,30,57,0,0,1.5,1.5,5,0,60,
3635,04-Jul-26,19:32:32,4,1,70,67,0,0,1.5,1.5,5,0,70,
3636,04-Jul-26,19:55:43,1,2,250,476,0,0,12,12,5,0,500,
3636,04-Jul-26,19:55:43,2,1,40,38,0,0,1,1,5,0,40,
3636,04-Jul-26,19:55:43,3,2,30,57,0,0,1.5,1.5,5,0,60,
3637,04-Jul-26,19:56:48,1,2,550,1048,0,0,26,26,5,0,1100,
3637,04-Jul-26,19:56:48,2,1,650,619,0,0,15.5,15.5,5,0,650,
3638,04-Jul-26,20:05:05,1,1,150,143,0,0,3.5,3.5,5,0,150,
3639,04-Jul-26,21:24:21,1,1,300,286,0,0,7,7,5,0,300,
3640,04-Jul-26,21:28:41,1,1,150,143,0,0,3.5,3.5,5,0,150,
3640,04-Jul-26,21:28:41,2,2,250,476,0,0,12,12,5,0,500,
3641,04-Jul-26,22:00:13,1,1,200,190,0,0,5,5,5,0,200,
3642,04-Jul-26,22:00:35,1,1,200,190,0,0,5,5,5,0,200,
3642,04-Jul-26,22:00:35,2,1,150,143,0,0,3.5,3.5,5,0,150,
3642,04-Jul-26,22:00:35,3,1,150,143,0,0,3.5,3.5,5,0,150,
3643,05-Jul-26,11:54:02,1,1,100,95,0,0,2.5,2.5,5,0,100,CASH
3643,05-Jul-26,11:54:02,2,1,300,286,0,0,7,7,5,0,300,CASH
3644,05-Jul-26,12:15:39,1,1,220,210,0,0,5,5,5,0,220,
3644,05-Jul-26,12:15:39,2,1,100,95,0,0,2.5,2.5,5,0,100,
3645,05-Jul-26,12:50:11,1,1,200,190,0,0,5,5,5,0,200,
3645,05-Jul-26,12:50:11,2,1,200,190,0,0,5,5,5,0,200,
3645,05-Jul-26,12:50:11,3,1,100,95,0,0,2.5,2.5,5,0,100,
3645,05-Jul-26,12:50:11,4,1,100,95,0,0,2.5,2.5,5,0,100,
3646,05-Jul-26,12:50:43,1,3,150,429,0,0,10.5,10.5,5,0,450,
3647,05-Jul-26,12:58:27,1,2,150,286,0,0,7,7,5,0,300,
3647,05-Jul-26,12:58:27,2,1,250,238,0,0,6,6,5,0,250,
3647,05-Jul-26,12:58:27,3,1,500,476,0,0,12,12,5,0,500,
3647,05-Jul-26,12:58:27,4,3,80,229,0,0,5.5,5.5,5,0,240,
3647,05-Jul-26,12:58:27,5,1,50,48,0,0,1,1,5,0,50,
3647,05-Jul-26,12:58:27,6,2,100,190,0,0,5,5,5,0,200,
3647,05-Jul-26,12:58:27,7,1,150,143,0,0,3.5,3.5,5,0,150,
3648,05-Jul-26,13:01:08,1,2,100,190,0,0,5,5,5,0,200,
3649,05-Jul-26,13:02:19,1,1,400,381,0,0,9.5,9.5,5,0,400,
3650,05-Jul-26,13:25:15,1,2,400,762,0,0,19,19,5,0,800,
3650,05-Jul-26,13:25:15,2,4,300,1143,0,0,28.5,28.5,5,0,1200,
3650,05-Jul-26,13:25:15,3,1,300,286,0,0,7,7,5,0,300,
3650,05-Jul-26,13:25:15,4,1,500,476,0,0,12,12,5,0,500,
3650,05-Jul-26,13:25:15,5,1,250,238,0,0,6,6,5,0,250,
3650,05-Jul-26,13:25:15,6,1,100,95,0,0,2.5,2.5,5,0,100,
3651,05-Jul-26,13:47:36,1,2,100,190,0,0,5,5,5,0,200,
3652,05-Jul-26,13:49:02,1,1,200,190,0,0,5,5,5,0,200,
3653,05-Jul-26,13:55:21,1,1,300,286,0,0,7,7,5,0,300,
3653,05-Jul-26,13:55:21,2,1,400,381,0,0,9.5,9.5,5,0,400,
3653,05-Jul-26,13:55:21,3,1,60,57,0,0,1.5,1.5,5,0,60,
3654,05-Jul-26,14:19:32,1,1,200,190,0,0,5,5,5,0,200,
3654,05-Jul-26,14:19:32,2,1,150,143,0,0,3.5,3.5,5,0,150,
3654,05-Jul-26,14:19:32,3,1,550,524,0,0,13,13,5,0,550,
3654,05-Jul-26,14:19:32,4,1,300,286,0,0,7,7,5,0,300,
3655,05-Jul-26,15:40:40,1,1,100,95,0,0,2.5,2.5,5,0,100,CASH
3656,05-Jul-26,15:57:29,1,6,40,229,0,0,5.5,5.5,5,0,240,
3656,05-Jul-26,15:57:29,2,1,70,67,0,0,1.5,1.5,5,0,70,
3656,05-Jul-26,15:57:29,3,5,100,476,0,0,12,12,5,0,500,
3656,05-Jul-26,15:57:29,4,13,25,310,0,0,7.5,7.5,5,0,325,
3657,05-Jul-26,16:11:22,1,1,550,524,0,0,13,13,5,0,550,CASH
3657,05-Jul-26,16:11:22,2,1,150,143,0,0,3.5,3.5,5,0,150,CASH
3658,05-Jul-26,16:13:30,1,2,150,286,0,0,7,7,5,0,300,
3659,05-Jul-26,16:30:28,1,2,60,114,0,0,3,3,5,0,120,
3660,05-Jul-26,16:49:36,1,1,200,190,0,0,5,5,5,0,200,
3660,05-Jul-26,16:49:36,2,1,100,95,0,0,2.5,2.5,5,0,100,
3661,05-Jul-26,17:02:35,1,1,40,38,0,0,1,1,5,0,40,CASH
3661,05-Jul-26,17:02:35,2,1,30,29,0,0,0.5,0.5,5,0,30,CASH
3661,05-Jul-26,17:02:35,3,1,30,29,0,0,0.5,0.5,5,0,30,CASH
3661,05-Jul-26,17:02:35,4,1,60,57,0,0,1.5,1.5,5,0,60,CASH
3662,05-Jul-26,17:02:58,1,5,200,952,0,0,24,24,5,0,1000,
3662,05-Jul-26,17:02:58,2,1,150,143,0,0,3.5,3.5,5,0,150,
3662,05-Jul-26,17:02:58,3,1,60,57,0,0,1.5,1.5,5,0,60,
3662,05-Jul-26,17:02:58,4,1,150,143,0,0,3.5,3.5,5,0,150,
3663,05-Jul-26,17:55:11,1,1,150,143,0,0,3.5,3.5,5,0,150,
3664,05-Jul-26,18:13:11,1,1,200,190,0,0,5,5,5,0,200,
3665,05-Jul-26,18:13:55,1,1,60,57,0,0,1.5,1.5,5,0,60,
3666,05-Jul-26,18:31:03,1,1,200,190,0,0,5,5,5,0,200,
3667,05-Jul-26,18:36:53,1,2,100,190,0,0,5,5,5,0,200,
3668,05-Jul-26,18:43:36,1,3,250,714,0,0,18,18,5,0,750,
3668,05-Jul-26,18:43:36,2,2,550,1048,0,0,26,26,5,0,1100,
3668,05-Jul-26,18:43:36,3,1,150,143,0,0,3.5,3.5,5,0,150,
3669,05-Jul-26,18:45:21,1,1,4000,3810,0,0,95,95,5,0,4000,
3670,05-Jul-26,19:01:35,1,2,250,476,0,0,12,12,5,0,500,
3670,05-Jul-26,19:01:35,2,1,120,114,0,0,3,3,5,0,120,
3670,05-Jul-26,19:01:35,3,2,120,229,0,0,5.5,5.5,5,0,240,
3671,05-Jul-26,21:08:34,1,1,650,619,0,0,15.5,15.5,5,0,650,
1355,22-Mar-26,20:02:23,1,4,40,152,0,0,4,4,5,0,160,CASH
1356,22-Mar-26,20:46:06,1,5,40,190,0,0,5,5,5,0,200,
1357,22-Mar-26,21:30:34,1,1,100,95,0,0,2.5,2.5,5,0,100,CASH
1358,22-Mar-26,21:31:07,1,2,50,95,0,0,2.5,2.5,5,0,100,
1359,22-Mar-26,21:36:48,1,1,250,238,0,0,6,6,5,0,250,
1360,22-Mar-26,21:47:20,1,1,250,238,0,0,6,6,5,0,250,
1361,22-Mar-26,22:41:10,1,2,120,229,0,0,5.5,5.5,5,0,240,CASH
1362,22-Mar-26,22:41:45,1,1,250,238,0,0,6,6,5,0,250,
1363,23-Mar-26,11:23:19,1,1,120,114,0,0,3,3,5,0,120,
1364,23-Mar-26,12:19:52,1,5,250,1190,0,0,30,30,5,0,1250,
1364,23-Mar-26,12:19:52,2,1,400,381,0,0,9.5,9.5,5,0,400,
1364,23-Mar-26,12:19:52,3,1,150,143,0,0,3.5,3.5,5,0,150,
1364,23-Mar-26,12:19:52,4,2,60,114,0,0,3,3,5,0,120,
1365,23-Mar-26,17:24:17,1,1,40,38,0,0,1,1,5,0,40,
1366,23-Mar-26,17:24:47,1,2,450,857,0,0,21.5,21.5,5,0,900,
1366,23-Mar-26,17:24:47,2,2,300,571,0,0,14.5,14.5,5,0,600,
1366,23-Mar-26,17:24:47,3,1,60,57,0,0,1.5,1.5,5,0,60,
1397,26-Mar-26,10:50:22,1,4,100,381,0,0,9.5,9.5,5,0,400,CASH
1397,26-Mar-26,10:50:22,2,5,40,190,0,0,5,5,5,0,200,CASH
1397,26-Mar-26,10:50:22,3,1,80,76,0,0,2,2,5,0,80,CASH
1398,26-Mar-26,13:24:16,1,2,300,571,0,0,14.5,14.5,5,0,600,
1399,26-Mar-26,13:48:23,1,1,200,190,0,0,5,5,5,0,200,
1400,26-Mar-26,13:48:36,1,1,500,476,0,0,12,12,5,0,500,
1401,26-Mar-26,16:28:01,1,2,350,667,0,0,16.5,16.5,5,0,700,
1402,26-Mar-26,18:34:49,1,2,300,571,0,0,14.5,14.5,5,0,600,
1402,26-Mar-26,18:34:49,2,1,250,238,0,0,6,6,5,0,250,
1402,26-Mar-26,18:34:49,3,1,300,286,0,0,7,7,5,0,300,
1403,26-Mar-26,19:21:53,1,1,500,476,0,0,12,12,5,0,500,
1404,26-Mar-26,19:25:10,1,1,250,238,0,0,6,6,5,0,250,
1404,26-Mar-26,19:25:10,2,1,60,57,0,0,1.5,1.5,5,0,60,
1405,26-Mar-26,19:46:58,1,1,120,114,0,0,3,3,5,0,120,
1406,26-Mar-26,19:47:06,1,2,20,38,0,0,1,1,5,0,40,
1406,26-Mar-26,19:47:06,2,2,40,76,0,0,2,2,5,0,80,
1406,26-Mar-26,19:47:06,3,2,100,190,0,0,5,5,5,0,200,
1579,03-Apr-26,16:58:03,2,1,100,95,0,0,2.5,2.5,5,0,100,
1580,03-Apr-26,17:18:48,1,4,100,381,0,0,9.5,9.5,5,0,400,
1580,03-Apr-26,17:18:48,2,2,250,476,0,0,12,12,5,0,500,
1580,03-Apr-26,17:18:48,3,1,150,143,0,0,3.5,3.5,5,0,150,
1580,03-Apr-26,17:18:48,4,4,100,381,0,0,9.5,9.5,5,0,400,
1580,03-Apr-26,17:18:48,5,1,250,238,0,0,6,6,5,0,250,
1580,03-Apr-26,17:18:48,6,6,40,229,0,0,5.5,5.5,5,0,240,
1580,03-Apr-26,17:18:48,7,3,60,171,0,0,4.5,4.5,5,0,180,
1580,03-Apr-26,17:18:48,8,1,250,238,0,0,6,6,5,0,250,
1580,03-Apr-26,17:18:48,9,1,300,286,0,0,7,7,5,0,300,
1580,03-Apr-26,17:18:48,10,1,350,333,0,0,8.5,8.5,5,0,350,
1581,03-Apr-26,17:26:25,1,1,500,476,0,0,12,12,5,0,500,
1581,03-Apr-26,17:26:25,2,1,300,286,0,0,7,7,5,0,300,
1582,03-Apr-26,18:21:12,1,1,150,143,0,0,3.5,3.5,5,0,150,
1582,03-Apr-26,18:21:12,2,1,120,114,0,0,3,3,5,0,120,
1583,03-Apr-26,18:40:13,1,1,450,429,0,0,10.5,10.5,5,0,450,
1583,03-Apr-26,18:40:13,2,1,500,476,0,0,12,12,5,0,500,
1584,03-Apr-26,20:00:32,1,2,100,190,0,0,5,5,5,0,200,
1584,03-Apr-26,20:00:32,2,4,200,762,0,0,19,19,5,0,800,
1584,03-Apr-26,20:00:32,3,1,200,190,0,0,5,5,5,0,200,
1584,03-Apr-26,20:00:32,4,1,100,95,0,0,2.5,2.5,5,0,100,
1584,03-Apr-26,20:00:32,5,2,250,476,0,0,12,12,5,0,500,
1584,03-Apr-26,20:00:32,6,6,200,1143,0,0,28.5,28.5,5,0,1200,
1584,03-Apr-26,20:00:32,7,1,100,95,0,0,2.5,2.5,5,0,100,
1585,03-Apr-26,20:08:03,1,1,100,95,0,0,2.5,2.5,5,0,100,CASH
1585,03-Apr-26,20:08:03,2,1,200,190,0,0,5,5,5,0,200,CASH
1585,03-Apr-26,20:08:03,3,1,100,95,0,0,2.5,2.5,5,0,100,CASH
1586,03-Apr-26,20:28:52,1,5,100,476,0,0,12,12,5,0,500,
1586,03-Apr-26,20:28:52,2,3,70,200,0,0,5,5,5,0,210,
1586,03-Apr-26,20:28:52,3,1,60,57,0,0,1.5,1.5,5,0,60,
1587,03-Apr-26,21:06:30,1,1,300,286,0,0,7,7,5,0,300,
1588,03-Apr-26,21:06:39,1,6,150,857,0,0,21.5,21.5,5,0,900,
1588,03-Apr-26,21:06:39,2,1,400,381,0,0,9.5,9.5,5,0,400,
1588,03-Apr-26,21:06:39,3,1,200,190,0,0,5,5,5,0,200,
1588,03-Apr-26,21:06:39,4,1,400,381,0,0,9.5,9.5,5,0,400,
1588,03-Apr-26,21:06:39,5,1,100,95,0,0,2.5,2.5,5,0,100,
1588,03-Apr-26,21:06:39,6,4,100,381,0,0,9.5,9.5,5,0,400,
1588,03-Apr-26,21:06:39,7,3,60,171,0,0,4.5,4.5,5,0,180,
1588,03-Apr-26,21:06:39,8,1,20,19,0,0,0.5,0.5,5,0,20,
1589,03-Apr-26,21:36:08,1,1,200,190,0,0,5,5,5,0,200,
1590,03-Apr-26,21:46:07,1,1,200,190,0,0,5,5,5,0,200,
1591,03-Apr-26,21:57:13,1,1,250,238,0,0,6,6,5,0,250,
1591,03-Apr-26,21:57:13,2,1,350,333,0,0,8.5,8.5,5,0,350,
1591,03-Apr-26,21:57:13,3,1,300,286,0,0,7,7,5,0,300,
1592,03-Apr-26,22:07:01,1,1,400,381,0,0,9.5,9.5,5,0,400,
1593,03-Apr-26,22:07:42,1,7,40,267,0,0,6.5,6.5,5,0,280,
1594,03-Apr-26,22:08:19,1,1,100,95,0,0,2.5,2.5,5,0,100,
1594,03-Apr-26,22:08:19,2,2,150,286,0,0,7,7,5,0,300,
1595,04-Apr-26,11:31:10,1,1,150,143,0,0,3.5,3.5,5,0,150,
1596,04-Apr-26,13:17:18,1,1,100,95,0,0,2.5,2.5,5,0,100,
1596,04-Apr-26,13:17:18,2,1,100,95,0,0,2.5,2.5,5,0,100,
3681,06-Jul-26,11:39:34,1,1,250,238,0,0,6,6,5,0,250,
3681,06-Jul-26,11:39:34,2,1,200,190,0,0,5,5,5,0,200,
3682,06-Jul-26,13:12:34,1,1,150,143,0,0,3.5,3.5,5,0,150,CASH
3683,06-Jul-26,13:12:42,1,1,60,57,0,0,1.5,1.5,5,0,60,
3684,06-Jul-26,13:41:38,1,1,150,143,0,0,3.5,3.5,5,0,150,
3685,06-Jul-26,14:49:25,1,1,400,381,0,0,9.5,9.5,5,0,400,
3685,06-Jul-26,14:49:25,2,1,250,238,0,0,6,6,5,0,250,
3686,06-Jul-26,17:02:23,1,1,130,124,0,0,3,3,5,0,130,
3687,06-Jul-26,17:30:29,1,3,100,286,0,0,7,7,5,0,300,
3688,06-Jul-26,17:47:31,1,1,200,190,0,0,5,5,5,0,200,
3689,06-Jul-26,17:50:33,1,3,150,429,0,0,10.5,10.5,5,0,450,
3690,06-Jul-26,17:55:24,1,1,150,143,0,0,3.5,3.5,5,0,150,
3691,06-Jul-26,18:47:08,1,1,250,238,0,0,6,6,5,0,250,
3691,06-Jul-26,18:47:08,2,1,150,143,0,0,3.5,3.5,5,0,150,
3692,06-Jul-26,19:04:03,1,10,130,1238,0,0,31,31,5,0,1300,
3693,06-Jul-26,19:13:51,1,1,200,190,0,0,5,5,5,0,200,
3694,06-Jul-26,19:24:24,1,1,200,190,0,0,5,5,5,0,200,
630,13-Feb-26,19:11:50,2,1,60,57,0,0,1.5,1.5,5,0,60,
631,13-Feb-26,19:26:18,1,3,350,1000,0,0,25,25,5,0,1050,
631,13-Feb-26,19:26:18,2,1,120,114,0,0,3,3,5,0,120,
632,13-Feb-26,20:24:01,1,2,100,190,0,0,5,5,5,0,200,
633,13-Feb-26,20:30:13,1,6,200,1143,0,0,28.5,28.5,5,0,1200,
633,13-Feb-26,20:30:13,2,1,350,333,0,0,8.5,8.5,5,0,350,
633,13-Feb-26,20:30:13,3,1,250,238,0,0,6,6,5,0,250,
633,13-Feb-26,20:30:13,4,1,300,286,0,0,7,7,5,0,300,
633,13-Feb-26,20:30:13,5,3,500,1429,0,0,35.5,35.5,5,0,1500,
633,13-Feb-26,20:30:13,6,1,800,762,0,0,19,19,5,0,800,
634,13-Feb-26,20:43:56,1,1,150,143,0,0,3.5,3.5,5,0,150,
635,13-Feb-26,20:57:31,1,1,300,286,0,0,7,7,5,0,300,
636,13-Feb-26,21:06:10,1,1,500,476,0,0,12,12,5,0,500,
636,13-Feb-26,21:06:10,2,1,500,476,0,0,12,12,5,0,500,
636,13-Feb-26,21:06:10,3,1,500,476,0,0,12,12,5,0,500,
637,13-Feb-26,21:13:29,1,1,250,238,0,0,6,6,5,0,250,
637,13-Feb-26,21:13:29,2,1,300,286,0,0,7,7,5,0,300,
1005,07-Mar-26,12:17:46,4,2,150,286,0,0,7,7,5,0,300,
1005,07-Mar-26,12:17:46,5,1,200,190,0,0,5,5,5,0,200,
1006,07-Mar-26,12:22:58,1,2,120,229,0,0,5.5,5.5,5,0,240,
1006,07-Mar-26,12:22:58,2,1,150,143,0,0,3.5,3.5,5,0,150,
1006,07-Mar-26,12:22:58,3,1,100,95,0,0,2.5,2.5,5,0,100,
1007,07-Mar-26,13:38:14,1,1,150,143,0,0,3.5,3.5,5,0,150,CASH
1007,07-Mar-26,13:38:14,2,1,100,95,0,0,2.5,2.5,5,0,100,CASH
1008,07-Mar-26,13:39:05,1,1,350,333,0,0,8.5,8.5,5,0,350,
1008,07-Mar-26,13:39:05,2,1,150,143,0,0,3.5,3.5,5,0,150,
1009,07-Mar-26,14:02:02,1,4,60,229,0,0,5.5,5.5,5,0,240,
1009,07-Mar-26,14:02:02,2,1,200,190,0,0,5,5,5,0,200,
1009,07-Mar-26,14:02:02,3,1,60,57,0,0,1.5,1.5,5,0,60,
1009,07-Mar-26,14:02:02,4,1,100,95,0,0,2.5,2.5,5,0,100,
1010,07-Mar-26,16:25:44,1,1,150,143,0,0,3.5,3.5,5,0,150,
1011,07-Mar-26,16:26:56,1,1,100,95,0,0,2.5,2.5,5,0,100,
1011,07-Mar-26,16:26:56,2,1,100,95,0,0,2.5,2.5,5,0,100,
1012,07-Mar-26,17:29:02,1,1,120,114,0,0,3,3,5,0,120,
5042,30-Aug-26,22:36:20,1,3,60,171,0,0,4.5,4.5,5,0,180,
5043,30-Aug-26,22:44:49,1,2,650,1238,0,0,31,31,5,0,1300,
5043,30-Aug-26,22:44:49,2,6,120,686,0,0,17,17,5,0,720,
5043,30-Aug-26,22:44:49,3,1,80,76,0,0,2,2,5,0,80,
5044,31-Aug-26,11:40:27,1,2,650,1238,0,0,31,31,5,0,1300,CASH
5044,31-Aug-26,11:40:27,2,1,150,143,0,0,3.5,3.5,5,0,150,CASH
5044,31-Aug-26,11:40:27,3,1,300,286,0,0,7,7,5,0,300,CASH
5045,31-Aug-26,11:50:13,1,1,600,571,0,0,14.5,14.5,5,0,600,
5046,31-Aug-26,13:31:26,1,1,150,143,0,0,3.5,3.5,5,0,150,
5047,31-Aug-26,15:40:54,1,5,60,286,0,0,7,7,5,0,300,
5048,31-Aug-26,16:30:49,1,3,50,143,0,0,3.5,3.5,5,0,150,
5049,31-Aug-26,16:35:55,1,4,200,762,0,0,19,19,5,0,800,
5049,31-Aug-26,16:35:55,2,1,100,95,0,0,2.5,2.5,5,0,100,
5049,31-Aug-26,16:35:55,3,1,50,48,0,0,1,1,5,0,50,
5050,31-Aug-26,17:24:51,1,1,400,381,0,0,9.5,9.5,5,0,400,
5050,31-Aug-26,17:24:51,2,1,350,333,0,0,8.5,8.5,5,0,350,
5050,31-Aug-26,17:24:51,3,1,600,571,0,0,14.5,14.5,5,0,600,
5095,02-Sep-26,18:35:07,1,2,40,76,0,0,2,2,5,0,80,
5096,02-Sep-26,18:38:58,1,3,50,143,0,0,3.5,3.5,5,0,150,
5097,02-Sep-26,19:17:31,1,3,250,714,0,0,18,18,5,0,750,
5098,02-Sep-26,19:25:31,1,1,120,114,0,0,3,3,5,0,120,
5099,02-Sep-26,19:25:39,1,2,100,190,0,0,5,5,5,0,200,
5100,02-Sep-26,19:27:29,1,1,150,143,0,0,3.5,3.5,5,0,150,
5100,02-Sep-26,19:27:29,2,1,60,57,0,0,1.5,1.5,5,0,60,
5101,02-Sep-26,19:28:01,1,1,650,619,0,0,15.5,15.5,5,0,650,
5102,02-Sep-26,19:39:31,1,2,80,152,0,0,4,4,5,0,160,
5103,02-Sep-26,19:50:40,1,2,150,286,0,0,7,7,5,0,300,
5104,02-Sep-26,20:14:14,1,1,50,48,0,0,1,1,5,0,50,
5105,02-Sep-26,20:21:29,1,1,100,95,0,0,2.5,2.5,5,0,100,
5106,02-Sep-26,21:41:27,1,1,650,619,0,0,15.5,15.5,5,0,650,
5107,02-Sep-26,21:48:43,1,2,150,286,0,0,7,7,5,0,300,
5108,02-Sep-26,21:49:57,1,1,500,476,0,0,12,12,5,0,500,
5108,02-Sep-26,21:49:57,2,1,200,190,0,0,5,5,5,0,200,
5108,02-Sep-26,21:49:57,3,1,400,381,0,0,9.5,9.5,5,0,400,
3694,06-Jul-26,19:24:24,2,1,200,190,0,0,5,5,5,0,200,
3694,06-Jul-26,19:24:24,3,1,500,476,0,0,12,12,5,0,500,
3694,06-Jul-26,19:24:24,4,1,200,190,0,0,5,5,5,0,200,
3694,06-Jul-26,19:24:24,5,1,200,190,0,0,5,5,5,0,200,
3694,06-Jul-26,19:24:24,6,1,120,114,0,0,3,3,5,0,120,
3694,06-Jul-26,19:24:24,7,1,120,114,0,0,3,3,5,0,120,
3695,06-Jul-26,19:44:02,1,1,200,190,0,0,5,5,5,0,200,
3696,06-Jul-26,20:00:36,1,1,350,333,0,0,8.5,8.5,5,0,350,
3697,06-Jul-26,20:22:07,1,3,50,143,0,0,3.5,3.5,5,0,150,
3698,06-Jul-26,20:42:28,1,1,350,333,0,0,8.5,8.5,5,0,350,
3699,06-Jul-26,21:19:56,1,1,100,95,0,0,2.5,2.5,5,0,100,
3700,06-Jul-26,22:08:35,1,1,60,57,0,0,1.5,1.5,5,0,60,
3701,07-Jul-26,11:52:14,1,1,350,333,0,0,8.5,8.5,5,0,350,CASH
3702,07-Jul-26,13:22:29,1,1,200,190,0,0,5,5,5,0,200,
3702,07-Jul-26,13:22:29,2,1,60,57,0,0,1.5,1.5,5,0,60,
3703,07-Jul-26,14:38:06,1,2,70,133,0,0,3.5,3.5,5,0,140,
3704,07-Jul-26,15:16:32,1,1,150,143,0,0,3.5,3.5,5,0,150,
5062,31-Aug-26,20:04:13,3,2,150,286,0,0,7,7,5,0,300,
5063,31-Aug-26,20:24:40,1,2,50,95,0,0,2.5,2.5,5,0,100,
5064,31-Aug-26,21:02:42,1,1,150,143,0,0,3.5,3.5,5,0,150,CASH
5065,01-Sep-26,12:48:45,1,1,650,619,0,0,15.5,15.5,5,0,650,CASH
5066,01-Sep-26,12:49:12,1,7,50,333,0,0,8.5,8.5,5,0,350,
5067,01-Sep-26,12:54:17,1,1,100,95,0,0,2.5,2.5,5,0,100,
5068,01-Sep-26,13:05:16,1,3,50,143,0,0,3.5,3.5,5,0,150,
5068,01-Sep-26,13:05:16,2,1,40,38,0,0,1,1,5,0,40,
5069,01-Sep-26,17:04:04,1,1,150,143,0,0,3.5,3.5,5,0,150,
5070,01-Sep-26,17:10:51,1,1,500,476,0,0,12,12,5,0,500,
5070,01-Sep-26,17:10:51,2,1,500,476,0,0,12,12,5,0,500,
5071,01-Sep-26,17:56:31,1,1,300,286,0,0,7,7,5,0,300,
5072,01-Sep-26,18:06:32,1,2,80,152,0,0,4,4,5,0,160,CASH
5072,01-Sep-26,18:06:32,2,1,100,95,0,0,2.5,2.5,5,0,100,CASH
5073,01-Sep-26,18:06:59,1,1,100,95,0,0,2.5,2.5,5,0,100,
5074,01-Sep-26,18:53:51,1,1,400,381,0,0,9.5,9.5,5,0,400,
5074,01-Sep-26,18:53:51,2,1,250,238,0,0,6,6,5,0,250,
3704,07-Jul-26,15:16:32,2,1,150,143,0,0,3.5,3.5,5,0,150,
3704,07-Jul-26,15:16:32,3,1,150,143,0,0,3.5,3.5,5,0,150,
3704,07-Jul-26,15:16:32,4,1,60,57,0,0,1.5,1.5,5,0,60,
3705,07-Jul-26,15:29:22,1,1,60,57,0,0,1.5,1.5,5,0,60,
3706,07-Jul-26,17:01:29,1,1,100,95,0,0,2.5,2.5,5,0,100,
3706,07-Jul-26,17:01:29,2,1,250,238,0,0,6,6,5,0,250,
3706,07-Jul-26,17:01:29,3,1,200,190,0,0,5,5,5,0,200,
3707,07-Jul-26,17:02:31,1,2,350,667,0,0,16.5,16.5,5,0,700,
3708,07-Jul-26,17:49:05,1,2,200,381,0,0,9.5,9.5,5,0,400,
3709,07-Jul-26,19:20:02,1,1,350,333,0,0,8.5,8.5,5,0,350,
3709,07-Jul-26,19:20:02,2,1,250,238,0,0,6,6,5,0,250,
3709,07-Jul-26,19:20:02,3,1,200,190,0,0,5,5,5,0,200,
3709,07-Jul-26,19:20:02,4,1,150,143,0,0,3.5,3.5,5,0,150,
3710,07-Jul-26,19:21:44,1,2,200,381,0,0,9.5,9.5,5,0,400,
3710,07-Jul-26,19:21:44,2,1,150,143,0,0,3.5,3.5,5,0,150,
3710,07-Jul-26,19:21:44,3,1,250,238,0,0,6,6,5,0,250,
3710,07-Jul-26,19:21:44,4,2,120,229,0,0,5.5,5.5,5,0,240,
3711,07-Jul-26,19:36:14,1,3,60,171,0,0,4.5,4.5,5,0,180,
3711,07-Jul-26,19:36:14,2,1,650,619,0,0,15.5,15.5,5,0,650,
3711,07-Jul-26,19:36:14,3,1,60,57,0,0,1.5,1.5,5,0,60,
3711,07-Jul-26,19:36:14,4,1,150,143,0,0,3.5,3.5,5,0,150,
3711,07-Jul-26,19:36:14,5,1,250,238,0,0,6,6,5,0,250,
3711,07-Jul-26,19:36:14,6,1,10,10,0,0,0,0,5,0,10,
3712,07-Jul-26,20:07:48,1,1,100,95,0,0,2.5,2.5,5,0,100,
3713,07-Jul-26,20:09:02,1,1,60,57,0,0,1.5,1.5,5,0,60,
3714,07-Jul-26,20:14:20,1,2,200,381,0,0,9.5,9.5,5,0,400,
3714,07-Jul-26,20:14:20,2,1,150,143,0,0,3.5,3.5,5,0,150,
3715,07-Jul-26,20:22:09,1,1,200,190,0,0,5,5,5,0,200,
3716,07-Jul-26,20:37:16,1,1,350,333,0,0,8.5,8.5,5,0,350,
3717,07-Jul-26,21:04:29,1,1,200,190,0,0,5,5,5,0,200,
3718,07-Jul-26,21:05:35,1,1,100,95,0,0,2.5,2.5,5,0,100,
3719,07-Jul-26,21:06:23,1,1,200,190,0,0,5,5,5,0,200,
3719,07-Jul-26,21:06:23,2,1,350,333,0,0,8.5,8.5,5,0,350,
3720,07-Jul-26,21:15:58,1,4,350,1333,0,0,33.5,33.5,5,0,1400,
3720,07-Jul-26,21:15:58,2,1,100,95,0,0,2.5,2.5,5,0,100,
3721,07-Jul-26,21:27:56,1,1,500,476,0,0,12,12,5,0,500,
3721,07-Jul-26,21:27:56,2,1,650,619,0,0,15.5,15.5,5,0,650,
3721,07-Jul-26,21:27:56,3,1,350,333,0,0,8.5,8.5,5,0,350,
3722,07-Jul-26,21:52:11,1,1,250,238,0,0,6,6,5,0,250,
3723,08-Jul-26,12:00:04,1,1,250,238,0,0,6,6,5,0,250,CASH
3724,08-Jul-26,13:52:37,1,1,100,95,0,0,2.5,2.5,5,0,100,
3724,08-Jul-26,13:52:37,2,2,60,114,0,0,3,3,5,0,120,
3725,08-Jul-26,14:03:49,1,4,100,381,0,0,9.5,9.5,5,0,400,
3725,08-Jul-26,14:03:49,2,1,200,190,0,0,5,5,5,0,200,
3726,08-Jul-26,14:22:50,1,1,250,238,0,0,6,6,5,0,250,
3727,08-Jul-26,14:27:08,1,2,60,114,0,0,3,3,5,0,120,
3727,08-Jul-26,14:27:08,2,1,100,95,0,0,2.5,2.5,5,0,100,
3728,08-Jul-26,14:30:14,1,2,200,381,0,0,9.5,9.5,5,0,400,
3728,08-Jul-26,14:30:14,2,2,300,571,0,0,14.5,14.5,5,0,600,
3728,08-Jul-26,14:30:14,3,1,100,95,0,0,2.5,2.5,5,0,100,
3729,08-Jul-26,14:32:28,1,3,60,171,0,0,4.5,4.5,5,0,180,
3729,08-Jul-26,14:32:28,2,3,100,286,0,0,7,7,5,0,300,
3730,08-Jul-26,14:36:39,1,1,50,48,0,0,1,1,5,0,50,
3731,08-Jul-26,15:08:35,1,2,100,190,0,0,5,5,5,0,200,CASH
3732,08-Jul-26,15:59:25,1,1,200,190,0,0,5,5,5,0,200,
3733,08-Jul-26,16:05:04,1,4,200,762,0,0,19,19,5,0,800,
3733,08-Jul-26,16:05:04,2,1,300,286,0,0,7,7,5,0,300,
3734,08-Jul-26,18:13:49,1,1,300,286,0,0,7,7,5,0,300,CASH
3734,08-Jul-26,18:13:49,2,1,70,67,0,0,1.5,1.5,5,0,70,CASH
3735,08-Jul-26,18:33:51,1,1,200,190,0,0,5,5,5,0,200,
3736,08-Jul-26,18:34:24,1,1,150,143,0,0,3.5,3.5,5,0,150,
3737,08-Jul-26,18:38:32,1,2,200,381,0,0,9.5,9.5,5,0,400,
3738,08-Jul-26,18:45:21,1,1,150,143,0,0,3.5,3.5,5,0,150,
3738,08-Jul-26,18:45:21,2,1,250,238,0,0,6,6,5,0,250,
3739,08-Jul-26,18:56:43,1,1,200,190,0,0,5,5,5,0,200,
3740,08-Jul-26,19:16:52,1,5,150,714,0,0,18,18,5,0,750,5
3741,08-Jul-26,19:18:48,1,2,150,286,0,0,7,7,5,0,300,
3742,08-Jul-26,19:37:13,1,1,150,143,0,0,3.5,3.5,5,0,150,
3773,09-Jul-26,20:37:14,1,6,50,286,0,0,7,7,5,0,300,
3774,09-Jul-26,20:40:33,1,1,350,333,0,0,8.5,8.5,5,0,350,
3775,09-Jul-26,20:48:57,1,1,100,95,0,0,2.5,2.5,5,0,100,
3776,09-Jul-26,21:17:41,1,3,60,171,0,0,4.5,4.5,5,0,180,
3777,09-Jul-26,21:19:10,1,3,150,429,0,0,10.5,10.5,5,0,450,
3777,09-Jul-26,21:19:10,2,1,250,238,0,0,6,6,5,0,250,
3778,09-Jul-26,21:28:38,1,1,120,114,0,0,3,3,5,0,120,
3778,09-Jul-26,21:28:38,2,1,100,95,0,0,2.5,2.5,5,0,100,
3779,09-Jul-26,21:29:33,1,1,100,95,0,0,2.5,2.5,5,0,100,
3779,09-Jul-26,21:29:33,2,1,250,238,0,0,6,6,5,0,250,
3779,09-Jul-26,21:29:33,3,1,60,57,0,0,1.5,1.5,5,0,60,
3780,09-Jul-26,21:42:01,1,3,350,1000,0,0,25,25,5,0,1050,
3781,09-Jul-26,21:46:28,1,1,200,190,0,0,5,5,5,0,200,
3782,10-Jul-26,11:30:11,1,1,60,57,0,0,1.5,1.5,5,0,60,CASH
3782,10-Jul-26,11:30:11,2,1,150,143,0,0,3.5,3.5,5,0,150,CASH
3782,10-Jul-26,11:30:11,3,1,70,67,0,0,1.5,1.5,5,0,70,CASH
3782,10-Jul-26,11:30:11,4,1,40,38,0,0,1,1,5,0,40,CASH
3783,10-Jul-26,14:30:12,1,1,200,190,0,0,5,5,5,0,200,
3783,10-Jul-26,14:30:12,2,1,60,57,0,0,1.5,1.5,5,0,60,
3784,10-Jul-26,14:32:41,1,1,200,190,0,0,5,5,5,0,200,
3784,10-Jul-26,14:32:41,2,1,60,57,0,0,1.5,1.5,5,0,60,
3785,10-Jul-26,14:40:36,1,1,200,190,0,0,5,5,5,0,200,
3786,10-Jul-26,14:40:59,1,3,60,171,0,0,4.5,4.5,5,0,180,
3787,10-Jul-26,14:51:53,1,1,500,476,0,0,12,12,5,0,500,
3787,10-Jul-26,14:51:53,2,1,600,571,0,0,14.5,14.5,5,0,600,
3788,10-Jul-26,15:09:23,1,1,100,95,0,0,2.5,2.5,5,0,100,
3789,10-Jul-26,16:32:10,1,3,150,429,0,0,10.5,10.5,5,0,450,
3790,10-Jul-26,16:47:58,1,1,120,114,0,0,3,3,5,0,120,
3790,10-Jul-26,16:47:58,2,1,100,95,0,0,2.5,2.5,5,0,100,
3790,10-Jul-26,16:47:58,3,1,130,124,0,0,3,3,5,0,130,
3790,10-Jul-26,16:47:58,4,4,30,114,0,0,3,3,5,0,120,
3791,10-Jul-26,17:30:55,1,5,200,952,0,0,24,24,5,0,1000,
3792,10-Jul-26,17:32:28,1,1,100,95,0,0,2.5,2.5,5,0,100,
3793,10-Jul-26,17:33:33,1,3,70,200,0,0,5,5,5,0,210,
3803,10-Jul-26,20:15:17,1,3,30,86,0,0,2,2,5,0,90,
3803,10-Jul-26,20:15:17,2,2,120,229,0,0,5.5,5.5,5,0,240,
3804,10-Jul-26,20:33:38,1,1,300,286,0,0,7,7,5,0,300,
3805,10-Jul-26,20:35:46,1,1,400,381,0,0,9.5,9.5,5,0,400,
3806,10-Jul-26,21:31:00,1,1,50,48,0,0,1,1,5,0,50,
3807,10-Jul-26,21:32:30,1,6,100,571,0,0,14.5,14.5,5,0,600,
3808,10-Jul-26,21:56:55,1,1,150,143,0,0,3.5,3.5,5,0,150,
3809,10-Jul-26,22:09:21,1,3,120,343,0,0,8.5,8.5,5,0,360,
3809,10-Jul-26,22:09:21,2,2,150,286,0,0,7,7,5,0,300,
3809,10-Jul-26,22:09:21,3,1,350,333,0,0,8.5,8.5,5,0,350,
3809,10-Jul-26,22:09:21,4,2,120,229,0,0,5.5,5.5,5,0,240,
3809,10-Jul-26,22:09:21,5,1,150,143,0,0,3.5,3.5,5,0,150,
3809,10-Jul-26,22:09:21,6,1,350,333,0,0,8.5,8.5,5,0,350,
3809,10-Jul-26,22:09:21,7,1,50,48,0,0,1,1,5,0,50,
3810,10-Jul-26,22:19:13,1,1,150,143,0,0,3.5,3.5,5,0,150,
3810,10-Jul-26,22:19:13,2,1,100,95,0,0,2.5,2.5,5,0,100,
3811,11-Jul-26,11:13:58,1,1,250,238,0,0,6,6,5,0,250,CASH
3820,11-Jul-26,17:04:01,4,7,200,1333,0,0,33.5,33.5,5,0,1400,
3820,11-Jul-26,17:04:01,5,1,250,238,0,0,6,6,5,0,250,
3820,11-Jul-26,17:04:01,6,3,350,1000,0,0,25,25,5,0,0,
3820,11-Jul-26,17:04:01,7,2,50,95,0,0,2.5,2.5,5,0,100,
3820,11-Jul-26,17:04:01,8,2,20,38,0,0,1,1,5,0,40,
3821,11-Jul-26,17:35:48,1,2,30,57,0,0,1.5,1.5,5,0,60,
3821,11-Jul-26,17:35:48,2,1,250,238,0,0,6,6,5,0,250,
3822,11-Jul-26,17:59:09,1,2,300,571,0,0,14.5,14.5,5,0,600,
3822,11-Jul-26,17:59:09,2,1,100,95,0,0,2.5,2.5,5,0,100,
3823,11-Jul-26,18:06:16,1,4,100,381,0,0,9.5,9.5,5,0,400,
3824,11-Jul-26,18:21:21,1,3,150,429,0,0,10.5,10.5,5,0,450,
3824,11-Jul-26,18:21:21,2,4,60,229,0,0,5.5,5.5,5,0,240,
3824,11-Jul-26,18:21:21,3,1,100,95,0,0,2.5,2.5,5,0,100,
3824,11-Jul-26,18:21:21,4,1,30,29,0,0,0.5,0.5,5,0,30,
3825,11-Jul-26,18:22:46,1,1,600,571,0,0,14.5,14.5,5,0,600,
3826,11-Jul-26,18:24:41,1,1,250,238,0,0,6,6,5,0,250,
3827,11-Jul-26,18:59:21,1,2,150,286,0,0,7,7,5,0,300,
3827,11-Jul-26,18:59:21,2,1,350,333,0,0,8.5,8.5,5,0,350,
3828,11-Jul-26,19:04:17,1,1,400,381,0,0,9.5,9.5,5,0,400,
3829,11-Jul-26,19:15:25,1,3,100,286,0,0,7,7,5,0,300,
3830,11-Jul-26,19:36:23,1,1,250,238,0,0,6,6,5,0,250,
3830,11-Jul-26,19:36:23,2,1,150,143,0,0,3.5,3.5,5,0,150,
3830,11-Jul-26,19:36:23,3,1,50,48,0,0,1,1,5,0,50,
3831,11-Jul-26,19:40:19,1,1,150,143,0,0,3.5,3.5,5,0,150,
3832,11-Jul-26,19:40:57,1,4,250,952,0,0,24,24,5,0,1000,
3832,11-Jul-26,19:40:57,2,1,150,143,0,0,3.5,3.5,5,0,150,
3833,11-Jul-26,19:50:00,1,1,30,29,0,0,0.5,0.5,5,0,30,
3834,11-Jul-26,19:54:51,1,1,500,476,0,0,12,12,5,0,500,
3834,11-Jul-26,19:54:51,2,1,150,143,0,0,3.5,3.5,5,0,150,
3835,11-Jul-26,20:37:29,1,2,60,114,0,0,3,3,5,0,120,
3835,11-Jul-26,20:37:29,2,1,300,286,0,0,7,7,5,0,300,
3835,11-Jul-26,20:37:29,3,1,150,143,0,0,3.5,3.5,5,0,150,
3835,11-Jul-26,20:37:29,4,1,330,314,0,0,8,8,5,0,330,
3836,11-Jul-26,21:10:02,1,1,100,95,0,0,2.5,2.5,5,0,100,
3836,11-Jul-26,21:10:02,2,1,60,57,0,0,1.5,1.5,5,0,60,
3837,11-Jul-26,21:23:45,1,2,250,476,0,0,12,12,5,0,500,
3838,11-Jul-26,21:27:39,1,5,250,1190,0,0,30,30,5,0,1250,
3839,11-Jul-26,21:30:04,1,1,60,57,0,0,1.5,1.5,5,0,60,
3840,11-Jul-26,21:30:57,1,1,150,143,0,0,3.5,3.5,5,0,150,
3841,11-Jul-26,21:35:41,1,1,150,143,0,0,3.5,3.5,5,0,150,
3842,11-Jul-26,21:50:20,1,1,200,190,0,0,5,5,5,0,200,
3843,11-Jul-26,21:51:14,1,2,150,286,0,0,7,7,5,0,300,
3844,12-Jul-26,11:18:33,1,1,200,190,0,0,5,5,5,0,200,CASH
3845,12-Jul-26,12:17:42,1,2,500,952,0,0,24,24,5,0,1000,
3845,12-Jul-26,12:17:42,2,1,250,238,0,0,6,6,5,0,250,
3845,12-Jul-26,12:17:42,3,1,300,286,0,0,7,7,5,0,300,
3846,12-Jul-26,12:20:28,1,1,100,95,0,0,2.5,2.5,5,0,100,
3846,12-Jul-26,12:20:28,2,1,200,190,0,0,5,5,5,0,200,
3847,12-Jul-26,12:22:21,1,1,650,619,0,0,15.5,15.5,5,0,650,
3848,12-Jul-26,12:34:45,1,1,100,95,0,0,2.5,2.5,5,0,100,
3849,12-Jul-26,13:18:22,1,2,150,286,0,0,7,7,5,0,300,CASH
3856,12-Jul-26,15:25:09,1,1,60,57,0,0,1.5,1.5,5,0,60,
3857,12-Jul-26,15:26:37,1,1,340,324,0,0,8,8,5,0,340,
3858,12-Jul-26,15:29:08,1,5,60,286,0,0,7,7,5,0,300,
3858,12-Jul-26,15:29:08,2,4,100,381,0,0,9.5,9.5,5,0,400,
3859,12-Jul-26,16:41:34,1,4,200,762,0,0,19,19,5,0,800,
3859,12-Jul-26,16:41:34,2,1,100,95,0,0,2.5,2.5,5,0,100,
3860,12-Jul-26,17:06:29,1,2,400,762,0,0,19,19,5,0,800,
3860,12-Jul-26,17:06:29,2,1,200,190,0,0,5,5,5,0,200,
3861,12-Jul-26,17:06:51,1,1,100,95,0,0,2.5,2.5,5,0,100,
3862,12-Jul-26,17:07:51,1,1,200,190,0,0,5,5,5,0,200,
3863,12-Jul-26,17:24:46,1,1,200,190,0,0,5,5,5,0,200,
3864,12-Jul-26,17:24:53,1,1,120,114,0,0,3,3,5,0,120,
3864,12-Jul-26,17:24:53,2,6,30,171,0,0,4.5,4.5,5,0,180,
3865,12-Jul-26,17:25:52,1,5,120,571,0,0,14.5,14.5,5,0,600,
3865,12-Jul-26,17:25:52,2,1,550,524,0,0,13,13,5,0,550,
3865,12-Jul-26,17:25:52,3,1,500,476,0,0,12,12,5,0,500,
3866,12-Jul-26,17:37:23,1,1,100,95,0,0,2.5,2.5,5,0,100,
671,15-Feb-26,22:32:18,1,1,150,143,0,0,3.5,3.5,5,0,150,
672,15-Feb-26,22:32:50,1,1,150,143,0,0,3.5,3.5,5,0,150,
673,15-Feb-26,22:51:14,1,1,130,124,0,0,3,3,5,0,130,CASH
674,16-Feb-26,11:28:12,1,3,150,429,0,0,10.5,10.5,5,0,450,CASH
674,16-Feb-26,11:28:12,2,1,150,143,0,0,3.5,3.5,5,0,150,CASH
675,16-Feb-26,11:38:48,1,4,40,152,0,0,4,4,5,0,160,
676,16-Feb-26,14:04:30,1,1,300,286,0,0,7,7,5,0,300,CASH
676,16-Feb-26,14:04:30,2,1,150,143,0,0,3.5,3.5,5,0,150,CASH
677,16-Feb-26,14:07:51,1,1,500,476,0,0,12,12,5,0,500,
678,16-Feb-26,15:01:03,1,3,100,286,0,0,7,7,5,0,300,
678,16-Feb-26,15:01:03,2,4,150,571,0,0,14.5,14.5,5,0,600,
678,16-Feb-26,15:01:03,3,1,200,190,0,0,5,5,5,0,200,
679,16-Feb-26,15:03:53,1,2,150,286,0,0,7,7,5,0,300,
680,16-Feb-26,15:35:33,1,1,200,190,0,0,5,5,5,0,200,CASH
680,16-Feb-26,15:35:33,2,1,300,286,0,0,7,7,5,0,300,CASH
681,16-Feb-26,15:38:02,1,1,100,95,0,0,2.5,2.5,5,0,100,
681,16-Feb-26,15:38:02,2,1,400,381,0,0,9.5,9.5,5,0,400,
1045,08-Mar-26,20:00:48,1,6,70,400,0,0,10,10,5,0,420,CASH
1045,08-Mar-26,20:00:48,2,6,30,171,0,0,4.5,4.5,5,0,180,CASH
1045,08-Mar-26,20:00:48,3,1,40,38,0,0,1,1,5,0,40,CASH
1046,08-Mar-26,20:34:03,1,1,350,333,0,0,8.5,8.5,5,0,350,CASH
1047,08-Mar-26,20:34:13,1,2,150,286,0,0,7,7,5,0,300,
1048,08-Mar-26,20:48:06,1,3,400,1143,0,0,28.5,28.5,5,0,1200,
1048,08-Mar-26,20:48:06,2,3,200,571,0,0,14.5,14.5,5,0,600,
1048,08-Mar-26,20:48:06,3,1,100,95,0,0,2.5,2.5,5,0,100,
1049,08-Mar-26,21:23:00,1,4,100,381,0,0,9.5,9.5,5,0,400,
1049,08-Mar-26,21:23:00,2,1,200,190,0,0,5,5,5,0,200,
1049,08-Mar-26,21:23:00,3,1,350,333,0,0,8.5,8.5,5,0,350,
1049,08-Mar-26,21:23:00,4,2,120,229,0,0,5.5,5.5,5,0,240,
1050,08-Mar-26,21:40:51,1,2,600,1143,0,0,28.5,28.5,5,0,1200,
1051,08-Mar-26,21:41:23,1,1,150,143,0,0,3.5,3.5,5,0,150,
1052,08-Mar-26,21:46:05,1,2,200,381,0,0,9.5,9.5,5,0,400,
1052,08-Mar-26,21:46:05,2,1,300,286,0,0,7,7,5,0,300,
1052,08-Mar-26,21:46:05,3,1,200,190,0,0,5,5,5,0,200,
3867,12-Jul-26,17:40:54,1,1,100,95,0,0,2.5,2.5,5,0,100,
3867,12-Jul-26,17:40:54,2,1,100,95,0,0,2.5,2.5,5,0,100,
3868,12-Jul-26,18:02:08,1,1,150,143,0,0,3.5,3.5,5,0,150,
3868,12-Jul-26,18:02:08,2,1,250,238,0,0,6,6,5,0,250,
3869,12-Jul-26,18:09:24,1,1,150,143,0,0,3.5,3.5,5,0,150,
3870,12-Jul-26,18:11:33,1,1,300,286,0,0,7,7,5,0,300,
3870,12-Jul-26,18:11:33,2,1,150,143,0,0,3.5,3.5,5,0,150,
3871,12-Jul-26,18:43:33,1,1,150,143,0,0,3.5,3.5,5,0,150,
3871,12-Jul-26,18:43:33,2,2,100,190,0,0,5,5,5,0,200,
3872,12-Jul-26,18:51:42,1,1,400,381,0,0,9.5,9.5,5,0,400,
3872,12-Jul-26,18:51:42,2,1,400,381,0,0,9.5,9.5,5,0,400,
3872,12-Jul-26,18:51:42,3,1,250,238,0,0,6,6,5,0,250,
3873,12-Jul-26,18:59:19,1,1,100,95,0,0,2.5,2.5,5,0,100,
3873,12-Jul-26,18:59:19,2,1,150,143,0,0,3.5,3.5,5,0,150,
3874,12-Jul-26,19:05:17,1,1,600,571,0,0,14.5,14.5,5,0,600,
3874,12-Jul-26,19:05:17,2,1,400,381,0,0,9.5,9.5,5,0,400,
3875,12-Jul-26,19:40:36,1,1,100,95,0,0,2.5,2.5,5,0,100,
3876,12-Jul-26,19:45:02,1,1,200,190,0,0,5,5,5,0,200,
3877,12-Jul-26,19:45:12,1,1,250,238,0,0,6,6,5,0,250,
3878,12-Jul-26,19:45:51,1,2,60,114,0,0,3,3,5,0,120,
3879,12-Jul-26,19:46:10,1,1,100,95,0,0,2.5,2.5,5,0,100,
3880,12-Jul-26,19:48:48,1,1,600,571,0,0,14.5,14.5,5,0,600,
3880,12-Jul-26,19:48:48,2,1,500,476,0,0,12,12,5,0,500,
3880,12-Jul-26,19:48:48,3,3,120,343,0,0,8.5,8.5,5,0,360,
3880,12-Jul-26,19:48:48,4,1,400,381,0,0,9.5,9.5,5,0,400,
3880,12-Jul-26,19:48:48,5,1,100,95,0,0,2.5,2.5,5,0,100,
3881,12-Jul-26,19:52:04,1,2,100,190,0,0,5,5,5,0,200,
3882,12-Jul-26,19:52:27,1,1,130,124,0,0,3,3,5,0,130,
3883,12-Jul-26,19:58:38,1,1,130,124,0,0,3,3,5,0,130,
3884,12-Jul-26,20:01:29,1,1,150,143,0,0,3.5,3.5,5,0,150,
3884,12-Jul-26,20:01:29,2,2,25,48,0,0,1,1,5,0,50,
3885,12-Jul-26,20:01:55,1,1,200,190,0,0,5,5,5,0,200,
3885,12-Jul-26,20:01:55,2,1,60,57,0,0,1.5,1.5,5,0,60,
3886,12-Jul-26,20:07:57,1,1,350,333,0,0,8.5,8.5,5,0,350,CASH
3887,12-Jul-26,20:26:33,1,1,100,95,0,0,2.5,2.5,5,0,100,
3888,12-Jul-26,20:31:23,1,1,150,143,0,0,3.5,3.5,5,0,150,
3889,12-Jul-26,20:31:38,1,2,60,114,0,0,3,3,5,0,120,
3889,12-Jul-26,20:31:38,2,1,350,333,0,0,8.5,8.5,5,0,350,
3889,12-Jul-26,20:31:38,3,1,60,57,0,0,1.5,1.5,5,0,60,
3890,12-Jul-26,20:58:55,1,1,400,381,0,0,9.5,9.5,5,0,400,
3891,12-Jul-26,21:00:43,1,1,200,190,0,0,5,5,5,0,200,
3892,12-Jul-26,21:02:08,1,2,60,114,0,0,3,3,5,0,120,
3893,12-Jul-26,21:18:34,1,1,250,238,0,0,6,6,5,0,250,
3894,12-Jul-26,21:18:50,1,4,60,229,0,0,5.5,5.5,5,0,240,
3894,12-Jul-26,21:18:50,2,1,100,95,0,0,2.5,2.5,5,0,100,
3894,12-Jul-26,21:18:50,3,1,200,190,0,0,5,5,5,0,200,
3895,12-Jul-26,21:23:17,1,1,500,476,0,0,12,12,5,0,500,
3895,12-Jul-26,21:23:17,2,1,200,190,0,0,5,5,5,0,200,
3896,12-Jul-26,21:58:11,1,2,250,476,0,0,12,12,5,0,500,
3897,12-Jul-26,22:04:00,1,1,60,57,0,0,1.5,1.5,5,0,60,
3898,12-Jul-26,22:05:07,1,1,250,238,0,0,6,6,5,0,250,
3910,13-Jul-26,19:48:21,1,2,40,76,0,0,2,2,5,0,80,
3910,13-Jul-26,19:48:21,2,1,80,76,0,0,2,2,5,0,80,
3911,13-Jul-26,19:55:36,1,2,60,114,0,0,3,3,5,0,120,
3912,13-Jul-26,20:25:40,1,3,250,714,0,0,18,18,5,0,750,
3913,13-Jul-26,20:30:01,1,4,250,952,0,0,24,24,5,0,1000,
3914,13-Jul-26,20:30:26,1,1,570,543,0,0,13.5,13.5,5,0,570,
3915,13-Jul-26,20:45:09,1,4,80,305,0,0,7.5,7.5,5,0,320,
3915,13-Jul-26,20:45:09,2,3,50,143,0,0,3.5,3.5,5,0,150,
3915,13-Jul-26,20:45:09,3,1,30,29,0,0,0.5,0.5,5,0,30,
3916,13-Jul-26,21:26:56,1,1,150,143,0,0,3.5,3.5,5,0,150,CASH
3916,13-Jul-26,21:26:56,2,1,60,57,0,0,1.5,1.5,5,0,60,CASH
3917,13-Jul-26,21:30:39,1,2,200,381,0,0,9.5,9.5,5,0,400,
3917,13-Jul-26,21:30:39,2,2,60,114,0,0,3,3,5,0,120,
3918,13-Jul-26,21:34:40,1,1,250,238,0,0,6,6,5,0,250,
3919,13-Jul-26,22:31:29,1,1,350,333,0,0,8.5,8.5,5,0,350,
3919,13-Jul-26,22:31:29,2,1,150,143,0,0,3.5,3.5,5,0,150,
3920,13-Jul-26,22:32:03,1,1,550,524,0,0,13,13,5,0,550,
3920,13-Jul-26,22:32:03,2,1,60,57,0,0,1.5,1.5,5,0,60,
3920,13-Jul-26,22:32:03,3,2,150,286,0,0,7,7,5,0,300,
3921,14-Jul-26,11:25:00,1,1,500,476,0,0,12,12,5,0,500,CASH
3921,14-Jul-26,11:25:00,2,1,150,143,0,0,3.5,3.5,5,0,150,CASH
3921,14-Jul-26,11:25:00,3,1,100,95,0,0,2.5,2.5,5,0,100,CASH
3922,14-Jul-26,11:26:00,1,1,250,238,0,0,6,6,5,0,250,
3923,14-Jul-26,13:24:02,1,1,100,95,0,0,2.5,2.5,5,0,100,
3923,14-Jul-26,13:24:02,2,2,60,114,0,0,3,3,5,0,120,
3924,14-Jul-26,14:00:05,1,1,70,67,0,0,1.5,1.5,5,0,70,
3924,14-Jul-26,14:00:05,2,1,30,29,0,0,0.5,0.5,5,0,30,
3924,14-Jul-26,14:00:05,3,1,250,238,0,0,6,6,5,0,250,
3924,14-Jul-26,14:00:05,4,1,500,476,0,0,12,12,5,0,500,
3924,14-Jul-26,14:00:05,5,1,130,124,0,0,3,3,5,0,130,
3925,14-Jul-26,14:05:31,1,1,60,57,0,0,1.5,1.5,5,0,60,
3926,14-Jul-26,17:26:04,1,5,150,714,0,0,18,18,5,0,750,CASH
3926,14-Jul-26,17:26:04,2,1,250,238,0,0,6,6,5,0,250,CASH
3926,14-Jul-26,17:26:04,3,2,200,381,0,0,9.5,9.5,5,0,400,CASH
3385,25-Jun-26,13:56:50,1,1,300,286,0,0,7,7,5,0,300,
3386,25-Jun-26,13:57:36,1,1,600,571,0,0,14.5,14.5,5,0,600,
3387,25-Jun-26,13:59:24,1,1,200,190,0,0,5,5,5,0,200,
3388,25-Jun-26,14:15:56,1,1,100,95,0,0,2.5,2.5,5,0,100,
3389,25-Jun-26,14:45:24,1,1,100,95,0,0,2.5,2.5,5,0,100,
3389,25-Jun-26,14:45:24,2,1,60,57,0,0,1.5,1.5,5,0,60,
3390,25-Jun-26,14:51:47,1,1,200,190,0,0,5,5,5,0,200,
3391,25-Jun-26,14:57:05,1,2,500,952,0,0,24,24,5,0,1000,PULES SIR
3392,25-Jun-26,16:03:46,1,1,100,95,0,0,2.5,2.5,5,0,100,
3392,25-Jun-26,16:03:46,2,1,150,143,0,0,3.5,3.5,5,0,150,
3393,25-Jun-26,16:08:14,1,1,300,286,0,0,7,7,5,0,300,SURESHBABU
3393,25-Jun-26,16:08:14,2,6,250,1429,0,0,35.5,35.5,5,0,1500,SURESHBABU
3393,25-Jun-26,16:08:14,3,1,300,286,0,0,7,7,5,0,300,SURESHBABU
3393,25-Jun-26,16:08:14,4,3,650,1857,0,0,46.5,46.5,5,0,1950,SURESHBABU
3393,25-Jun-26,16:08:14,5,2,1000,1905,0,0,47.5,47.5,5,0,2000,SURESHBABU
3393,25-Jun-26,16:08:14,6,9,150,1286,0,0,32,32,5,0,1350,SURESHBABU
3393,25-Jun-26,16:08:14,7,4,100,381,0,0,9.5,9.5,5,0,400,SURESHBABU
3927,14-Jul-26,18:00:33,1,1,500,476,0,0,12,12,5,0,500,
3928,14-Jul-26,18:52:24,1,1,100,95,0,0,2.5,2.5,5,0,100,
3928,14-Jul-26,18:52:24,2,1,60,57,0,0,1.5,1.5,5,0,60,
3928,14-Jul-26,18:52:24,3,2,150,286,0,0,7,7,5,0,300,
3929,14-Jul-26,19:19:03,1,1,250,238,0,0,6,6,5,0,250,
3929,14-Jul-26,19:19:03,2,4,150,571,0,0,14.5,14.5,5,0,600,
3930,14-Jul-26,19:32:32,1,1,150,143,0,0,3.5,3.5,5,0,150,
3931,14-Jul-26,19:42:56,1,2,150,286,0,0,7,7,5,0,300,
3932,14-Jul-26,19:43:12,1,1,150,143,0,0,3.5,3.5,5,0,150,
3933,14-Jul-26,20:20:09,1,1,120,114,0,0,3,3,5,0,120,
3933,14-Jul-26,20:20:09,2,1,130,124,0,0,3,3,5,0,130,
3933,14-Jul-26,20:20:09,3,1,100,95,0,0,2.5,2.5,5,0,100,
3934,14-Jul-26,20:42:22,1,1,500,476,0,0,12,12,5,0,500,
3935,14-Jul-26,20:44:58,1,1,300,286,0,0,7,7,5,0,300,
3936,14-Jul-26,20:49:00,1,1,150,143,0,0,3.5,3.5,5,0,150,
3936,14-Jul-26,20:49:00,2,1,100,95,0,0,2.5,2.5,5,0,100,
3937,14-Jul-26,21:33:10,1,7,60,400,0,0,10,10,5,0,420,CASH
3937,14-Jul-26,21:33:10,2,2,100,190,0,0,5,5,5,0,200,CASH
3937,14-Jul-26,21:33:10,3,1,130,124,0,0,3,3,5,0,130,CASH
3937,14-Jul-26,21:33:10,4,1,100,95,0,0,2.5,2.5,5,0,100,CASH
3938,14-Jul-26,21:37:32,1,3,350,1000,0,0,25,25,5,0,1050,
3939,14-Jul-26,21:41:17,1,4,250,952,0,0,24,24,5,0,1000,
3939,14-Jul-26,21:41:17,2,3,60,171,0,0,4.5,4.5,5,0,180,
3940,14-Jul-26,21:50:11,1,1,600,571,0,0,14.5,14.5,5,0,600,
3940,14-Jul-26,21:50:11,2,1,500,476,0,0,12,12,5,0,500,
3941,14-Jul-26,21:55:50,1,2,650,1238,0,0,31,31,5,0,1300,
3941,14-Jul-26,21:55:50,2,1,80,76,0,0,2,2,5,0,80,
3937,14-Jul-26,20:51:52,1,1,200,190,0,0,5,5,5,0,200,
3942,14-Jul-26,22:12:40,1,1,200,190,0,0,5,5,5,0,200,
3943,14-Jul-26,22:12:50,1,1,250,238,0,0,6,6,5,0,250,
3943,14-Jul-26,22:12:50,2,1,250,238,0,0,6,6,5,0,250,
3943,14-Jul-26,22:12:50,3,2,60,114,0,0,3,3,5,0,120,
3944,14-Jul-26,22:20:46,1,1,80,76,0,0,2,2,5,0,80,
3945,14-Jul-26,22:25:24,1,5,500,2381,0,0,59.5,59.5,5,0,2500,
713,18-Feb-26,22:29:41,1,1,350,333,0,0,8.5,8.5,5,0,350,CASH
713,18-Feb-26,22:29:41,2,3,350,1000,0,0,25,25,5,0,1050,CASH
713,18-Feb-26,22:29:41,3,9,100,857,0,0,21.5,21.5,5,0,900,CASH
713,18-Feb-26,22:29:41,4,150,5,714,0,0,18,18,5,0,750,CASH
713,18-Feb-26,22:29:41,5,7,120,800,0,0,20,20,5,0,840,CASH
713,18-Feb-26,22:29:41,6,1,160,152,0,0,4,4,5,0,160,CASH
714,18-Feb-26,22:34:11,1,1,150,143,0,0,3.5,3.5,5,0,150,
715,19-Feb-26,14:00:41,1,1,450,429,0,0,10.5,10.5,5,0,450,
716,19-Feb-26,15:20:07,1,2,300,571,0,0,14.5,14.5,5,0,600,
716,19-Feb-26,15:20:07,2,1,350,333,0,0,8.5,8.5,5,0,350,
716,19-Feb-26,15:20:07,3,4,120,457,0,0,11.5,11.5,5,0,480,
716,19-Feb-26,15:20:07,4,2,150,286,0,0,7,7,5,0,300,
716,19-Feb-26,15:20:07,5,2,120,229,0,0,5.5,5.5,5,0,240,
716,19-Feb-26,15:20:07,6,1,100,95,0,0,2.5,2.5,5,0,100,
716,19-Feb-26,15:20:07,7,3,250,714,0,0,18,18,5,0,750,
716,19-Feb-26,15:20:07,8,5,100,476,0,0,12,12,5,0,500,
716,19-Feb-26,15:20:07,9,3,50,143,0,0,3.5,3.5,5,0,150,
1053,08-Mar-26,22:31:29,1,1,100,95,0,0,2.5,2.5,5,0,100,CASH
1054,08-Mar-26,22:32:05,1,1,300,286,0,0,7,7,5,0,300,
1055,09-Mar-26,12:50:11,1,1,400,381,0,0,9.5,9.5,5,0,400,CASH
1056,09-Mar-26,12:51:38,1,1,500,476,0,0,12,12,5,0,500,
1057,09-Mar-26,13:06:06,1,1,200,190,0,0,5,5,5,0,200,
1058,09-Mar-26,13:27:32,1,5,100,476,0,0,12,12,5,0,500,
1059,09-Mar-26,13:35:26,1,1,150,143,0,0,3.5,3.5,5,0,150,
1060,09-Mar-26,14:01:40,1,1,120,114,0,0,3,3,5,0,120,
1061,09-Mar-26,14:01:46,1,1,50,48,0,0,1,1,5,0,50,
1061,09-Mar-26,14:01:46,2,1,150,143,0,0,3.5,3.5,5,0,150,
1062,09-Mar-26,14:13:40,1,2,300,571,0,0,14.5,14.5,5,0,600,
1062,09-Mar-26,14:13:40,2,1,600,571,0,0,14.5,14.5,5,0,600,
1062,09-Mar-26,14:13:40,3,1,150,143,0,0,3.5,3.5,5,0,150,
1063,09-Mar-26,14:15:33,1,1,400,381,0,0,9.5,9.5,5,0,400,
1064,09-Mar-26,14:24:01,1,3,300,857,0,0,21.5,21.5,5,0,900,
1065,09-Mar-26,18:07:25,1,3,350,1000,0,0,25,25,5,0,1050,CASH
1065,09-Mar-26,18:07:25,2,1,450,429,0,0,10.5,10.5,5,0,450,CASH
1192,15-Mar-26,12:26:58,1,2,100,190,0,0,5,5,5,0,200,
1193,15-Mar-26,12:46:11,1,1,400,381,0,0,9.5,9.5,5,0,400,
1193,15-Mar-26,12:46:11,2,2,600,1143,0,0,28.5,28.5,5,0,1200,
1193,15-Mar-26,12:46:11,3,2,300,571,0,0,14.5,14.5,5,0,600,
1193,15-Mar-26,12:46:11,4,1,150,143,0,0,3.5,3.5,5,0,150,
1193,15-Mar-26,12:46:11,5,1,200,190,0,0,5,5,5,0,200,
1193,15-Mar-26,12:46:11,6,1,300,286,0,0,7,7,5,0,300,
1194,15-Mar-26,13:15:59,1,1,200,190,0,0,5,5,5,0,200,
1195,15-Mar-26,13:24:43,1,1,100,95,0,0,2.5,2.5,5,0,100,
1196,15-Mar-26,15:30:30,1,5,100,476,0,0,12,12,5,0,500,
1196,15-Mar-26,15:30:30,2,1,150,143,0,0,3.5,3.5,5,0,150,
1196,15-Mar-26,15:30:30,3,2,40,76,0,0,2,2,5,0,80,
1197,15-Mar-26,16:20:34,1,1,100,95,0,0,2.5,2.5,5,0,100,
1197,15-Mar-26,16:20:34,2,2,120,229,0,0,5.5,5.5,5,0,240,
1198,15-Mar-26,16:22:27,1,3,70,200,0,0,5,5,5,0,210,
1198,15-Mar-26,16:22:27,2,3,80,229,0,0,5.5,5.5,5,0,240,
1198,15-Mar-26,16:22:27,3,3,60,171,0,0,4.5,4.5,5,0,180,
1317,21-Mar-26,16:35:18,3,1,100,95,0,0,2.5,2.5,5,0,100,CASH
1317,21-Mar-26,16:35:18,4,1,100,95,0,0,2.5,2.5,5,0,100,CASH
1318,21-Mar-26,17:00:19,1,1,240,229,0,0,5.5,5.5,5,0,240,
1319,21-Mar-26,17:01:27,1,7,40,267,0,0,6.5,6.5,5,0,280,
1319,21-Mar-26,17:01:27,2,1,100,95,0,0,2.5,2.5,5,0,100,
1319,21-Mar-26,17:01:27,3,2,60,114,0,0,3,3,5,0,120,
1320,21-Mar-26,17:27:14,1,1,10,10,0,0,0,0,5,0,10,
1321,21-Mar-26,17:30:17,1,1,10,10,0,0,0,0,5,0,10,CASH
1322,21-Mar-26,17:30:34,1,1,10,10,0,0,0,0,5,0,10,
1323,21-Mar-26,17:31:50,1,1,450,429,0,0,10.5,10.5,5,0,450,
1323,21-Mar-26,17:31:50,2,1,200,190,0,0,5,5,5,0,200,
1324,21-Mar-26,18:02:04,1,3,150,429,0,0,10.5,10.5,5,0,450,
1325,21-Mar-26,18:02:21,1,2,500,952,0,0,24,24,5,0,1000,
1326,21-Mar-26,18:25:08,1,1,70,67,0,0,1.5,1.5,5,0,70,CASH
1327,21-Mar-26,20:06:59,1,2,450,857,0,0,21.5,21.5,5,0,900,CASH
1328,21-Mar-26,20:28:18,1,1,300,286,0,0,7,7,5,0,300,
1329,21-Mar-26,20:30:51,1,2,150,286,0,0,7,7,5,0,300,
1329,21-Mar-26,20:30:51,2,2,200,381,0,0,9.5,9.5,5,0,400,
1327,21-Mar-26,18:31:34,1,1,150,143,0,0,3.5,3.5,5,0,150,
1327,21-Mar-26,18:31:34,2,3,60,171,0,0,4.5,4.5,5,0,180,
1327,21-Mar-26,18:31:34,3,1,40,38,0,0,1,1,5,0,40,
1327,21-Mar-26,18:31:34,4,1,100,95,0,0,2.5,2.5,5,0,100,
1327,21-Mar-26,18:31:34,5,1,200,190,0,0,5,5,5,0,200,
1327,21-Mar-26,18:31:34,6,5,60,286,0,0,7,7,5,0,300,
1327,21-Mar-26,18:31:34,7,1,60,57,0,0,1.5,1.5,5,0,60,
1330,21-Mar-26,21:12:26,1,1,500,476,0,0,12,12,5,0,500,
1331,21-Mar-26,21:16:03,1,1,550,524,0,0,13,13,5,0,550,
1331,21-Mar-26,21:16:03,2,2,150,286,0,0,7,7,5,0,300,
1332,21-Mar-26,21:28:04,1,1,450,429,0,0,10.5,10.5,5,0,450,
1333,21-Mar-26,21:42:20,1,3,400,1143,0,0,28.5,28.5,5,0,1200,
1334,21-Mar-26,21:43:36,1,1,100,95,0,0,2.5,2.5,5,0,100,
1335,21-Mar-26,22:35:36,1,1,200,190,0,0,5,5,5,0,200,CASH
1336,21-Mar-26,22:43:32,1,2,150,286,0,0,7,7,5,0,300,CASH
1336,21-Mar-26,22:43:32,2,1,200,190,0,0,5,5,5,0,200,CASH
730,20-Feb-26,11:43:59,1,1,600,571,0,0,14.5,14.5,5,0,600,
731,20-Feb-26,12:48:59,1,1,300,286,0,0,7,7,5,0,300,
731,20-Feb-26,12:48:59,2,1,350,333,0,0,8.5,8.5,5,0,350,
732,20-Feb-26,17:39:22,1,1,150,143,0,0,3.5,3.5,5,0,150,
733,20-Feb-26,18:53:02,1,3,150,429,0,0,10.5,10.5,5,0,450,
733,20-Feb-26,18:53:02,2,1,300,286,0,0,7,7,5,0,300,
733,20-Feb-26,18:53:02,3,1,350,333,0,0,8.5,8.5,5,0,350,
734,20-Feb-26,19:37:53,1,8,40,305,0,0,7.5,7.5,5,0,320,
735,20-Feb-26,20:33:42,1,1,200,190,0,0,5,5,5,0,200,
735,20-Feb-26,20:33:42,2,2,150,286,0,0,7,7,5,0,300,
735,20-Feb-26,20:33:42,3,2,150,286,0,0,7,7,5,0,300,
735,20-Feb-26,20:33:42,4,2,100,190,0,0,5,5,5,0,200,
735,20-Feb-26,20:33:42,5,5,150,714,0,0,18,18,5,0,750,
736,20-Feb-26,20:45:04,1,1,200,190,0,0,5,5,5,0,200,
737,21-Feb-26,11:28:56,1,1,100,95,0,0,2.5,2.5,5,0,100,CASH
738,21-Feb-26,14:55:39,1,2,120,229,0,0,5.5,5.5,5,0,240,
739,21-Feb-26,15:09:49,1,1,100,95,0,0,2.5,2.5,5,0,100,
1065,09-Mar-26,18:07:25,3,1,300,286,0,0,7,7,5,0,300,CASH
1066,09-Mar-26,18:09:32,1,2,200,381,0,0,9.5,9.5,5,0,400,
1067,09-Mar-26,18:53:27,1,2,100,190,0,0,5,5,5,0,200,
1068,09-Mar-26,20:48:05,1,1,200,190,0,0,5,5,5,0,200,CASH
1068,09-Mar-26,20:48:05,2,2,200,381,0,0,9.5,9.5,5,0,400,CASH
1068,09-Mar-26,20:48:05,3,1,100,95,0,0,2.5,2.5,5,0,100,CASH
1068,09-Mar-26,20:48:05,4,1,350,333,0,0,8.5,8.5,5,0,350,CASH
1069,09-Mar-26,21:17:05,1,2,250,476,0,0,12,12,5,0,500,
1069,09-Mar-26,21:17:05,2,2,150,286,0,0,7,7,5,0,300,
1069,09-Mar-26,21:17:05,3,1,80,76,0,0,2,2,5,0,80,
1069,09-Mar-26,21:17:05,4,2,150,286,0,0,7,7,5,0,300,
1069,09-Mar-26,21:17:05,5,1,100,95,0,0,2.5,2.5,5,0,100,
1069,09-Mar-26,21:17:05,6,5,150,714,0,0,18,18,5,0,750,
1069,09-Mar-26,21:17:05,7,4,100,381,0,0,9.5,9.5,5,0,400,
1069,09-Mar-26,21:17:05,8,1,60,57,0,0,1.5,1.5,5,0,60,
1069,09-Mar-26,21:17:05,9,1,150,143,0,0,3.5,3.5,5,0,150,
1069,09-Mar-26,21:17:05,10,3,30,86,0,0,2,2,5,0,90,
1198,15-Mar-26,16:22:27,4,1,60,57,0,0,1.5,1.5,5,0,60,
1199,15-Mar-26,17:04:53,1,1,400,381,0,0,9.5,9.5,5,0,400,
1199,15-Mar-26,17:04:53,2,1,400,381,0,0,9.5,9.5,5,0,400,
1199,15-Mar-26,17:04:53,3,1,100,95,0,0,2.5,2.5,5,0,100,
1199,15-Mar-26,17:04:53,4,1,450,429,0,0,10.5,10.5,5,0,450,
1199,15-Mar-26,17:04:53,5,1,50,48,0,0,1,1,5,0,50,
1200,15-Mar-26,17:27:47,1,1,350,333,0,0,8.5,8.5,5,0,350,CASH
1201,15-Mar-26,18:22:16,1,2,150,286,0,0,7,7,5,0,300,
1202,15-Mar-26,18:23:55,1,1,250,238,0,0,6,6,5,0,250,
1203,15-Mar-26,18:32:20,1,3,70,200,0,0,5,5,5,0,210,
1203,15-Mar-26,18:32:20,2,1,120,114,0,0,3,3,5,0,120,
1203,15-Mar-26,18:32:20,3,1,150,143,0,0,3.5,3.5,5,0,150,
1204,15-Mar-26,18:44:07,1,1,150,143,0,0,3.5,3.5,5,0,150,
1205,15-Mar-26,19:05:11,1,1,300,286,0,0,7,7,5,0,300,
1206,15-Mar-26,19:20:37,1,1,250,238,0,0,6,6,5,0,250,
1207,15-Mar-26,19:36:33,1,1,200,190,0,0,5,5,5,0,200,
1207,15-Mar-26,19:36:33,2,1,250,238,0,0,6,6,5,0,250,
1336,21-Mar-26,22:43:32,3,5,40,190,0,0,5,5,5,0,200,CASH
1336,21-Mar-26,22:43:32,4,2,200,381,0,0,9.5,9.5,5,0,400,CASH
1336,21-Mar-26,22:43:32,5,2,200,381,0,0,9.5,9.5,5,0,400,CASH
1336,21-Mar-26,22:43:32,6,3,120,343,0,0,8.5,8.5,5,0,360,CASH
1337,22-Mar-26,12:24:53,1,2,300,571,0,0,14.5,14.5,5,0,600,
1337,22-Mar-26,12:24:53,2,3,250,714,0,0,18,18,5,0,750,
1337,22-Mar-26,12:24:53,3,1,150,143,0,0,3.5,3.5,5,0,150,
1337,22-Mar-26,12:24:53,4,1,70,67,0,0,1.5,1.5,5,0,70,
1337,22-Mar-26,12:24:53,5,1,80,76,0,0,2,2,5,0,80,
1338,22-Mar-26,14:14:53,1,2,250,476,0,0,12,12,5,0,500,
1338,22-Mar-26,14:14:53,2,1,150,143,0,0,3.5,3.5,5,0,150,
1338,22-Mar-26,14:14:53,3,1,100,95,0,0,2.5,2.5,5,0,100,
1339,22-Mar-26,15:21:50,1,9,60,514,0,0,13,13,5,0,540,
1340,22-Mar-26,17:06:00,1,6,130,743,0,0,18.5,18.5,5,0,780,
1341,22-Mar-26,17:25:43,1,1,120,114,0,0,3,3,5,0,120,CASH
1341,22-Mar-26,17:25:43,2,1,50,48,0,0,1,1,5,0,50,CASH
1342,22-Mar-26,17:26:33,1,1,200,190,0,0,5,5,5,0,200,
1406,26-Mar-26,19:47:06,4,2,250,476,0,0,12,12,5,0,500,
1406,26-Mar-26,19:47:06,5,2,60,114,0,0,3,3,5,0,120,
1406,26-Mar-26,19:47:06,6,1,400,381,0,0,9.5,9.5,5,0,400,
1407,26-Mar-26,20:02:41,1,1,120,114,0,0,3,3,5,0,120,
1407,26-Mar-26,20:02:41,2,1,200,190,0,0,5,5,5,0,200,
1407,26-Mar-26,20:02:41,3,1,150,143,0,0,3.5,3.5,5,0,150,
1408,26-Mar-26,20:14:13,1,1,600,571,0,0,14.5,14.5,5,0,600,
1409,26-Mar-26,20:17:06,1,4,150,571,0,0,14.5,14.5,5,0,600,
1410,26-Mar-26,22:10:27,1,7,250,1667,0,0,41.5,41.5,5,0,1750,CASH
1410,26-Mar-26,22:10:27,2,6,200,1143,0,0,28.5,28.5,5,0,1200,CASH
1410,26-Mar-26,22:10:27,3,1,260,248,0,0,6,6,5,0,260,CASH
1410,26-Mar-26,22:10:27,4,1,240,229,0,0,5.5,5.5,5,0,240,CASH
1410,26-Mar-26,22:10:27,5,1,300,286,0,0,7,7,5,0,300,CASH
1411,27-Mar-26,11:22:17,1,2,40,76,0,0,2,2,5,0,80,
1412,27-Mar-26,12:55:34,1,1,400,381,0,0,9.5,9.5,5,0,400,
1413,27-Mar-26,13:16:11,1,2,150,286,0,0,7,7,5,0,300,
1413,27-Mar-26,13:16:11,2,1,60,57,0,0,1.5,1.5,5,0,60,
1601,04-Apr-26,18:07:03,5,1,125,119,0,0,3,3,5,0,125,
1601,04-Apr-26,18:07:03,6,1,125,119,0,0,3,3,5,0,125,
1602,04-Apr-26,18:07:48,1,1,300,286,0,0,7,7,5,0,300,
1602,04-Apr-26,18:07:48,2,1,250,238,0,0,6,6,5,0,250,
1603,04-Apr-26,18:17:59,1,1,400,381,0,0,9.5,9.5,5,0,400,
1604,04-Apr-26,18:31:00,1,1,60,57,0,0,1.5,1.5,5,0,60,
1605,04-Apr-26,19:00:41,1,1,500,476,0,0,12,12,5,0,500,CASH
1605,04-Apr-26,19:00:41,2,1,500,476,0,0,12,12,5,0,500,CASH
1605,04-Apr-26,19:00:41,3,1,250,238,0,0,6,6,5,0,250,CASH
1605,04-Apr-26,19:00:41,4,1,450,429,0,0,10.5,10.5,5,0,450,CASH
1606,04-Apr-26,19:02:37,1,1,250,238,0,0,6,6,5,0,250,
1606,04-Apr-26,19:02:37,2,1,250,238,0,0,6,6,5,0,250,
1606,04-Apr-26,19:02:37,3,1,260,248,0,0,6,6,5,0,260,
1606,04-Apr-26,19:02:37,4,1,300,286,0,0,7,7,5,0,300,
1606,04-Apr-26,19:02:37,5,1,300,286,0,0,7,7,5,0,300,
1607,04-Apr-26,19:16:05,1,1,200,190,0,0,5,5,5,0,200,
1608,04-Apr-26,19:16:51,1,1,250,238,0,0,6,6,5,0,250,
739,21-Feb-26,15:09:49,2,1,200,190,0,0,5,5,5,0,200,
739,21-Feb-26,15:09:49,3,2,100,190,0,0,5,5,5,0,200,
739,21-Feb-26,15:09:49,4,1,60,57,0,0,1.5,1.5,5,0,60,
740,21-Feb-26,15:12:51,1,1,250,238,0,0,6,6,5,0,250,
740,21-Feb-26,15:12:51,2,1,300,286,0,0,7,7,5,0,300,
741,21-Feb-26,16:51:11,1,1,150,143,0,0,3.5,3.5,5,0,150,
742,21-Feb-26,19:05:12,1,1,300,286,0,0,7,7,5,0,300,
743,21-Feb-26,19:05:22,1,2,70,133,0,0,3.5,3.5,5,0,140,
743,21-Feb-26,19:05:22,2,1,60,57,0,0,1.5,1.5,5,0,60,
743,21-Feb-26,19:05:22,3,3,100,286,0,0,7,7,5,0,300,
744,21-Feb-26,19:09:00,1,1,150,143,0,0,3.5,3.5,5,0,150,\
745,21-Feb-26,19:17:14,1,1,300,286,0,0,7,7,5,0,300,
746,21-Feb-26,19:18:14,1,1,150,143,0,0,3.5,3.5,5,0,150,
747,21-Feb-26,19:26:26,1,1,100,95,0,0,2.5,2.5,5,0,100,
748,21-Feb-26,19:32:15,1,1,120,114,0,0,3,3,5,0,120,
749,21-Feb-26,19:45:08,1,1,400,381,0,0,9.5,9.5,5,0,400,
749,21-Feb-26,19:45:08,2,1,300,286,0,0,7,7,5,0,300,
1070,09-Mar-26,21:43:16,1,1,350,333,0,0,8.5,8.5,5,0,350,
1070,09-Mar-26,21:43:16,2,1,60,57,0,0,1.5,1.5,5,0,60,
1070,09-Mar-26,21:43:16,3,1,140,133,0,0,3.5,3.5,5,0,140,
1071,09-Mar-26,21:43:57,1,1,150,143,0,0,3.5,3.5,5,0,150,
1072,09-Mar-26,22:16:13,1,1,400,381,0,0,9.5,9.5,5,0,400,
1073,10-Mar-26,12:08:19,1,1,200,190,0,0,5,5,5,0,200,CASH
1073,10-Mar-26,12:08:19,2,2,150,286,0,0,7,7,5,0,300,CASH
1074,10-Mar-26,12:14:11,1,4,80,305,0,0,7.5,7.5,5,0,320,
1074,10-Mar-26,12:14:11,2,3,100,286,0,0,7,7,5,0,300,
1075,10-Mar-26,13:23:49,1,1,120,114,0,0,3,3,5,0,120,
1076,10-Mar-26,14:05:24,1,2,200,381,0,0,9.5,9.5,5,0,400,
1077,10-Mar-26,14:52:13,1,3,150,429,0,0,10.5,10.5,5,0,450,CASH
1077,10-Mar-26,14:52:13,2,2,200,381,0,0,9.5,9.5,5,0,400,CASH
1077,10-Mar-26,14:52:13,3,1,150,143,0,0,3.5,3.5,5,0,150,CASH
1078,10-Mar-26,16:19:55,1,1,50,48,0,0,1,1,5,0,50,
1079,10-Mar-26,16:20:07,1,1,60,57,0,0,1.5,1.5,5,0,60,
1080,10-Mar-26,17:35:02,1,2,350,667,0,0,16.5,16.5,5,0,700,
1208,15-Mar-26,19:37:13,1,1,250,238,0,0,6,6,5,0,250,
1208,15-Mar-26,19:37:13,2,1,250,238,0,0,6,6,5,0,250,
1208,15-Mar-26,19:37:13,3,1,100,95,0,0,2.5,2.5,5,0,100,
1208,15-Mar-26,19:37:13,4,1,120,114,0,0,3,3,5,0,120,
1208,15-Mar-26,19:37:13,5,4,60,229,0,0,5.5,5.5,5,0,240,
1209,15-Mar-26,20:33:22,1,1,240,229,0,0,5.5,5.5,5,0,240,
1210,15-Mar-26,20:34:20,1,3,100,286,0,0,7,7,5,0,300,
1210,15-Mar-26,20:34:20,2,1,150,143,0,0,3.5,3.5,5,0,150,
1210,15-Mar-26,20:34:20,3,2,100,190,0,0,5,5,5,0,200,
1210,15-Mar-26,20:34:20,4,2,30,57,0,0,1.5,1.5,5,0,60,
1210,15-Mar-26,20:34:20,5,1,40,38,0,0,1,1,5,0,40,
1210,15-Mar-26,20:34:20,6,3,40,114,0,0,3,3,5,0,120,
1211,15-Mar-26,20:36:22,1,1,500,476,0,0,12,12,5,0,500,
1212,15-Mar-26,20:45:55,1,1,500,476,0,0,12,12,5,0,500,
1213,15-Mar-26,21:24:00,1,1,250,238,0,0,6,6,5,0,250,
1213,15-Mar-26,21:24:00,2,1,300,286,0,0,7,7,5,0,300,
1214,15-Mar-26,21:24:09,1,1,350,333,0,0,8.5,8.5,5,0,350,
749,21-Feb-26,19:45:08,3,1,460,438,0,0,11,11,5,0,460,
749,21-Feb-26,19:45:08,4,1,560,533,0,0,13.5,13.5,5,0,560,
749,21-Feb-26,19:45:08,5,1,380,362,0,0,9,9,5,0,380,
749,21-Feb-26,19:45:08,6,2,120,229,0,0,5.5,5.5,5,0,240,
737,20-Feb-26,22:22:58,1,2,150,286,0,0,7,7,5,0,300,
750,21-Feb-26,21:02:37,1,1,200,190,0,0,5,5,5,0,200,
750,21-Feb-26,21:02:37,2,1,450,429,0,0,10.5,10.5,5,0,450,
751,21-Feb-26,21:03:04,1,1,150,143,0,0,3.5,3.5,5,0,150,
751,21-Feb-26,21:03:04,2,1,60,57,0,0,1.5,1.5,5,0,60,
752,21-Feb-26,22:51:24,1,1,300,286,0,0,7,7,5,0,300,CASH
753,22-Feb-26,11:38:45,1,1,150,143,0,0,3.5,3.5,5,0,150,CASH
754,22-Feb-26,12:03:30,1,1,550,524,0,0,13,13,5,0,550,
754,22-Feb-26,12:03:30,2,3,150,429,0,0,10.5,10.5,5,0,450,
755,22-Feb-26,12:04:01,1,1,200,190,0,0,5,5,5,0,200,
755,22-Feb-26,12:04:01,2,1,120,114,0,0,3,3,5,0,120,
756,22-Feb-26,12:31:54,1,4,150,571,0,0,14.5,14.5,5,0,600,
757,22-Feb-26,13:28:06,1,12,40,457,0,0,11.5,11.5,5,0,480,
1094,11-Mar-26,12:25:01,1,2,250,476,0,0,12,12,5,0,500,
1094,11-Mar-26,12:25:01,2,1,300,286,0,0,7,7,5,0,300,
1094,11-Mar-26,12:25:01,3,1,350,333,0,0,8.5,8.5,5,0,350,
1094,11-Mar-26,12:25:01,4,1,500,476,0,0,12,12,5,0,500,
1094,11-Mar-26,12:25:01,5,1,120,114,0,0,3,3,5,0,120,
1095,11-Mar-26,12:28:20,1,2,30,57,0,0,1.5,1.5,5,0,60,
1096,11-Mar-26,12:33:45,1,1,300,286,0,0,7,7,5,0,300,
1097,11-Mar-26,12:41:46,1,1,600,571,0,0,14.5,14.5,5,0,600,
1098,11-Mar-26,13:00:43,1,1,600,571,0,0,14.5,14.5,5,0,600,
1099,11-Mar-26,13:56:49,1,2,150,286,0,0,7,7,5,0,300,
1099,11-Mar-26,13:56:49,2,1,120,114,0,0,3,3,5,0,120,
1100,11-Mar-26,14:03:18,1,1,250,238,0,0,6,6,5,0,250,
1100,11-Mar-26,14:03:18,2,1,100,95,0,0,2.5,2.5,5,0,100,
1100,11-Mar-26,14:03:18,3,1,150,143,0,0,3.5,3.5,5,0,150,
1101,11-Mar-26,14:05:10,1,3,80,229,0,0,5.5,5.5,5,0,240,
1101,11-Mar-26,14:05:10,2,2,80,152,0,0,4,4,5,0,160,
1102,11-Mar-26,14:12:14,1,1,500,476,0,0,12,12,5,0,500,
1235,17-Mar-26,14:05:32,2,2,80,152,0,0,4,4,5,0,160,
1235,17-Mar-26,14:05:32,3,1,150,143,0,0,3.5,3.5,5,0,150,
1235,17-Mar-26,14:05:32,4,1,110,105,0,0,2.5,2.5,5,0,110,
1236,17-Mar-26,14:07:41,1,1,350,333,0,0,8.5,8.5,5,0,350,
1236,17-Mar-26,14:07:41,2,2,400,762,0,0,19,19,5,0,800,
1236,17-Mar-26,14:07:41,3,1,70,67,0,0,1.5,1.5,5,0,70,
1237,17-Mar-26,14:10:09,1,1,400,381,0,0,9.5,9.5,5,0,400,
1238,17-Mar-26,14:31:26,1,3,60,171,0,0,4.5,4.5,5,0,180,
1238,17-Mar-26,14:31:26,2,2,350,667,0,0,16.5,16.5,5,0,700,
1239,17-Mar-26,16:04:53,1,1,120,114,0,0,3,3,5,0,120,
1239,17-Mar-26,16:04:53,2,1,150,143,0,0,3.5,3.5,5,0,150,
1239,17-Mar-26,16:04:53,3,2,40,76,0,0,2,2,5,0,80,
1239,17-Mar-26,16:04:53,4,1,70,67,0,0,1.5,1.5,5,0,70,
1240,17-Mar-26,16:29:59,1,3,40,114,0,0,3,3,5,0,120,
1240,17-Mar-26,16:29:59,2,1,30,29,0,0,0.5,0.5,5,0,30,
1241,17-Mar-26,16:32:42,1,1,100,95,0,0,2.5,2.5,5,0,100,
1242,17-Mar-26,18:03:52,1,1,450,429,0,0,10.5,10.5,5,0,450,
758,22-Feb-26,14:02:55,1,3,100,286,0,0,7,7,5,0,300,
759,22-Feb-26,14:43:24,1,10,20,190,0,0,5,5,5,0,200,
760,22-Feb-26,15:00:36,1,20,20,381,0,0,9.5,9.5,5,0,400,
761,22-Feb-26,15:01:13,1,1,200,190,0,0,5,5,5,0,200,
761,22-Feb-26,15:01:13,2,2,120,229,0,0,5.5,5.5,5,0,240,
761,22-Feb-26,15:01:13,3,1,150,143,0,0,3.5,3.5,5,0,150,
762,22-Feb-26,15:51:17,1,1,100,95,0,0,2.5,2.5,5,0,100,
763,22-Feb-26,16:33:10,1,1,200,190,0,0,5,5,5,0,200,
763,22-Feb-26,16:33:10,2,6,100,571,0,0,14.5,14.5,5,0,600,
764,22-Feb-26,17:14:24,1,2,60,114,0,0,3,3,5,0,120,
765,22-Feb-26,17:15:38,1,1,400,381,0,0,9.5,9.5,5,0,400,
765,22-Feb-26,17:15:38,2,1,100,95,0,0,2.5,2.5,5,0,100,
765,22-Feb-26,17:15:38,3,1,150,143,0,0,3.5,3.5,5,0,150,
765,22-Feb-26,17:15:38,4,3,100,286,0,0,7,7,5,0,300,
765,22-Feb-26,17:15:38,5,1,20,19,0,0,0.5,0.5,5,0,20,
765,22-Feb-26,17:15:38,6,2,80,152,0,0,4,4,5,0,160,
765,22-Feb-26,17:15:38,7,5,40,190,0,0,5,5,5,0,200,
1103,11-Mar-26,14:21:36,1,1,60,57,0,0,1.5,1.5,5,0,60,
1104,11-Mar-26,16:58:15,1,1,150,143,0,0,3.5,3.5,5,0,150,CASH
1105,11-Mar-26,16:58:28,1,2,40,76,0,0,2,2,5,0,80,
1106,11-Mar-26,17:13:47,1,1,250,238,0,0,6,6,5,0,250,
1107,11-Mar-26,17:31:20,1,10,40,381,0,0,9.5,9.5,5,0,400,
1107,11-Mar-26,17:31:20,2,1,50,48,0,0,1,1,5,0,50,
1107,11-Mar-26,17:31:20,3,1,80,76,0,0,2,2,5,0,80,
1108,11-Mar-26,18:04:14,1,1,200,190,0,0,5,5,5,0,200,
1109,11-Mar-26,18:04:29,1,1,200,190,0,0,5,5,5,0,200,
1110,11-Mar-26,18:24:39,1,2,200,381,0,0,9.5,9.5,5,0,400,
1110,11-Mar-26,18:24:39,2,2,150,286,0,0,7,7,5,0,300,
1111,11-Mar-26,18:24:56,1,1,300,286,0,0,7,7,5,0,300,
1111,11-Mar-26,18:24:56,2,1,50,48,0,0,1,1,5,0,50,
1112,11-Mar-26,18:29:22,1,3,250,714,0,0,18,18,5,0,750,
1113,11-Mar-26,19:49:26,1,2,50,95,0,0,2.5,2.5,5,0,100,
1114,11-Mar-26,19:50:14,1,2,200,381,0,0,9.5,9.5,5,0,400,
1115,11-Mar-26,20:00:23,1,2,250,476,0,0,12,12,5,0,500,
1252,17-Mar-26,22:36:32,3,1,300,286,0,0,7,7,5,0,300,
1252,17-Mar-26,22:36:32,4,1,500,476,0,0,12,12,5,0,500,
1252,17-Mar-26,22:36:32,5,1,600,571,0,0,14.5,14.5,5,0,600,
1252,17-Mar-26,22:36:32,6,1,350,333,0,0,8.5,8.5,5,0,350,
1252,17-Mar-26,22:36:32,7,3,350,1000,0,0,25,25,5,0,1050,
1252,17-Mar-26,22:36:32,8,1,400,381,0,0,9.5,9.5,5,0,400,
1252,17-Mar-26,22:36:32,9,1,350,333,0,0,8.5,8.5,5,0,0,
1253,18-Mar-26,11:52:21,1,3,100,286,0,0,7,7,5,0,300,CASH
1253,18-Mar-26,11:52:21,2,2,50,95,0,0,2.5,2.5,5,0,100,CASH
1254,18-Mar-26,11:53:59,1,1,350,333,0,0,8.5,8.5,5,0,350,
1254,18-Mar-26,11:53:59,2,1,260,248,0,0,6,6,5,0,260,
1254,18-Mar-26,11:53:59,3,1,250,238,0,0,6,6,5,0,250,
1254,18-Mar-26,11:53:59,4,1,200,190,0,0,5,5,5,0,200,
1255,18-Mar-26,12:45:40,1,1,600,571,0,0,14.5,14.5,5,0,600,
1255,18-Mar-26,12:45:40,2,2,350,667,0,0,16.5,16.5,5,0,700,
1255,18-Mar-26,12:45:40,3,4,250,952,0,0,24,24,5,0,1000,
1256,18-Mar-26,13:35:26,1,1,400,381,0,0,9.5,9.5,5,0,400,
765,22-Feb-26,17:15:38,8,1,100,95,0,0,2.5,2.5,5,0,100,
766,22-Feb-26,17:49:09,1,2,400,762,0,0,19,19,5,0,800,
766,22-Feb-26,17:49:09,2,3,50,143,0,0,3.5,3.5,5,0,150,
766,22-Feb-26,17:49:09,3,4,100,381,0,0,9.5,9.5,5,0,400,
766,22-Feb-26,17:49:09,4,1,150,143,0,0,3.5,3.5,5,0,150,
766,22-Feb-26,17:49:09,5,1,1000,952,0,0,24,24,5,0,1000,
767,22-Feb-26,18:15:17,1,1,150,143,0,0,3.5,3.5,5,0,150,
768,22-Feb-26,18:18:25,1,1,120,114,0,0,3,3,5,0,120,
769,22-Feb-26,18:18:31,1,1,250,238,0,0,6,6,5,0,250,
769,22-Feb-26,18:18:31,2,1,100,95,0,0,2.5,2.5,5,0,100,
769,22-Feb-26,18:18:31,3,2,20,38,0,0,1,1,5,0,40,
770,22-Feb-26,18:28:21,1,1,450,429,0,0,10.5,10.5,5,0,450,
770,22-Feb-26,18:28:21,2,2,350,667,0,0,16.5,16.5,5,0,700,
771,22-Feb-26,18:43:06,1,1,300,286,0,0,7,7,5,0,300,
771,22-Feb-26,18:43:06,2,1,350,333,0,0,8.5,8.5,5,0,350,
771,22-Feb-26,18:43:06,3,1,350,333,0,0,8.5,8.5,5,0,350,
771,22-Feb-26,18:43:06,4,1,300,286,0,0,7,7,5,0,300,
1116,11-Mar-26,20:17:40,1,1,100,95,0,0,2.5,2.5,5,0,100,
1116,11-Mar-26,20:17:40,2,1,150,143,0,0,3.5,3.5,5,0,150,
1116,11-Mar-26,20:17:40,3,2,60,114,0,0,3,3,5,0,120,
1117,11-Mar-26,20:29:02,1,1,400,381,0,0,9.5,9.5,5,0,400,
1117,11-Mar-26,20:29:02,2,1,150,143,0,0,3.5,3.5,5,0,150,
1118,11-Mar-26,21:15:03,1,1,400,381,0,0,9.5,9.5,5,0,400,
1118,11-Mar-26,21:15:03,2,1,250,238,0,0,6,6,5,0,250,
1119,11-Mar-26,22:28:39,1,1,400,381,0,0,9.5,9.5,5,0,400,
1119,11-Mar-26,22:28:39,2,2,100,190,0,0,5,5,5,0,200,
1120,11-Mar-26,22:30:55,1,1,450,429,0,0,10.5,10.5,5,0,450,
1120,11-Mar-26,22:30:55,2,2,150,286,0,0,7,7,5,0,300,
1120,11-Mar-26,22:30:55,3,1,270,257,0,0,6.5,6.5,5,0,270,
1121,11-Mar-26,22:49:15,1,1,500,476,0,0,12,12,5,0,500,
1122,11-Mar-26,22:51:04,1,1,200,190,0,0,5,5,5,0,200,
1123,12-Mar-26,12:01:27,1,1,100,95,0,0,2.5,2.5,5,0,100,
1123,12-Mar-26,12:01:27,2,1,100,95,0,0,2.5,2.5,5,0,100,
1123,12-Mar-26,12:01:27,3,1,250,238,0,0,6,6,5,0,250,
1290,20-Mar-26,12:40:27,1,1,200,190,0,0,5,5,5,0,200,
1290,20-Mar-26,12:40:27,2,1,300,286,0,0,7,7,5,0,300,
1291,20-Mar-26,12:40:42,1,2,250,476,0,0,12,12,5,0,500,
1292,20-Mar-26,14:26:22,1,2,200,381,0,0,9.5,9.5,5,0,400,CASH
1292,20-Mar-26,14:26:22,2,1,100,95,0,0,2.5,2.5,5,0,100,CASH
1293,20-Mar-26,15:08:30,1,1,400,381,0,0,9.5,9.5,5,0,400,
1293,20-Mar-26,15:08:30,2,1,350,333,0,0,8.5,8.5,5,0,350,
1294,20-Mar-26,15:08:44,1,1,150,143,0,0,3.5,3.5,5,0,150,
1294,20-Mar-26,15:08:44,2,1,200,190,0,0,5,5,5,0,200,
1295,20-Mar-26,17:13:22,1,1,200,190,0,0,5,5,5,0,200,
1296,20-Mar-26,17:18:17,1,1,120,114,0,0,3,3,5,0,120,
1297,20-Mar-26,17:59:37,1,2,100,190,0,0,5,5,5,0,200,CASH
1298,20-Mar-26,18:36:31,1,1,300,286,0,0,7,7,5,0,300,
1299,20-Mar-26,18:50:35,1,1,130,124,0,0,3,3,5,0,130,
1299,20-Mar-26,18:50:35,2,1,100,95,0,0,2.5,2.5,5,0,100,
1299,20-Mar-26,18:50:35,3,1,150,143,0,0,3.5,3.5,5,0,150,
1300,20-Mar-26,19:22:07,1,1,60,57,0,0,1.5,1.5,5,0,60,
1789,11-Apr-26,13:05:42,3,1,40,38,0,0,1,1,5,0,40,
1790,11-Apr-26,13:06:13,1,1,260,248,0,0,6,6,5,0,260,
1791,11-Apr-26,13:45:17,1,3,100,286,0,0,7,7,5,0,300,
1792,11-Apr-26,13:58:44,1,1,50,48,0,0,1,1,5,0,50,
1792,11-Apr-26,13:58:44,2,1,50,48,0,0,1,1,5,0,50,
1792,11-Apr-26,13:58:44,3,1,50,48,0,0,1,1,5,0,50,
1792,11-Apr-26,13:58:44,4,1,50,48,0,0,1,1,5,0,50,
1792,11-Apr-26,13:58:44,5,1,50,48,0,0,1,1,5,0,50,
1792,11-Apr-26,13:58:44,6,1,100,95,0,0,2.5,2.5,5,0,100,
1793,11-Apr-26,14:00:31,1,1,100,95,0,0,2.5,2.5,5,0,100,
1794,11-Apr-26,14:52:21,1,1,70,67,0,0,1.5,1.5,5,0,70,
1795,11-Apr-26,15:05:08,1,1,300,286,0,0,7,7,5,0,300,
1795,11-Apr-26,15:05:08,2,2,40,76,0,0,2,2,5,0,80,
1796,11-Apr-26,15:18:22,1,1,100,95,0,0,2.5,2.5,5,0,100,
1797,11-Apr-26,17:03:45,1,2,400,762,0,0,19,19,5,0,800,
1798,11-Apr-26,17:09:48,1,1,400,381,0,0,9.5,9.5,5,0,400,
1798,11-Apr-26,17:09:48,2,4,150,571,0,0,14.5,14.5,5,0,600,
2239,01-May-26,15:53:01,2,1,150,143,0,0,3.5,3.5,5,0,150,
2239,01-May-26,15:53:01,3,1,100,95,0,0,2.5,2.5,5,0,100,
2240,01-May-26,15:58:18,1,1,100,95,0,0,2.5,2.5,5,0,100,
2240,01-May-26,15:58:18,2,1,250,238,0,0,6,6,5,0,250,
2240,01-May-26,15:58:18,3,1,250,238,0,0,6,6,5,0,250,
2241,01-May-26,16:07:21,1,2,70,133,0,0,3.5,3.5,5,0,140,
2241,01-May-26,16:07:21,2,2,25,48,0,0,1,1,5,0,50,
2242,01-May-26,17:30:45,1,1,60,57,0,0,1.5,1.5,5,0,60,
2242,01-May-26,17:30:45,2,1,100,95,0,0,2.5,2.5,5,0,100,
2242,01-May-26,17:30:45,3,1,150,143,0,0,3.5,3.5,5,0,150,
2243,01-May-26,17:31:54,1,1,250,238,0,0,6,6,5,0,250,
2244,01-May-26,17:44:27,1,1,150,143,0,0,3.5,3.5,5,0,150,
2244,01-May-26,17:44:27,2,1,120,114,0,0,3,3,5,0,120,
2244,01-May-26,17:44:27,3,1,100,95,0,0,2.5,2.5,5,0,100,
2245,01-May-26,18:30:27,1,1,500,476,0,0,12,12,5,0,500,
2246,01-May-26,18:49:17,1,1,500,476,0,0,12,12,5,0,500,CASH
2246,01-May-26,18:49:17,2,2,70,133,0,0,3.5,3.5,5,0,140,CASH
2581,17-May-26,13:27:43,1,1,150,143,0,0,3.5,3.5,5,0,150,
2581,17-May-26,13:27:43,2,1,60,57,0,0,1.5,1.5,5,0,60,
2582,17-May-26,13:28:51,1,1,200,190,0,0,5,5,5,0,200,
2582,17-May-26,13:28:51,2,1,300,286,0,0,7,7,5,0,300,
2583,17-May-26,13:39:59,1,1,600,571,0,0,14.5,14.5,5,0,600,
2584,17-May-26,14:18:07,1,3,70,200,0,0,5,5,5,0,210,
2584,17-May-26,14:18:07,2,1,300,286,0,0,7,7,5,0,300,
2584,17-May-26,14:18:07,3,1,150,143,0,0,3.5,3.5,5,0,150,
2584,17-May-26,14:18:07,4,1,100,95,0,0,2.5,2.5,5,0,100,
2585,17-May-26,15:12:34,1,3,200,571,0,0,14.5,14.5,5,0,600,CASH
2586,17-May-26,15:12:50,1,1,150,143,0,0,3.5,3.5,5,0,150,
2586,17-May-26,15:12:50,2,1,200,190,0,0,5,5,5,0,200,
2586,17-May-26,15:12:50,3,1,350,333,0,0,8.5,8.5,5,0,350,
2587,17-May-26,15:42:26,1,1,100,95,0,0,2.5,2.5,5,0,100,
2587,17-May-26,15:42:26,2,1,100,95,0,0,2.5,2.5,5,0,100,
2587,17-May-26,15:42:26,3,1,100,95,0,0,2.5,2.5,5,0,100,
2588,17-May-26,16:03:03,1,2,250,476,0,0,12,12,5,0,500,
2588,17-May-26,16:03:03,2,1,150,143,0,0,3.5,3.5,5,0,150,
2589,17-May-26,16:43:45,1,4,100,381,0,0,9.5,9.5,5,0,400,
2589,17-May-26,16:43:45,2,4,150,571,0,0,14.5,14.5,5,0,600,
2589,17-May-26,16:43:45,3,1,200,190,0,0,5,5,5,0,200,
2590,17-May-26,16:48:01,1,5,25,119,0,0,3,3,5,0,125,
2591,17-May-26,16:59:52,1,1,120,114,0,0,3,3,5,0,120,
2592,17-May-26,17:00:50,1,1,100,95,0,0,2.5,2.5,5,0,100,
2593,17-May-26,17:26:46,1,2,120,229,0,0,5.5,5.5,5,0,240,
2593,17-May-26,17:26:46,2,2,90,171,0,0,4.5,4.5,5,0,180,
2594,17-May-26,18:19:25,1,4,150,571,0,0,14.5,14.5,5,0,600,
2595,17-May-26,18:31:29,1,1,100,95,0,0,2.5,2.5,5,0,100,
2595,17-May-26,18:31:29,2,1,80,76,0,0,2,2,5,0,80,
2596,17-May-26,18:33:01,1,1,100,95,0,0,2.5,2.5,5,0,100,
2597,17-May-26,18:42:16,1,1,150,143,0,0,3.5,3.5,5,0,150,
2598,17-May-26,19:09:21,1,1,150,143,0,0,3.5,3.5,5,0,150,
2598,17-May-26,19:09:21,2,1,200,190,0,0,5,5,5,0,200,
2598,17-May-26,19:09:21,3,1,200,190,0,0,5,5,5,0,200,
2620,18-May-26,22:21:46,1,1,140,133,0,0,3.5,3.5,5,0,140,
2621,19-May-26,14:25:38,1,1,100,95,0,0,2.5,2.5,5,0,100,
2621,19-May-26,14:25:38,2,1,60,57,0,0,1.5,1.5,5,0,60,
2621,19-May-26,14:25:38,3,1,20,19,0,0,0.5,0.5,5,0,20,
2622,19-May-26,14:40:02,1,5,100,476,0,0,12,12,5,0,500,
2622,19-May-26,14:40:02,2,1,150,143,0,0,3.5,3.5,5,0,150,
2622,19-May-26,14:40:02,3,1,100,95,0,0,2.5,2.5,5,0,100,
2622,19-May-26,14:40:02,4,1,250,238,0,0,6,6,5,0,250,
2623,19-May-26,15:04:56,1,1,400,381,0,0,9.5,9.5,5,0,400,
2623,19-May-26,15:04:56,2,1,320,305,0,0,7.5,7.5,5,0,320,
2624,19-May-26,17:02:17,1,2,120,229,0,0,5.5,5.5,5,0,240,
2625,19-May-26,17:03:50,1,1,300,286,0,0,7,7,5,0,300,
2626,19-May-26,17:47:22,1,1,100,95,0,0,2.5,2.5,5,0,100,
2627,19-May-26,17:48:22,1,2,120,229,0,0,5.5,5.5,5,0,240,
2628,19-May-26,18:22:58,1,1,250,238,0,0,6,6,5,0,250,
2629,19-May-26,19:27:19,1,1,30,29,0,0,0.5,0.5,5,0,30,
2630,19-May-26,20:05:47,1,1,250,238,0,0,6,6,5,0,250,
2639,20-May-26,20:21:03,1,1,200,190,0,0,5,5,5,0,200,
2639,20-May-26,20:21:03,2,1,50,48,0,0,1,1,5,0,50,
2640,20-May-26,20:39:33,1,1,150,143,0,0,3.5,3.5,5,0,150,
2640,20-May-26,20:39:33,2,1,200,190,0,0,5,5,5,0,200,
2640,20-May-26,20:39:33,3,1,50,48,0,0,1,1,5,0,50,
2641,20-May-26,21:19:26,1,1,150,143,0,0,3.5,3.5,5,0,150,
2642,20-May-26,21:57:54,1,1,60,57,0,0,1.5,1.5,5,0,60,
2643,20-May-26,22:03:24,1,1,300,286,0,0,7,7,5,0,300,
2644,20-May-26,22:06:26,1,2,100,190,0,0,5,5,5,0,200,
2645,21-May-26,12:14:53,1,1,300,286,0,0,7,7,5,0,300,
2646,21-May-26,12:15:14,1,1,150,143,0,0,3.5,3.5,5,0,150,
2647,21-May-26,12:15:42,1,1,100,95,0,0,2.5,2.5,5,0,100,
2648,21-May-26,12:15:54,1,1,225,214,0,0,5.5,5.5,5,0,225,
2648,21-May-26,12:15:54,2,1,225,214,0,0,5.5,5.5,5,0,225,
2649,21-May-26,12:20:45,1,1,200,190,0,0,5,5,5,0,200,
2650,21-May-26,14:19:43,1,1,400,381,0,0,9.5,9.5,5,0,400,
2650,21-May-26,14:19:43,2,1,450,429,0,0,10.5,10.5,5,0,450,
2669,22-May-26,17:05:55,1,1,40,38,0,0,1,1,5,0,40,
2669,22-May-26,17:05:55,2,1,40,38,0,0,1,1,5,0,40,
2669,22-May-26,17:05:55,3,1,40,38,0,0,1,1,5,0,40,
2669,22-May-26,17:05:55,4,1,70,67,0,0,1.5,1.5,5,0,70,
2669,22-May-26,17:05:55,5,1,70,67,0,0,1.5,1.5,5,0,70,
2670,22-May-26,17:17:25,1,2,250,476,0,0,12,12,5,0,500,
2671,22-May-26,18:05:37,1,1,250,238,0,0,6,6,5,0,250,
2671,22-May-26,18:05:37,2,1,250,238,0,0,6,6,5,0,250,
2671,22-May-26,18:05:37,3,1,100,95,0,0,2.5,2.5,5,0,100,
2671,22-May-26,18:05:37,4,1,100,95,0,0,2.5,2.5,5,0,100,
2671,22-May-26,18:05:37,5,1,150,143,0,0,3.5,3.5,5,0,150,
2671,22-May-26,18:05:37,6,1,120,114,0,0,3,3,5,0,120,
2672,22-May-26,18:07:23,1,1,250,238,0,0,6,6,5,0,250,
2672,22-May-26,18:07:23,2,1,60,57,0,0,1.5,1.5,5,0,60,
2673,22-May-26,18:57:54,1,1,130,124,0,0,3,3,5,0,130,
2674,22-May-26,19:00:18,1,1,150,143,0,0,3.5,3.5,5,0,150,
2675,22-May-26,19:06:12,1,3,100,286,0,0,7,7,5,0,300,
2676,22-May-26,19:37:53,1,2,100,190,0,0,5,5,5,0,200,
2676,22-May-26,19:37:53,2,1,250,238,0,0,6,6,5,0,250,
2676,22-May-26,19:37:53,3,1,300,286,0,0,7,7,5,0,300,
2677,22-May-26,20:25:09,1,1,300,286,0,0,7,7,5,0,300,
2678,23-May-26,10:05:23,1,2,250,476,0,0,12,12,5,0,500,CASH
2679,23-May-26,11:20:49,1,1,150,143,0,0,3.5,3.5,5,0,150,
2679,23-May-26,11:20:49,2,1,60,57,0,0,1.5,1.5,5,0,60,
2680,23-May-26,13:47:56,1,1,60,57,0,0,1.5,1.5,5,0,60,
2680,23-May-26,13:47:56,2,1,100,95,0,0,2.5,2.5,5,0,100,
2680,23-May-26,13:47:56,3,1,150,143,0,0,3.5,3.5,5,0,150,
2680,23-May-26,13:47:56,4,1,150,143,0,0,3.5,3.5,5,0,150,
2680,23-May-26,13:47:56,5,2,200,381,0,0,9.5,9.5,5,0,400,
2681,23-May-26,13:50:52,1,2,150,286,0,0,7,7,5,0,300,
2681,23-May-26,13:50:52,2,1,100,95,0,0,2.5,2.5,5,0,100,
2682,23-May-26,13:51:32,1,2,250,476,0,0,12,12,5,0,500,
2683,23-May-26,14:08:30,1,1,300,286,0,0,7,7,5,0,300,
2683,23-May-26,14:08:30,2,1,150,143,0,0,3.5,3.5,5,0,150,
799,23-Feb-26,22:46:10,1,1,100,95,0,0,2.5,2.5,5,0,100,
800,23-Feb-26,22:46:18,1,1,550,524,0,0,13,13,5,0,550,
800,23-Feb-26,22:46:18,2,1,120,114,0,0,3,3,5,0,120,
801,23-Feb-26,22:47:35,1,1,300,286,0,0,7,7,5,0,300,
802,24-Feb-26,11:50:10,1,1,100,95,0,0,2.5,2.5,5,0,100,CASH
803,24-Feb-26,14:44:43,1,3,200,571,0,0,14.5,14.5,5,0,600,CASH
804,24-Feb-26,14:58:39,1,1,150,143,0,0,3.5,3.5,5,0,150,
804,24-Feb-26,14:58:39,2,1,150,143,0,0,3.5,3.5,5,0,150,
804,24-Feb-26,14:58:39,3,2,100,190,0,0,5,5,5,0,200,
805,24-Feb-26,16:24:24,1,2,40,76,0,0,2,2,5,0,80,CASH
806,24-Feb-26,17:54:58,1,1,80,76,0,0,2,2,5,0,80,
807,24-Feb-26,19:21:09,1,1,150,143,0,0,3.5,3.5,5,0,150,CASH
807,24-Feb-26,19:21:09,2,1,100,95,0,0,2.5,2.5,5,0,100,CASH
808,24-Feb-26,19:26:39,1,1,200,190,0,0,5,5,5,0,200,
809,24-Feb-26,20:27:38,1,3,200,571,0,0,14.5,14.5,5,0,600,
810,24-Feb-26,21:10:16,1,1,40,38,0,0,1,1,5,0,40,
811,24-Feb-26,21:43:37,1,3,80,229,0,0,5.5,5.5,5,0,240,
1123,12-Mar-26,12:01:27,4,1,300,286,0,0,7,7,5,0,300,
1124,12-Mar-26,13:35:45,1,1,500,476,0,0,12,12,5,0,500,
1125,12-Mar-26,13:37:14,1,1,300,286,0,0,7,7,5,0,300,
1126,12-Mar-26,14:36:42,1,2,100,190,0,0,5,5,5,0,200,
1127,12-Mar-26,14:45:48,1,1,300,286,0,0,7,7,5,0,300,
1128,12-Mar-26,14:59:49,1,2,300,571,0,0,14.5,14.5,5,0,600,
1128,12-Mar-26,14:59:49,2,3,100,286,0,0,7,7,5,0,300,
1129,12-Mar-26,18:06:39,1,2,100,190,0,0,5,5,5,0,200,
1130,12-Mar-26,19:09:57,1,3,200,571,0,0,14.5,14.5,5,0,600,
1130,12-Mar-26,19:09:57,2,2,100,190,0,0,5,5,5,0,200,
1130,12-Mar-26,19:09:57,3,1,350,333,0,0,8.5,8.5,5,0,350,
1131,12-Mar-26,19:12:22,1,2,60,114,0,0,3,3,5,0,120,
1131,12-Mar-26,19:12:22,2,9,40,343,0,0,8.5,8.5,5,0,360,
1131,12-Mar-26,19:12:22,3,1,80,76,0,0,2,2,5,0,80,
1132,12-Mar-26,19:25:43,1,1,200,190,0,0,5,5,5,0,200,
1133,12-Mar-26,20:26:35,1,1,250,238,0,0,6,6,5,0,250,
1133,12-Mar-26,20:26:35,2,1,200,190,0,0,5,5,5,0,200,
1300,20-Mar-26,19:22:07,2,1,120,114,0,0,3,3,5,0,120,
1300,20-Mar-26,19:22:07,3,1,250,238,0,0,6,6,5,0,250,
1301,20-Mar-26,19:36:41,1,1,100,95,0,0,2.5,2.5,5,0,100,
1302,20-Mar-26,20:42:48,1,1,150,143,0,0,3.5,3.5,5,0,150,CASH
1303,20-Mar-26,20:43:30,1,1,400,381,0,0,9.5,9.5,5,0,400,
1303,20-Mar-26,20:43:30,2,1,50,48,0,0,1,1,5,0,50,
1304,20-Mar-26,21:17:17,1,1,400,381,0,0,9.5,9.5,5,0,400,
1304,20-Mar-26,21:17:17,2,1,200,190,0,0,5,5,5,0,200,
1305,20-Mar-26,21:48:08,1,2,250,476,0,0,12,12,5,0,500,
1305,20-Mar-26,21:48:08,2,1,130,124,0,0,3,3,5,0,130,
1305,20-Mar-26,21:48:08,3,1,70,67,0,0,1.5,1.5,5,0,70,
1306,20-Mar-26,21:57:57,1,1,100,95,0,0,2.5,2.5,5,0,100,
1307,20-Mar-26,22:05:37,1,1,200,190,0,0,5,5,5,0,200,
1307,20-Mar-26,22:05:37,2,1,200,190,0,0,5,5,5,0,200,
1307,20-Mar-26,22:05:37,3,1,100,95,0,0,2.5,2.5,5,0,100,
1308,20-Mar-26,22:13:04,1,1,150,143,0,0,3.5,3.5,5,0,150,
1309,20-Mar-26,22:18:00,1,2,120,229,0,0,5.5,5.5,5,0,240,
1807,11-Apr-26,20:09:59,2,1,100,95,0,0,2.5,2.5,5,0,100,
1808,11-Apr-26,20:37:37,1,1,500,476,0,0,12,12,5,0,500,
1808,11-Apr-26,20:37:37,2,1,500,476,0,0,12,12,5,0,500,
1808,11-Apr-26,20:37:37,3,1,400,381,0,0,9.5,9.5,5,0,400,
1809,11-Apr-26,21:35:15,1,1,120,114,0,0,3,3,5,0,120,
1810,11-Apr-26,21:51:34,1,1,500,476,0,0,12,12,5,0,500,
1810,11-Apr-26,21:51:34,2,1,300,286,0,0,7,7,5,0,300,
1811,11-Apr-26,22:03:01,1,7,60,400,0,0,10,10,5,0,420,
1812,11-Apr-26,22:21:52,1,1,50,48,0,0,1,1,5,0,50,
1813,12-Apr-26,11:36:34,1,3,200,571,0,0,14.5,14.5,5,0,600,
1813,12-Apr-26,11:36:34,2,2,250,476,0,0,12,12,5,0,500,
1814,12-Apr-26,11:43:32,1,5,150,714,0,0,18,18,5,0,750,
1815,12-Apr-26,11:59:31,1,1,50,48,0,0,1,1,5,0,50,
1816,12-Apr-26,12:06:36,1,1,320,305,0,0,7.5,7.5,5,0,320,
1816,12-Apr-26,12:06:36,2,1,320,305,0,0,7.5,7.5,5,0,320,
1816,12-Apr-26,12:06:36,3,1,150,143,0,0,3.5,3.5,5,0,150,
1816,12-Apr-26,12:06:36,4,1,150,143,0,0,3.5,3.5,5,0,150,
1817,12-Apr-26,13:18:02,1,1,300,286,0,0,7,7,5,0,300,
1818,12-Apr-26,14:11:59,1,1,500,476,0,0,12,12,5,0,500,
1818,12-Apr-26,14:11:59,2,2,100,190,0,0,5,5,5,0,200,
1819,12-Apr-26,14:54:51,1,1,120,114,0,0,3,3,5,0,120,
1819,12-Apr-26,14:54:51,2,1,120,114,0,0,3,3,5,0,120,
1819,12-Apr-26,14:54:51,3,1,120,114,0,0,3,3,5,0,120,
1819,12-Apr-26,14:54:51,4,1,120,114,0,0,3,3,5,0,120,
1819,12-Apr-26,14:54:51,5,1,150,143,0,0,3.5,3.5,5,0,150,
1819,12-Apr-26,14:54:51,6,1,400,381,0,0,9.5,9.5,5,0,400,
1820,12-Apr-26,16:06:11,1,1,200,190,0,0,5,5,5,0,200,CASH
1821,12-Apr-26,17:04:59,1,1,100,95,0,0,2.5,2.5,5,0,100,
1822,12-Apr-26,17:11:04,1,1,100,95,0,0,2.5,2.5,5,0,100,
1822,12-Apr-26,17:11:04,2,1,100,95,0,0,2.5,2.5,5,0,100,
1823,12-Apr-26,17:38:03,1,1,350,333,0,0,8.5,8.5,5,0,350,
1824,12-Apr-26,17:55:13,1,2,250,476,0,0,12,12,5,0,500,
1825,12-Apr-26,17:59:42,1,1,100,95,0,0,2.5,2.5,5,0,100,
1825,12-Apr-26,17:59:42,2,1,150,143,0,0,3.5,3.5,5,0,150,
2247,01-May-26,20:07:28,1,1,300,286,0,0,7,7,5,0,300,
2248,01-May-26,20:21:39,1,2,150,286,0,0,7,7,5,0,300,
2249,01-May-26,20:21:48,1,1,150,143,0,0,3.5,3.5,5,0,150,
2250,01-May-26,20:24:08,1,1,50,48,0,0,1,1,5,0,50,
2250,01-May-26,20:24:08,2,1,250,238,0,0,6,6,5,0,250,
2251,01-May-26,20:33:42,1,1,20,19,0,0,0.5,0.5,5,0,20,
2252,01-May-26,20:41:01,1,1,150,143,0,0,3.5,3.5,5,0,150,
2252,01-May-26,20:41:01,2,1,150,143,0,0,3.5,3.5,5,0,150,
2253,01-May-26,20:56:20,1,1,50,48,0,0,1,1,5,0,50,
2254,01-May-26,20:56:29,1,2,350,667,0,0,16.5,16.5,5,0,700,
2255,01-May-26,21:37:32,1,1,150,143,0,0,3.5,3.5,5,0,150,
2255,01-May-26,21:37:32,2,1,250,238,0,0,6,6,5,0,250,
2256,01-May-26,22:04:44,1,2,100,190,0,0,5,5,5,0,200,
2257,01-May-26,22:06:47,1,2,100,190,0,0,5,5,5,0,200,
2258,02-May-26,12:16:28,1,2,250,476,0,0,12,12,5,0,500,
2259,02-May-26,13:25:33,1,1,120,114,0,0,3,3,5,0,120,
2259,02-May-26,13:25:33,2,3,60,171,0,0,4.5,4.5,5,0,180,
2598,17-May-26,19:09:21,4,1,200,190,0,0,5,5,5,0,200,
2598,17-May-26,19:09:21,5,1,200,190,0,0,5,5,5,0,200,
2599,17-May-26,19:14:38,1,2,250,476,0,0,12,12,5,0,500,
2599,17-May-26,19:14:38,2,1,600,571,0,0,14.5,14.5,5,0,600,
2600,17-May-26,19:18:07,1,2,125,238,0,0,6,6,5,0,250,
2601,17-May-26,19:44:25,1,1,120,114,0,0,3,3,5,0,120,
2602,17-May-26,19:49:08,1,4,100,381,0,0,9.5,9.5,5,0,400,
2603,17-May-26,20:26:34,1,7,80,533,0,0,13.5,13.5,5,0,560,CASH
2603,17-May-26,20:26:34,2,2,60,114,0,0,3,3,5,0,120,CASH
2603,17-May-26,20:26:34,3,3,200,571,0,0,14.5,14.5,5,0,600,CASH
2603,17-May-26,20:26:34,4,2,120,229,0,0,5.5,5.5,5,0,240,CASH
2603,17-May-26,20:26:34,5,1,300,286,0,0,7,7,5,0,300,CASH
2603,17-May-26,20:26:34,6,1,150,143,0,0,3.5,3.5,5,0,150,CASH
2604,17-May-26,22:00:41,1,3,200,571,0,0,14.5,14.5,5,0,600,
2605,17-May-26,22:16:49,1,4,250,952,0,0,24,24,5,0,1000,CASH
2605,17-May-26,22:16:49,2,1,100,95,0,0,2.5,2.5,5,0,100,CASH
2606,18-May-26,12:00:19,1,1,300,286,0,0,7,7,5,0,300,CASH
1436,28-Mar-26,17:06:59,1,2,250,476,0,0,12,12,5,0,500,
1437,28-Mar-26,17:43:58,1,1,100,95,0,0,2.5,2.5,5,0,100,
1437,28-Mar-26,17:43:58,2,4,250,952,0,0,24,24,5,0,1000,
1438,28-Mar-26,19:34:31,1,2,200,381,0,0,9.5,9.5,5,0,400,
1438,28-Mar-26,19:34:31,2,1,100,95,0,0,2.5,2.5,5,0,100,
1439,28-Mar-26,19:36:13,1,1,200,190,0,0,5,5,5,0,200,
1439,28-Mar-26,19:36:13,2,3,60,171,0,0,4.5,4.5,5,0,180,
1439,28-Mar-26,19:36:13,3,1,370,352,0,0,9,9,5,0,370,
1439,28-Mar-26,19:36:13,4,2,250,476,0,0,12,12,5,0,500,
1440,28-Mar-26,19:45:33,1,1,250,238,0,0,6,6,5,0,250,
1441,28-Mar-26,19:46:36,1,2,60,114,0,0,3,3,5,0,120,
1441,28-Mar-26,19:46:36,2,1,60,57,0,0,1.5,1.5,5,0,60,
1442,28-Mar-26,20:09:09,1,1,100,95,0,0,2.5,2.5,5,0,100,
1443,28-Mar-26,20:09:31,1,3,200,571,0,0,14.5,14.5,5,0,600,
1443,28-Mar-26,20:09:31,2,2,150,286,0,0,7,7,5,0,300,
1443,28-Mar-26,20:09:31,3,1,200,190,0,0,5,5,5,0,200,
1443,28-Mar-26,20:09:31,4,2,250,476,0,0,12,12,5,0,500,
1608,04-Apr-26,19:16:51,2,1,250,238,0,0,6,6,5,0,250,
1608,04-Apr-26,19:16:51,3,1,250,238,0,0,6,6,5,0,250,
1609,04-Apr-26,19:32:58,1,1,500,476,0,0,12,12,5,0,500,CASH
1610,04-Apr-26,19:52:06,1,1,70,67,0,0,1.5,1.5,5,0,70,
1611,04-Apr-26,19:56:42,1,1,250,238,0,0,6,6,5,0,250,
1611,04-Apr-26,19:56:42,2,1,650,619,0,0,15.5,15.5,5,0,650,
1612,04-Apr-26,19:58:06,1,1,200,190,0,0,5,5,5,0,200,
1613,04-Apr-26,20:00:35,1,1,100,95,0,0,2.5,2.5,5,0,100,
1614,04-Apr-26,20:01:06,1,1,150,143,0,0,3.5,3.5,5,0,150,
1614,04-Apr-26,20:01:06,2,1,100,95,0,0,2.5,2.5,5,0,100,
1614,04-Apr-26,20:01:06,3,1,60,57,0,0,1.5,1.5,5,0,60,
1615,04-Apr-26,20:22:01,1,1,150,143,0,0,3.5,3.5,5,0,150,
1615,04-Apr-26,20:22:01,2,1,100,95,0,0,2.5,2.5,5,0,100,
1616,04-Apr-26,20:22:29,1,1,200,190,0,0,5,5,5,0,200,
1616,04-Apr-26,20:22:29,2,1,100,95,0,0,2.5,2.5,5,0,100,
1616,04-Apr-26,20:22:29,3,1,150,143,0,0,3.5,3.5,5,0,150,
1617,04-Apr-26,20:23:41,1,8,250,1905,0,0,47.5,47.5,5,0,2000,
1682,06-Apr-26,17:42:44,1,1,350,333,0,0,8.5,8.5,5,0,350,
1682,06-Apr-26,17:42:44,2,1,300,286,0,0,7,7,5,0,300,
1683,06-Apr-26,18:21:22,1,1,250,238,0,0,6,6,5,0,250,
1683,06-Apr-26,18:21:22,2,1,250,238,0,0,6,6,5,0,250,
1683,06-Apr-26,18:21:22,3,1,200,190,0,0,5,5,5,0,200,
1684,06-Apr-26,18:54:55,1,1,100,95,0,0,2.5,2.5,5,0,100,
1685,06-Apr-26,18:59:15,1,2,150,286,0,0,7,7,5,0,300,CASH
1686,06-Apr-26,19:09:44,1,2,150,286,0,0,7,7,5,0,300,CASH
1687,06-Apr-26,19:14:23,1,4,60,229,0,0,5.5,5.5,5,0,240,CASH
1688,06-Apr-26,19:39:58,1,2,100,190,0,0,5,5,5,0,200,
1688,06-Apr-26,19:39:58,2,3,100,286,0,0,7,7,5,0,300,
1688,06-Apr-26,19:39:58,3,1,150,143,0,0,3.5,3.5,5,0,150,
1689,06-Apr-26,20:15:10,1,4,60,229,0,0,5.5,5.5,5,0,240,
1689,06-Apr-26,20:15:10,2,1,40,38,0,0,1,1,5,0,40,
1689,06-Apr-26,20:15:10,3,2,80,152,0,0,4,4,5,0,160,
1690,06-Apr-26,20:40:38,1,1,200,190,0,0,5,5,5,0,200,
1690,06-Apr-26,20:40:38,2,1,230,219,0,0,5.5,5.5,5,0,230,
1691,06-Apr-26,20:57:45,1,2,40,76,0,0,2,2,5,0,80,
1692,06-Apr-26,21:13:31,1,1,500,476,0,0,12,12,5,0,500,
1693,06-Apr-26,21:26:44,1,1,60,57,0,0,1.5,1.5,5,0,60,
1693,06-Apr-26,21:26:44,2,2,70,133,0,0,3.5,3.5,5,0,140,
1694,06-Apr-26,21:46:23,1,2,250,476,0,0,12,12,5,0,500,CASH
1694,06-Apr-26,21:46:23,2,1,200,190,0,0,5,5,5,0,200,CASH
1694,06-Apr-26,21:46:23,3,1,60,57,0,0,1.5,1.5,5,0,60,CASH
1695,06-Apr-26,22:17:13,1,1,100,95,0,0,2.5,2.5,5,0,100,
1695,06-Apr-26,22:17:13,2,1,200,190,0,0,5,5,5,0,200,
1695,06-Apr-26,22:17:13,3,1,100,95,0,0,2.5,2.5,5,0,100,
1695,06-Apr-26,22:17:13,4,1,150,143,0,0,3.5,3.5,5,0,150,
1696,06-Apr-26,22:18:41,1,1,400,381,0,0,9.5,9.5,5,0,400,
1696,06-Apr-26,22:18:41,2,1,200,190,0,0,5,5,5,0,200,
1696,06-Apr-26,22:18:41,3,2,200,381,0,0,9.5,9.5,5,0,400,
1697,06-Apr-26,22:19:10,1,1,450,429,0,0,10.5,10.5,5,0,450,
1698,06-Apr-26,22:21:39,1,1,350,333,0,0,8.5,8.5,5,0,350,
1699,07-Apr-26,11:17:39,1,1,120,114,0,0,3,3,5,0,120,
1700,07-Apr-26,11:29:56,1,1,400,381,0,0,9.5,9.5,5,0,400,
1701,07-Apr-26,14:05:15,1,2,500,952,0,0,24,24,5,0,1000,
1702,07-Apr-26,16:32:34,1,2,300,571,0,0,14.5,14.5,5,0,600,
1703,07-Apr-26,18:18:12,1,2,250,476,0,0,12,12,5,0,500,
1703,07-Apr-26,18:18:12,2,1,100,95,0,0,2.5,2.5,5,0,100,
1704,07-Apr-26,18:26:43,1,1,150,143,0,0,3.5,3.5,5,0,150,
1705,07-Apr-26,18:36:49,1,1,200,190,0,0,5,5,5,0,200,
1706,07-Apr-26,19:35:57,1,1,100,95,0,0,2.5,2.5,5,0,100,
1706,07-Apr-26,19:35:57,2,1,150,143,0,0,3.5,3.5,5,0,150,
1707,07-Apr-26,19:47:54,1,1,150,143,0,0,3.5,3.5,5,0,150,
1708,07-Apr-26,20:53:36,1,1,450,429,0,0,10.5,10.5,5,0,450,
1709,07-Apr-26,20:54:46,1,2,200,381,0,0,9.5,9.5,5,0,400,
1709,07-Apr-26,20:54:46,2,1,100,95,0,0,2.5,2.5,5,0,100,
1710,07-Apr-26,21:15:50,1,1,160,152,0,0,4,4,5,0,160,
1711,07-Apr-26,21:23:21,1,3,60,171,0,0,4.5,4.5,5,0,180,
1712,07-Apr-26,21:24:56,1,6,80,457,0,0,11.5,11.5,5,0,480,
1713,07-Apr-26,21:58:31,1,3,250,714,0,0,18,18,5,0,750,
2273,02-May-26,20:30:28,4,2,60,114,0,0,3,3,5,0,120,
2274,02-May-26,20:43:51,1,1,150,143,0,0,3.5,3.5,5,0,150,
2274,02-May-26,20:43:51,2,1,120,114,0,0,3,3,5,0,120,
2275,02-May-26,21:13:21,1,1,150,143,0,0,3.5,3.5,5,0,150,
2275,02-May-26,21:13:21,2,1,150,143,0,0,3.5,3.5,5,0,150,
2275,02-May-26,21:13:21,3,1,150,143,0,0,3.5,3.5,5,0,150,
2275,02-May-26,21:13:21,4,1,150,143,0,0,3.5,3.5,5,0,150,
2275,02-May-26,21:13:21,5,1,150,143,0,0,3.5,3.5,5,0,150,
2275,02-May-26,21:13:21,6,1,60,57,0,0,1.5,1.5,5,0,60,
2275,02-May-26,21:13:21,7,1,60,57,0,0,1.5,1.5,5,0,60,
2275,02-May-26,21:13:21,8,1,60,57,0,0,1.5,1.5,5,0,60,
2275,02-May-26,21:13:21,9,1,60,57,0,0,1.5,1.5,5,0,60,
2275,02-May-26,21:13:21,10,1,250,238,0,0,6,6,5,0,250,
2275,02-May-26,21:13:21,11,1,150,143,0,0,3.5,3.5,5,0,150,
2275,02-May-26,21:13:21,12,1,100,95,0,0,2.5,2.5,5,0,100,
2275,02-May-26,21:13:21,13,1,100,95,0,0,2.5,2.5,5,0,100,
2276,02-May-26,21:20:29,1,1,200,190,0,0,5,5,5,0,200,
846,27-Feb-26,11:39:23,4,1,100,95,0,0,2.5,2.5,5,0,100,
847,27-Feb-26,12:21:56,1,2,350,667,0,0,16.5,16.5,5,0,700,
847,27-Feb-26,12:21:56,2,1,450,429,0,0,10.5,10.5,5,0,450,
847,27-Feb-26,12:21:56,3,1,300,286,0,0,7,7,5,0,300,
848,27-Feb-26,12:26:00,1,2,350,667,0,0,16.5,16.5,5,0,700,
849,27-Feb-26,13:02:14,1,1,150,143,0,0,3.5,3.5,5,0,150,
849,27-Feb-26,13:02:14,2,1,150,143,0,0,3.5,3.5,5,0,150,
849,27-Feb-26,13:02:14,3,1,200,190,0,0,5,5,5,0,200,
849,27-Feb-26,13:02:14,4,1,200,190,0,0,5,5,5,0,200,
849,27-Feb-26,13:02:14,5,2,150,286,0,0,7,7,5,0,300,
849,27-Feb-26,13:02:14,6,2,70,133,0,0,3.5,3.5,5,0,140,
849,27-Feb-26,13:02:14,7,1,60,57,0,0,1.5,1.5,5,0,60,
850,27-Feb-26,13:14:31,1,1,300,286,0,0,7,7,5,0,300,
851,27-Feb-26,13:20:30,1,1,100,95,0,0,2.5,2.5,5,0,100,
852,27-Feb-26,14:13:40,1,4,100,381,0,0,9.5,9.5,5,0,400,
852,27-Feb-26,14:13:40,2,2,80,152,0,0,4,4,5,0,160,
853,27-Feb-26,14:18:03,1,2,80,152,0,0,4,4,5,0,160,
853,27-Feb-26,14:18:03,2,1,100,95,0,0,2.5,2.5,5,0,100,
854,27-Feb-26,14:56:58,1,2,40,76,0,0,2,2,5,0,80,
855,27-Feb-26,14:59:53,1,1,300,286,0,0,7,7,5,0,300,
856,27-Feb-26,16:03:27,1,1,200,190,0,0,5,5,5,0,200,
857,27-Feb-26,17:09:37,1,1,150,143,0,0,3.5,3.5,5,0,150,
858,27-Feb-26,17:42:31,1,4,60,229,0,0,5.5,5.5,5,0,240,
858,27-Feb-26,17:42:31,2,3,70,200,0,0,5,5,5,0,210,
858,27-Feb-26,17:42:31,3,3,40,114,0,0,3,3,5,0,120,
859,27-Feb-26,18:04:37,1,2,15,29,0,0,0.5,0.5,5,0,30,
860,27-Feb-26,18:36:48,1,1,50,48,0,0,1,1,5,0,50,
860,27-Feb-26,18:36:48,2,1,50,48,0,0,1,1,5,0,50,
861,27-Feb-26,19:29:14,1,1,100,95,0,0,2.5,2.5,5,0,100,
861,27-Feb-26,19:29:14,2,1,150,143,0,0,3.5,3.5,5,0,150,
862,27-Feb-26,19:59:45,1,1,100,95,0,0,2.5,2.5,5,0,100,
863,27-Feb-26,20:39:13,1,2,300,571,0,0,14.5,14.5,5,0,600,
864,27-Feb-26,20:45:53,1,1,200,190,0,0,5,5,5,0,200,
864,27-Feb-26,20:45:53,2,1,200,190,0,0,5,5,5,0,200,
1452,29-Mar-26,11:39:45,1,2,150,286,0,0,7,7,5,0,300,
1452,29-Mar-26,11:39:45,2,2,30,57,0,0,1.5,1.5,5,0,60,
1452,29-Mar-26,11:39:45,3,2,100,190,0,0,5,5,5,0,200,
1453,29-Mar-26,14:49:11,1,1,200,190,0,0,5,5,5,0,200,
1453,29-Mar-26,14:49:11,2,1,100,95,0,0,2.5,2.5,5,0,100,
1453,29-Mar-26,14:49:11,3,1,120,114,0,0,3,3,5,0,120,
1454,29-Mar-26,14:52:02,1,1,400,381,0,0,9.5,9.5,5,0,400,
1454,29-Mar-26,14:52:02,2,1,100,95,0,0,2.5,2.5,5,0,100,
1455,29-Mar-26,15:11:01,1,1,100,95,0,0,2.5,2.5,5,0,100,
1455,29-Mar-26,15:11:01,2,1,100,95,0,0,2.5,2.5,5,0,100,
1455,29-Mar-26,15:11:01,3,1,150,143,0,0,3.5,3.5,5,0,150,
1455,29-Mar-26,15:11:01,4,1,250,238,0,0,6,6,5,0,250,
1456,29-Mar-26,16:18:30,1,1,150,143,0,0,3.5,3.5,5,0,150,
1456,29-Mar-26,16:18:30,2,1,60,57,0,0,1.5,1.5,5,0,60,
1457,29-Mar-26,16:18:56,1,1,120,114,0,0,3,3,5,0,120,
1458,29-Mar-26,16:19:18,1,1,300,286,0,0,7,7,5,0,300,
1458,29-Mar-26,16:19:18,2,1,300,286,0,0,7,7,5,0,300,
1471,30-Mar-26,10:42:00,1,2,30,57,0,0,1.5,1.5,5,0,60,CASH
1471,30-Mar-26,10:42:00,2,1,70,67,0,0,1.5,1.5,5,0,70,CASH
1472,30-Mar-26,11:04:41,1,1,150,143,0,0,3.5,3.5,5,0,150,
1473,30-Mar-26,12:26:00,1,1,50,48,0,0,1,1,5,0,50,CASH
1474,30-Mar-26,12:26:31,1,1,330,314,0,0,8,8,5,0,330,
1475,30-Mar-26,12:26:42,1,1,300,286,0,0,7,7,5,0,300,
1476,30-Mar-26,14:24:25,1,1,90,86,0,0,2,2,5,0,90,CASH
1477,30-Mar-26,14:25:21,1,1,250,238,0,0,6,6,5,0,250,
1478,30-Mar-26,16:35:30,1,1,140,133,0,0,3.5,3.5,5,0,140,
1479,30-Mar-26,18:52:37,1,1,150,143,0,0,3.5,3.5,5,0,150,CASH
1480,30-Mar-26,19:14:19,1,2,250,476,0,0,12,12,5,0,500,
1481,30-Mar-26,19:14:56,1,1,200,190,0,0,5,5,5,0,200,
1481,30-Mar-26,19:14:56,2,3,100,286,0,0,7,7,5,0,300,
1482,30-Mar-26,19:50:40,1,1,500,476,0,0,12,12,5,0,500,
1482,30-Mar-26,19:50:40,2,1,300,286,0,0,7,7,5,0,300,
1482,30-Mar-26,19:50:40,3,1,250,238,0,0,6,6,5,0,250,
1483,30-Mar-26,19:56:32,1,2,250,476,0,0,12,12,5,0,500,
1617,04-Apr-26,20:23:41,2,1,150,143,0,0,3.5,3.5,5,0,150,
1617,04-Apr-26,20:23:41,3,2,100,190,0,0,5,5,5,0,200,
1617,04-Apr-26,20:23:41,4,11,100,1048,0,0,26,26,5,0,1100,
1617,04-Apr-26,20:23:41,5,4,50,190,0,0,5,5,5,0,200,
1618,04-Apr-26,20:44:04,1,1,250,238,0,0,6,6,5,0,250,
1618,04-Apr-26,20:44:04,2,1,250,238,0,0,6,6,5,0,250,
1618,04-Apr-26,20:44:04,3,1,250,238,0,0,6,6,5,0,250,
1619,04-Apr-26,21:02:22,1,1,250,238,0,0,6,6,5,0,250,
1619,04-Apr-26,21:02:22,2,1,250,238,0,0,6,6,5,0,250,
1620,04-Apr-26,21:06:55,1,1,120,114,0,0,3,3,5,0,120,CASH
1621,04-Apr-26,21:07:01,1,3,60,171,0,0,4.5,4.5,5,0,180,
1621,04-Apr-26,21:07:01,2,1,200,190,0,0,5,5,5,0,200,
1621,04-Apr-26,21:07:01,3,1,60,57,0,0,1.5,1.5,5,0,60,
1622,04-Apr-26,21:12:36,1,1,250,238,0,0,6,6,5,0,250,
1623,04-Apr-26,21:15:08,1,1,500,476,0,0,12,12,5,0,500,
1624,04-Apr-26,21:40:45,1,1,200,190,0,0,5,5,5,0,200,
1624,04-Apr-26,21:40:45,2,1,200,190,0,0,5,5,5,0,200,
1729,08-Apr-26,22:04:42,1,1,150,143,0,0,3.5,3.5,5,0,150,
1730,09-Apr-26,11:47:04,1,1,500,476,0,0,12,12,5,0,500,
1730,09-Apr-26,11:47:04,2,1,100,95,0,0,2.5,2.5,5,0,100,
1731,09-Apr-26,13:08:19,1,1,450,429,0,0,10.5,10.5,5,0,450,
1731,09-Apr-26,13:08:19,2,1,450,429,0,0,10.5,10.5,5,0,450,
1732,09-Apr-26,13:32:14,1,1,200,190,0,0,5,5,5,0,200,
1732,09-Apr-26,13:32:14,2,1,200,190,0,0,5,5,5,0,200,
1732,09-Apr-26,13:32:14,3,1,250,238,0,0,6,6,5,0,250,
1732,09-Apr-26,13:32:14,4,1,60,57,0,0,1.5,1.5,5,0,60,
1732,09-Apr-26,13:32:14,5,1,60,57,0,0,1.5,1.5,5,0,60,
1733,09-Apr-26,13:52:40,1,1,100,95,0,0,2.5,2.5,5,0,100,
1734,09-Apr-26,13:52:48,1,1,150,143,0,0,3.5,3.5,5,0,150,
1734,09-Apr-26,13:52:48,2,1,150,143,0,0,3.5,3.5,5,0,150,
1734,09-Apr-26,13:52:48,3,1,350,333,0,0,8.5,8.5,5,0,350,
1734,09-Apr-26,13:52:48,4,1,250,238,0,0,6,6,5,0,250,
1735,09-Apr-26,15:36:22,1,3,150,429,0,0,10.5,10.5,5,0,450,
1736,09-Apr-26,15:37:08,1,1,150,143,0,0,3.5,3.5,5,0,150,
1490,30-Mar-26,22:08:34,1,1,150,143,0,0,3.5,3.5,5,0,150,
1491,30-Mar-26,22:11:07,1,1,100,95,0,0,2.5,2.5,5,0,100,
1492,30-Mar-26,22:11:55,1,2,100,190,0,0,5,5,5,0,200,
1492,30-Mar-26,22:11:55,2,1,100,95,0,0,2.5,2.5,5,0,100,
1492,30-Mar-26,22:11:55,3,1,300,286,0,0,7,7,5,0,300,
1492,30-Mar-26,22:11:55,4,1,100,95,0,0,2.5,2.5,5,0,100,
1492,30-Mar-26,22:11:55,5,2,40,76,0,0,2,2,5,0,80,
1493,30-Mar-26,22:15:28,1,1,150,143,0,0,3.5,3.5,5,0,150,
1494,31-Mar-26,13:02:49,1,2,200,381,0,0,9.5,9.5,5,0,400,CASH
1495,31-Mar-26,14:29:59,1,1,200,190,0,0,5,5,5,0,200,
1496,31-Mar-26,15:02:14,1,1,400,381,0,0,9.5,9.5,5,0,400,
1497,31-Mar-26,15:57:26,1,4,230,876,0,0,22,22,5,0,920,
1497,31-Mar-26,15:57:26,2,2,180,343,0,0,8.5,8.5,5,0,360,
1498,31-Mar-26,15:59:23,1,1,500,476,0,0,12,12,5,0,500,
1498,31-Mar-26,15:59:23,2,2,100,190,0,0,5,5,5,0,0,
1498,31-Mar-26,15:59:23,3,1,400,381,0,0,9.5,9.5,5,0,400,
1498,31-Mar-26,15:59:23,4,1,200,190,0,0,5,5,5,0,200,
1639,05-Apr-26,16:17:13,1,2,150,286,0,0,7,7,5,0,300,
1640,05-Apr-26,16:17:26,1,1,50,48,0,0,1,1,5,0,50,
1640,05-Apr-26,16:17:26,2,1,50,48,0,0,1,1,5,0,50,
1641,05-Apr-26,17:03:19,1,1,100,95,0,0,2.5,2.5,5,0,100,CASH
1642,05-Apr-26,17:29:34,1,1,100,95,0,0,2.5,2.5,5,0,100,
1643,05-Apr-26,17:33:13,1,1,300,286,0,0,7,7,5,0,300,
1644,05-Apr-26,17:42:27,1,1,350,333,0,0,8.5,8.5,5,0,350,
1645,05-Apr-26,17:55:20,1,1,150,143,0,0,3.5,3.5,5,0,150,
1646,05-Apr-26,18:01:57,1,1,120,114,0,0,3,3,5,0,120,
1646,05-Apr-26,18:01:57,2,1,550,524,0,0,13,13,5,0,550,
1646,05-Apr-26,18:01:57,3,1,300,286,0,0,7,7,5,0,300,
1646,05-Apr-26,18:01:57,4,1,200,190,0,0,5,5,5,0,200,
1646,05-Apr-26,18:01:57,5,1,250,238,0,0,6,6,5,0,250,
1647,05-Apr-26,18:08:27,1,1,350,333,0,0,8.5,8.5,5,0,350,CASH
1648,05-Apr-26,18:09:51,1,1,200,190,0,0,5,5,5,0,200,
1649,05-Apr-26,18:10:34,1,2,150,286,0,0,7,7,5,0,300,
1650,05-Apr-26,18:13:04,1,1,250,238,0,0,6,6,5,0,250,
1508,31-Mar-26,22:00:13,1,1,250,238,0,0,6,6,5,0,250,
1508,31-Mar-26,22:00:13,2,1,450,429,0,0,10.5,10.5,5,0,450,
1508,31-Mar-26,22:00:13,3,1,150,143,0,0,3.5,3.5,5,0,150,
1509,31-Mar-26,22:02:14,1,1,200,190,0,0,5,5,5,0,200,
1510,31-Mar-26,22:13:22,1,1,150,143,0,0,3.5,3.5,5,0,150,CASH
1511,01-Apr-26,12:59:45,1,1,40,38,0,0,1,1,5,0,40,
1512,01-Apr-26,12:59:51,1,5,40,190,0,0,5,5,5,0,200,
1513,01-Apr-26,13:20:43,1,1,250,238,0,0,6,6,5,0,250,CASH
1513,01-Apr-26,13:20:43,2,1,120,114,0,0,3,3,5,0,120,CASH
1514,01-Apr-26,13:22:26,1,2,100,190,0,0,5,5,5,0,200,
1514,01-Apr-26,13:22:26,2,1,350,333,0,0,8.5,8.5,5,0,350,
1515,01-Apr-26,17:06:09,1,1,100,95,0,0,2.5,2.5,5,0,100,
1515,01-Apr-26,17:06:09,2,1,100,95,0,0,2.5,2.5,5,0,100,
1516,01-Apr-26,17:36:04,1,2,450,857,0,0,21.5,21.5,5,0,900,
1517,01-Apr-26,18:24:24,1,2,350,667,0,0,16.5,16.5,5,0,700,
1517,01-Apr-26,18:24:24,2,3,150,429,0,0,10.5,10.5,5,0,450,
1518,01-Apr-26,18:33:19,1,2,250,476,0,0,12,12,5,0,500,
1666,05-Apr-26,21:00:02,1,1,320,305,0,0,7.5,7.5,5,0,320,
1666,05-Apr-26,21:00:02,2,2,260,495,0,0,12.5,12.5,5,0,520,
1666,05-Apr-26,21:00:02,3,1,180,171,0,0,4.5,4.5,5,0,180,
1666,05-Apr-26,21:00:02,4,1,150,143,0,0,3.5,3.5,5,0,150,
1666,05-Apr-26,21:00:02,5,1,200,190,0,0,5,5,5,0,200,
1667,05-Apr-26,21:05:48,1,1,400,381,0,0,9.5,9.5,5,0,400,
1667,05-Apr-26,21:05:48,2,1,400,381,0,0,9.5,9.5,5,0,400,
1667,05-Apr-26,21:05:48,3,1,400,381,0,0,9.5,9.5,5,0,400,
1667,05-Apr-26,21:05:48,4,2,150,286,0,0,7,7,5,0,300,
1667,05-Apr-26,21:05:48,5,1,60,57,0,0,1.5,1.5,5,0,60,
1668,05-Apr-26,21:32:20,1,2,150,286,0,0,7,7,5,0,300,
1668,05-Apr-26,21:32:20,2,1,350,333,0,0,8.5,8.5,5,0,350,
1668,05-Apr-26,21:32:20,3,1,150,143,0,0,3.5,3.5,5,0,150,
1668,05-Apr-26,21:32:20,4,1,60,57,0,0,1.5,1.5,5,0,60,
1668,05-Apr-26,21:32:20,5,1,100,95,0,0,2.5,2.5,5,0,100,
1669,05-Apr-26,21:49:43,1,1,120,114,0,0,3,3,5,0,120,CASH
1670,05-Apr-26,21:49:49,1,1,120,114,0,0,3,3,5,0,120,
1746,09-Apr-26,19:58:25,2,1,150,143,0,0,3.5,3.5,5,0,150,CASH
1747,09-Apr-26,20:04:46,1,1,100,95,0,0,2.5,2.5,5,0,100,
1747,09-Apr-26,20:04:46,2,1,100,95,0,0,2.5,2.5,5,0,100,
1747,09-Apr-26,20:04:46,3,1,150,143,0,0,3.5,3.5,5,0,150,
1748,09-Apr-26,20:05:26,1,1,40,38,0,0,1,1,5,0,40,
1748,09-Apr-26,20:05:26,2,2,40,76,0,0,2,2,5,0,80,
1749,09-Apr-26,20:38:34,1,2,250,476,0,0,12,12,5,0,500,
1749,09-Apr-26,20:38:34,2,1,250,238,0,0,6,6,5,0,250,
1750,09-Apr-26,20:39:19,1,1,60,57,0,0,1.5,1.5,5,0,60,
1751,09-Apr-26,20:46:17,1,1,100,95,0,0,2.5,2.5,5,0,100,
1752,09-Apr-26,21:06:05,1,1,250,238,0,0,6,6,5,0,250,
1752,09-Apr-26,21:06:05,2,1,70,67,0,0,1.5,1.5,5,0,70,
1753,09-Apr-26,21:38:43,1,1,200,190,0,0,5,5,5,0,200,
1754,09-Apr-26,21:42:21,1,1,60,57,0,0,1.5,1.5,5,0,60,
1754,09-Apr-26,21:42:21,2,2,150,286,0,0,7,7,5,0,300,
1755,09-Apr-26,21:43:46,1,1,120,114,0,0,3,3,5,0,120,
1756,09-Apr-26,21:44:43,1,1,200,190,0,0,5,5,5,0,200,
2281,03-May-26,12:11:53,3,1,150,143,0,0,3.5,3.5,5,0,150,
2281,03-May-26,12:11:53,4,1,200,190,0,0,5,5,5,0,200,
2282,03-May-26,12:52:28,1,1,500,476,0,0,12,12,5,0,500,
2282,03-May-26,12:52:28,2,1,50,48,0,0,1,1,5,0,50,
2282,03-May-26,12:52:28,3,1,50,48,0,0,1,1,5,0,50,
2282,03-May-26,12:52:28,4,1,30,29,0,0,0.5,0.5,5,0,30,
2282,03-May-26,12:52:28,5,1,30,29,0,0,0.5,0.5,5,0,30,
2282,03-May-26,12:52:28,6,1,150,143,0,0,3.5,3.5,5,0,150,
2283,03-May-26,14:49:15,1,1,500,476,0,0,12,12,5,0,500,
2283,03-May-26,14:49:15,2,1,250,238,0,0,6,6,5,0,250,
2284,03-May-26,16:33:01,1,1,1000,952,0,0,24,24,5,0,1000,
2284,03-May-26,16:33:01,2,1,500,476,0,0,12,12,5,0,500,
2284,03-May-26,16:33:01,3,1,500,476,0,0,12,12,5,0,500,
2284,03-May-26,16:33:01,4,1,200,190,0,0,5,5,5,0,200,
2284,03-May-26,16:33:01,5,1,150,143,0,0,3.5,3.5,5,0,150,
2284,03-May-26,16:33:01,6,1,150,143,0,0,3.5,3.5,5,0,150,
2284,03-May-26,16:33:01,7,1,120,114,0,0,3,3,5,0,120,
1830,12-Apr-26,19:54:31,2,2,100,190,0,0,5,5,5,0,200,
1830,12-Apr-26,19:54:31,3,1,150,143,0,0,3.5,3.5,5,0,150,
1831,12-Apr-26,19:58:50,1,1,500,476,0,0,12,12,5,0,500,
1832,12-Apr-26,20:12:39,1,2,200,381,0,0,9.5,9.5,5,0,400,
1833,12-Apr-26,21:30:32,1,1,300,286,0,0,7,7,5,0,300,
1833,12-Apr-26,21:30:32,2,2,100,190,0,0,5,5,5,0,200,
1834,12-Apr-26,21:44:50,1,1,100,95,0,0,2.5,2.5,5,0,100,
1835,12-Apr-26,21:44:59,1,1,150,143,0,0,3.5,3.5,5,0,150,
1836,12-Apr-26,21:48:12,1,1,100,95,0,0,2.5,2.5,5,0,100,
1837,12-Apr-26,21:51:34,1,1,250,238,0,0,6,6,5,0,250,
1838,12-Apr-26,22:10:08,1,1,150,143,0,0,3.5,3.5,5,0,150,
1838,12-Apr-26,22:10:08,2,1,100,95,0,0,2.5,2.5,5,0,100,
1839,12-Apr-26,22:12:00,1,1,350,333,0,0,8.5,8.5,5,0,350,
1840,12-Apr-26,22:12:39,1,2,150,286,0,0,7,7,5,0,300,
1841,13-Apr-26,12:18:17,1,2,350,667,0,0,16.5,16.5,5,0,700,CASH
1841,13-Apr-26,12:18:17,2,1,100,95,0,0,2.5,2.5,5,0,100,CASH
1842,13-Apr-26,16:50:43,1,2,200,381,0,0,9.5,9.5,5,0,400,
1854,13-Apr-26,22:27:18,1,1,300,286,0,0,7,7,5,0,300,
1854,13-Apr-26,22:27:18,2,1,200,190,0,0,5,5,5,0,200,
1855,14-Apr-26,11:40:59,1,1,250,238,0,0,6,6,5,0,250,
1856,14-Apr-26,13:22:59,1,3,600,1714,0,0,43,43,5,0,1800,CASH
1857,14-Apr-26,13:29:23,1,1,120,114,0,0,3,3,5,0,120,
1858,14-Apr-26,13:32:28,1,1,600,571,0,0,14.5,14.5,5,0,600,
1858,14-Apr-26,13:32:28,2,1,250,238,0,0,6,6,5,0,250,
1859,14-Apr-26,13:40:56,1,1,150,143,0,0,3.5,3.5,5,0,150,
1859,14-Apr-26,13:40:56,2,2,50,95,0,0,2.5,2.5,5,0,100,
1860,14-Apr-26,15:51:49,1,3,40,114,0,0,3,3,5,0,120,
1860,14-Apr-26,15:51:49,2,7,80,533,0,0,13.5,13.5,5,0,560,
1861,14-Apr-26,15:53:37,1,1,150,143,0,0,3.5,3.5,5,0,150,
1861,14-Apr-26,15:53:37,2,1,250,238,0,0,6,6,5,0,250,
1862,14-Apr-26,16:00:06,1,1,120,114,0,0,3,3,5,0,120,
1862,14-Apr-26,16:00:06,2,1,120,114,0,0,3,3,5,0,120,
1863,14-Apr-26,16:01:19,1,56,25,1333,0,0,33.5,33.5,5,0,1400,
1864,14-Apr-26,16:55:58,1,4,40,152,0,0,4,4,5,0,160,
1900,16-Apr-26,11:39:50,1,1,400,381,0,0,9.5,9.5,5,0,400,
1900,16-Apr-26,11:39:50,2,1,200,190,0,0,5,5,5,0,200,
1900,16-Apr-26,11:39:50,3,1,150,143,0,0,3.5,3.5,5,0,150,
1901,16-Apr-26,12:51:30,1,1,150,143,0,0,3.5,3.5,5,0,150,
1901,16-Apr-26,12:51:30,2,1,100,95,0,0,2.5,2.5,5,0,100,
1901,16-Apr-26,12:51:30,3,1,100,95,0,0,2.5,2.5,5,0,100,
1901,16-Apr-26,12:51:30,4,1,100,95,0,0,2.5,2.5,5,0,100,
1901,16-Apr-26,12:51:30,5,1,100,95,0,0,2.5,2.5,5,0,100,
1901,16-Apr-26,12:51:30,6,1,100,95,0,0,2.5,2.5,5,0,100,
1902,16-Apr-26,13:05:53,1,1,250,238,0,0,6,6,5,0,250,
1902,16-Apr-26,13:05:53,2,1,200,190,0,0,5,5,5,0,200,
1902,16-Apr-26,13:05:53,3,1,200,190,0,0,5,5,5,0,200,
1902,16-Apr-26,13:05:53,4,1,200,190,0,0,5,5,5,0,200,
1902,16-Apr-26,13:05:53,5,1,200,190,0,0,5,5,5,0,200,
1903,16-Apr-26,13:14:47,1,1,150,143,0,0,3.5,3.5,5,0,150,CASH
1904,16-Apr-26,13:15:02,1,2,300,571,0,0,14.5,14.5,5,0,600,
1904,16-Apr-26,13:15:02,2,1,200,190,0,0,5,5,5,0,200,
2317,05-May-26,14:50:38,2,1,400,381,0,0,9.5,9.5,5,0,400,CASH
2317,05-May-26,14:50:38,3,1,120,114,0,0,3,3,5,0,120,CASH
2317,05-May-26,14:50:38,4,1,100,95,0,0,2.5,2.5,5,0,100,CASH
2318,05-May-26,14:51:05,1,1,100,95,0,0,2.5,2.5,5,0,100,
2319,05-May-26,14:57:10,1,1,350,333,0,0,8.5,8.5,5,0,350,
2320,05-May-26,15:11:05,1,1,200,190,0,0,5,5,5,0,200,
2321,05-May-26,15:33:12,1,3,150,429,0,0,10.5,10.5,5,0,450,
2321,05-May-26,15:33:12,2,2,120,229,0,0,5.5,5.5,5,0,240,
2322,05-May-26,17:39:56,1,1,300,286,0,0,7,7,5,0,300,
2323,05-May-26,18:57:37,1,1,500,476,0,0,12,12,5,0,500,
2323,05-May-26,18:57:37,2,1,250,238,0,0,6,6,5,0,250,
2324,05-May-26,18:59:10,1,1,110,105,0,0,2.5,2.5,5,0,110,
2325,05-May-26,19:14:56,1,1,250,238,0,0,6,6,5,0,250,
2326,05-May-26,19:15:04,1,1,500,476,0,0,12,12,5,0,500,
2327,05-May-26,20:18:26,1,1,150,143,0,0,3.5,3.5,5,0,150,
2328,05-May-26,21:31:50,1,1,100,95,0,0,2.5,2.5,5,0,100,
2328,05-May-26,21:31:50,2,1,150,143,0,0,3.5,3.5,5,0,150,
2605,17-May-26,22:05:42,1,3,500,1429,0,0,35.5,35.5,5,0,1500,
2607,18-May-26,14:58:23,1,3,20,57,0,0,1.5,1.5,5,0,60,CASH
2608,18-May-26,14:58:59,1,1,500,476,0,0,12,12,5,0,500,
2609,18-May-26,16:03:04,1,1,500,476,0,0,12,12,5,0,500,
2609,18-May-26,16:03:04,2,1,50,48,0,0,1,1,5,0,50,
2609,18-May-26,16:03:04,3,1,250,238,0,0,6,6,5,0,250,
2609,18-May-26,16:03:04,4,1,100,95,0,0,2.5,2.5,5,0,100,
2610,18-May-26,16:10:33,1,1,350,333,0,0,8.5,8.5,5,0,350,
2611,18-May-26,17:50:17,1,5,40,190,0,0,5,5,5,0,200,
2611,18-May-26,17:50:17,2,1,100,95,0,0,2.5,2.5,5,0,100,
2611,18-May-26,17:50:17,3,2,60,114,0,0,3,3,5,0,120,
2612,18-May-26,18:52:25,1,4,150,571,0,0,14.5,14.5,5,0,600,
2612,18-May-26,18:52:25,2,1,70,67,0,0,1.5,1.5,5,0,70,
2612,18-May-26,18:52:25,3,1,60,57,0,0,1.5,1.5,5,0,60,
2612,18-May-26,18:52:25,4,1,100,95,0,0,2.5,2.5,5,0,100,
2612,18-May-26,18:52:25,5,2,150,286,0,0,7,7,5,0,300,
2612,18-May-26,18:52:25,6,2,200,381,0,0,9.5,9.5,5,0,400,
1905,16-Apr-26,14:30:26,1,1,400,381,0,0,9.5,9.5,5,0,400,
1906,16-Apr-26,14:33:44,1,2,150,286,0,0,7,7,5,0,300,
1906,16-Apr-26,14:33:44,2,2,100,190,0,0,5,5,5,0,200,
1907,16-Apr-26,14:47:47,1,1,300,286,0,0,7,7,5,0,300,
1907,16-Apr-26,14:47:47,2,1,150,143,0,0,3.5,3.5,5,0,150,
1907,16-Apr-26,14:47:47,3,1,150,143,0,0,3.5,3.5,5,0,150,
1907,16-Apr-26,14:47:47,4,3,100,286,0,0,7,7,5,0,300,
1907,16-Apr-26,14:47:47,5,1,150,143,0,0,3.5,3.5,5,0,150,
1907,16-Apr-26,14:47:47,6,3,150,429,0,0,10.5,10.5,5,0,450,
1908,16-Apr-26,16:03:15,1,3,40,114,0,0,3,3,5,0,120,
1908,16-Apr-26,16:03:15,2,1,100,95,0,0,2.5,2.5,5,0,100,
1909,16-Apr-26,16:16:13,1,3,100,286,0,0,7,7,5,0,300,
1909,16-Apr-26,16:16:13,2,3,150,429,0,0,10.5,10.5,5,0,450,
1909,16-Apr-26,16:16:13,3,1,200,190,0,0,5,5,5,0,200,
1910,16-Apr-26,16:39:02,1,2,240,457,0,0,11.5,11.5,5,0,480,
1911,16-Apr-26,17:02:55,1,1,20,19,0,0,0.5,0.5,5,0,20,
1912,16-Apr-26,17:35:24,1,6,50,286,0,0,7,7,5,0,300,CASH
2329,06-May-26,11:04:42,1,1,500,476,0,0,12,12,5,0,500,
2330,06-May-26,13:22:12,1,1,300,286,0,0,7,7,5,0,300,
2331,06-May-26,13:29:51,1,1,150,143,0,0,3.5,3.5,5,0,150,
2331,06-May-26,13:29:51,2,1,100,95,0,0,2.5,2.5,5,0,100,
2332,06-May-26,16:08:19,1,1,500,476,0,0,12,12,5,0,500,
2333,06-May-26,16:31:39,1,2,250,476,0,0,12,12,5,0,500,
2334,06-May-26,16:37:33,1,2,25,48,0,0,1,1,5,0,50,
2335,06-May-26,17:29:47,1,1,120,114,0,0,3,3,5,0,120,
2335,06-May-26,17:29:47,2,1,120,114,0,0,3,3,5,0,120,
2335,06-May-26,17:29:47,3,1,250,238,0,0,6,6,5,0,250,
2336,06-May-26,17:30:15,1,1,500,476,0,0,12,12,5,0,500,
2337,06-May-26,18:10:33,1,3,70,200,0,0,5,5,5,0,210,
2338,06-May-26,19:33:31,1,1,250,238,0,0,6,6,5,0,250,
2338,06-May-26,19:33:31,2,1,250,238,0,0,6,6,5,0,250,
2339,06-May-26,19:34:50,1,1,150,143,0,0,3.5,3.5,5,0,150,
2339,06-May-26,19:34:50,2,1,100,95,0,0,2.5,2.5,5,0,100,
2340,06-May-26,20:04:07,1,9,150,1286,0,0,32,32,5,0,1350,
1913,16-Apr-26,17:45:20,1,1,180,171,0,0,4.5,4.5,5,0,180,
1914,16-Apr-26,17:45:28,1,2,500,952,0,0,24,24,5,0,1000,
1915,16-Apr-26,18:04:53,1,2,250,476,0,0,12,12,5,0,500,
1915,16-Apr-26,18:04:53,2,1,300,286,0,0,7,7,5,0,300,
1916,16-Apr-26,18:44:22,1,1,200,190,0,0,5,5,5,0,200,
1916,16-Apr-26,18:44:22,2,1,200,190,0,0,5,5,5,0,200,
1917,16-Apr-26,18:46:27,1,1,500,476,0,0,12,12,5,0,500,
1917,16-Apr-26,18:46:27,2,2,400,762,0,0,19,19,5,0,800,
1917,16-Apr-26,18:46:27,3,2,250,476,0,0,12,12,5,0,500,
1917,16-Apr-26,18:46:27,4,1,100,95,0,0,2.5,2.5,5,0,100,
1918,16-Apr-26,19:27:58,1,1,500,476,0,0,12,12,5,0,500,
1918,16-Apr-26,19:27:58,2,1,500,476,0,0,12,12,5,0,500,
1918,16-Apr-26,19:27:58,3,1,200,190,0,0,5,5,5,0,200,
1919,16-Apr-26,19:42:56,1,3,250,714,0,0,18,18,5,0,750,\
1920,16-Apr-26,19:55:13,1,2,150,286,0,0,7,7,5,0,300,
1921,16-Apr-26,20:12:10,1,1,300,286,0,0,7,7,5,0,300,
1921,16-Apr-26,20:12:10,2,2,250,476,0,0,12,12,5,0,500,
1939,17-Apr-26,18:13:34,2,1,120,114,0,0,3,3,5,0,120,\
1939,17-Apr-26,18:13:34,3,1,120,114,0,0,3,3,5,0,120,\
1940,17-Apr-26,18:34:34,1,7,100,667,0,0,16.5,16.5,5,0,700,
1940,17-Apr-26,18:34:34,2,1,200,190,0,0,5,5,5,0,200,
1940,17-Apr-26,18:34:34,3,3,150,429,0,0,10.5,10.5,5,0,450,
1940,17-Apr-26,18:34:34,4,3,100,286,0,0,7,7,5,0,300,
1941,17-Apr-26,19:06:17,1,7,150,1000,0,0,25,25,5,0,1050,CASH
1941,17-Apr-26,19:06:17,2,6,200,1143,0,0,28.5,28.5,5,0,1200,CASH
1941,17-Apr-26,19:06:17,3,5,100,476,0,0,12,12,5,0,500,CASH
1942,17-Apr-26,19:15:20,1,6,60,343,0,0,8.5,8.5,5,0,360,
1943,17-Apr-26,19:18:48,1,1,400,381,0,0,9.5,9.5,5,0,400,
1943,17-Apr-26,19:18:48,2,3,150,429,0,0,10.5,10.5,5,0,450,
1944,17-Apr-26,19:26:51,1,1,250,238,0,0,6,6,5,0,250,CASH
1945,17-Apr-26,19:42:30,1,1,150,143,0,0,3.5,3.5,5,0,150,
1945,17-Apr-26,19:42:30,2,1,50,48,0,0,1,1,5,0,50,
1946,17-Apr-26,19:54:33,1,1,250,238,0,0,6,6,5,0,250,
1947,17-Apr-26,19:58:23,1,1,250,238,0,0,6,6,5,0,250,
2380,08-May-26,13:43:12,1,2,500,952,0,0,24,24,5,0,1000,
2381,08-May-26,14:11:19,1,1,350,333,0,0,8.5,8.5,5,0,350,
2381,08-May-26,14:11:19,2,1,100,95,0,0,2.5,2.5,5,0,100,
2382,08-May-26,15:21:08,1,1,250,238,0,0,6,6,5,0,250,
2383,08-May-26,15:21:17,1,2,500,952,0,0,24,24,5,0,1000,
2384,08-May-26,15:41:03,1,1,500,476,0,0,12,12,5,0,500,
2385,08-May-26,17:50:25,1,1,100,95,0,0,2.5,2.5,5,0,100,
2386,08-May-26,18:16:25,1,2,100,190,0,0,5,5,5,0,200,
2387,08-May-26,18:35:33,1,1,400,381,0,0,9.5,9.5,5,0,400,
2387,08-May-26,18:35:33,2,1,100,95,0,0,2.5,2.5,5,0,100,
2388,08-May-26,18:56:17,1,1,250,238,0,0,6,6,5,0,250,
2388,08-May-26,18:56:17,2,1,150,143,0,0,3.5,3.5,5,0,150,
2388,08-May-26,18:56:17,3,3,200,571,0,0,14.5,14.5,5,0,600,
2388,08-May-26,18:56:17,4,1,250,238,0,0,6,6,5,0,250,
2388,08-May-26,18:56:17,5,1,100,95,0,0,2.5,2.5,5,0,100,
2389,08-May-26,19:02:50,1,2,150,286,0,0,7,7,5,0,300,
2390,08-May-26,19:23:53,1,1,60,57,0,0,1.5,1.5,5,0,60,
2651,21-May-26,14:19:53,1,5,100,476,0,0,12,12,5,0,500,
2651,21-May-26,14:19:53,2,1,100,95,0,0,2.5,2.5,5,0,100,
2652,21-May-26,15:55:47,1,1,300,286,0,0,7,7,5,0,300,
2652,21-May-26,15:55:47,2,1,300,286,0,0,7,7,5,0,300,
2652,21-May-26,15:55:47,3,1,300,286,0,0,7,7,5,0,300,
2652,21-May-26,15:55:47,4,1,100,95,0,0,2.5,2.5,5,0,100,
2653,21-May-26,15:57:57,1,1,600,571,0,0,14.5,14.5,5,0,600,CASH
2653,21-May-26,15:57:57,2,1,100,95,0,0,2.5,2.5,5,0,100,CASH
2654,21-May-26,15:58:23,1,2,60,114,0,0,3,3,5,0,120,
2654,21-May-26,15:58:23,2,1,60,57,0,0,1.5,1.5,5,0,60,
2654,21-May-26,15:58:23,3,3,60,171,0,0,4.5,4.5,5,0,180,
2655,21-May-26,17:49:42,1,2,75,143,0,0,3.5,3.5,5,0,150,
2656,21-May-26,21:20:01,1,2,250,476,0,0,12,12,5,0,500,
2657,21-May-26,21:29:04,1,2,110,210,0,0,5,5,5,0,220,
2658,21-May-26,21:31:12,1,6,150,857,0,0,21.5,21.5,5,0,900,
2659,21-May-26,21:41:52,1,2,150,286,0,0,7,7,5,0,0,
2659,21-May-26,21:41:52,2,1,200,190,0,0,5,5,5,0,200,
2683,23-May-26,14:08:30,3,1,150,143,0,0,3.5,3.5,5,0,150,
2684,23-May-26,15:33:27,1,1,250,238,0,0,6,6,5,0,250,
2685,23-May-26,15:33:41,1,1,60,57,0,0,1.5,1.5,5,0,60,
2685,23-May-26,15:33:41,2,1,60,57,0,0,1.5,1.5,5,0,60,
2685,23-May-26,15:33:41,3,1,150,143,0,0,3.5,3.5,5,0,150,
2685,23-May-26,15:33:41,4,1,100,95,0,0,2.5,2.5,5,0,100,
2685,23-May-26,15:33:41,5,1,200,190,0,0,5,5,5,0,200,
2685,23-May-26,15:33:41,6,1,230,219,0,0,5.5,5.5,5,0,230,
2686,23-May-26,16:13:37,1,1,200,190,0,0,5,5,5,0,200,
2686,23-May-26,16:13:37,2,1,150,143,0,0,3.5,3.5,5,0,150,
2687,23-May-26,16:25:49,1,1,200,190,0,0,5,5,5,0,200,
2688,23-May-26,17:47:05,1,1,100,95,0,0,2.5,2.5,5,0,100,
2688,23-May-26,17:47:05,2,1,100,95,0,0,2.5,2.5,5,0,100,
2688,23-May-26,17:47:05,3,1,120,114,0,0,3,3,5,0,120,
2689,23-May-26,17:47:31,1,1,100,95,0,0,2.5,2.5,5,0,100,
2690,23-May-26,17:47:45,1,1,120,114,0,0,3,3,5,0,120,
2690,23-May-26,17:47:45,2,1,100,95,0,0,2.5,2.5,5,0,100,
2690,23-May-26,17:47:45,3,1,70,67,0,0,1.5,1.5,5,0,70,
2691,23-May-26,18:05:20,1,4,40,152,0,0,4,4,5,0,160,
2692,23-May-26,18:28:36,1,1,200,190,0,0,5,5,5,0,200,
2693,23-May-26,18:29:10,1,1,400,381,0,0,9.5,9.5,5,0,400,
2694,23-May-26,18:43:12,1,4,120,457,0,0,11.5,11.5,5,0,480,
2695,23-May-26,18:47:43,1,1,400,381,0,0,9.5,9.5,5,0,400,
2695,23-May-26,18:47:43,2,1,200,190,0,0,5,5,5,0,200,
2696,23-May-26,18:58:26,1,2,200,381,0,0,9.5,9.5,5,0,400,
2697,23-May-26,20:01:23,1,1,250,238,0,0,6,6,5,0,250,
2698,23-May-26,20:06:26,1,2,250,476,0,0,12,12,5,0,500,
2698,23-May-26,20:06:26,2,1,300,286,0,0,7,7,5,0,300,
2698,23-May-26,20:06:26,3,1,400,381,0,0,9.5,9.5,5,0,400,
2699,23-May-26,20:12:54,1,2,300,571,0,0,14.5,14.5,5,0,600,
2700,23-May-26,20:15:56,1,4,250,952,0,0,24,24,5,0,1000,
2700,23-May-26,20:15:56,2,1,350,333,0,0,8.5,8.5,5,0,350,
2700,23-May-26,20:15:56,3,1,400,381,0,0,9.5,9.5,5,0,400,
2700,23-May-26,20:15:56,4,1,150,143,0,0,3.5,3.5,5,0,150,
2700,23-May-26,20:15:56,5,1,300,286,0,0,7,7,5,0,300,
2700,23-May-26,20:15:56,6,1,300,286,0,0,7,7,5,0,300,
2701,23-May-26,20:35:36,1,2,250,476,0,0,12,12,5,0,500,
2701,23-May-26,20:35:36,2,1,150,143,0,0,3.5,3.5,5,0,150,
2702,23-May-26,20:42:37,1,3,250,714,0,0,18,18,5,0,750,
2702,23-May-26,20:42:37,2,1,150,143,0,0,3.5,3.5,5,0,150,
2702,23-May-26,20:42:37,3,1,400,381,0,0,9.5,9.5,5,0,400,
2702,23-May-26,20:42:37,4,1,500,476,0,0,12,12,5,0,500,
2703,23-May-26,21:11:56,1,1,250,238,0,0,6,6,5,0,250,
2703,23-May-26,21:11:56,2,1,250,238,0,0,6,6,5,0,250,
2704,23-May-26,21:58:31,1,1,300,286,0,0,7,7,5,0,300,
2704,23-May-26,21:58:31,2,1,100,95,0,0,2.5,2.5,5,0,100,
2705,23-May-26,22:12:51,1,3,200,571,0,0,14.5,14.5,5,0,600,
2705,23-May-26,22:12:51,2,2,100,190,0,0,5,5,5,0,200,
2705,23-May-26,22:12:51,3,1,150,143,0,0,3.5,3.5,5,0,150,
2705,23-May-26,22:12:51,4,2,250,476,0,0,12,12,5,0,500,
2705,23-May-26,22:12:51,5,2,100,190,0,0,5,5,5,0,200,
2705,23-May-26,22:12:51,6,1,250,238,0,0,6,6,5,0,250,
2705,23-May-26,22:12:51,7,2,200,381,0,0,9.5,9.5,5,0,400,
2705,23-May-26,22:12:51,8,2,250,476,0,0,12,12,5,0,500,
2705,23-May-26,22:12:51,9,1,100,95,0,0,2.5,2.5,5,0,100,
2705,23-May-26,22:12:51,10,1,500,476,0,0,12,12,5,0,500,
2705,23-May-26,22:12:51,11,1,400,381,0,0,9.5,9.5,5,0,400,
2705,23-May-26,22:12:51,12,20,80,1524,0,0,38,38,5,0,1600,
2706,23-May-26,22:19:50,1,2,100,190,0,0,5,5,5,0,200,
2706,23-May-26,22:19:50,2,2,75,143,0,0,3.5,3.5,5,0,150,
2707,23-May-26,22:28:07,1,1,130,124,0,0,3,3,5,0,130,
2707,23-May-26,22:28:07,2,1,130,124,0,0,3,3,5,0,130,
2708,23-May-26,22:31:21,1,3,130,371,0,0,9.5,9.5,5,0,390,
2709,23-May-26,22:32:39,1,1,150,143,0,0,3.5,3.5,5,0,150,
2709,23-May-26,22:32:39,2,1,50,48,0,0,1,1,5,0,50,
2710,23-May-26,22:41:32,1,1,260,248,0,0,6,6,5,0,260,CASH
2711,24-May-26,11:51:10,1,1,200,190,0,0,5,5,5,0,200,
2712,24-May-26,12:17:46,1,2,40,76,0,0,2,2,5,0,80,
2712,24-May-26,12:17:46,2,1,100,95,0,0,2.5,2.5,5,0,100,
2713,24-May-26,14:01:15,1,2,150,286,0,0,7,7,5,0,300,
2714,24-May-26,17:37:26,1,1,450,429,0,0,10.5,10.5,5,0,450,
2714,24-May-26,17:37:26,2,2,100,190,0,0,5,5,5,0,200,
2714,24-May-26,17:37:26,3,2,250,476,0,0,12,12,5,0,500,
2715,24-May-26,17:58:34,1,4,150,571,0,0,14.5,14.5,5,0,600,
2715,24-May-26,17:58:34,2,6,250,1429,0,0,35.5,35.5,5,0,1500,
2716,24-May-26,17:58:58,1,2,500,952,0,0,24,24,5,0,1000,
2716,24-May-26,17:58:58,2,2,350,667,0,0,16.5,16.5,5,0,700,
2716,24-May-26,17:58:58,3,6,150,857,0,0,21.5,21.5,5,0,900,
2716,24-May-26,17:58:58,4,2,200,381,0,0,9.5,9.5,5,0,400,
2716,24-May-26,17:58:58,5,4,250,952,0,0,24,24,5,0,1000,
2716,24-May-26,17:58:58,6,1,200,190,0,0,5,5,5,0,200,
2716,24-May-26,17:58:58,7,1,150,143,0,0,3.5,3.5,5,0,150,
2716,24-May-26,17:58:58,8,1,130,124,0,0,3,3,5,0,0,
2716,24-May-26,17:58:58,9,1,70,67,0,0,1.5,1.5,5,0,70,
2716,24-May-26,17:58:58,10,1,50,48,0,0,1,1,5,0,50,
3418,26-Jun-26,17:56:51,3,1,350,333,0,0,8.5,8.5,5,0,350,CASH
3418,26-Jun-26,17:56:51,4,1,100,95,0,0,2.5,2.5,5,0,100,CASH
3419,26-Jun-26,17:58:33,1,1,200,190,0,0,5,5,5,0,200,
3420,26-Jun-26,18:19:37,1,1,200,190,0,0,5,5,5,0,200,
3420,26-Jun-26,18:19:37,2,1,60,57,0,0,1.5,1.5,5,0,60,
3420,26-Jun-26,18:19:37,3,1,100,95,0,0,2.5,2.5,5,0,100,
3420,26-Jun-26,18:19:37,4,1,150,143,0,0,3.5,3.5,5,0,150,
3420,26-Jun-26,18:19:37,5,1,60,57,0,0,1.5,1.5,5,0,60,
3421,26-Jun-26,19:21:19,1,3,50,143,0,0,3.5,3.5,5,0,150,CASH
3422,26-Jun-26,19:21:31,1,5,50,238,0,0,6,6,5,0,250,
3422,26-Jun-26,19:21:31,2,2,150,286,0,0,7,7,5,0,300,
3422,26-Jun-26,19:21:31,3,1,50,48,0,0,1,1,5,0,50,
3423,26-Jun-26,21:11:39,1,2,300,571,0,0,14.5,14.5,5,0,600,CASH
3423,26-Jun-26,21:11:39,2,1,250,238,0,0,6,6,5,0,250,CASH
3423,26-Jun-26,21:11:39,3,2,60,114,0,0,3,3,5,0,120,CASH
3424,26-Jun-26,22:06:55,1,3,30,86,0,0,2,2,5,0,90,
3425,26-Jun-26,22:07:03,1,4,200,762,0,0,19,19,5,0,800,
3954,15-Jul-26,18:00:27,1,1,550,524,0,0,13,13,5,0,550,
3955,15-Jul-26,19:52:16,1,1,350,333,0,0,8.5,8.5,5,0,350,
3956,15-Jul-26,20:01:21,1,1,150,143,0,0,3.5,3.5,5,0,150,
3957,15-Jul-26,20:24:54,1,1,500,476,0,0,12,12,5,0,500,CASH
3957,15-Jul-26,20:24:54,2,1,650,619,0,0,15.5,15.5,5,0,650,CASH
3958,15-Jul-26,20:26:21,1,1,150,143,0,0,3.5,3.5,5,0,150,
3958,15-Jul-26,20:26:21,2,2,100,190,0,0,5,5,5,0,200,
3958,15-Jul-26,20:26:21,3,1,80,76,0,0,2,2,5,0,80,
3959,15-Jul-26,21:00:15,1,1,200,190,0,0,5,5,5,0,200,
3959,15-Jul-26,21:00:15,2,1,60,57,0,0,1.5,1.5,5,0,60,
3960,15-Jul-26,21:24:14,1,1,300,286,0,0,7,7,5,0,300,
3961,15-Jul-26,21:24:54,1,2,60,114,0,0,3,3,5,0,120,
3961,15-Jul-26,21:24:54,2,1,120,114,0,0,3,3,5,0,120,
3962,15-Jul-26,21:26:09,1,2,60,114,0,0,3,3,5,0,120,
3963,15-Jul-26,21:36:05,1,2,100,190,0,0,5,5,5,0,200,
3964,15-Jul-26,21:49:38,1,3,30,86,0,0,2,2,5,0,90,
3965,15-Jul-26,21:59:25,1,2,100,190,0,0,5,5,5,0,200,
4029,18-Jul-26,21:08:24,3,1,500,476,0,0,12,12,5,0,500,
4030,18-Jul-26,21:31:56,1,2,300,571,0,0,14.5,14.5,5,0,600,
4031,18-Jul-26,21:40:34,1,1,200,190,0,0,5,5,5,0,200,
4031,18-Jul-26,21:40:34,2,1,150,143,0,0,3.5,3.5,5,0,150,
4031,18-Jul-26,21:40:34,3,2,350,667,0,0,16.5,16.5,5,0,700,
4031,18-Jul-26,21:40:34,4,1,250,238,0,0,6,6,5,0,250,
4031,18-Jul-26,21:40:34,5,12,250,2857,0,0,71.5,71.5,5,0,3000,
4031,18-Jul-26,21:40:34,6,3,150,429,0,0,10.5,10.5,5,0,450,
4031,18-Jul-26,21:40:34,7,1,100,95,0,0,2.5,2.5,5,0,100,
4031,18-Jul-26,21:40:34,8,2,25,48,0,0,1,1,5,0,50,
4031,18-Jul-26,21:40:34,9,1,40,38,0,0,1,1,5,0,40,
4031,18-Jul-26,21:40:34,10,1,60,57,0,0,1.5,1.5,5,0,60,
4032,18-Jul-26,21:54:01,1,2,200,381,0,0,9.5,9.5,5,0,400,
4033,18-Jul-26,22:01:57,1,1,120,114,0,0,3,3,5,0,120,
4034,18-Jul-26,22:26:59,1,2,60,114,0,0,3,3,5,0,120,CASH
4035,18-Jul-26,22:39:11,1,2,120,229,0,0,5.5,5.5,5,0,240,
4035,18-Jul-26,22:39:11,2,1,100,95,0,0,2.5,2.5,5,0,100,
4036,18-Jul-26,22:41:31,1,3,100,286,0,0,7,7,5,0,300,
4036,18-Jul-26,22:41:31,2,4,60,229,0,0,5.5,5.5,5,0,240,
4036,18-Jul-26,22:41:31,3,1,130,124,0,0,3,3,5,0,130,
4037,19-Jul-26,14:42:00,1,4,150,571,0,0,14.5,14.5,5,0,600,
4037,19-Jul-26,14:42:00,2,1,250,238,0,0,6,6,5,0,250,
4038,19-Jul-26,14:46:26,1,2,150,286,0,0,7,7,5,0,300,
4038,19-Jul-26,14:46:26,2,2,250,476,0,0,12,12,5,0,500,
4038,19-Jul-26,14:46:26,3,2,100,190,0,0,5,5,5,0,200,
4039,19-Jul-26,14:53:23,1,1,200,190,0,0,5,5,5,0,200,
4040,19-Jul-26,15:20:16,1,1,100,95,0,0,2.5,2.5,5,0,100,
4040,19-Jul-26,15:20:16,2,1,150,143,0,0,3.5,3.5,5,0,150,
4040,19-Jul-26,15:20:16,3,1,150,143,0,0,3.5,3.5,5,0,150,
4040,19-Jul-26,15:20:16,4,1,50,48,0,0,1,1,5,0,50,
4040,19-Jul-26,15:20:16,5,1,600,571,0,0,14.5,14.5,5,0,600,
4040,19-Jul-26,15:20:16,6,1,350,333,0,0,8.5,8.5,5,0,350,
4041,19-Jul-26,15:23:17,1,1,300,286,0,0,7,7,5,0,300,
4041,19-Jul-26,15:23:17,2,1,100,95,0,0,2.5,2.5,5,0,100,
4041,19-Jul-26,15:23:17,3,1,100,95,0,0,2.5,2.5,5,0,100,
4042,19-Jul-26,15:29:13,1,1,350,333,0,0,8.5,8.5,5,0,350,
4043,19-Jul-26,16:27:22,1,1,250,238,0,0,6,6,5,0,250,
4044,19-Jul-26,17:18:23,1,1,500,476,0,0,12,12,5,0,500,
4044,19-Jul-26,17:18:23,2,1,200,190,0,0,5,5,5,0,200,
4045,19-Jul-26,17:21:18,1,1,550,524,0,0,13,13,5,0,550,
4046,19-Jul-26,17:22:23,1,1,150,143,0,0,3.5,3.5,5,0,150,
4047,19-Jul-26,17:25:53,1,1,250,238,0,0,6,6,5,0,250,
4048,19-Jul-26,17:35:11,1,1,300,286,0,0,7,7,5,0,300,
4048,19-Jul-26,17:35:11,2,2,200,381,0,0,9.5,9.5,5,0,400,
4048,19-Jul-26,17:35:11,3,1,650,619,0,0,15.5,15.5,5,0,650,
4049,19-Jul-26,17:38:41,1,1,500,476,0,0,12,12,5,0,500,
4049,19-Jul-26,17:38:41,2,1,250,238,0,0,6,6,5,0,250,
4050,19-Jul-26,17:44:11,1,2,120,229,0,0,5.5,5.5,5,0,240,
4050,19-Jul-26,17:44:11,2,2,150,286,0,0,7,7,5,0,300,
4051,19-Jul-26,18:10:18,1,1,150,143,0,0,3.5,3.5,5,0,150,
4052,19-Jul-26,18:34:11,1,1,60,57,0,0,1.5,1.5,5,0,60,
4052,19-Jul-26,18:34:11,2,1,40,38,0,0,1,1,5,0,40,
4053,19-Jul-26,18:49:36,1,1,150,143,0,0,3.5,3.5,5,0,150,
4054,19-Jul-26,18:51:15,1,2,150,286,0,0,7,7,5,0,300,
4055,19-Jul-26,18:55:07,1,2,200,381,0,0,9.5,9.5,5,0,400,
4056,19-Jul-26,19:01:54,1,2,100,190,0,0,5,5,5,0,200,
4056,19-Jul-26,19:01:54,2,1,150,143,0,0,3.5,3.5,5,0,150,
4057,19-Jul-26,19:15:29,1,1,300,286,0,0,7,7,5,0,300,
4058,19-Jul-26,19:22:15,1,3,100,286,0,0,7,7,5,0,300,
4058,19-Jul-26,19:22:15,2,2,250,476,0,0,12,12,5,0,500,
4059,19-Jul-26,19:25:31,1,1,100,95,0,0,2.5,2.5,5,0,100,
4060,19-Jul-26,19:28:44,1,2,150,286,0,0,7,7,5,0,300,
4060,19-Jul-26,19:28:44,2,3,60,171,0,0,4.5,4.5,5,0,180,
4060,19-Jul-26,19:28:44,3,1,400,381,0,0,9.5,9.5,5,0,400,
4060,19-Jul-26,19:28:44,4,1,250,238,0,0,6,6,5,0,250,
4060,19-Jul-26,19:28:44,5,1,250,238,0,0,6,6,5,0,250,
4060,19-Jul-26,19:28:44,6,1,300,286,0,0,7,7,5,0,300,
4060,19-Jul-26,19:28:44,7,2,200,381,0,0,9.5,9.5,5,0,400,
4060,19-Jul-26,19:28:44,8,1,100,95,0,0,2.5,2.5,5,0,100,
4061,19-Jul-26,19:36:13,1,3,100,286,0,0,7,7,5,0,300,
4062,19-Jul-26,19:41:44,1,2,650,1238,0,0,31,31,5,0,1300,
4063,19-Jul-26,19:58:07,1,3,250,714,0,0,18,18,5,0,750,
4063,19-Jul-26,19:58:07,2,3,130,371,0,0,9.5,9.5,5,0,390,
4064,19-Jul-26,20:09:58,1,1,250,238,0,0,6,6,5,0,250,
4064,19-Jul-26,20:09:58,2,1,400,381,0,0,9.5,9.5,5,0,400,
4064,19-Jul-26,20:09:58,3,1,500,476,0,0,12,12,5,0,500,
4065,19-Jul-26,20:30:20,1,1,350,333,0,0,8.5,8.5,5,0,350,
4065,19-Jul-26,20:30:20,2,1,130,124,0,0,3,3,5,0,130,
4065,19-Jul-26,20:30:20,3,2,250,476,0,0,12,12,5,0,500,
4065,19-Jul-26,20:30:20,4,2,40,76,0,0,2,2,5,0,80,
4065,19-Jul-26,20:30:20,5,2,60,114,0,0,3,3,5,0,120,
4065,19-Jul-26,20:30:20,6,1,100,95,0,0,2.5,2.5,5,0,100,
4065,19-Jul-26,20:30:20,7,3,250,714,0,0,18,18,5,0,750,
4066,19-Jul-26,20:42:52,1,2,200,381,0,0,9.5,9.5,5,0,400,
4067,19-Jul-26,20:48:37,1,4,60,229,0,0,5.5,5.5,5,0,240,
4068,19-Jul-26,20:49:13,1,3,200,571,0,0,14.5,14.5,5,0,600,
4068,19-Jul-26,20:49:13,2,1,100,95,0,0,2.5,2.5,5,0,100,
4069,19-Jul-26,21:12:31,1,1,100,95,0,0,2.5,2.5,5,0,100,
4070,19-Jul-26,21:18:29,1,1,200,190,0,0,5,5,5,0,200,CASH
4071,19-Jul-26,21:47:12,1,4,100,381,0,0,9.5,9.5,5,0,400,
4071,19-Jul-26,21:47:12,2,3,150,429,0,0,10.5,10.5,5,0,450,
4071,19-Jul-26,21:47:12,3,1,80,76,0,0,2,2,5,0,80,
4071,19-Jul-26,21:47:12,4,1,300,286,0,0,7,7,5,0,300,
4071,19-Jul-26,21:47:12,5,7,60,400,0,0,10,10,5,0,420,
4071,19-Jul-26,21:47:12,6,1,250,238,0,0,6,6,5,0,250,
4071,19-Jul-26,21:47:12,7,1,650,619,0,0,15.5,15.5,5,0,650,
4071,19-Jul-26,21:47:12,8,1,200,190,0,0,5,5,5,0,200,
4072,19-Jul-26,21:49:29,1,1,150,143,0,0,3.5,3.5,5,0,150,
4073,19-Jul-26,22:02:51,1,1,300,286,0,0,7,7,5,0,300,
4074,20-Jul-26,11:32:37,1,1,150,143,0,0,3.5,3.5,5,0,150,CASH
4075,20-Jul-26,12:11:09,1,1,150,143,0,0,3.5,3.5,5,0,150,
4076,20-Jul-26,14:38:37,1,1,250,238,0,0,6,6,5,0,250,
1969,18-Apr-26,12:44:26,2,2,75,143,0,0,3.5,3.5,5,0,150,CASH
1970,18-Apr-26,12:48:54,1,5,150,714,0,0,18,18,5,0,750,
1970,18-Apr-26,12:48:54,2,2,250,476,0,0,12,12,5,0,500,
1970,18-Apr-26,12:48:54,3,1,250,238,0,0,6,6,5,0,250,
1971,18-Apr-26,13:16:25,1,1,75,71,0,0,2,2,5,0,75,
1971,18-Apr-26,13:16:25,2,1,250,238,0,0,6,6,5,0,250,
1971,18-Apr-26,13:16:25,3,1,150,143,0,0,3.5,3.5,5,0,150,
1971,18-Apr-26,13:16:25,4,2,250,476,0,0,12,12,5,0,500,
1972,18-Apr-26,13:22:41,1,1,250,238,0,0,6,6,5,0,250,
1972,18-Apr-26,13:22:41,2,1,120,114,0,0,3,3,5,0,120,
1972,18-Apr-26,13:22:41,3,1,120,114,0,0,3,3,5,0,120,
1973,18-Apr-26,14:14:17,1,1,200,190,0,0,5,5,5,0,200,
1973,18-Apr-26,14:14:17,2,1,250,238,0,0,6,6,5,0,250,
1973,18-Apr-26,14:14:17,3,2,60,114,0,0,3,3,5,0,120,
1973,18-Apr-26,14:14:17,4,1,150,143,0,0,3.5,3.5,5,0,150,
1973,18-Apr-26,14:14:17,5,2,50,95,0,0,2.5,2.5,5,0,100,
1973,18-Apr-26,14:14:17,6,1,100,95,0,0,2.5,2.5,5,0,100,
2391,08-May-26,19:26:15,1,1,150,143,0,0,3.5,3.5,5,0,150,
2392,08-May-26,19:32:28,1,1,250,238,0,0,6,6,5,0,250,
2392,08-May-26,19:32:28,2,1,200,190,0,0,5,5,5,0,200,
2393,08-May-26,19:32:41,1,1,400,381,0,0,9.5,9.5,5,0,400,
2393,08-May-26,19:32:41,2,1,250,238,0,0,6,6,5,0,250,
2393,08-May-26,19:32:41,3,1,500,476,0,0,12,12,5,0,500,
2393,08-May-26,19:32:41,4,1,500,476,0,0,12,12,5,0,500,
2393,08-May-26,19:32:41,5,1,20,19,0,0,0.5,0.5,5,0,20,
2393,08-May-26,19:32:41,6,1,150,143,0,0,3.5,3.5,5,0,150,
2393,08-May-26,19:32:41,7,1,300,286,0,0,7,7,5,0,300,
2393,08-May-26,19:32:41,8,1,40,38,0,0,1,1,5,0,40,
2393,08-May-26,19:32:41,9,1,40,38,0,0,1,1,5,0,40,
2393,08-May-26,19:32:41,10,1,40,38,0,0,1,1,5,0,40,
2393,08-May-26,19:32:41,11,1,100,95,0,0,2.5,2.5,5,0,100,
2393,08-May-26,19:32:41,12,1,70,67,0,0,1.5,1.5,5,0,70,
2393,08-May-26,19:32:41,13,1,70,67,0,0,1.5,1.5,5,0,70,
2393,08-May-26,19:32:41,14,1,120,114,0,0,3,3,5,0,120,
2660,21-May-26,21:54:39,1,1,60,57,0,0,1.5,1.5,5,0,60,
2661,22-May-26,12:12:16,1,1,500,476,0,0,12,12,5,0,500,CASH
2662,22-May-26,15:07:13,1,1,100,95,0,0,2.5,2.5,5,0,100,
2662,22-May-26,15:07:13,2,2,150,286,0,0,7,7,5,0,300,
2663,22-May-26,15:07:42,1,4,105,400,0,0,10,10,5,0,420,
2664,22-May-26,15:08:06,1,2,250,476,0,0,12,12,5,0,500,
2664,22-May-26,15:08:06,2,1,60,57,0,0,1.5,1.5,5,0,60,
2665,22-May-26,15:11:05,1,2,250,476,0,0,12,12,5,0,500,
2666,22-May-26,15:51:20,1,1,250,238,0,0,6,6,5,0,250,
2666,22-May-26,15:51:20,2,1,150,143,0,0,3.5,3.5,5,0,150,
2667,22-May-26,16:22:34,1,1,500,476,0,0,12,12,5,0,500,
2667,22-May-26,16:22:34,2,1,100,95,0,0,2.5,2.5,5,0,100,
2667,22-May-26,16:22:34,3,2,150,286,0,0,7,7,5,0,300,
2667,22-May-26,16:22:34,4,1,100,95,0,0,2.5,2.5,5,0,100,
2668,22-May-26,16:47:10,1,1,400,381,0,0,9.5,9.5,5,0,400,
2668,22-May-26,16:47:10,2,1,400,381,0,0,9.5,9.5,5,0,400,
2668,22-May-26,16:47:10,3,1,150,143,0,0,3.5,3.5,5,0,150,
2869,01-Jun-26,18:54:13,1,1,100,95,0,0,2.5,2.5,5,0,100,
2870,01-Jun-26,18:54:21,1,2,200,381,0,0,9.5,9.5,5,0,400,
2870,01-Jun-26,18:54:21,2,3,150,429,0,0,10.5,10.5,5,0,450,
2870,01-Jun-26,18:54:21,3,1,100,95,0,0,2.5,2.5,5,0,100,
2871,01-Jun-26,18:59:18,1,1,250,238,0,0,6,6,5,0,250,
2871,01-Jun-26,18:59:18,2,1,250,238,0,0,6,6,5,0,250,
2871,01-Jun-26,18:59:18,3,1,500,476,0,0,12,12,5,0,500,
2871,01-Jun-26,18:59:18,4,1,500,476,0,0,12,12,5,0,500,
2872,01-Jun-26,19:54:49,1,3,250,714,0,0,18,18,5,0,750,
2873,01-Jun-26,19:55:36,1,2,250,476,0,0,12,12,5,0,500,
2874,01-Jun-26,20:00:51,1,1,400,381,0,0,9.5,9.5,5,0,400,
2874,01-Jun-26,20:00:51,2,1,100,95,0,0,2.5,2.5,5,0,100,
2874,01-Jun-26,20:00:51,3,1,100,95,0,0,2.5,2.5,5,0,100,
2875,01-Jun-26,20:17:54,1,8,25,190,0,0,5,5,5,0,200,
2875,01-Jun-26,20:17:54,2,1,60,57,0,0,1.5,1.5,5,0,60,
2875,01-Jun-26,20:17:54,3,1,150,143,0,0,3.5,3.5,5,0,150,
2876,01-Jun-26,20:52:54,1,1,300,286,0,0,7,7,5,0,300,
3109,13-Jun-26,15:09:38,2,1,100,95,0,0,2.5,2.5,5,0,100,
3110,13-Jun-26,16:59:45,1,1,100,95,0,0,2.5,2.5,5,0,100,
3111,13-Jun-26,17:00:06,1,2,150,286,0,0,7,7,5,0,300,
3111,13-Jun-26,17:00:06,2,1,100,95,0,0,2.5,2.5,5,0,100,
3112,13-Jun-26,19:01:16,1,1,70,67,0,0,1.5,1.5,5,0,70,
3112,13-Jun-26,19:01:16,2,1,70,67,0,0,1.5,1.5,5,0,70,
3112,13-Jun-26,19:01:16,3,1,50,48,0,0,1,1,5,0,50,
3112,13-Jun-26,19:01:16,4,1,30,29,0,0,0.5,0.5,5,0,30,
3112,13-Jun-26,19:01:16,5,1,30,29,0,0,0.5,0.5,5,0,30,
3113,13-Jun-26,19:05:18,1,2,250,476,0,0,12,12,5,0,500,
3114,13-Jun-26,19:09:40,1,2,250,476,0,0,12,12,5,0,500,
3114,13-Jun-26,19:09:40,2,2,100,190,0,0,5,5,5,0,200,
3114,13-Jun-26,19:09:40,3,1,200,190,0,0,5,5,5,0,200,
3114,13-Jun-26,19:09:40,4,1,400,381,0,0,9.5,9.5,5,0,400,
3114,13-Jun-26,19:09:40,5,1,100,95,0,0,2.5,2.5,5,0,100,
3115,13-Jun-26,21:05:38,1,1,600,571,0,0,14.5,14.5,5,0,600,CASH
3115,13-Jun-26,21:05:38,2,1,500,476,0,0,12,12,5,0,500,CASH
3965,15-Jul-26,21:59:25,2,1,150,143,0,0,3.5,3.5,5,0,150,
3966,15-Jul-26,22:13:49,1,1,350,333,0,0,8.5,8.5,5,0,350,
3966,15-Jul-26,22:13:49,2,1,100,95,0,0,2.5,2.5,5,0,100,
3967,15-Jul-26,22:19:34,1,1,60,57,0,0,1.5,1.5,5,0,60,CASH
3968,15-Jul-26,22:38:36,1,2,400,762,0,0,19,19,5,0,800,
3968,15-Jul-26,22:38:36,2,1,600,571,0,0,14.5,14.5,5,0,600,
3969,16-Jul-26,11:38:34,1,1,100,95,0,0,2.5,2.5,5,0,100,CASH
3970,16-Jul-26,11:53:29,1,1,100,95,0,0,2.5,2.5,5,0,100,
3971,16-Jul-26,13:30:12,1,1,250,238,0,0,6,6,5,0,250,
3971,16-Jul-26,13:30:12,2,1,100,95,0,0,2.5,2.5,5,0,100,
3972,16-Jul-26,13:55:19,1,1,200,190,0,0,5,5,5,0,200,
3973,16-Jul-26,15:06:21,1,3,150,429,0,0,10.5,10.5,5,0,450,
3974,16-Jul-26,16:15:18,1,1,200,190,0,0,5,5,5,0,200,CASH
3974,16-Jul-26,16:15:18,2,1,100,95,0,0,2.5,2.5,5,0,100,CASH
3975,16-Jul-26,16:37:23,1,4,30,114,0,0,3,3,5,0,120,
3976,16-Jul-26,16:38:02,1,1,250,238,0,0,6,6,5,0,250,
3977,16-Jul-26,16:44:06,1,1,200,190,0,0,5,5,5,0,200,
4076,20-Jul-26,14:38:37,2,1,200,190,0,0,5,5,5,0,0,
4077,20-Jul-26,14:55:09,1,1,250,238,0,0,6,6,5,0,250,
4078,20-Jul-26,15:01:24,1,1,250,238,0,0,6,6,5,0,250,
4079,20-Jul-26,15:10:41,1,2,40,76,0,0,2,2,5,0,80,
4080,20-Jul-26,16:43:35,1,1,200,190,0,0,5,5,5,0,200,
4081,20-Jul-26,17:45:43,1,1,700,667,0,0,16.5,16.5,5,0,700,
4082,20-Jul-26,17:47:32,1,3,60,171,0,0,4.5,4.5,5,0,180,
4082,20-Jul-26,17:47:32,2,3,100,286,0,0,7,7,5,0,300,
4083,20-Jul-26,17:53:20,1,2,100,190,0,0,5,5,5,0,200,
4083,20-Jul-26,17:53:20,2,2,80,152,0,0,4,4,5,0,160,
4083,20-Jul-26,17:53:20,3,5,200,952,0,0,24,24,5,0,1000,
4083,20-Jul-26,17:53:20,4,1,300,286,0,0,7,7,5,0,300,
4083,20-Jul-26,17:53:20,5,1,100,95,0,0,2.5,2.5,5,0,100,
4083,20-Jul-26,17:53:20,6,1,140,133,0,0,3.5,3.5,5,0,140,
4084,20-Jul-26,17:55:56,1,1,100,95,0,0,2.5,2.5,5,0,100,
4085,20-Jul-26,18:32:52,1,1,100,95,0,0,2.5,2.5,5,0,100,
4086,20-Jul-26,19:50:48,1,1,200,190,0,0,5,5,5,0,200,CASH
4296,30-Jul-26,18:31:31,1,2,120,229,0,0,5.5,5.5,5,0,240,
4297,30-Jul-26,18:42:18,1,1,100,95,0,0,2.5,2.5,5,0,100,
4298,30-Jul-26,19:00:56,1,2,500,952,0,0,24,24,5,0,1000,
4299,30-Jul-26,19:03:41,1,1,150,143,0,0,3.5,3.5,5,0,150,
4300,30-Jul-26,19:22:31,1,1,100,95,0,0,2.5,2.5,5,0,100,
4301,30-Jul-26,20:12:55,1,1,150,143,0,0,3.5,3.5,5,0,150,
4301,30-Jul-26,20:12:55,2,1,150,143,0,0,3.5,3.5,5,0,150,
4301,30-Jul-26,20:12:55,3,1,60,57,0,0,1.5,1.5,5,0,60,
4302,30-Jul-26,20:34:33,1,1,150,143,0,0,3.5,3.5,5,0,150,
4302,30-Jul-26,20:34:33,2,1,100,95,0,0,2.5,2.5,5,0,100,
4302,30-Jul-26,20:34:33,3,1,500,476,0,0,12,12,5,0,500,
4303,30-Jul-26,20:40:43,1,4,200,762,0,0,19,19,5,0,800,
4303,30-Jul-26,20:40:43,2,1,200,190,0,0,5,5,5,0,200,
4303,30-Jul-26,20:40:43,3,1,400,381,0,0,9.5,9.5,5,0,400,
4303,30-Jul-26,20:40:43,4,1,150,143,0,0,3.5,3.5,5,0,150,
4304,30-Jul-26,20:48:09,1,1,60,57,0,0,1.5,1.5,5,0,60,
4305,30-Jul-26,21:13:33,1,4,150,571,0,0,14.5,14.5,5,0,600,
4320,01-Aug-26,12:28:59,1,3,250,714,0,0,18,18,5,0,750,
4320,01-Aug-26,12:28:59,2,1,300,286,0,0,7,7,5,0,300,
4320,01-Aug-26,12:28:59,3,1,650,619,0,0,15.5,15.5,5,0,650,
4321,01-Aug-26,13:20:58,1,1,100,95,0,0,2.5,2.5,5,0,100,
4321,01-Aug-26,13:20:58,2,1,150,143,0,0,3.5,3.5,5,0,150,
4322,01-Aug-26,13:56:56,1,2,200,381,0,0,9.5,9.5,5,0,0,
4322,01-Aug-26,13:56:56,2,2,100,190,0,0,5,5,5,0,200,
4323,01-Aug-26,14:04:51,1,1,150,143,0,0,3.5,3.5,5,0,150,
4324,01-Aug-26,15:08:36,1,1,350,333,0,0,8.5,8.5,5,0,350,
4325,01-Aug-26,16:03:56,1,1,200,190,0,0,5,5,5,0,200,
4326,01-Aug-26,16:29:38,1,1,200,190,0,0,5,5,5,0,200,
4327,01-Aug-26,16:29:47,1,2,150,286,0,0,7,7,5,0,300,
4328,01-Aug-26,16:37:33,1,1,60,57,0,0,1.5,1.5,5,0,60,
4329,01-Aug-26,16:53:24,1,1,60,57,0,0,1.5,1.5,5,0,60,
4329,01-Aug-26,16:53:24,2,1,200,190,0,0,5,5,5,0,200,
4329,01-Aug-26,16:53:24,3,4,40,152,0,0,4,4,5,0,160,
4330,01-Aug-26,17:25:52,1,1,500,476,0,0,12,12,5,0,500,
4331,01-Aug-26,17:25:58,1,1,100,95,0,0,2.5,2.5,5,0,100,
4332,01-Aug-26,17:47:18,1,1,150,143,0,0,3.5,3.5,5,0,150,
4333,01-Aug-26,17:48:36,1,1,400,381,0,0,9.5,9.5,5,0,400,
4334,01-Aug-26,18:20:15,1,1,150,143,0,0,3.5,3.5,5,0,150,
4334,01-Aug-26,18:20:15,2,1,150,143,0,0,3.5,3.5,5,0,150,
4334,01-Aug-26,18:20:15,3,1,100,95,0,0,2.5,2.5,5,0,100,
4334,01-Aug-26,18:20:15,4,1,200,190,0,0,5,5,5,0,200,
4335,01-Aug-26,18:48:47,1,2,150,286,0,0,7,7,5,0,300,
4336,01-Aug-26,18:49:53,1,3,130,371,0,0,9.5,9.5,5,0,390,
4336,01-Aug-26,18:49:53,2,1,100,95,0,0,2.5,2.5,5,0,100,
4337,01-Aug-26,18:52:27,1,1,470,448,0,0,11,11,5,0,470,
4338,01-Aug-26,19:34:58,1,1,250,238,0,0,6,6,5,0,250,
4339,01-Aug-26,19:37:14,1,1,200,190,0,0,5,5,5,0,200,
4340,01-Aug-26,19:37:51,1,2,150,286,0,0,7,7,5,0,300,
4340,01-Aug-26,19:37:51,2,1,200,190,0,0,5,5,5,0,200,
4340,01-Aug-26,19:37:51,3,1,100,95,0,0,2.5,2.5,5,0,100,
4341,01-Aug-26,19:39:25,1,1,350,333,0,0,8.5,8.5,5,0,350,
4351,02-Aug-26,13:26:47,1,2,100,190,0,0,5,5,5,0,200,CASH
4352,02-Aug-26,13:27:09,1,1,200,190,0,0,5,5,5,0,200,
4353,02-Aug-26,13:58:54,1,1,100,95,0,0,2.5,2.5,5,0,100,
4354,02-Aug-26,14:26:42,1,1,200,190,0,0,5,5,5,0,200,
4355,02-Aug-26,14:28:01,1,1,650,619,0,0,15.5,15.5,5,0,650,
4355,02-Aug-26,14:28:01,2,1,500,476,0,0,12,12,5,0,500,
4355,02-Aug-26,14:28:01,3,1,550,524,0,0,13,13,5,0,550,
4356,02-Aug-26,14:56:21,1,2,50,95,0,0,2.5,2.5,5,0,100,
4357,02-Aug-26,15:00:47,1,2,60,114,0,0,3,3,5,0,120,
4357,02-Aug-26,15:00:47,2,1,100,95,0,0,2.5,2.5,5,0,100,
4358,02-Aug-26,15:43:26,1,1,40,38,0,0,1,1,5,0,40,
4359,02-Aug-26,16:22:52,1,1,100,95,0,0,2.5,2.5,5,0,100,
4360,02-Aug-26,16:50:51,1,1,150,143,0,0,3.5,3.5,5,0,150,
4361,02-Aug-26,17:19:52,1,1,400,381,0,0,9.5,9.5,5,0,400,
4361,02-Aug-26,17:19:52,2,1,650,619,0,0,15.5,15.5,5,0,650,
4362,02-Aug-26,17:34:50,1,3,100,286,0,0,7,7,5,0,300,
4363,02-Aug-26,17:36:28,1,2,150,286,0,0,7,7,5,0,300,
2876,01-Jun-26,20:52:54,2,1,250,238,0,0,6,6,5,0,250,
2877,01-Jun-26,21:18:12,1,1,100,95,0,0,2.5,2.5,5,0,100,CASH
2878,01-Jun-26,21:31:38,1,2,200,381,0,0,9.5,9.5,5,0,400,
2878,01-Jun-26,21:31:38,2,1,500,476,0,0,12,12,5,0,500,
2879,01-Jun-26,22:11:30,1,1,100,95,0,0,2.5,2.5,5,0,100,
2879,01-Jun-26,22:11:30,2,2,250,476,0,0,12,12,5,0,500,
2880,01-Jun-26,22:16:26,1,2,550,1048,0,0,26,26,5,0,1100,
2881,02-Jun-26,11:51:56,1,2,60,114,0,0,3,3,5,0,120,
2881,02-Jun-26,11:51:56,2,1,200,190,0,0,5,5,5,0,200,
2881,02-Jun-26,11:51:56,3,3,40,114,0,0,3,3,5,0,0,
2882,02-Jun-26,14:57:18,1,6,40,229,0,0,5.5,5.5,5,0,240,
2882,02-Jun-26,14:57:18,2,1,250,238,0,0,6,6,5,0,250,
2882,02-Jun-26,14:57:18,3,1,150,143,0,0,3.5,3.5,5,0,150,
2883,02-Jun-26,16:48:18,1,1,250,238,0,0,6,6,5,0,250,
2884,02-Jun-26,16:52:42,1,1,150,143,0,0,3.5,3.5,5,0,150,
2885,02-Jun-26,17:27:10,1,1,250,238,0,0,6,6,5,0,250,
2886,02-Jun-26,18:37:24,1,1,250,238,0,0,6,6,5,0,250,
3115,13-Jun-26,21:05:38,3,1,100,95,0,0,2.5,2.5,5,0,100,CASH
3116,13-Jun-26,21:11:38,1,1,150,143,0,0,3.5,3.5,5,0,150,
3117,13-Jun-26,21:56:25,1,1,650,619,0,0,15.5,15.5,5,0,650,
3117,13-Jun-26,21:56:25,2,1,250,238,0,0,6,6,5,0,250,
3117,13-Jun-26,21:56:25,3,1,450,429,0,0,10.5,10.5,5,0,450,
3117,13-Jun-26,21:56:25,4,1,500,476,0,0,12,12,5,0,500,
3117,13-Jun-26,21:56:25,5,1,500,476,0,0,12,12,5,0,500,
3118,14-Jun-26,11:52:02,1,2,200,381,0,0,9.5,9.5,5,0,400,CASH
3118,14-Jun-26,11:52:02,2,1,250,238,0,0,6,6,5,0,250,CASH
3118,14-Jun-26,11:52:02,3,4,150,571,0,0,14.5,14.5,5,0,600,CASH
3119,14-Jun-26,12:12:05,1,1,40,38,0,0,1,1,5,0,40,
3120,14-Jun-26,12:19:32,1,2,600,1143,0,0,28.5,28.5,5,0,1200,
3120,14-Jun-26,12:19:32,2,1,400,381,0,0,9.5,9.5,5,0,400,
3121,14-Jun-26,12:52:10,1,1,60,57,0,0,1.5,1.5,5,0,60,
3122,14-Jun-26,14:38:25,1,1,100,95,0,0,2.5,2.5,5,0,100,CASH
3122,14-Jun-26,14:38:25,2,1,150,143,0,0,3.5,3.5,5,0,150,CASH
3123,14-Jun-26,14:38:36,1,1,50,48,0,0,1,1,5,0,50,
2005,19-Apr-26,18:53:06,1,2,500,952,0,0,24,24,5,0,1000,
2005,19-Apr-26,18:53:06,2,2,250,476,0,0,12,12,5,0,500,
2006,19-Apr-26,18:56:06,1,1,1000,952,0,0,24,24,5,0,1000,
2007,19-Apr-26,18:56:27,1,1,250,238,0,0,6,6,5,0,250,
2008,19-Apr-26,18:59:26,1,7,150,1000,0,0,25,25,5,0,1050,
2008,19-Apr-26,18:59:26,2,3,60,171,0,0,4.5,4.5,5,0,180,
2008,19-Apr-26,18:59:26,3,2,250,476,0,0,12,12,5,0,500,
2009,19-Apr-26,19:10:00,1,1,300,286,0,0,7,7,5,0,300,
2009,19-Apr-26,19:10:00,2,1,300,286,0,0,7,7,5,0,300,
2010,19-Apr-26,19:31:51,1,1,300,286,0,0,7,7,5,0,300,
2010,19-Apr-26,19:31:51,2,1,300,286,0,0,7,7,5,0,300,
2011,19-Apr-26,19:42:58,1,1,15,14,0,0,0.5,0.5,5,0,15,
2012,19-Apr-26,19:56:52,1,1,40,38,0,0,1,1,5,0,40,
2013,19-Apr-26,20:05:26,1,1,70,67,0,0,1.5,1.5,5,0,70,
2013,19-Apr-26,20:05:26,2,1,70,67,0,0,1.5,1.5,5,0,70,
2013,19-Apr-26,20:05:26,3,1,70,67,0,0,1.5,1.5,5,0,70,
2013,19-Apr-26,20:05:26,4,1,70,67,0,0,1.5,1.5,5,0,70,
1519,01-Apr-26,18:34:07,1,2,75,143,0,0,3.5,3.5,5,0,150,
1520,01-Apr-26,18:42:17,1,2,150,286,0,0,7,7,5,0,300,
1521,01-Apr-26,18:54:55,1,5,100,476,0,0,12,12,5,0,500,
1521,01-Apr-26,18:54:55,2,3,100,286,0,0,7,7,5,0,300,
1522,01-Apr-26,19:33:02,1,1,250,238,0,0,6,6,5,0,250,
1523,01-Apr-26,19:51:32,1,1,350,333,0,0,8.5,8.5,5,0,350,
1523,01-Apr-26,19:51:32,2,1,100,95,0,0,2.5,2.5,5,0,100,
1524,01-Apr-26,19:52:32,1,1,150,143,0,0,3.5,3.5,5,0,150,
1525,01-Apr-26,19:54:25,1,1,500,476,0,0,12,12,5,0,500,
1526,01-Apr-26,20:06:23,1,2,50,95,0,0,2.5,2.5,5,0,100,
1527,01-Apr-26,20:06:37,1,1,250,238,0,0,6,6,5,0,250,
1527,01-Apr-26,20:06:37,2,1,150,143,0,0,3.5,3.5,5,0,150,
1527,01-Apr-26,20:06:37,3,1,250,238,0,0,6,6,5,0,250,
1528,01-Apr-26,20:13:22,1,1,150,143,0,0,3.5,3.5,5,0,150,
1528,01-Apr-26,20:13:22,2,2,300,571,0,0,14.5,14.5,5,0,600,
1528,01-Apr-26,20:13:22,3,1,250,238,0,0,6,6,5,0,250,
1529,01-Apr-26,20:26:54,1,1,300,286,0,0,7,7,5,0,300,
2013,19-Apr-26,20:05:26,5,1,70,67,0,0,1.5,1.5,5,0,70,
2013,19-Apr-26,20:05:26,6,1,130,124,0,0,3,3,5,0,130,
2013,19-Apr-26,20:05:26,7,1,250,238,0,0,6,6,5,0,250,
2014,19-Apr-26,20:06:19,1,1,500,476,0,0,12,12,5,0,500,
2014,19-Apr-26,20:06:19,2,1,400,381,0,0,9.5,9.5,5,0,400,
2015,19-Apr-26,20:46:42,1,1,60,57,0,0,1.5,1.5,5,0,60,
2015,19-Apr-26,20:46:42,2,1,60,57,0,0,1.5,1.5,5,0,60,
2016,20-Apr-26,11:07:11,1,1,300,286,0,0,7,7,5,0,300,CASH
2017,20-Apr-26,11:07:24,1,3,150,429,0,0,10.5,10.5,5,0,450,
2017,20-Apr-26,11:07:24,2,2,70,133,0,0,3.5,3.5,5,0,140,
2017,20-Apr-26,11:07:24,3,1,60,57,0,0,1.5,1.5,5,0,60,
2018,20-Apr-26,14:03:13,1,3,40,114,0,0,3,3,5,0,120,
2018,20-Apr-26,14:03:13,2,1,30,29,0,0,0.5,0.5,5,0,30,
2019,20-Apr-26,16:43:09,1,1,100,95,0,0,2.5,2.5,5,0,100,
2020,20-Apr-26,17:41:47,1,1,150,143,0,0,3.5,3.5,5,0,150,
2021,20-Apr-26,18:23:35,1,3,250,714,0,0,18,18,5,0,750,CASH
2022,20-Apr-26,19:45:36,1,1,260,248,0,0,6,6,5,0,260,
1546,02-Apr-26,12:27:35,1,2,100,190,0,0,5,5,5,0,200,CASH
1546,02-Apr-26,12:27:35,2,3,40,114,0,0,3,3,5,0,120,CASH
1547,02-Apr-26,12:28:05,1,5,120,571,0,0,14.5,14.5,5,0,600,
1547,02-Apr-26,12:28:05,2,5,250,1190,0,0,30,30,5,0,1250,
1547,02-Apr-26,12:28:05,3,2,250,476,0,0,12,12,5,0,500,
1548,02-Apr-26,14:40:56,1,1,100,95,0,0,2.5,2.5,5,0,100,CASH
1549,02-Apr-26,14:48:18,1,2,100,190,0,0,5,5,5,0,200,
1550,02-Apr-26,14:49:34,1,1,400,381,0,0,9.5,9.5,5,0,400,
1551,02-Apr-26,15:12:32,1,6,100,571,0,0,14.5,14.5,5,0,600,
1551,02-Apr-26,15:12:32,2,2,200,381,0,0,9.5,9.5,5,0,400,
1551,02-Apr-26,15:12:32,3,1,150,143,0,0,3.5,3.5,5,0,150,
1551,02-Apr-26,15:12:32,4,5,250,1190,0,0,30,30,5,0,1250,
1551,02-Apr-26,15:12:32,5,1,100,95,0,0,2.5,2.5,5,0,100,
1552,02-Apr-26,15:19:43,1,1,60,57,0,0,1.5,1.5,5,0,60,
1552,02-Apr-26,15:19:43,2,2,150,286,0,0,7,7,5,0,300,
1553,02-Apr-26,15:31:06,1,2,250,476,0,0,12,12,5,0,500,
1553,02-Apr-26,15:31:06,2,1,350,333,0,0,8.5,8.5,5,0,350,
1781,10-Apr-26,22:08:38,1,1,250,238,0,0,6,6,5,0,250,
1781,10-Apr-26,22:08:38,2,1,200,190,0,0,5,5,5,0,200,
1781,10-Apr-26,22:08:38,3,1,500,476,0,0,12,12,5,0,500,
1782,10-Apr-26,22:09:22,1,1,500,476,0,0,12,12,5,0,500,
1782,10-Apr-26,22:09:22,2,1,200,190,0,0,5,5,5,0,200,
1782,10-Apr-26,22:09:22,3,1,250,238,0,0,6,6,5,0,250,
1783,10-Apr-26,22:11:52,1,2,300,571,0,0,14.5,14.5,5,0,600,
1783,10-Apr-26,22:11:52,2,1,50,48,0,0,1,1,5,0,50,
1784,10-Apr-26,22:34:19,1,4,40,152,0,0,4,4,5,0,160,CASH
1785,10-Apr-26,22:36:34,1,1,250,238,0,0,6,6,5,0,250,
1786,11-Apr-26,11:00:48,1,1,120,114,0,0,3,3,5,0,120,
1787,11-Apr-26,12:09:12,1,1,200,190,0,0,5,5,5,0,200,
1788,11-Apr-26,12:27:37,1,1,40,38,0,0,1,1,5,0,40,
1788,11-Apr-26,12:27:37,2,1,40,38,0,0,1,1,5,0,40,
1788,11-Apr-26,12:27:37,3,1,40,38,0,0,1,1,5,0,40,
1789,11-Apr-26,13:05:42,1,1,40,38,0,0,1,1,5,0,40,
1789,11-Apr-26,13:05:42,2,1,40,38,0,0,1,1,5,0,40,
1553,02-Apr-26,15:31:06,3,1,120,114,0,0,3,3,5,0,120,
1553,02-Apr-26,15:31:06,4,2,80,152,0,0,4,4,5,0,160,
1554,02-Apr-26,17:48:05,1,1,200,190,0,0,5,5,5,0,200,
1555,02-Apr-26,18:21:16,1,2,100,190,0,0,5,5,5,0,200,
1556,02-Apr-26,19:27:33,1,1,60,57,0,0,1.5,1.5,5,0,60,CASH
1556,02-Apr-26,19:27:33,2,1,60,57,0,0,1.5,1.5,5,0,60,CASH
1556,02-Apr-26,19:27:33,3,1,60,57,0,0,1.5,1.5,5,0,60,CASH
1557,02-Apr-26,19:28:31,1,1,60,57,0,0,1.5,1.5,5,0,60,
1558,02-Apr-26,19:28:56,1,1,100,95,0,0,2.5,2.5,5,0,100,
1558,02-Apr-26,19:28:56,2,1,100,95,0,0,2.5,2.5,5,0,100,
1559,02-Apr-26,19:34:15,1,1,150,143,0,0,3.5,3.5,5,0,150,
1559,02-Apr-26,19:34:15,2,1,150,143,0,0,3.5,3.5,5,0,150,
1559,02-Apr-26,19:34:15,3,1,150,143,0,0,3.5,3.5,5,0,150,
1559,02-Apr-26,19:34:15,4,1,150,143,0,0,3.5,3.5,5,0,150,
1560,02-Apr-26,20:09:26,1,1,250,238,0,0,6,6,5,0,250,
1561,02-Apr-26,20:26:49,1,3,150,429,0,0,10.5,10.5,5,0,450,
1561,02-Apr-26,20:26:49,2,2,350,667,0,0,16.5,16.5,5,0,700,
2033,21-Apr-26,11:46:10,2,1,200,190,0,0,5,5,5,0,200,CASH
2034,21-Apr-26,15:44:07,1,1,500,476,0,0,12,12,5,0,500,
2034,21-Apr-26,15:44:07,2,1,50,48,0,0,1,1,5,0,50,
2035,21-Apr-26,17:43:51,1,2,400,762,0,0,19,19,5,0,800,
2035,21-Apr-26,17:43:51,2,1,500,476,0,0,12,12,5,0,500,
2035,21-Apr-26,17:43:51,3,1,200,190,0,0,5,5,5,0,200,
2036,21-Apr-26,18:31:54,1,1,100,95,0,0,2.5,2.5,5,0,100,
2037,21-Apr-26,19:59:56,1,2,150,286,0,0,7,7,5,0,300,
2037,21-Apr-26,19:59:56,2,1,150,143,0,0,3.5,3.5,5,0,150,
2038,21-Apr-26,21:15:18,1,1,350,333,0,0,8.5,8.5,5,0,350,
2039,21-Apr-26,21:31:49,1,2,250,476,0,0,12,12,5,0,500,
2040,21-Apr-26,22:08:19,1,1,600,571,0,0,14.5,14.5,5,0,600,
2040,21-Apr-26,22:08:19,2,1,150,143,0,0,3.5,3.5,5,0,150,
2040,21-Apr-26,22:08:19,3,1,150,143,0,0,3.5,3.5,5,0,150,
2040,21-Apr-26,22:08:19,4,1,400,381,0,0,9.5,9.5,5,0,400,
2040,21-Apr-26,22:08:19,5,1,250,238,0,0,6,6,5,0,250,
2040,21-Apr-26,22:08:19,6,1,400,381,0,0,9.5,9.5,5,0,400,
2439,10-May-26,15:01:33,1,1,100,95,0,0,2.5,2.5,5,0,100,CASH
2439,10-May-26,15:01:33,2,1,100,95,0,0,2.5,2.5,5,0,100,CASH
2439,10-May-26,15:01:33,3,1,100,95,0,0,2.5,2.5,5,0,100,CASH
2439,10-May-26,15:01:33,4,1,100,95,0,0,2.5,2.5,5,0,100,CASH
2439,10-May-26,15:01:33,5,1,100,95,0,0,2.5,2.5,5,0,100,CASH
2439,10-May-26,15:01:33,6,1,250,238,0,0,6,6,5,0,250,CASH
2439,10-May-26,15:01:33,7,1,130,124,0,0,3,3,5,0,130,CASH
2439,10-May-26,15:01:33,8,1,250,238,0,0,6,6,5,0,250,CASH
2440,10-May-26,15:05:59,1,1,100,95,0,0,2.5,2.5,5,0,100,CASH
2441,10-May-26,15:12:34,1,1,70,67,0,0,1.5,1.5,5,0,70,
2441,10-May-26,15:12:34,2,1,70,67,0,0,1.5,1.5,5,0,70,
2441,10-May-26,15:12:34,3,1,350,333,0,0,8.5,8.5,5,0,350,
2441,10-May-26,15:12:34,4,1,380,362,0,0,9,9,5,0,380,
2441,10-May-26,15:12:34,5,1,250,238,0,0,6,6,5,0,250,
2441,10-May-26,15:12:34,6,1,250,238,0,0,6,6,5,0,250,
2441,10-May-26,15:12:34,7,1,250,238,0,0,6,6,5,0,250,
2441,10-May-26,15:12:34,8,1,160,152,0,0,4,4,5,0,160,
2727,24-May-26,19:53:27,1,1,150,143,0,0,3.5,3.5,5,0,150,
2728,24-May-26,20:13:20,1,1,100,95,0,0,2.5,2.5,5,0,100,
2729,24-May-26,20:14:18,1,1,200,190,0,0,5,5,5,0,200,
2730,24-May-26,20:19:12,1,1,150,143,0,0,3.5,3.5,5,0,150,
2730,24-May-26,20:19:12,2,2,300,571,0,0,14.5,14.5,5,0,600,
2730,24-May-26,20:19:12,3,1,300,286,0,0,7,7,5,0,300,
2731,24-May-26,20:28:10,1,1,150,143,0,0,3.5,3.5,5,0,150,
2731,24-May-26,20:28:10,2,1,100,95,0,0,2.5,2.5,5,0,100,
2732,24-May-26,20:32:21,1,1,200,190,0,0,5,5,5,0,200,
2732,24-May-26,20:32:21,2,1,200,190,0,0,5,5,5,0,200,
2732,24-May-26,20:32:21,3,3,150,429,0,0,10.5,10.5,5,0,450,
2732,24-May-26,20:32:21,4,1,100,95,0,0,2.5,2.5,5,0,100,
2732,24-May-26,20:32:21,5,4,150,571,0,0,14.5,14.5,5,0,600,
2732,24-May-26,20:32:21,6,1,250,238,0,0,6,6,5,0,250,
2733,24-May-26,20:34:59,1,1,100,95,0,0,2.5,2.5,5,0,100,
2734,24-May-26,20:42:42,1,2,450,857,0,0,21.5,21.5,5,0,900,
2734,24-May-26,20:42:42,2,1,350,333,0,0,8.5,8.5,5,0,350,
3124,14-Jun-26,15:03:31,1,1,500,476,0,0,12,12,5,0,500,
3124,14-Jun-26,15:03:31,2,1,450,429,0,0,10.5,10.5,5,0,450,
3124,14-Jun-26,15:03:31,3,1,250,238,0,0,6,6,5,0,250,
3125,14-Jun-26,15:04:16,1,1,250,238,0,0,6,6,5,0,250,
3125,14-Jun-26,15:04:16,2,1,50,48,0,0,1,1,5,0,50,
3126,14-Jun-26,15:34:16,1,1,250,238,0,0,6,6,5,0,250,
3127,14-Jun-26,16:08:11,1,1,200,190,0,0,5,5,5,0,200,
3128,14-Jun-26,16:08:18,1,1,150,143,0,0,3.5,3.5,5,0,150,
3129,14-Jun-26,16:09:14,1,2,100,190,0,0,5,5,5,0,200,
3130,14-Jun-26,16:24:00,1,3,200,571,0,0,14.5,14.5,5,0,600,
3131,14-Jun-26,16:35:52,1,2,200,381,0,0,9.5,9.5,5,0,400,
3132,14-Jun-26,16:36:21,1,4,150,571,0,0,14.5,14.5,5,0,600,
3133,14-Jun-26,16:37:22,1,1,100,95,0,0,2.5,2.5,5,0,100,
3134,14-Jun-26,16:46:06,1,1,200,190,0,0,5,5,5,0,200,
3135,14-Jun-26,16:51:10,1,3,40,114,0,0,3,3,5,0,120,
3136,14-Jun-26,16:51:47,1,1,120,114,0,0,3,3,5,0,120,
3137,14-Jun-26,16:54:26,1,1,100,95,0,0,2.5,2.5,5,0,100,
3978,16-Jul-26,17:25:07,1,4,150,571,0,0,14.5,14.5,5,0,600,
3978,16-Jul-26,17:25:07,2,1,200,190,0,0,5,5,5,0,200,
3979,16-Jul-26,17:47:47,1,1,60,57,0,0,1.5,1.5,5,0,60,
3980,16-Jul-26,17:55:19,1,2,200,381,0,0,9.5,9.5,5,0,400,
3981,16-Jul-26,18:12:02,1,2,150,286,0,0,7,7,5,0,300,
3982,16-Jul-26,18:31:52,1,4,250,952,0,0,24,24,5,0,1000,
3982,16-Jul-26,18:31:52,2,2,400,762,0,0,19,19,5,0,800,
3983,16-Jul-26,18:48:39,1,1,250,238,0,0,6,6,5,0,250,
3983,16-Jul-26,18:48:39,2,3,150,429,0,0,10.5,10.5,5,0,450,
3983,16-Jul-26,18:48:39,3,1,100,95,0,0,2.5,2.5,5,0,100,
3983,16-Jul-26,18:48:39,4,2,650,1238,0,0,31,31,5,0,1300,
3983,16-Jul-26,18:48:39,5,1,500,476,0,0,12,12,5,0,500,
3984,16-Jul-26,19:12:00,1,4,120,457,0,0,11.5,11.5,5,0,480,
3984,16-Jul-26,19:12:00,2,1,250,238,0,0,6,6,5,0,250,
3985,16-Jul-26,20:01:40,1,1,150,143,0,0,3.5,3.5,5,0,150,CASH
3986,16-Jul-26,20:02:08,1,1,400,381,0,0,9.5,9.5,5,0,400,
3987,16-Jul-26,20:55:13,1,2,150,286,0,0,7,7,5,0,300,
4087,20-Jul-26,20:07:57,1,3,150,429,0,0,10.5,10.5,5,0,450,
4088,20-Jul-26,20:13:22,1,1,120,114,0,0,3,3,5,0,120,
4088,20-Jul-26,20:13:22,2,1,150,143,0,0,3.5,3.5,5,0,150,
4088,20-Jul-26,20:13:22,3,1,80,76,0,0,2,2,5,0,80,
4089,20-Jul-26,20:38:48,1,1,200,190,0,0,5,5,5,0,200,
4089,20-Jul-26,20:38:48,2,1,150,143,0,0,3.5,3.5,5,0,150,
4089,20-Jul-26,20:38:48,3,2,120,229,0,0,5.5,5.5,5,0,240,
4090,20-Jul-26,21:01:24,1,2,150,286,0,0,7,7,5,0,300,
4090,20-Jul-26,21:01:24,2,1,250,238,0,0,6,6,5,0,250,
4090,20-Jul-26,21:01:24,3,1,80,76,0,0,2,2,5,0,80,
4091,20-Jul-26,21:14:15,1,2,120,229,0,0,5.5,5.5,5,0,240,
4092,20-Jul-26,21:14:47,1,2,150,286,0,0,7,7,5,0,300,
4093,20-Jul-26,21:16:00,1,1,150,143,0,0,3.5,3.5,5,0,150,
4093,20-Jul-26,21:16:00,2,1,60,57,0,0,1.5,1.5,5,0,60,
4094,20-Jul-26,21:36:42,1,2,100,190,0,0,5,5,5,0,200,
4094,20-Jul-26,21:36:42,2,2,25,48,0,0,1,1,5,0,50,
4095,20-Jul-26,21:37:29,1,2,120,229,0,0,5.5,5.5,5,0,240,
4363,02-Aug-26,17:36:28,2,2,60,114,0,0,3,3,5,0,120,
4363,02-Aug-26,17:36:28,3,1,400,381,0,0,9.5,9.5,5,0,400,
4363,02-Aug-26,17:36:28,4,1,260,248,0,0,6,6,5,0,260,
4363,02-Aug-26,17:36:28,5,1,120,114,0,0,3,3,5,0,120,
4364,02-Aug-26,17:41:31,1,1,150,143,0,0,3.5,3.5,5,0,150,
4364,02-Aug-26,17:41:31,2,1,130,124,0,0,3,3,5,0,130,
4351,02-Aug-26,11:47:09,1,3,80,229,0,0,5.5,5.5,5,0,240,CASH
4351,02-Aug-26,11:47:09,2,3,100,286,0,0,7,7,5,0,300,CASH
4351,02-Aug-26,11:47:09,3,1,40,38,0,0,1,1,5,0,40,CASH
4365,02-Aug-26,17:47:59,1,2,200,381,0,0,9.5,9.5,5,0,400,
4366,02-Aug-26,17:50:28,1,1,150,143,0,0,3.5,3.5,5,0,150,
4367,02-Aug-26,18:24:18,1,1,150,143,0,0,3.5,3.5,5,0,150,CASH
4367,02-Aug-26,18:24:18,2,1,200,190,0,0,5,5,5,0,200,CASH
4368,02-Aug-26,19:08:01,1,3,100,286,0,0,7,7,5,0,300,
4369,02-Aug-26,19:08:45,1,2,125,238,0,0,6,6,5,0,250,
4370,02-Aug-26,19:09:21,1,8,40,305,0,0,7.5,7.5,5,0,320,
4370,02-Aug-26,19:09:21,2,1,60,57,0,0,1.5,1.5,5,0,60,
2041,21-Apr-26,22:13:34,1,1,80,76,0,0,2,2,5,0,80,
2041,21-Apr-26,22:13:34,2,1,100,95,0,0,2.5,2.5,5,0,100,
2041,21-Apr-26,22:13:34,3,1,500,476,0,0,12,12,5,0,500,
2042,22-Apr-26,12:19:21,1,2,400,762,0,0,19,19,5,0,800,CASH
2042,22-Apr-26,12:19:21,2,1,200,190,0,0,5,5,5,0,200,CASH
2043,22-Apr-26,12:27:53,1,1,250,238,0,0,6,6,5,0,250,
2044,22-Apr-26,13:03:13,1,1,300,286,0,0,7,7,5,0,300,
2044,22-Apr-26,13:03:13,2,1,250,238,0,0,6,6,5,0,250,
2045,22-Apr-26,14:37:25,1,1,500,476,0,0,12,12,5,0,500,
2046,22-Apr-26,15:43:55,1,1,250,238,0,0,6,6,5,0,250,
2046,22-Apr-26,15:43:55,2,1,250,238,0,0,6,6,5,0,250,
2047,22-Apr-26,17:14:23,1,1,250,238,0,0,6,6,5,0,250,
2048,22-Apr-26,17:17:26,1,3,40,114,0,0,3,3,5,0,120,
2049,22-Apr-26,17:22:26,1,1,500,476,0,0,12,12,5,0,500,
2049,22-Apr-26,17:22:26,2,1,300,286,0,0,7,7,5,0,300,
2050,22-Apr-26,18:09:52,1,1,200,190,0,0,5,5,5,0,200,
2050,22-Apr-26,18:09:52,2,1,60,57,0,0,1.5,1.5,5,0,60,
2442,10-May-26,16:00:09,1,1,250,238,0,0,6,6,5,0,250,
2442,10-May-26,16:00:09,2,1,250,238,0,0,6,6,5,0,250,
2442,10-May-26,16:00:09,3,1,250,238,0,0,6,6,5,0,250,
2442,10-May-26,16:00:09,4,1,100,95,0,0,2.5,2.5,5,0,100,
2442,10-May-26,16:00:09,5,1,100,95,0,0,2.5,2.5,5,0,100,
2443,10-May-26,16:00:30,1,1,100,95,0,0,2.5,2.5,5,0,100,
2444,10-May-26,16:53:39,1,1,120,114,0,0,3,3,5,0,120,
2444,10-May-26,16:53:39,2,1,120,114,0,0,3,3,5,0,120,
2444,10-May-26,16:53:39,3,1,500,476,0,0,12,12,5,0,500,
2445,10-May-26,17:20:53,1,2,60,114,0,0,3,3,5,0,120,
2445,10-May-26,17:20:53,2,1,70,67,0,0,1.5,1.5,5,0,70,
2446,10-May-26,18:05:11,1,1,250,238,0,0,6,6,5,0,250,
2447,10-May-26,18:05:19,1,1,60,57,0,0,1.5,1.5,5,0,60,
2448,10-May-26,18:28:48,1,1,250,238,0,0,6,6,5,0,250,
2448,10-May-26,18:28:48,2,1,500,476,0,0,12,12,5,0,500,
2448,10-May-26,18:28:48,3,1,500,476,0,0,12,12,5,0,500,
2448,10-May-26,18:28:48,4,1,450,429,0,0,10.5,10.5,5,0,450,
2734,24-May-26,20:42:42,3,1,250,238,0,0,6,6,5,0,250,
2735,24-May-26,20:53:09,1,4,150,571,0,0,14.5,14.5,5,0,600,
2736,24-May-26,21:31:09,1,6,150,857,0,0,21.5,21.5,5,0,900,
2737,24-May-26,21:43:13,1,2,100,190,0,0,5,5,5,0,200,
2737,24-May-26,21:43:13,2,1,50,48,0,0,1,1,5,0,50,
2738,24-May-26,21:43:38,1,1,150,143,0,0,3.5,3.5,5,0,150,
2739,24-May-26,21:48:05,1,1,300,286,0,0,7,7,5,0,300,
2739,24-May-26,21:48:05,2,1,100,95,0,0,2.5,2.5,5,0,100,
2740,24-May-26,21:58:22,1,1,150,143,0,0,3.5,3.5,5,0,150,
2741,25-May-26,11:56:34,1,2,90,171,0,0,4.5,4.5,5,0,180,
2741,25-May-26,11:56:34,2,1,100,95,0,0,2.5,2.5,5,0,100,
2741,25-May-26,11:56:34,3,1,120,114,0,0,3,3,5,0,120,
2741,25-May-26,11:56:34,4,1,100,95,0,0,2.5,2.5,5,0,100,
2742,25-May-26,12:37:41,1,1,500,476,0,0,12,12,5,0,500,CASH
2742,25-May-26,12:37:41,2,1,400,381,0,0,9.5,9.5,5,0,400,CASH
2742,25-May-26,12:37:41,3,1,250,238,0,0,6,6,5,0,250,CASH
2743,25-May-26,13:29:13,1,2,150,286,0,0,7,7,5,0,300,
3153,14-Jun-26,20:33:18,2,1,650,619,0,0,15.5,15.5,5,0,650,
3153,14-Jun-26,20:33:18,3,3,150,429,0,0,10.5,10.5,5,0,450,
3153,14-Jun-26,20:33:18,4,1,80,76,0,0,2,2,5,0,80,
3154,15-Jun-26,11:47:02,1,6,150,857,0,0,21.5,21.5,5,0,900,CASH
3155,15-Jun-26,12:01:27,1,3,250,714,0,0,18,18,5,0,750,CASH
3155,15-Jun-26,12:01:27,2,1,350,333,0,0,8.5,8.5,5,0,350,CASH
3156,15-Jun-26,14:56:01,1,2,500,952,0,0,24,24,5,0,1000,
3156,15-Jun-26,14:56:01,2,1,120,114,0,0,3,3,5,0,120,
3156,15-Jun-26,14:56:01,3,1,30,29,0,0,0.5,0.5,5,0,30,
3157,15-Jun-26,14:58:46,1,2,100,190,0,0,5,5,5,0,200,
3158,15-Jun-26,15:06:56,1,2,150,286,0,0,7,7,5,0,300,
3159,15-Jun-26,16:05:52,1,1,100,95,0,0,2.5,2.5,5,0,100,
3154,14-Jun-26,21:19:13,1,3,25,71,0,0,2,2,5,0,75,
3154,14-Jun-26,21:19:13,2,1,40,38,0,0,1,1,5,0,40,
3160,15-Jun-26,18:23:55,1,1,100,95,0,0,2.5,2.5,5,0,100,CASH
3161,15-Jun-26,18:24:03,1,1,200,190,0,0,5,5,5,0,200,
3162,15-Jun-26,18:54:27,1,1,150,143,0,0,3.5,3.5,5,0,150,
3995,16-Jul-26,21:28:37,1,1,80,76,0,0,2,2,5,0,80,
3996,17-Jul-26,11:37:14,1,2,250,476,0,0,12,12,5,0,500,CASH
3997,17-Jul-26,11:44:02,1,1,350,333,0,0,8.5,8.5,5,0,350,
3998,17-Jul-26,13:56:40,1,1,100,95,0,0,2.5,2.5,5,0,100,
3999,17-Jul-26,13:57:34,1,1,350,333,0,0,8.5,8.5,5,0,350,
3999,17-Jul-26,13:57:34,2,2,100,190,0,0,5,5,5,0,200,
3999,17-Jul-26,13:57:34,3,2,40,76,0,0,2,2,5,0,80,
4000,17-Jul-26,17:53:11,1,2,120,229,0,0,5.5,5.5,5,0,240,
4001,17-Jul-26,17:54:02,1,3,130,371,0,0,9.5,9.5,5,0,390,
4001,17-Jul-26,17:54:02,2,1,120,114,0,0,3,3,5,0,120,
4001,17-Jul-26,17:54:02,3,2,150,286,0,0,7,7,5,0,300,
4001,17-Jul-26,17:54:02,4,2,40,76,0,0,2,2,5,0,80,
4001,17-Jul-26,17:54:02,5,4,60,229,0,0,5.5,5.5,5,0,240,
4001,17-Jul-26,17:54:02,6,1,500,476,0,0,12,12,5,0,500,
4001,17-Jul-26,17:54:02,7,1,80,76,0,0,2,2,5,0,80,
4002,17-Jul-26,18:12:36,1,1,100,95,0,0,2.5,2.5,5,0,100,
4003,17-Jul-26,18:21:22,1,1,100,95,0,0,2.5,2.5,5,0,100,
2887,02-Jun-26,19:30:05,1,1,150,143,0,0,3.5,3.5,5,0,150,
2888,02-Jun-26,19:45:55,1,1,250,238,0,0,6,6,5,0,250,CASH
2889,02-Jun-26,20:12:27,1,2,150,286,0,0,7,7,5,0,300,CASH
2890,02-Jun-26,20:16:34,1,2,100,190,0,0,5,5,5,0,200,
2890,02-Jun-26,20:16:34,2,1,100,95,0,0,2.5,2.5,5,0,100,
2891,02-Jun-26,20:23:46,1,1,200,190,0,0,5,5,5,0,200,
2892,02-Jun-26,20:28:27,1,1,100,95,0,0,2.5,2.5,5,0,100,
2893,02-Jun-26,20:49:47,1,2,250,476,0,0,12,12,5,0,500,
2893,02-Jun-26,20:49:47,2,1,500,476,0,0,12,12,5,0,500,
2894,02-Jun-26,20:55:38,1,4,100,381,0,0,9.5,9.5,5,0,400,
2894,02-Jun-26,20:55:38,2,1,200,190,0,0,5,5,5,0,200,
2894,02-Jun-26,20:55:38,3,2,80,152,0,0,4,4,5,0,160,
2894,02-Jun-26,20:55:38,4,1,120,114,0,0,3,3,5,0,120,
2895,02-Jun-26,21:05:01,1,2,150,286,0,0,7,7,5,0,300,
2896,02-Jun-26,21:06:05,1,1,100,95,0,0,2.5,2.5,5,0,100,
2897,02-Jun-26,21:28:22,1,7,150,1000,0,0,25,25,5,0,1050,
2897,02-Jun-26,21:28:22,2,1,100,95,0,0,2.5,2.5,5,0,100,
3163,15-Jun-26,18:54:35,1,2,100,190,0,0,5,5,5,0,200,
3164,15-Jun-26,19:37:21,1,3,600,1714,0,0,43,43,5,0,1800,SWAMY SIR
3165,15-Jun-26,19:38:14,1,4,150,571,0,0,14.5,14.5,5,0,600,
3165,15-Jun-26,19:38:14,2,5,40,190,0,0,5,5,5,0,200,
3166,15-Jun-26,19:43:30,1,1,150,143,0,0,3.5,3.5,5,0,150,
3167,15-Jun-26,19:51:28,1,1,650,619,0,0,15.5,15.5,5,0,650,
3168,15-Jun-26,20:09:22,1,1,250,238,0,0,6,6,5,0,250,
3168,15-Jun-26,20:09:22,2,1,130,124,0,0,3,3,5,0,130,
3169,15-Jun-26,20:09:37,1,2,70,133,0,0,3.5,3.5,5,0,140,
3170,15-Jun-26,20:14:29,1,2,100,190,0,0,5,5,5,0,200,
3170,15-Jun-26,20:14:29,2,2,200,381,0,0,9.5,9.5,5,0,400,
3171,15-Jun-26,20:28:29,1,2,150,286,0,0,7,7,5,0,300,
3172,15-Jun-26,20:59:53,1,1,600,571,0,0,14.5,14.5,5,0,600,
3172,15-Jun-26,20:59:53,2,1,550,524,0,0,13,13,5,0,550,
3172,15-Jun-26,20:59:53,3,1,450,429,0,0,10.5,10.5,5,0,450,
3172,15-Jun-26,20:59:53,4,4,150,571,0,0,14.5,14.5,5,0,600,
3172,15-Jun-26,20:59:53,5,2,120,229,0,0,5.5,5.5,5,0,240,
4011,17-Jul-26,22:11:31,2,1,500,476,0,0,12,12,5,0,500,
4011,17-Jul-26,22:11:31,3,1,250,238,0,0,6,6,5,0,250,
4011,17-Jul-26,22:11:31,4,2,150,286,0,0,7,7,5,0,300,
4012,17-Jul-26,22:20:05,1,3,150,429,0,0,10.5,10.5,5,0,450,
4013,18-Jul-26,11:30:17,1,2,70,133,0,0,3.5,3.5,5,0,140,CASH
4014,18-Jul-26,11:32:12,1,1,500,476,0,0,12,12,5,0,500,
4015,18-Jul-26,12:12:27,1,2,60,114,0,0,3,3,5,0,120,
4016,18-Jul-26,13:26:24,1,1,500,476,0,0,12,12,5,0,500,
4016,18-Jul-26,13:26:24,2,1,350,333,0,0,8.5,8.5,5,0,350,
4016,18-Jul-26,13:26:24,3,3,150,429,0,0,10.5,10.5,5,0,450,
4016,18-Jul-26,13:26:24,4,1,300,286,0,0,7,7,5,0,300,
4017,18-Jul-26,16:17:55,1,2,250,476,0,0,12,12,5,0,500,
4018,18-Jul-26,16:20:51,1,1,100,95,0,0,2.5,2.5,5,0,100,
4019,18-Jul-26,17:00:37,1,1,250,238,0,0,6,6,5,0,250,CASH
4020,18-Jul-26,18:41:28,1,2,200,381,0,0,9.5,9.5,5,0,400,
4020,18-Jul-26,18:41:28,2,1,100,95,0,0,2.5,2.5,5,0,100,
4020,18-Jul-26,18:41:28,3,2,150,286,0,0,7,7,5,0,300,
2090,24-Apr-26,14:34:48,2,1,350,333,0,0,8.5,8.5,5,0,350,
2090,24-Apr-26,14:34:48,3,1,250,238,0,0,6,6,5,0,250,
2090,24-Apr-26,14:34:48,4,1,600,571,0,0,14.5,14.5,5,0,600,
2090,24-Apr-26,14:34:48,5,1,500,476,0,0,12,12,5,0,500,
2090,24-Apr-26,14:34:48,6,1,300,286,0,0,7,7,5,0,300,
2091,24-Apr-26,15:05:34,1,1,350,333,0,0,8.5,8.5,5,0,350,
2092,24-Apr-26,19:28:27,1,1,150,143,0,0,3.5,3.5,5,0,150,
2092,24-Apr-26,19:28:27,2,1,150,143,0,0,3.5,3.5,5,0,150,
2093,24-Apr-26,19:28:38,1,1,85,81,0,0,2,2,5,0,85,
2093,24-Apr-26,19:28:38,2,1,85,81,0,0,2,2,5,0,85,
2093,24-Apr-26,19:28:38,3,1,80,76,0,0,2,2,5,0,80,
2094,24-Apr-26,19:38:23,1,1,100,95,0,0,2.5,2.5,5,0,100,
2095,24-Apr-26,19:51:11,1,3,60,171,0,0,4.5,4.5,5,0,180,
2095,24-Apr-26,19:51:11,2,1,120,114,0,0,3,3,5,0,120,
2095,24-Apr-26,19:51:11,3,4,125,476,0,0,12,12,5,0,500,
2096,24-Apr-26,19:53:24,1,1,250,238,0,0,6,6,5,0,250,
2097,24-Apr-26,20:12:01,1,1,250,238,0,0,6,6,5,0,250,CASH
2097,24-Apr-26,20:12:01,2,1,70,67,0,0,1.5,1.5,5,0,70,CASH
2098,24-Apr-26,20:21:27,1,1,100,95,0,0,2.5,2.5,5,0,100,
2099,24-Apr-26,20:21:42,1,2,60,114,0,0,3,3,5,0,120,
2100,24-Apr-26,21:04:35,1,1,250,238,0,0,6,6,5,0,250,
2100,24-Apr-26,21:04:35,2,1,200,190,0,0,5,5,5,0,200,
2101,24-Apr-26,21:12:42,1,1,60,57,0,0,1.5,1.5,5,0,60,
2102,25-Apr-26,11:51:43,1,1,150,143,0,0,3.5,3.5,5,0,150,
2103,25-Apr-26,11:51:55,1,2,40,76,0,0,2,2,5,0,80,
2103,25-Apr-26,11:51:55,2,1,20,19,0,0,0.5,0.5,5,0,20,
2104,25-Apr-26,13:37:14,1,1,500,476,0,0,12,12,5,0,500,
2104,25-Apr-26,13:37:14,2,1,100,95,0,0,2.5,2.5,5,0,100,
2104,25-Apr-26,13:37:14,3,2,200,381,0,0,9.5,9.5,5,0,400,
2105,25-Apr-26,13:48:40,1,1,250,238,0,0,6,6,5,0,250,
2106,25-Apr-26,13:48:47,1,3,150,429,0,0,10.5,10.5,5,0,450,
2107,25-Apr-26,14:39:23,1,2,120,229,0,0,5.5,5.5,5,0,240,
2108,25-Apr-26,16:52:45,1,2,500,952,0,0,24,24,5,0,1000,
2108,25-Apr-26,16:52:45,2,1,300,286,0,0,7,7,5,0,300,
2449,10-May-26,18:30:33,1,1,60,57,0,0,1.5,1.5,5,0,60,
2449,10-May-26,18:30:33,2,1,100,95,0,0,2.5,2.5,5,0,100,
2449,10-May-26,18:30:33,3,1,40,38,0,0,1,1,5,0,40,
2449,10-May-26,18:30:33,4,1,70,67,0,0,1.5,1.5,5,0,70,
2449,10-May-26,18:30:33,5,1,60,57,0,0,1.5,1.5,5,0,60,
2450,10-May-26,18:48:28,1,1,250,238,0,0,6,6,5,0,250,
2450,10-May-26,18:48:28,2,2,60,114,0,0,3,3,5,0,120,
2451,10-May-26,18:50:42,1,2,100,190,0,0,5,5,5,0,200,
2452,10-May-26,19:07:22,1,1,250,238,0,0,6,6,5,0,250,
2453,10-May-26,19:10:09,1,3,60,171,0,0,4.5,4.5,5,0,180,
2454,10-May-26,19:29:28,1,1,100,95,0,0,2.5,2.5,5,0,100,
2455,10-May-26,19:31:16,1,2,350,667,0,0,16.5,16.5,5,0,700,
2456,10-May-26,19:48:04,1,1,130,124,0,0,3,3,5,0,130,
2456,10-May-26,19:48:04,2,1,130,124,0,0,3,3,5,0,130,
2456,10-May-26,19:48:04,3,1,250,238,0,0,6,6,5,0,250,
2456,10-May-26,19:48:04,4,1,25,24,0,0,0.5,0.5,5,0,25,
2456,10-May-26,19:48:04,5,1,25,24,0,0,0.5,0.5,5,0,25,
2774,26-May-26,19:47:13,2,1,130,124,0,0,3,3,5,0,130,
2775,26-May-26,19:50:26,1,1,300,286,0,0,7,7,5,0,300,
2775,26-May-26,19:50:26,2,1,100,95,0,0,2.5,2.5,5,0,100,
2775,26-May-26,19:50:26,3,1,50,48,0,0,1,1,5,0,50,
2776,26-May-26,19:50:57,1,3,100,286,0,0,7,7,5,0,300,
2776,26-May-26,19:50:57,2,6,150,857,0,0,21.5,21.5,5,0,900,
2776,26-May-26,19:50:57,3,1,100,95,0,0,2.5,2.5,5,0,100,
2777,26-May-26,20:05:47,1,2,100,190,0,0,5,5,5,0,200,
2778,26-May-26,21:14:11,1,1,450,429,0,0,10.5,10.5,5,0,450,
2779,26-May-26,21:33:06,1,5,200,952,0,0,24,24,5,0,1000,
2780,27-May-26,11:56:16,1,1,150,143,0,0,3.5,3.5,5,0,150,CASH
2781,27-May-26,11:56:33,1,1,120,114,0,0,3,3,5,0,120,
2781,27-May-26,11:56:33,2,1,20,19,0,0,0.5,0.5,5,0,20,
2781,27-May-26,11:56:33,3,1,20,19,0,0,0.5,0.5,5,0,20,
2781,27-May-26,11:56:33,4,1,20,19,0,0,0.5,0.5,5,0,20,
2782,27-May-26,12:58:15,1,1,250,238,0,0,6,6,5,0,250,
2782,27-May-26,12:58:15,2,1,50,48,0,0,1,1,5,0,50,
3190,17-Jun-26,12:27:34,3,2,350,667,0,0,16.5,16.5,5,0,700,
3190,17-Jun-26,12:27:34,4,1,450,429,0,0,10.5,10.5,5,0,450,
3190,17-Jun-26,12:27:34,5,1,250,238,0,0,6,6,5,0,250,
3191,17-Jun-26,13:26:36,1,1,100,95,0,0,2.5,2.5,5,0,100,
3191,17-Jun-26,13:26:36,2,1,350,333,0,0,8.5,8.5,5,0,350,
3192,17-Jun-26,13:31:34,1,2,150,286,0,0,7,7,5,0,300,
3192,17-Jun-26,13:31:34,2,1,200,190,0,0,5,5,5,0,200,
3193,17-Jun-26,16:20:32,1,1,500,476,0,0,12,12,5,0,500,
3194,17-Jun-26,16:34:01,1,1,150,143,0,0,3.5,3.5,5,0,150,
3195,17-Jun-26,17:29:01,1,1,150,143,0,0,3.5,3.5,5,0,150,
3196,17-Jun-26,18:25:38,1,1,250,238,0,0,6,6,5,0,250,
3197,17-Jun-26,18:40:36,1,1,150,143,0,0,3.5,3.5,5,0,150,
3198,17-Jun-26,18:40:45,1,1,150,143,0,0,3.5,3.5,5,0,150,
3199,17-Jun-26,18:53:58,1,1,300,286,0,0,7,7,5,0,300,CASH
3200,17-Jun-26,18:56:57,1,1,250,238,0,0,6,6,5,0,250,
3201,17-Jun-26,19:00:52,1,1,250,238,0,0,6,6,5,0,250,
3201,17-Jun-26,19:00:52,2,1,150,143,0,0,3.5,3.5,5,0,150,
4106,21-Jul-26,18:34:50,1,1,300,286,0,0,7,7,5,0,300,CASH
4107,21-Jul-26,18:59:14,1,1,100,95,0,0,2.5,2.5,5,0,100,
4108,21-Jul-26,19:00:24,1,1,150,143,0,0,3.5,3.5,5,0,150,
4109,21-Jul-26,19:18:03,1,1,250,238,0,0,6,6,5,0,250,
4109,21-Jul-26,19:18:03,2,1,60,57,0,0,1.5,1.5,5,0,60,
4109,21-Jul-26,19:18:03,3,1,150,143,0,0,3.5,3.5,5,0,150,
4109,21-Jul-26,19:18:03,4,1,20,19,0,0,0.5,0.5,5,0,20,
4110,21-Jul-26,19:22:06,1,1,100,95,0,0,2.5,2.5,5,0,100,
4111,21-Jul-26,20:11:07,1,1,150,143,0,0,3.5,3.5,5,0,150,
4111,21-Jul-26,20:11:07,2,1,150,143,0,0,3.5,3.5,5,0,150,
4111,21-Jul-26,20:11:07,3,1,350,333,0,0,8.5,8.5,5,0,350,
4111,21-Jul-26,20:11:07,4,1,250,238,0,0,6,6,5,0,250,
4112,21-Jul-26,20:19:42,1,1,250,238,0,0,6,6,5,0,250,
4113,21-Jul-26,20:19:50,1,1,150,143,0,0,3.5,3.5,5,0,150,
4113,21-Jul-26,20:19:50,2,1,200,190,0,0,5,5,5,0,200,
4114,21-Jul-26,20:19:59,1,1,200,190,0,0,5,5,5,0,200,
4115,21-Jul-26,20:38:46,1,3,60,171,0,0,4.5,4.5,5,0,180,
4396,03-Aug-26,14:46:43,1,1,120,114,0,0,3,3,5,0,120,
4396,03-Aug-26,14:46:43,2,2,60,114,0,0,3,3,5,0,120,
4397,03-Aug-26,16:36:26,1,1,100,95,0,0,2.5,2.5,5,0,100,
4398,03-Aug-26,18:54:12,1,2,20,38,0,0,1,1,5,0,40,
4398,03-Aug-26,18:54:12,2,2,70,133,0,0,3.5,3.5,5,0,140,
4398,03-Aug-26,18:54:12,3,1,120,114,0,0,3,3,5,0,120,
4399,03-Aug-26,19:08:27,1,1,200,190,0,0,5,5,5,0,200,
4400,03-Aug-26,21:07:13,1,1,200,190,0,0,5,5,5,0,200,
4401,03-Aug-26,21:12:00,1,1,120,114,0,0,3,3,5,0,120,
4402,03-Aug-26,21:24:45,1,2,150,286,0,0,7,7,5,0,300,
4403,03-Aug-26,22:24:08,1,1,150,143,0,0,3.5,3.5,5,0,150,
4404,04-Aug-26,14:25:51,1,1,150,143,0,0,3.5,3.5,5,0,150,
4405,04-Aug-26,14:25:58,1,1,250,238,0,0,6,6,5,0,250,
4406,04-Aug-26,15:35:53,1,3,650,1857,0,0,46.5,46.5,5,0,1950,CASH
4406,04-Aug-26,15:35:53,2,1,500,476,0,0,12,12,5,0,500,CASH
4406,04-Aug-26,15:35:53,3,3,150,429,0,0,10.5,10.5,5,0,450,CASH
4406,04-Aug-26,15:35:53,4,1,300,286,0,0,7,7,5,0,300,CASH
4407,04-Aug-26,15:41:09,1,7,60,400,0,0,10,10,5,0,420,
4407,04-Aug-26,15:41:09,2,4,150,571,0,0,14.5,14.5,5,0,600,
4407,04-Aug-26,15:41:09,3,1,100,95,0,0,2.5,2.5,5,0,100,
4408,04-Aug-26,16:42:35,1,1,150,143,0,0,3.5,3.5,5,0,150,
4408,04-Aug-26,16:42:35,2,1,120,114,0,0,3,3,5,0,120,
4408,04-Aug-26,16:42:35,3,1,500,476,0,0,12,12,5,0,500,
4409,04-Aug-26,16:47:06,1,1,650,619,0,0,15.5,15.5,5,0,650,
4409,04-Aug-26,16:47:06,2,1,200,190,0,0,5,5,5,0,200,
4410,04-Aug-26,16:57:53,1,1,500,476,0,0,12,12,5,0,500,
4410,04-Aug-26,16:57:53,2,2,150,286,0,0,7,7,5,0,300,
4410,04-Aug-26,16:57:53,3,2,200,381,0,0,9.5,9.5,5,0,400,
4410,04-Aug-26,16:57:53,4,1,100,95,0,0,2.5,2.5,5,0,100,
4411,04-Aug-26,20:04:18,1,1,150,143,0,0,3.5,3.5,5,0,150,
4412,04-Aug-26,20:22:17,1,3,200,571,0,0,14.5,14.5,5,0,600,
4412,04-Aug-26,20:22:17,2,1,250,238,0,0,6,6,5,0,250,
4412,04-Aug-26,20:22:17,3,1,150,143,0,0,3.5,3.5,5,0,150,
4412,04-Aug-26,20:22:17,4,1,400,381,0,0,9.5,9.5,5,0,400,
4413,04-Aug-26,21:01:01,1,1,150,143,0,0,3.5,3.5,5,0,150,
4414,05-Aug-26,12:45:38,1,1,130,124,0,0,3,3,5,0,130,
4414,05-Aug-26,12:45:38,2,1,130,124,0,0,3,3,5,0,130,
4414,05-Aug-26,12:45:38,3,6,30,171,0,0,4.5,4.5,5,0,180,
4415,05-Aug-26,13:10:35,1,2,100,190,0,0,5,5,5,0,200,
4416,05-Aug-26,13:33:12,1,2,70,133,0,0,3.5,3.5,5,0,140,
4417,05-Aug-26,17:42:49,1,2,120,229,0,0,5.5,5.5,5,0,240,
4418,05-Aug-26,17:43:22,1,1,150,143,0,0,3.5,3.5,5,0,150,
4418,05-Aug-26,17:43:22,2,1,200,190,0,0,5,5,5,0,200,
4419,05-Aug-26,19:04:53,1,5,250,1190,0,0,30,30,5,0,1250,
4419,05-Aug-26,19:04:53,2,1,650,619,0,0,15.5,15.5,5,0,650,
4419,05-Aug-26,19:04:53,3,1,120,114,0,0,3,3,5,0,120,
4419,05-Aug-26,19:04:53,4,1,500,476,0,0,12,12,5,0,500,
4419,05-Aug-26,19:04:53,5,1,400,381,0,0,9.5,9.5,5,0,400,
4420,05-Aug-26,19:07:59,1,5,120,571,0,0,14.5,14.5,5,0,600,
4420,05-Aug-26,19:07:59,2,1,500,476,0,0,12,12,5,0,500,
4420,05-Aug-26,19:07:59,3,1,120,114,0,0,3,3,5,0,120,
2130,26-Apr-26,15:39:25,3,1,100,95,0,0,2.5,2.5,5,0,100,
2131,26-Apr-26,15:42:16,1,1,100,95,0,0,2.5,2.5,5,0,100,
2132,26-Apr-26,15:58:57,1,1,150,143,0,0,3.5,3.5,5,0,150,
2133,26-Apr-26,16:11:47,1,2,150,286,0,0,7,7,5,0,300,CASH
2133,26-Apr-26,16:11:47,2,1,200,190,0,0,5,5,5,0,200,CASH
2133,26-Apr-26,16:11:47,3,4,200,762,0,0,19,19,5,0,800,CASH
2133,26-Apr-26,16:11:47,4,1,350,333,0,0,8.5,8.5,5,0,350,CASH
2133,26-Apr-26,16:11:47,5,1,450,429,0,0,10.5,10.5,5,0,450,CASH
2133,26-Apr-26,16:11:47,6,1,150,143,0,0,3.5,3.5,5,0,150,CASH
2133,26-Apr-26,16:11:47,7,2,150,286,0,0,7,7,5,0,300,CASH
2133,26-Apr-26,16:11:47,8,6,500,2857,0,0,71.5,71.5,5,0,3000,CASH
2133,26-Apr-26,16:11:47,9,2,120,229,0,0,5.5,5.5,5,0,240,CASH
2133,26-Apr-26,16:11:47,10,4,40,152,0,0,4,4,5,0,160,CASH
2133,26-Apr-26,16:11:47,11,8,250,1905,0,0,47.5,47.5,5,0,2000,CASH
2133,26-Apr-26,16:11:47,12,5,120,571,0,0,14.5,14.5,5,0,600,CASH
2133,26-Apr-26,16:11:47,13,2,250,476,0,0,12,12,5,0,500,CASH
2134,26-Apr-26,17:40:31,1,1,150,143,0,0,3.5,3.5,5,0,150,
2161,27-Apr-26,16:20:28,6,1,40,38,0,0,1,1,5,0,40,
2161,27-Apr-26,16:20:28,7,1,200,190,0,0,5,5,5,0,200,
2162,27-Apr-26,16:22:55,1,1,200,190,0,0,5,5,5,0,200,
2162,27-Apr-26,16:22:55,2,1,150,143,0,0,3.5,3.5,5,0,150,
2163,27-Apr-26,16:47:23,1,1,250,238,0,0,6,6,5,0,250,
2164,27-Apr-26,17:07:44,1,1,350,333,0,0,8.5,8.5,5,0,350,
2164,27-Apr-26,17:07:44,2,1,350,333,0,0,8.5,8.5,5,0,350,
2164,27-Apr-26,17:07:44,3,1,350,333,0,0,8.5,8.5,5,0,350,
2164,27-Apr-26,17:07:44,4,1,150,143,0,0,3.5,3.5,5,0,150,
2164,27-Apr-26,17:07:44,5,1,150,143,0,0,3.5,3.5,5,0,150,
2164,27-Apr-26,17:07:44,6,1,150,143,0,0,3.5,3.5,5,0,150,
2164,27-Apr-26,17:07:44,7,1,150,143,0,0,3.5,3.5,5,0,150,
2164,27-Apr-26,17:07:44,8,1,500,476,0,0,12,12,5,0,500,
2165,27-Apr-26,17:10:15,1,1,250,238,0,0,6,6,5,0,250,
2166,27-Apr-26,17:35:57,1,1,60,57,0,0,1.5,1.5,5,0,60,
2167,27-Apr-26,18:08:24,1,3,100,286,0,0,7,7,5,0,300,
2168,27-Apr-26,19:54:14,1,1,350,333,0,0,8.5,8.5,5,0,350,
2456,10-May-26,19:48:04,6,1,100,95,0,0,2.5,2.5,5,0,100,
2456,10-May-26,19:48:04,7,1,250,238,0,0,6,6,5,0,250,
2457,10-May-26,19:59:54,1,1,100,95,0,0,2.5,2.5,5,0,100,
2458,10-May-26,20:02:14,1,1,120,114,0,0,3,3,5,0,120,
2458,10-May-26,20:02:14,2,1,120,114,0,0,3,3,5,0,120,
2459,10-May-26,20:06:35,1,1,150,143,0,0,3.5,3.5,5,0,150,
2460,10-May-26,20:30:33,1,2,150,286,0,0,7,7,5,0,300,
2461,10-May-26,20:31:25,1,1,60,57,0,0,1.5,1.5,5,0,60,
2462,10-May-26,20:32:04,1,1,150,143,0,0,3.5,3.5,5,0,150,
2463,10-May-26,20:37:09,1,1,500,476,0,0,12,12,5,0,500,
2463,10-May-26,20:37:09,2,1,250,238,0,0,6,6,5,0,250,
2463,10-May-26,20:37:09,3,1,250,238,0,0,6,6,5,0,250,
2464,10-May-26,20:37:32,1,1,300,286,0,0,7,7,5,0,300,
2464,10-May-26,20:37:32,2,1,500,476,0,0,12,12,5,0,500,
2464,10-May-26,20:37:32,3,7,500,3333,0,0,83.5,83.5,5,0,3500,
2464,10-May-26,20:37:32,4,1,200,190,0,0,5,5,5,0,200,
2465,10-May-26,20:58:15,1,1,100,95,0,0,2.5,2.5,5,0,0,
2783,27-May-26,13:01:54,1,1,340,324,0,0,8,8,5,0,340,
2783,27-May-26,13:01:54,2,1,150,143,0,0,3.5,3.5,5,0,150,
2783,27-May-26,13:01:54,3,1,180,171,0,0,4.5,4.5,5,0,180,
2784,27-May-26,13:02:28,1,2,75,143,0,0,3.5,3.5,5,0,150,
2785,27-May-26,13:10:03,1,1,500,476,0,0,12,12,5,0,500,
2785,27-May-26,13:10:03,2,2,650,1238,0,0,31,31,5,0,1300,
2785,27-May-26,13:10:03,3,1,100,95,0,0,2.5,2.5,5,0,100,
2786,27-May-26,14:03:07,1,1,280,267,0,0,6.5,6.5,5,0,280,
2787,27-May-26,14:17:06,1,2,150,286,0,0,7,7,5,0,300,
2788,27-May-26,16:47:16,1,1,200,190,0,0,5,5,5,0,200,
2789,27-May-26,16:47:44,1,2,300,571,0,0,14.5,14.5,5,0,600,
2789,27-May-26,16:47:44,2,1,250,238,0,0,6,6,5,0,250,
2789,27-May-26,16:47:44,3,1,100,95,0,0,2.5,2.5,5,0,100,
2789,27-May-26,16:47:44,4,2,50,95,0,0,2.5,2.5,5,0,100,
2790,27-May-26,18:08:44,1,4,25,95,0,0,2.5,2.5,5,0,100,
2791,27-May-26,18:09:23,1,1,250,238,0,0,6,6,5,0,250,
2792,27-May-26,19:27:26,1,1,100,95,0,0,2.5,2.5,5,0,100,
3202,17-Jun-26,20:15:08,1,1,100,95,0,0,2.5,2.5,5,0,100,
3203,17-Jun-26,20:15:17,1,1,250,238,0,0,6,6,5,0,250,
3204,17-Jun-26,20:34:13,1,3,100,286,0,0,7,7,5,0,300,
3204,17-Jun-26,20:34:13,2,2,80,152,0,0,4,4,5,0,160,
3205,17-Jun-26,20:44:04,1,1,120,114,0,0,3,3,5,0,120,
3206,17-Jun-26,20:49:21,1,1,100,95,0,0,2.5,2.5,5,0,100,
3207,17-Jun-26,21:17:45,1,2,250,476,0,0,12,12,5,0,500,
3207,17-Jun-26,21:17:45,2,1,100,95,0,0,2.5,2.5,5,0,100,
3207,17-Jun-26,21:17:45,3,1,150,143,0,0,3.5,3.5,5,0,150,
3208,17-Jun-26,21:56:02,1,2,130,248,0,0,6,6,5,0,260,
3208,17-Jun-26,21:56:02,2,1,650,619,0,0,15.5,15.5,5,0,650,
3208,17-Jun-26,21:56:02,3,1,450,429,0,0,10.5,10.5,5,0,450,
3208,17-Jun-26,21:56:02,4,2,250,476,0,0,12,12,5,0,500,
3208,17-Jun-26,21:56:02,5,1,200,190,0,0,5,5,5,0,200,
3208,17-Jun-26,21:56:02,6,1,350,333,0,0,8.5,8.5,5,0,350,
3208,17-Jun-26,21:56:02,7,4,150,571,0,0,14.5,14.5,5,0,600,
3208,17-Jun-26,21:56:02,8,1,100,95,0,0,2.5,2.5,5,0,100,
4116,21-Jul-26,20:44:57,1,1,350,333,0,0,8.5,8.5,5,0,350,
4116,21-Jul-26,20:44:57,2,1,100,95,0,0,2.5,2.5,5,0,100,
4117,21-Jul-26,20:54:03,1,1,550,524,0,0,13,13,5,0,550,
4117,21-Jul-26,20:54:03,2,1,500,476,0,0,12,12,5,0,500,
4117,21-Jul-26,20:54:03,3,1,200,190,0,0,5,5,5,0,200,
4118,21-Jul-26,21:35:49,1,1,120,114,0,0,3,3,5,0,120,
4118,21-Jul-26,21:35:49,2,1,250,238,0,0,6,6,5,0,250,
4118,21-Jul-26,21:35:49,3,1,300,286,0,0,7,7,5,0,300,
4119,21-Jul-26,21:39:28,1,2,200,381,0,0,9.5,9.5,5,0,0,
4119,21-Jul-26,21:39:28,2,2,500,952,0,0,24,24,5,0,1000,
4119,21-Jul-26,21:39:28,3,2,250,476,0,0,12,12,5,0,500,
4119,21-Jul-26,21:39:28,4,3,100,286,0,0,7,7,5,0,300,
4119,21-Jul-26,21:39:28,5,1,500,476,0,0,12,12,5,0,500,
4120,21-Jul-26,21:56:25,1,1,550,524,0,0,13,13,5,0,550,
4120,21-Jul-26,21:56:25,2,1,650,619,0,0,15.5,15.5,5,0,650,
4121,22-Jul-26,12:42:33,1,1,300,286,0,0,7,7,5,0,300,CASH
4121,22-Jul-26,12:42:33,2,2,350,667,0,0,16.5,16.5,5,0,700,CASH
4420,05-Aug-26,19:07:59,4,2,150,286,0,0,7,7,5,0,300,
4420,05-Aug-26,19:07:59,5,1,200,190,0,0,5,5,5,0,200,
4421,05-Aug-26,19:40:34,1,1,100,95,0,0,2.5,2.5,5,0,100,
4421,05-Aug-26,19:40:34,2,1,250,238,0,0,6,6,5,0,250,
4422,05-Aug-26,20:25:06,1,2,150,286,0,0,7,7,5,0,300,
4422,05-Aug-26,20:25:06,2,1,200,190,0,0,5,5,5,0,200,
4423,05-Aug-26,20:52:59,1,1,200,190,0,0,5,5,5,0,200,
4424,05-Aug-26,20:54:57,1,1,300,286,0,0,7,7,5,0,300,
4424,05-Aug-26,20:54:57,2,1,120,114,0,0,3,3,5,0,120,
4424,05-Aug-26,20:54:57,3,1,150,143,0,0,3.5,3.5,5,0,150,
4425,05-Aug-26,20:58:33,1,1,250,238,0,0,6,6,5,0,250,
4426,05-Aug-26,21:37:59,1,1,400,381,0,0,9.5,9.5,5,0,400,
4426,05-Aug-26,21:37:59,2,1,150,143,0,0,3.5,3.5,5,0,150,
4427,05-Aug-26,21:43:37,1,1,100,95,0,0,2.5,2.5,5,0,100,
4428,05-Aug-26,22:16:57,1,3,200,571,0,0,14.5,14.5,5,0,600,
4428,05-Aug-26,22:16:57,2,1,350,333,0,0,8.5,8.5,5,0,350,
4428,05-Aug-26,22:16:57,3,1,650,619,0,0,15.5,15.5,5,0,650,
4429,05-Aug-26,22:46:45,1,2,400,762,0,0,19,19,5,0,800,
4429,05-Aug-26,22:46:45,2,1,100,95,0,0,2.5,2.5,5,0,100,
4429,05-Aug-26,22:46:45,3,1,350,333,0,0,8.5,8.5,5,0,350,
4429,05-Aug-26,22:46:45,4,1,50,48,0,0,1,1,5,0,50,
4430,06-Aug-26,11:16:51,1,1,150,143,0,0,3.5,3.5,5,0,150,CASH
4430,06-Aug-26,11:16:51,2,1,150,143,0,0,3.5,3.5,5,0,150,CASH
4430,06-Aug-26,11:16:51,3,1,100,95,0,0,2.5,2.5,5,0,100,CASH
4431,06-Aug-26,12:50:10,1,1,300,286,0,0,7,7,5,0,300,
4431,06-Aug-26,12:50:10,2,1,550,524,0,0,13,13,5,0,550,
4432,06-Aug-26,12:51:36,1,1,350,333,0,0,8.5,8.5,5,0,350,
4433,06-Aug-26,17:03:43,1,2,100,190,0,0,5,5,5,0,200,CASH
4434,06-Aug-26,17:05:00,1,2,100,190,0,0,5,5,5,0,200,
4434,06-Aug-26,17:05:00,2,1,350,333,0,0,8.5,8.5,5,0,350,
4435,06-Aug-26,17:30:47,1,2,100,190,0,0,5,5,5,0,200,
4436,06-Aug-26,17:42:19,1,3,150,429,0,0,10.5,10.5,5,0,450,
4436,06-Aug-26,17:42:19,2,1,250,238,0,0,6,6,5,0,250,
4437,06-Aug-26,17:43:18,1,1,250,238,0,0,6,6,5,0,250,
4437,06-Aug-26,17:43:18,2,1,200,190,0,0,5,5,5,0,200,
4438,06-Aug-26,18:12:04,1,1,400,381,0,0,9.5,9.5,5,0,400,
4439,06-Aug-26,20:15:10,1,1,60,57,0,0,1.5,1.5,5,0,60,
4440,06-Aug-26,20:21:36,1,1,300,286,0,0,7,7,5,0,300,CASH
4440,06-Aug-26,20:21:36,2,1,100,95,0,0,2.5,2.5,5,0,100,CASH
4440,06-Aug-26,20:21:36,3,1,120,114,0,0,3,3,5,0,120,CASH
4441,06-Aug-26,20:24:42,1,1,550,524,0,0,13,13,5,0,550,
4442,06-Aug-26,20:48:01,1,1,120,114,0,0,3,3,5,0,120,
4442,06-Aug-26,20:48:01,2,2,150,286,0,0,7,7,5,0,300,
4443,06-Aug-26,21:17:20,1,4,650,2476,0,0,62,62,5,0,2600,
4443,06-Aug-26,21:17:20,2,2,200,381,0,0,9.5,9.5,5,0,400,
4443,06-Aug-26,21:17:20,3,2,300,571,0,0,14.5,14.5,5,0,600,
4443,06-Aug-26,21:17:20,4,2,250,476,0,0,12,12,5,0,500,
4443,06-Aug-26,21:17:20,5,1,400,381,0,0,9.5,9.5,5,0,400,
4443,06-Aug-26,21:17:20,6,9,150,1286,0,0,32,32,5,0,1350,
4443,06-Aug-26,21:17:20,7,3,100,286,0,0,7,7,5,0,300,
4443,06-Aug-26,21:17:20,8,2,500,952,0,0,24,24,5,0,1000,
2191,28-Apr-26,17:22:47,6,1,150,143,0,0,3.5,3.5,5,0,150,
2192,28-Apr-26,17:53:02,1,4,100,381,0,0,9.5,9.5,5,0,400,
2192,28-Apr-26,17:53:02,2,3,40,114,0,0,3,3,5,0,120,
2192,28-Apr-26,17:53:02,3,1,250,238,0,0,6,6,5,0,250,
2193,28-Apr-26,18:03:57,1,3,500,1429,0,0,35.5,35.5,5,0,1500,
2194,28-Apr-26,19:03:22,1,1,350,333,0,0,8.5,8.5,5,0,350,CASH
2194,28-Apr-26,19:03:22,2,1,300,286,0,0,7,7,5,0,300,CASH
2195,28-Apr-26,19:03:40,1,1,300,286,0,0,7,7,5,0,300,
2196,28-Apr-26,19:08:51,1,1,300,286,0,0,7,7,5,0,300,
2196,28-Apr-26,19:08:51,2,1,250,238,0,0,6,6,5,0,250,
2196,28-Apr-26,19:08:51,3,1,200,190,0,0,5,5,5,0,200,
2196,28-Apr-26,19:08:51,4,1,90,86,0,0,2,2,5,0,90,
2196,28-Apr-26,19:08:51,5,1,20,19,0,0,0.5,0.5,5,0,20,
2196,28-Apr-26,19:08:51,6,1,20,19,0,0,0.5,0.5,5,0,20,
2196,28-Apr-26,19:08:51,7,1,20,19,0,0,0.5,0.5,5,0,20,
2196,28-Apr-26,19:08:51,8,1,150,143,0,0,3.5,3.5,5,0,150,
2196,28-Apr-26,19:08:51,9,1,150,143,0,0,3.5,3.5,5,0,150,
2465,10-May-26,20:58:15,2,3,100,286,0,0,7,7,5,0,300,
2465,10-May-26,20:58:15,3,3,80,229,0,0,5.5,5.5,5,0,240,
2465,10-May-26,20:58:15,4,1,160,152,0,0,4,4,5,0,160,
2466,10-May-26,21:15:01,1,1,20,19,0,0,0.5,0.5,5,0,20,
2467,10-May-26,21:56:00,1,5,150,714,0,0,18,18,5,0,750,
2468,10-May-26,22:03:19,1,2,500,952,0,0,24,24,5,0,1000,
2468,10-May-26,22:03:19,2,1,200,190,0,0,5,5,5,0,200,
2468,10-May-26,22:03:19,3,2,200,381,0,0,9.5,9.5,5,0,400,
2468,10-May-26,22:03:19,4,1,150,143,0,0,3.5,3.5,5,0,150,
2469,10-May-26,22:25:53,1,8,100,762,0,0,19,19,5,0,800,
2469,10-May-26,22:25:53,2,1,100,95,0,0,2.5,2.5,5,0,100,
2469,10-May-26,22:25:53,3,2,80,152,0,0,4,4,5,0,160,
2470,10-May-26,22:33:23,1,1,100,95,0,0,2.5,2.5,5,0,100,
2471,11-May-26,11:25:29,1,1,200,190,0,0,5,5,5,0,200,
2472,11-May-26,12:42:13,1,1,60,57,0,0,1.5,1.5,5,0,60,CASH
2473,11-May-26,14:18:40,1,5,90,429,0,0,10.5,10.5,5,0,450,
2474,11-May-26,17:30:04,1,1,150,143,0,0,3.5,3.5,5,0,150,
2210,28-Apr-26,21:49:37,5,1,120,114,0,0,3,3,5,0,120,
2211,28-Apr-26,22:11:09,1,1,150,143,0,0,3.5,3.5,5,0,150,
2212,29-Apr-26,11:29:49,1,1,120,114,0,0,3,3,5,0,120,
2212,29-Apr-26,11:29:49,2,1,250,238,0,0,6,6,5,0,250,
2212,29-Apr-26,11:29:49,3,4,300,1143,0,0,28.5,28.5,5,0,1200,
2212,29-Apr-26,11:29:49,4,3,500,1429,0,0,35.5,35.5,5,0,1500,
2212,29-Apr-26,11:29:49,5,1,100,95,0,0,2.5,2.5,5,0,100,
2212,29-Apr-26,11:29:49,6,1,30,29,0,0,0.5,0.5,5,0,30,
2213,29-Apr-26,13:30:11,1,2,300,571,0,0,14.5,14.5,5,0,600,
2214,29-Apr-26,15:07:59,1,1,300,286,0,0,7,7,5,0,300,
2214,29-Apr-26,15:07:59,2,1,350,333,0,0,8.5,8.5,5,0,350,
2214,29-Apr-26,15:07:59,3,1,150,143,0,0,3.5,3.5,5,0,150,
2215,29-Apr-26,15:15:13,1,5,100,476,0,0,12,12,5,0,500,
2215,29-Apr-26,15:15:13,2,3,20,57,0,0,1.5,1.5,5,0,60,
2215,29-Apr-26,15:15:13,3,3,30,86,0,0,2,2,5,0,90,
2216,29-Apr-26,15:24:27,1,1,300,286,0,0,7,7,5,0,300,
2217,29-Apr-26,15:32:49,1,2,150,286,0,0,7,7,5,0,300,
2897,02-Jun-26,21:28:22,3,1,200,190,0,0,5,5,5,0,200,
2897,02-Jun-26,21:28:22,4,1,50,48,0,0,1,1,5,0,50,
2898,02-Jun-26,21:57:23,1,1,100,95,0,0,2.5,2.5,5,0,100,
2899,02-Jun-26,22:02:57,1,1,400,381,0,0,9.5,9.5,5,0,400,
2900,03-Jun-26,13:08:51,1,2,100,190,0,0,5,5,5,0,200,
2901,03-Jun-26,15:32:45,1,2,150,286,0,0,7,7,5,0,300,
2902,03-Jun-26,15:58:29,1,1,150,143,0,0,3.5,3.5,5,0,150,
2903,03-Jun-26,16:10:20,1,1,120,114,0,0,3,3,5,0,120,
2903,03-Jun-26,16:10:20,2,1,60,57,0,0,1.5,1.5,5,0,60,
2904,03-Jun-26,16:51:54,1,1,60,57,0,0,1.5,1.5,5,0,60,
2905,03-Jun-26,16:53:42,1,2,150,286,0,0,7,7,5,0,300,
2905,03-Jun-26,16:53:42,2,1,100,95,0,0,2.5,2.5,5,0,100,
2905,03-Jun-26,16:53:42,3,1,50,48,0,0,1,1,5,0,50,
2906,03-Jun-26,18:06:51,1,1,150,143,0,0,3.5,3.5,5,0,150,CASH
2907,03-Jun-26,18:40:50,1,1,200,190,0,0,5,5,5,0,200,
2907,03-Jun-26,18:40:50,2,1,150,143,0,0,3.5,3.5,5,0,150,
2908,03-Jun-26,18:54:36,1,2,200,381,0,0,9.5,9.5,5,0,400,
2917,03-Jun-26,21:26:56,1,1,100,95,0,0,2.5,2.5,5,0,100,
2918,03-Jun-26,22:11:22,1,1,50,48,0,0,1,1,5,0,50,
2919,04-Jun-26,11:21:17,1,3,150,429,0,0,10.5,10.5,5,0,450,
2919,04-Jun-26,11:21:17,2,2,200,381,0,0,9.5,9.5,5,0,400,
2920,04-Jun-26,12:00:45,1,1,250,238,0,0,6,6,5,0,250,
2921,04-Jun-26,14:08:32,1,4,500,1905,0,0,47.5,47.5,5,0,2000,
2921,04-Jun-26,14:08:32,2,4,200,762,0,0,19,19,5,0,800,
2922,04-Jun-26,16:38:46,1,5,40,190,0,0,5,5,5,0,200,CASH
2922,04-Jun-26,16:38:46,2,1,250,238,0,0,6,6,5,0,250,CASH
2922,04-Jun-26,16:38:46,3,1,350,333,0,0,8.5,8.5,5,0,350,CASH
2923,04-Jun-26,16:40:21,1,1,100,95,0,0,2.5,2.5,5,0,100,
2924,04-Jun-26,18:51:42,1,1,100,95,0,0,2.5,2.5,5,0,100,
2924,04-Jun-26,18:51:42,2,1,100,95,0,0,2.5,2.5,5,0,100,
2924,04-Jun-26,18:51:42,3,1,100,95,0,0,2.5,2.5,5,0,100,
2924,04-Jun-26,18:51:42,4,1,150,143,0,0,3.5,3.5,5,0,150,
2924,04-Jun-26,18:51:42,5,1,70,67,0,0,1.5,1.5,5,0,70,
2924,04-Jun-26,18:51:42,6,1,70,67,0,0,1.5,1.5,5,0,70,
3208,17-Jun-26,21:56:02,9,1,250,238,0,0,6,6,5,0,250,
3208,17-Jun-26,21:56:02,10,1,40,38,0,0,1,1,5,0,40,
3209,18-Jun-26,11:10:56,1,1,550,524,0,0,13,13,5,0,550,CASH
3209,18-Jun-26,11:10:56,2,1,150,143,0,0,3.5,3.5,5,0,150,CASH
3210,18-Jun-26,12:05:09,1,2,100,190,0,0,5,5,5,0,200,
3211,18-Jun-26,12:16:08,1,1,150,143,0,0,3.5,3.5,5,0,150,
3212,18-Jun-26,17:26:34,1,1,400,381,0,0,9.5,9.5,5,0,400,
3212,18-Jun-26,17:26:34,2,1,200,190,0,0,5,5,5,0,200,
3212,18-Jun-26,17:26:34,3,1,250,238,0,0,6,6,5,0,250,
3212,18-Jun-26,17:26:34,4,1,100,95,0,0,2.5,2.5,5,0,100,
3213,18-Jun-26,17:51:54,1,1,120,114,0,0,3,3,5,0,120,
3213,18-Jun-26,17:51:54,2,1,150,143,0,0,3.5,3.5,5,0,150,
3214,18-Jun-26,18:17:03,1,1,150,143,0,0,3.5,3.5,5,0,150,
3215,18-Jun-26,18:17:26,1,1,100,95,0,0,2.5,2.5,5,0,100,
3215,18-Jun-26,18:17:26,2,1,150,143,0,0,3.5,3.5,5,0,150,
3215,18-Jun-26,18:17:26,3,1,300,286,0,0,7,7,5,0,300,
3216,18-Jun-26,18:24:46,1,1,100,95,0,0,2.5,2.5,5,0,100,
2979,07-Jun-26,17:13:21,1,1,650,619,0,0,15.5,15.5,5,0,650,CASH
2980,07-Jun-26,17:17:57,1,2,100,190,0,0,5,5,5,0,200,
2980,07-Jun-26,17:17:57,2,2,120,229,0,0,5.5,5.5,5,0,240,
2980,07-Jun-26,17:17:57,3,2,50,95,0,0,2.5,2.5,5,0,100,
2980,07-Jun-26,17:17:57,4,4,100,381,0,0,9.5,9.5,5,0,400,
2981,07-Jun-26,17:22:22,1,1,120,114,0,0,3,3,5,0,120,
2982,07-Jun-26,17:41:02,1,1,150,143,0,0,3.5,3.5,5,0,150,
2983,07-Jun-26,17:43:22,1,2,120,229,0,0,5.5,5.5,5,0,240,
2984,07-Jun-26,17:43:31,1,2,500,952,0,0,24,24,5,0,1000,
2984,07-Jun-26,17:43:31,2,2,200,381,0,0,9.5,9.5,5,0,400,
2984,07-Jun-26,17:43:31,3,1,100,95,0,0,2.5,2.5,5,0,100,
2984,07-Jun-26,17:43:31,4,2,80,152,0,0,4,4,5,0,160,
2984,07-Jun-26,17:43:31,5,1,40,38,0,0,1,1,5,0,40,
2985,07-Jun-26,17:51:01,1,1,100,95,0,0,2.5,2.5,5,0,100,
2986,07-Jun-26,18:22:58,1,1,650,619,0,0,15.5,15.5,5,0,650,
2986,07-Jun-26,18:22:58,2,1,500,476,0,0,12,12,5,0,500,
2986,07-Jun-26,18:22:58,3,1,400,381,0,0,9.5,9.5,5,0,400,
3217,18-Jun-26,18:49:16,1,1,60,57,0,0,1.5,1.5,5,0,60,CASH
3217,18-Jun-26,18:49:16,2,1,150,143,0,0,3.5,3.5,5,0,150,CASH
3218,18-Jun-26,19:08:32,1,3,150,429,0,0,10.5,10.5,5,0,450,
3218,18-Jun-26,19:08:32,2,1,120,114,0,0,3,3,5,0,120,
3218,18-Jun-26,19:08:32,3,1,100,95,0,0,2.5,2.5,5,0,100,
3218,18-Jun-26,19:08:32,4,1,30,29,0,0,0.5,0.5,5,0,30,
3219,18-Jun-26,19:50:40,1,2,500,952,0,0,24,24,5,0,1000,
3219,18-Jun-26,19:50:40,2,5,250,1190,0,0,30,30,5,0,1250,
3219,18-Jun-26,19:50:40,3,1,250,238,0,0,6,6,5,0,250,
3220,18-Jun-26,19:56:26,1,1,40,38,0,0,1,1,5,0,40,
3221,18-Jun-26,20:01:31,1,1,150,143,0,0,3.5,3.5,5,0,150,
3222,18-Jun-26,20:07:27,1,1,120,114,0,0,3,3,5,0,120,
3223,18-Jun-26,21:47:52,1,4,200,762,0,0,19,19,5,0,800,
3223,18-Jun-26,21:47:52,2,1,450,429,0,0,10.5,10.5,5,0,450,
3223,18-Jun-26,21:47:52,3,1,600,571,0,0,14.5,14.5,5,0,600,
3223,18-Jun-26,21:47:52,4,1,550,524,0,0,13,13,5,0,550,
3223,18-Jun-26,21:47:52,5,1,150,143,0,0,3.5,3.5,5,0,150,
4122,22-Jul-26,12:43:04,1,1,200,190,0,0,5,5,5,0,200,
4123,22-Jul-26,13:09:51,1,2,200,381,0,0,9.5,9.5,5,0,400,
4123,22-Jul-26,13:09:51,2,2,60,114,0,0,3,3,5,0,120,
4123,22-Jul-26,13:09:51,3,2,130,248,0,0,6,6,5,0,260,
4123,22-Jul-26,13:09:51,4,2,110,210,0,0,5,5,5,0,220,
4124,22-Jul-26,13:46:16,1,2,150,286,0,0,7,7,5,0,300,CASH
4124,22-Jul-26,13:46:16,2,1,200,190,0,0,5,5,5,0,200,CASH
4125,22-Jul-26,13:46:36,1,3,150,429,0,0,10.5,10.5,5,0,450,
4125,22-Jul-26,13:46:36,2,1,110,105,0,0,2.5,2.5,5,0,110,
4126,22-Jul-26,14:20:33,1,1,500,476,0,0,12,12,5,0,500,
4127,22-Jul-26,14:52:45,1,1,200,190,0,0,5,5,5,0,200,
4128,22-Jul-26,16:15:36,1,2,500,952,0,0,24,24,5,0,1000,
4128,22-Jul-26,16:15:36,2,2,550,1048,0,0,26,26,5,0,1100,
4128,22-Jul-26,16:15:36,3,1,150,143,0,0,3.5,3.5,5,0,150,
4129,22-Jul-26,16:23:32,1,2,150,286,0,0,7,7,5,0,300,
4129,22-Jul-26,16:23:32,2,4,100,381,0,0,9.5,9.5,5,0,400,
4129,22-Jul-26,16:23:32,3,1,200,190,0,0,5,5,5,0,200,
4443,06-Aug-26,21:17:20,9,1,200,190,0,0,5,5,5,0,200,
4443,06-Aug-26,21:17:20,10,1,50,48,0,0,1,1,5,0,50,
4444,06-Aug-26,22:00:06,1,1,120,114,0,0,3,3,5,0,120,
4445,06-Aug-26,22:11:57,1,1,200,190,0,0,5,5,5,0,200,
4446,07-Aug-26,11:16:30,1,1,150,143,0,0,3.5,3.5,5,0,150,CASH
4447,07-Aug-26,13:14:21,1,1,100,95,0,0,2.5,2.5,5,0,100,
4447,07-Aug-26,13:14:21,2,1,60,57,0,0,1.5,1.5,5,0,60,
4448,07-Aug-26,13:58:53,1,4,120,457,0,0,11.5,11.5,5,0,480,CASH
4449,07-Aug-26,14:23:36,1,1,150,143,0,0,3.5,3.5,5,0,150,
4450,07-Aug-26,16:51:37,1,1,100,95,0,0,2.5,2.5,5,0,100,
4451,07-Aug-26,16:51:45,1,5,150,714,0,0,18,18,5,0,750,
4451,07-Aug-26,16:51:45,2,1,200,190,0,0,5,5,5,0,200,
4452,07-Aug-26,18:11:19,1,1,500,476,0,0,12,12,5,0,500,
4453,07-Aug-26,18:13:13,1,2,500,952,0,0,24,24,5,0,1000,
4454,07-Aug-26,18:18:11,1,1,150,143,0,0,3.5,3.5,5,0,150,
4455,07-Aug-26,18:20:31,1,2,300,571,0,0,14.5,14.5,5,0,600,
4455,07-Aug-26,18:20:31,2,1,200,190,0,0,5,5,5,0,200,
2986,07-Jun-26,18:22:58,4,1,250,238,0,0,6,6,5,0,250,
2987,07-Jun-26,18:28:53,1,1,150,143,0,0,3.5,3.5,5,0,150,
2988,07-Jun-26,18:43:52,1,3,60,171,0,0,4.5,4.5,5,0,180,CASH
2988,07-Jun-26,18:43:52,2,1,100,95,0,0,2.5,2.5,5,0,100,CASH
2988,07-Jun-26,18:43:52,3,7,70,467,0,0,11.5,11.5,5,0,490,CASH
2989,07-Jun-26,18:46:48,1,1,650,619,0,0,15.5,15.5,5,0,650,
2990,07-Jun-26,18:52:56,1,2,150,286,0,0,7,7,5,0,300,
2990,07-Jun-26,18:52:56,2,1,250,238,0,0,6,6,5,0,250,
2991,07-Jun-26,18:54:18,1,2,60,114,0,0,3,3,5,0,120,
2992,07-Jun-26,19:01:50,1,1,400,381,0,0,9.5,9.5,5,0,400,
2993,07-Jun-26,19:03:39,1,1,600,571,0,0,14.5,14.5,5,0,600,
2993,07-Jun-26,19:03:39,2,1,100,95,0,0,2.5,2.5,5,0,100,
2994,07-Jun-26,19:12:59,1,2,500,952,0,0,24,24,5,0,1000,
2994,07-Jun-26,19:12:59,2,2,100,190,0,0,5,5,5,0,200,
2994,07-Jun-26,19:12:59,3,1,80,76,0,0,2,2,5,0,80,
2994,07-Jun-26,19:12:59,4,1,100,95,0,0,2.5,2.5,5,0,100,
2995,07-Jun-26,19:15:56,1,1,250,238,0,0,6,6,5,0,250,
3223,18-Jun-26,21:47:52,6,1,100,95,0,0,2.5,2.5,5,0,100,
3224,19-Jun-26,11:26:56,1,3,650,1857,0,0,46.5,46.5,5,0,1950,CASH
3224,19-Jun-26,11:26:56,2,2,350,667,0,0,16.5,16.5,5,0,700,CASH
3224,19-Jun-26,11:26:56,3,2,300,571,0,0,14.5,14.5,5,0,600,CASH
3225,19-Jun-26,12:24:03,1,6,250,1429,0,0,35.5,35.5,5,0,1500,
3225,19-Jun-26,12:24:03,2,4,150,571,0,0,14.5,14.5,5,0,600,
3225,19-Jun-26,12:24:03,3,3,200,571,0,0,14.5,14.5,5,0,600,
3225,19-Jun-26,12:24:03,4,1,250,238,0,0,6,6,5,0,250,
3226,19-Jun-26,12:26:58,1,3,60,171,0,0,4.5,4.5,5,0,180,
3227,19-Jun-26,12:37:57,1,3,60,171,0,0,4.5,4.5,5,0,180,
3228,19-Jun-26,12:41:07,1,1,200,190,0,0,5,5,5,0,200,CASH
3229,19-Jun-26,12:45:28,1,3,60,171,0,0,4.5,4.5,5,0,180,
3230,19-Jun-26,12:46:04,1,2,60,114,0,0,3,3,5,0,120,
3231,19-Jun-26,12:46:48,1,1,60,57,0,0,1.5,1.5,5,0,60,
3232,19-Jun-26,14:23:05,1,1,200,190,0,0,5,5,5,0,200,CASH
3233,19-Jun-26,14:23:16,1,1,300,286,0,0,7,7,5,0,300,
3233,19-Jun-26,14:23:16,2,1,150,143,0,0,3.5,3.5,5,0,150,
4130,22-Jul-26,16:34:34,1,1,120,114,0,0,3,3,5,0,120,
4131,22-Jul-26,17:03:42,1,1,400,381,0,0,9.5,9.5,5,0,400,
4131,22-Jul-26,17:03:42,2,2,250,476,0,0,12,12,5,0,500,
4131,22-Jul-26,17:03:42,3,2,150,286,0,0,7,7,5,0,300,
4131,22-Jul-26,17:03:42,4,1,60,57,0,0,1.5,1.5,5,0,60,
4132,22-Jul-26,19:24:29,1,1,300,286,0,0,7,7,5,0,300,
4132,22-Jul-26,19:24:29,2,1,150,143,0,0,3.5,3.5,5,0,150,
4133,22-Jul-26,19:32:12,1,1,350,333,0,0,8.5,8.5,5,0,350,CASH
4134,22-Jul-26,20:05:58,1,2,300,571,0,0,14.5,14.5,5,0,600,
4134,22-Jul-26,20:05:58,2,1,250,238,0,0,6,6,5,0,250,
4135,22-Jul-26,20:12:10,1,1,350,333,0,0,8.5,8.5,5,0,350,
4135,22-Jul-26,20:12:10,2,1,650,619,0,0,15.5,15.5,5,0,650,
4136,22-Jul-26,20:36:31,1,2,120,229,0,0,5.5,5.5,5,0,240,
4137,22-Jul-26,21:04:37,1,1,100,95,0,0,2.5,2.5,5,0,100,
4137,22-Jul-26,21:04:37,2,1,150,143,0,0,3.5,3.5,5,0,150,
4138,22-Jul-26,21:16:06,1,1,300,286,0,0,7,7,5,0,300,
4139,23-Jul-26,10:59:20,1,1,650,619,0,0,15.5,15.5,5,0,650,CASH
4467,07-Aug-26,20:35:08,2,3,150,429,0,0,10.5,10.5,5,0,450,
4467,07-Aug-26,20:35:08,3,1,100,95,0,0,2.5,2.5,5,0,100,
4468,07-Aug-26,20:38:18,1,1,200,190,0,0,5,5,5,0,200,
4468,07-Aug-26,20:38:18,2,1,500,476,0,0,12,12,5,0,500,
4468,07-Aug-26,20:38:18,3,1,120,114,0,0,3,3,5,0,120,
4469,07-Aug-26,20:43:48,1,1,200,190,0,0,5,5,5,0,200,
4469,07-Aug-26,20:43:48,2,2,200,381,0,0,9.5,9.5,5,0,400,
4469,07-Aug-26,20:43:48,3,8,40,305,0,0,7.5,7.5,5,0,320,
4469,07-Aug-26,20:43:48,4,2,50,95,0,0,2.5,2.5,5,0,100,
4470,07-Aug-26,20:50:28,1,2,200,381,0,0,9.5,9.5,5,0,400,
4471,07-Aug-26,21:04:08,1,2,130,248,0,0,6,6,5,0,260,
4472,07-Aug-26,21:08:51,1,1,400,381,0,0,9.5,9.5,5,0,400,
4472,07-Aug-26,21:08:51,2,1,300,286,0,0,7,7,5,0,300,
4473,07-Aug-26,21:56:13,1,2,30,57,0,0,1.5,1.5,5,0,60,
4473,07-Aug-26,21:56:13,2,1,40,38,0,0,1,1,5,0,40,
4473,07-Aug-26,21:56:13,3,1,150,143,0,0,3.5,3.5,5,0,150,
4474,07-Aug-26,21:56:37,1,2,250,476,0,0,12,12,5,0,500,
4474,07-Aug-26,21:56:37,2,1,60,57,0,0,1.5,1.5,5,0,60,
4474,07-Aug-26,21:56:37,3,3,100,286,0,0,7,7,5,0,300,
4474,07-Aug-26,21:56:37,4,4,150,571,0,0,14.5,14.5,5,0,600,
4475,08-Aug-26,11:28:04,1,1,200,190,0,0,5,5,5,0,200,CASH
4475,08-Aug-26,11:28:04,2,1,200,190,0,0,5,5,5,0,200,CASH
4475,08-Aug-26,11:28:04,3,1,250,238,0,0,6,6,5,0,250,CASH
4475,08-Aug-26,11:28:04,4,1,400,381,0,0,9.5,9.5,5,0,400,CASH
4475,08-Aug-26,11:28:04,5,1,100,95,0,0,2.5,2.5,5,0,100,CASH
4476,08-Aug-26,13:21:33,1,1,650,619,0,0,15.5,15.5,5,0,650,
4476,08-Aug-26,13:21:33,2,1,300,286,0,0,7,7,5,0,300,
4476,08-Aug-26,13:21:33,3,1,50,48,0,0,1,1,5,0,50,
4477,08-Aug-26,13:22:25,1,1,100,95,0,0,2.5,2.5,5,0,100,
4477,08-Aug-26,13:22:25,2,1,200,190,0,0,5,5,5,0,200,
4478,08-Aug-26,14:07:32,1,1,550,524,0,0,13,13,5,0,550,
4478,08-Aug-26,14:07:32,2,3,100,286,0,0,7,7,5,0,300,
4479,08-Aug-26,14:08:49,1,2,80,152,0,0,4,4,5,0,160,
4479,08-Aug-26,14:08:49,2,1,150,143,0,0,3.5,3.5,5,0,150,
4479,08-Aug-26,14:08:49,3,1,400,381,0,0,9.5,9.5,5,0,400,
4479,08-Aug-26,14:08:49,4,3,250,714,0,0,18,18,5,0,750,
4479,08-Aug-26,14:08:49,5,1,100,95,0,0,2.5,2.5,5,0,100,
4480,08-Aug-26,14:10:02,1,2,150,286,0,0,7,7,5,0,300,
4481,08-Aug-26,15:12:57,1,1,500,476,0,0,12,12,5,0,500,
4482,08-Aug-26,16:29:42,1,1,550,524,0,0,13,13,5,0,550,
4483,08-Aug-26,16:30:15,1,1,150,143,0,0,3.5,3.5,5,0,150,CASH
4484,08-Aug-26,16:30:24,1,2,100,190,0,0,5,5,5,0,200,
4485,08-Aug-26,16:47:53,1,3,200,571,0,0,14.5,14.5,5,0,600,CASH
4485,08-Aug-26,16:47:53,2,1,450,429,0,0,10.5,10.5,5,0,450,CASH
4486,08-Aug-26,16:48:05,1,3,150,429,0,0,10.5,10.5,5,0,450,
4486,08-Aug-26,16:48:05,2,1,100,95,0,0,2.5,2.5,5,0,100,
4487,08-Aug-26,17:28:56,1,1,150,143,0,0,3.5,3.5,5,0,150,
4487,08-Aug-26,17:28:56,2,1,650,619,0,0,15.5,15.5,5,0,650,
4488,08-Aug-26,18:58:51,1,1,100,95,0,0,2.5,2.5,5,0,100,
4489,08-Aug-26,19:04:22,1,2,60,114,0,0,3,3,5,0,120,
4490,08-Aug-26,19:05:33,1,1,500,476,0,0,12,12,5,0,500,
4501,08-Aug-26,21:44:36,2,4,100,381,0,0,9.5,9.5,5,0,400,
4502,08-Aug-26,22:37:35,1,1,250,238,0,0,6,6,5,0,250,
4503,09-Aug-26,11:07:49,1,1,200,190,0,0,5,5,5,0,200,CASH
4504,09-Aug-26,13:28:14,1,1,150,143,0,0,3.5,3.5,5,0,150,
4504,09-Aug-26,13:28:14,2,1,100,95,0,0,2.5,2.5,5,0,100,
4504,09-Aug-26,13:28:14,3,1,400,381,0,0,9.5,9.5,5,0,400,
4504,09-Aug-26,13:28:14,4,2,750,1429,0,0,35.5,35.5,5,0,1500,
4505,09-Aug-26,14:23:33,1,1,100,95,0,0,2.5,2.5,5,0,100,
4505,09-Aug-26,14:23:33,2,1,750,714,0,0,18,18,5,0,750,
4505,09-Aug-26,14:23:33,3,4,150,571,0,0,14.5,14.5,5,0,600,
4505,09-Aug-26,14:23:33,4,1,300,286,0,0,7,7,5,0,300,
4505,09-Aug-26,14:23:33,5,2,400,762,0,0,19,19,5,0,800,
4505,09-Aug-26,14:23:33,6,1,200,190,0,0,5,5,5,0,200,
4506,09-Aug-26,14:54:55,1,1,150,143,0,0,3.5,3.5,5,0,150,
4507,09-Aug-26,15:46:07,1,1,250,238,0,0,6,6,5,0,250,
4508,09-Aug-26,16:13:54,1,3,150,429,0,0,10.5,10.5,5,0,450,
4509,09-Aug-26,16:32:13,1,1,250,238,0,0,6,6,5,0,250,
4521,09-Aug-26,18:32:59,2,2,80,152,0,0,4,4,5,0,160,
4521,09-Aug-26,18:32:59,3,6,25,143,0,0,3.5,3.5,5,0,150,
4521,09-Aug-26,18:32:59,4,5,60,286,0,0,7,7,5,0,300,
4521,09-Aug-26,18:32:59,5,1,100,95,0,0,2.5,2.5,5,0,100,
4521,09-Aug-26,18:32:59,6,1,40,38,0,0,1,1,5,0,40,
4522,09-Aug-26,18:42:09,1,5,60,286,0,0,7,7,5,0,300,
4523,09-Aug-26,18:46:08,1,1,40,38,0,0,1,1,5,0,40,
4524,09-Aug-26,18:54:46,1,3,60,171,0,0,4.5,4.5,5,0,180,
4525,09-Aug-26,18:55:15,1,1,200,190,0,0,5,5,5,0,200,
4526,09-Aug-26,18:56:20,1,2,20,38,0,0,1,1,5,0,40,
4527,09-Aug-26,19:05:56,1,2,120,229,0,0,5.5,5.5,5,0,240,
4528,09-Aug-26,19:07:14,1,1,100,95,0,0,2.5,2.5,5,0,100,
4529,09-Aug-26,19:09:41,1,2,100,190,0,0,5,5,5,0,200,
4529,09-Aug-26,19:09:41,2,1,350,333,0,0,8.5,8.5,5,0,350,
4529,09-Aug-26,19:09:41,3,1,100,95,0,0,2.5,2.5,5,0,100,
4530,09-Aug-26,19:16:58,1,2,100,190,0,0,5,5,5,0,200,
4530,09-Aug-26,19:16:58,2,3,150,429,0,0,10.5,10.5,5,0,450,
3005,07-Jun-26,21:50:48,3,1,150,143,0,0,3.5,3.5,5,0,150,
3005,07-Jun-26,21:50:48,4,2,400,762,0,0,19,19,5,0,800,
3006,07-Jun-26,22:24:18,1,1,250,238,0,0,6,6,5,0,250,
3007,08-Jun-26,11:55:30,1,2,40,76,0,0,2,2,5,0,80,CASH
3008,08-Jun-26,12:01:06,1,2,200,381,0,0,9.5,9.5,5,0,400,
3008,08-Jun-26,12:01:06,2,1,250,238,0,0,6,6,5,0,250,
3008,08-Jun-26,12:01:06,3,2,300,571,0,0,14.5,14.5,5,0,600,
3008,08-Jun-26,12:01:06,4,1,350,333,0,0,8.5,8.5,5,0,350,
3009,08-Jun-26,15:55:46,1,1,100,95,0,0,2.5,2.5,5,0,100,CASH
3010,08-Jun-26,16:27:47,1,1,150,143,0,0,3.5,3.5,5,0,150,
3011,08-Jun-26,16:28:12,1,5,70,333,0,0,8.5,8.5,5,0,350,
3011,08-Jun-26,16:28:12,2,1,650,619,0,0,15.5,15.5,5,0,650,
3012,08-Jun-26,16:31:48,1,3,120,343,0,0,8.5,8.5,5,0,360,CASH
3012,08-Jun-26,16:31:48,2,1,200,190,0,0,5,5,5,0,200,CASH
3012,08-Jun-26,16:31:48,3,1,150,143,0,0,3.5,3.5,5,0,150,CASH
3013,08-Jun-26,16:38:55,1,3,60,171,0,0,4.5,4.5,5,0,180,
3013,08-Jun-26,16:38:55,2,1,100,95,0,0,2.5,2.5,5,0,100,
3234,19-Jun-26,14:44:19,1,1,700,667,0,0,16.5,16.5,5,0,700,
3234,19-Jun-26,14:44:19,2,1,650,619,0,0,15.5,15.5,5,0,650,
3234,19-Jun-26,14:44:19,3,1,250,238,0,0,6,6,5,0,250,
3234,19-Jun-26,14:44:19,4,2,150,286,0,0,7,7,5,0,300,
3234,19-Jun-26,14:44:19,5,2,500,952,0,0,24,24,5,0,1000,
3234,19-Jun-26,14:44:19,6,2,120,229,0,0,5.5,5.5,5,0,240,
3234,19-Jun-26,14:44:19,7,1,120,114,0,0,3,3,5,0,120,
3234,19-Jun-26,14:44:19,8,1,40,38,0,0,1,1,5,0,40,
3235,19-Jun-26,15:48:01,1,1,600,571,0,0,14.5,14.5,5,0,600,
3235,19-Jun-26,15:48:01,2,1,600,571,0,0,14.5,14.5,5,0,600,
3235,19-Jun-26,15:48:01,3,1,70,67,0,0,1.5,1.5,5,0,70,
3235,19-Jun-26,15:48:01,4,1,70,67,0,0,1.5,1.5,5,0,70,
3235,19-Jun-26,15:48:01,5,1,30,29,0,0,0.5,0.5,5,0,30,
3235,19-Jun-26,15:48:01,6,1,30,29,0,0,0.5,0.5,5,0,30,
3235,19-Jun-26,15:48:01,7,1,150,143,0,0,3.5,3.5,5,0,150,
3235,19-Jun-26,15:48:01,8,1,150,143,0,0,3.5,3.5,5,0,150,
3235,19-Jun-26,15:48:01,9,1,120,114,0,0,3,3,5,0,120,
4140,23-Jul-26,12:17:11,1,1,400,381,0,0,9.5,9.5,5,0,400,
4141,23-Jul-26,14:07:12,1,3,150,429,0,0,10.5,10.5,5,0,450,
4141,23-Jul-26,14:07:12,2,1,100,95,0,0,2.5,2.5,5,0,100,
4141,23-Jul-26,14:07:12,3,1,650,619,0,0,15.5,15.5,5,0,650,
4142,23-Jul-26,14:26:40,1,1,50,48,0,0,1,1,5,0,50,
4143,23-Jul-26,14:26:53,1,1,100,95,0,0,2.5,2.5,5,0,100,
4144,23-Jul-26,15:05:34,1,1,450,429,0,0,10.5,10.5,5,0,450,
4144,23-Jul-26,15:05:34,2,1,150,143,0,0,3.5,3.5,5,0,150,
4145,23-Jul-26,15:07:12,1,1,150,143,0,0,3.5,3.5,5,0,150,
4146,23-Jul-26,16:07:21,1,1,550,524,0,0,13,13,5,0,550,
4147,23-Jul-26,16:22:06,1,2,250,476,0,0,12,12,5,0,500,
4148,23-Jul-26,17:21:56,1,4,350,1333,0,0,33.5,33.5,5,0,1400,
4149,23-Jul-26,18:39:24,1,1,150,143,0,0,3.5,3.5,5,0,150,CASH
4150,23-Jul-26,19:38:25,1,4,150,571,0,0,14.5,14.5,5,0,600,
4150,23-Jul-26,19:38:25,2,1,100,95,0,0,2.5,2.5,5,0,100,
4151,23-Jul-26,20:13:17,1,2,130,248,0,0,6,6,5,0,260,
4151,23-Jul-26,20:13:17,2,3,30,86,0,0,2,2,5,0,90,
4549,10-Aug-26,13:06:35,1,2,100,190,0,0,5,5,5,0,200,
4549,10-Aug-26,13:06:35,2,1,250,238,0,0,6,6,5,0,250,
4550,10-Aug-26,14:13:47,1,1,250,238,0,0,6,6,5,0,250,
4551,10-Aug-26,14:22:15,1,1,360,343,0,0,8.5,8.5,5,0,360,
4551,10-Aug-26,14:22:15,2,2,150,286,0,0,7,7,5,0,300,
4552,10-Aug-26,15:22:28,1,1,350,333,0,0,8.5,8.5,5,0,350,
4553,10-Aug-26,16:46:15,1,1,200,190,0,0,5,5,5,0,200,
4554,10-Aug-26,17:39:44,1,4,120,457,0,0,11.5,11.5,5,0,480,
4555,10-Aug-26,17:44:00,1,2,80,152,0,0,4,4,5,0,160,
4555,10-Aug-26,17:44:00,2,1,250,238,0,0,6,6,5,0,250,
4555,10-Aug-26,17:44:00,3,1,60,57,0,0,1.5,1.5,5,0,60,
4556,10-Aug-26,18:14:30,1,1,150,143,0,0,3.5,3.5,5,0,150,CASH
4557,10-Aug-26,18:15:06,1,7,150,1000,0,0,25,25,5,0,1050,
4558,10-Aug-26,18:26:57,1,1,250,238,0,0,6,6,5,0,250,
4559,10-Aug-26,19:19:31,1,1,700,667,0,0,16.5,16.5,5,0,700,CASH
4560,10-Aug-26,19:34:34,1,1,650,619,0,0,15.5,15.5,5,0,650,
4560,10-Aug-26,19:34:34,2,1,100,95,0,0,2.5,2.5,5,0,100,
4561,10-Aug-26,20:29:16,1,1,250,238,0,0,6,6,5,0,250,
4562,10-Aug-26,20:29:37,1,2,650,1238,0,0,31,31,5,0,1300,
4562,10-Aug-26,20:29:37,2,1,500,476,0,0,12,12,5,0,500,
4562,10-Aug-26,20:29:37,3,1,200,190,0,0,5,5,5,0,200,
4563,10-Aug-26,21:59:39,1,3,150,429,0,0,10.5,10.5,5,0,450,
4563,10-Aug-26,21:59:39,2,3,150,429,0,0,10.5,10.5,5,0,450,
4563,10-Aug-26,21:59:39,3,1,50,48,0,0,1,1,5,0,50,
4564,10-Aug-26,22:06:23,1,1,650,619,0,0,15.5,15.5,5,0,650,
4565,10-Aug-26,22:29:23,1,2,600,1143,0,0,28.5,28.5,5,0,1200,
4566,10-Aug-26,22:30:17,1,1,350,333,0,0,8.5,8.5,5,0,350,
4567,11-Aug-26,11:19:38,1,2,60,114,0,0,3,3,5,0,120,CASH
4568,11-Aug-26,12:06:23,1,3,200,571,0,0,14.5,14.5,5,0,600,
4568,11-Aug-26,12:06:23,2,2,60,114,0,0,3,3,5,0,120,
4568,11-Aug-26,12:06:23,3,2,350,667,0,0,16.5,16.5,5,0,700,
4569,11-Aug-26,15:05:50,1,1,500,476,0,0,12,12,5,0,500,
4569,11-Aug-26,15:05:50,2,1,200,190,0,0,5,5,5,0,200,
4569,11-Aug-26,15:05:50,3,1,200,190,0,0,5,5,5,0,200,
4570,11-Aug-26,15:06:36,1,1,350,333,0,0,8.5,8.5,5,0,350,
4571,11-Aug-26,16:46:51,1,1,130,124,0,0,3,3,5,0,130,CASH
4571,11-Aug-26,16:46:51,2,3,40,114,0,0,3,3,5,0,120,CASH
4572,11-Aug-26,18:22:34,1,2,150,286,0,0,7,7,5,0,300,
4572,11-Aug-26,18:22:34,2,1,250,238,0,0,6,6,5,0,250,
4572,11-Aug-26,18:22:34,3,1,120,114,0,0,3,3,5,0,120,
4572,11-Aug-26,18:22:34,4,2,100,190,0,0,5,5,5,0,200,
4572,11-Aug-26,18:22:34,5,1,200,190,0,0,5,5,5,0,200,
4573,11-Aug-26,18:25:04,1,1,100,95,0,0,2.5,2.5,5,0,100,
4574,11-Aug-26,18:30:11,1,1,150,143,0,0,3.5,3.5,5,0,150,
4575,11-Aug-26,18:38:02,1,4,150,571,0,0,14.5,14.5,5,0,600,
4575,11-Aug-26,18:38:02,2,1,150,143,0,0,3.5,3.5,5,0,150,
4576,11-Aug-26,18:55:02,1,1,300,286,0,0,7,7,5,0,300,
4576,11-Aug-26,18:55:02,2,1,550,524,0,0,13,13,5,0,550,
4577,11-Aug-26,19:52:44,1,2,80,152,0,0,4,4,5,0,160,
4578,11-Aug-26,21:32:04,1,1,70,67,0,0,1.5,1.5,5,0,70,
4579,12-Aug-26,11:26:40,1,1,150,143,0,0,3.5,3.5,5,0,150,CASH
4580,12-Aug-26,12:18:22,1,1,150,143,0,0,3.5,3.5,5,0,150,
4581,12-Aug-26,12:22:34,1,1,150,143,0,0,3.5,3.5,5,0,150,
4582,12-Aug-26,13:28:48,1,1,200,190,0,0,5,5,5,0,200,
4583,12-Aug-26,14:24:36,1,1,150,143,0,0,3.5,3.5,5,0,150,
4584,12-Aug-26,14:44:04,1,1,100,95,0,0,2.5,2.5,5,0,100,
4584,12-Aug-26,14:44:04,2,2,50,95,0,0,2.5,2.5,5,0,100,
4584,12-Aug-26,14:44:04,3,3,30,86,0,0,2,2,5,0,90,
4585,12-Aug-26,15:22:45,1,1,60,57,0,0,1.5,1.5,5,0,60,
4586,12-Aug-26,15:24:40,1,2,60,114,0,0,3,3,5,0,120,
4587,12-Aug-26,17:55:37,1,1,350,333,0,0,8.5,8.5,5,0,350,
4588,12-Aug-26,18:05:12,1,1,400,381,0,0,9.5,9.5,5,0,400,
4588,12-Aug-26,18:05:12,2,1,300,286,0,0,7,7,5,0,300,
4588,12-Aug-26,18:05:12,3,1,150,143,0,0,3.5,3.5,5,0,150,
4588,12-Aug-26,18:05:12,4,2,50,95,0,0,2.5,2.5,5,0,100,
4589,12-Aug-26,18:10:51,1,1,360,343,0,0,8.5,8.5,5,0,360,
4589,12-Aug-26,18:10:51,2,1,200,190,0,0,5,5,5,0,200,
4589,12-Aug-26,18:10:51,3,1,200,190,0,0,5,5,5,0,200,
4590,12-Aug-26,18:29:54,1,2,150,286,0,0,7,7,5,0,300,
4591,12-Aug-26,18:34:41,1,1,150,143,0,0,3.5,3.5,5,0,150,
4591,12-Aug-26,18:34:41,2,1,60,57,0,0,1.5,1.5,5,0,60,
4592,12-Aug-26,19:22:10,1,2,100,190,0,0,5,5,5,0,200,CASH
4592,12-Aug-26,19:22:10,2,1,200,190,0,0,5,5,5,0,200,CASH
4593,12-Aug-26,19:37:53,1,1,150,143,0,0,3.5,3.5,5,0,150,
4594,12-Aug-26,20:14:35,1,1,150,143,0,0,3.5,3.5,5,0,150,
4595,12-Aug-26,20:29:50,1,3,150,429,0,0,10.5,10.5,5,0,450,
4595,12-Aug-26,20:29:50,2,5,40,190,0,0,5,5,5,0,200,
4596,12-Aug-26,20:36:08,1,2,100,190,0,0,5,5,5,0,200,
4597,12-Aug-26,20:36:59,1,3,500,1429,0,0,35.5,35.5,5,0,1500,
4597,12-Aug-26,20:36:59,2,1,300,286,0,0,7,7,5,0,300,
4597,12-Aug-26,20:36:59,3,4,750,2857,0,0,71.5,71.5,5,0,3000,
4597,12-Aug-26,20:36:59,4,1,500,476,0,0,12,12,5,0,500,
4598,12-Aug-26,20:45:21,1,2,250,476,0,0,12,12,5,0,500,
4599,12-Aug-26,20:48:16,1,2,150,286,0,0,7,7,5,0,300,
4599,12-Aug-26,20:48:16,2,6,200,1143,0,0,28.5,28.5,5,0,1200,
3438,27-Jun-26,19:39:18,3,2,60,114,0,0,3,3,5,0,120,
3438,27-Jun-26,19:39:18,4,1,40,38,0,0,1,1,5,0,40,
3439,27-Jun-26,20:34:54,1,1,200,190,0,0,5,5,5,0,200,
3439,27-Jun-26,20:34:54,2,1,150,143,0,0,3.5,3.5,5,0,150,
3440,27-Jun-26,20:36:09,1,1,500,476,0,0,12,12,5,0,500,
3440,27-Jun-26,20:36:09,2,1,250,238,0,0,6,6,5,0,250,
3440,27-Jun-26,20:36:09,3,1,150,143,0,0,3.5,3.5,5,0,150,
3441,27-Jun-26,21:02:15,1,2,100,190,0,0,5,5,5,0,200,
3441,27-Jun-26,21:02:15,2,1,150,143,0,0,3.5,3.5,5,0,150,
3442,27-Jun-26,21:31:03,1,4,250,952,0,0,24,24,5,0,1000,
3442,27-Jun-26,21:31:03,2,2,300,571,0,0,14.5,14.5,5,0,600,
3443,28-Jun-26,11:31:30,1,1,250,238,0,0,6,6,5,0,250,
3443,28-Jun-26,11:31:30,2,1,100,95,0,0,2.5,2.5,5,0,100,
3444,28-Jun-26,11:42:58,1,4,25,95,0,0,2.5,2.5,5,0,100,CASH
3445,28-Jun-26,12:52:05,1,1,150,143,0,0,3.5,3.5,5,0,150,
3446,28-Jun-26,12:57:31,1,3,500,1429,0,0,35.5,35.5,5,0,1500,
3446,28-Jun-26,12:57:31,2,2,150,286,0,0,7,7,5,0,300,
4166,24-Jul-26,18:07:43,2,2,40,76,0,0,2,2,5,0,80,
4167,24-Jul-26,18:44:47,1,6,25,143,0,0,3.5,3.5,5,0,150,
4168,24-Jul-26,18:49:28,1,1,100,95,0,0,2.5,2.5,5,0,100,
4169,24-Jul-26,19:15:11,1,1,200,190,0,0,5,5,5,0,200,
4169,24-Jul-26,19:15:11,2,1,150,143,0,0,3.5,3.5,5,0,150,
4170,24-Jul-26,20:01:47,1,1,150,143,0,0,3.5,3.5,5,0,150,
4171,24-Jul-26,20:33:19,1,3,150,429,0,0,10.5,10.5,5,0,450,
4171,24-Jul-26,20:33:19,2,3,650,1857,0,0,46.5,46.5,5,0,1950,
4172,24-Jul-26,21:29:57,1,1,600,571,0,0,14.5,14.5,5,0,600,
4173,24-Jul-26,22:09:37,1,1,650,619,0,0,15.5,15.5,5,0,650,
4174,25-Jul-26,11:24:29,1,1,250,238,0,0,6,6,5,0,250,CASH
4175,25-Jul-26,12:05:02,1,1,100,95,0,0,2.5,2.5,5,0,100,
4176,25-Jul-26,12:40:03,1,1,150,143,0,0,3.5,3.5,5,0,150,
4176,25-Jul-26,12:40:03,2,1,100,95,0,0,2.5,2.5,5,0,100,
4177,25-Jul-26,15:20:52,1,1,500,476,0,0,12,12,5,0,500,
4178,25-Jul-26,15:56:02,1,2,60,114,0,0,3,3,5,0,120,
4179,25-Jul-26,16:09:00,1,2,300,571,0,0,14.5,14.5,5,0,600,
4600,12-Aug-26,21:07:55,1,1,300,286,0,0,7,7,5,0,300,
4601,12-Aug-26,21:09:26,1,1,250,238,0,0,6,6,5,0,250,
4602,12-Aug-26,21:18:45,1,1,400,381,0,0,9.5,9.5,5,0,400,
4603,12-Aug-26,21:34:46,1,1,150,143,0,0,3.5,3.5,5,0,150,
4604,12-Aug-26,22:14:58,1,1,150,143,0,0,3.5,3.5,5,0,150,
4605,12-Aug-26,22:37:05,1,5,500,2381,0,0,59.5,59.5,5,0,2500,
4605,12-Aug-26,22:37:05,2,3,650,1857,0,0,46.5,46.5,5,0,1950,
4605,12-Aug-26,22:37:05,3,1,500,476,0,0,12,12,5,0,500,
4605,12-Aug-26,22:37:05,4,7,120,800,0,0,20,20,5,0,0,
4605,12-Aug-26,22:37:05,5,1,150,143,0,0,3.5,3.5,5,0,150,
4605,12-Aug-26,22:37:05,6,1,60,57,0,0,1.5,1.5,5,0,60,
4606,13-Aug-26,12:23:51,1,1,300,286,0,0,7,7,5,0,300,CASH
4606,13-Aug-26,12:23:51,2,1,300,286,0,0,7,7,5,0,300,CASH
4607,13-Aug-26,12:25:48,1,1,100,95,0,0,2.5,2.5,5,0,100,
4608,13-Aug-26,12:28:32,1,1,750,714,0,0,18,18,5,0,750,
4608,13-Aug-26,12:28:32,2,1,550,524,0,0,13,13,5,0,550,
4609,13-Aug-26,13:50:23,1,2,120,229,0,0,5.5,5.5,5,0,240,
4609,13-Aug-26,13:50:23,2,2,150,286,0,0,7,7,5,0,300,
4610,13-Aug-26,14:18:40,1,1,500,476,0,0,12,12,5,0,500,
4611,13-Aug-26,14:43:51,1,1,150,143,0,0,3.5,3.5,5,0,150,
4612,13-Aug-26,15:19:05,1,1,50,48,0,0,1,1,5,0,50,
4613,13-Aug-26,16:32:19,1,1,150,143,0,0,3.5,3.5,5,0,150,
4614,13-Aug-26,16:52:50,1,1,150,143,0,0,3.5,3.5,5,0,150,
4615,13-Aug-26,18:12:16,1,2,20,38,0,0,1,1,5,0,40,
4616,13-Aug-26,18:12:58,1,1,500,476,0,0,12,12,5,0,500,
4616,13-Aug-26,18:12:58,2,1,500,476,0,0,12,12,5,0,500,
4617,13-Aug-26,18:28:42,1,1,500,476,0,0,12,12,5,0,500,
4618,13-Aug-26,18:54:55,1,1,500,476,0,0,12,12,5,0,500,
4619,13-Aug-26,19:35:18,1,1,300,286,0,0,7,7,5,0,300,CASH
4619,13-Aug-26,19:35:18,2,1,500,476,0,0,12,12,5,0,500,CASH
4620,13-Aug-26,19:44:50,1,3,150,429,0,0,10.5,10.5,5,0,450,
4620,13-Aug-26,19:44:50,2,1,100,95,0,0,2.5,2.5,5,0,100,
4620,13-Aug-26,19:44:50,3,1,60,57,0,0,1.5,1.5,5,0,60,
4621,13-Aug-26,19:53:28,1,2,120,229,0,0,5.5,5.5,5,0,240,
4621,13-Aug-26,19:53:28,2,1,800,762,0,0,19,19,5,0,800,
4622,13-Aug-26,20:05:42,1,1,200,190,0,0,5,5,5,0,200,
4622,13-Aug-26,20:05:42,2,1,150,143,0,0,3.5,3.5,5,0,150,
4623,13-Aug-26,20:06:33,1,1,750,714,0,0,18,18,5,0,750,
4624,13-Aug-26,20:10:57,1,2,200,381,0,0,9.5,9.5,5,0,400,
4624,13-Aug-26,20:10:57,2,2,300,571,0,0,14.5,14.5,5,0,600,
4624,13-Aug-26,20:10:57,3,1,200,190,0,0,5,5,5,0,200,
4625,13-Aug-26,20:27:30,1,1,50,48,0,0,1,1,5,0,50,
4626,13-Aug-26,20:59:37,1,1,250,238,0,0,6,6,5,0,250,
4627,13-Aug-26,20:59:56,1,2,500,952,0,0,24,24,5,0,1000,
4627,13-Aug-26,20:59:56,2,1,600,571,0,0,14.5,14.5,5,0,600,
4628,13-Aug-26,21:14:15,1,9,50,429,0,0,10.5,10.5,5,0,450,
4629,13-Aug-26,21:14:27,1,1,200,190,0,0,5,5,5,0,200,
4630,13-Aug-26,21:17:24,1,1,150,143,0,0,3.5,3.5,5,0,150,
4630,13-Aug-26,21:17:24,2,2,100,190,0,0,5,5,5,0,200,
4631,13-Aug-26,21:54:17,1,2,220,419,0,0,10.5,10.5,5,0,440,
4632,13-Aug-26,22:30:32,1,2,100,190,0,0,5,5,5,0,200,
4643,14-Aug-26,18:17:35,1,2,70,133,0,0,3.5,3.5,5,0,140,
4643,14-Aug-26,18:17:35,2,3,60,171,0,0,4.5,4.5,5,0,180,
4644,14-Aug-26,18:23:45,1,2,50,95,0,0,2.5,2.5,5,0,100,
4645,14-Aug-26,19:17:18,1,1,500,476,0,0,12,12,5,0,500,
4645,14-Aug-26,19:17:18,2,1,150,143,0,0,3.5,3.5,5,0,150,
4645,14-Aug-26,19:17:18,3,1,150,143,0,0,3.5,3.5,5,0,150,
4646,14-Aug-26,19:18:04,1,1,100,95,0,0,2.5,2.5,5,0,100,
4647,14-Aug-26,19:28:22,1,1,50,48,0,0,1,1,5,0,50,CASH
4648,14-Aug-26,19:29:04,1,1,350,333,0,0,8.5,8.5,5,0,350,
4649,14-Aug-26,20:08:59,1,2,60,114,0,0,3,3,5,0,120,
4650,14-Aug-26,20:12:26,1,1,200,190,0,0,5,5,5,0,200,
4650,14-Aug-26,20:12:26,2,3,60,171,0,0,4.5,4.5,5,0,180,
4651,14-Aug-26,20:33:26,1,2,150,286,0,0,7,7,5,0,300,
4651,14-Aug-26,20:33:26,2,4,100,381,0,0,9.5,9.5,5,0,400,
4652,14-Aug-26,20:36:22,1,10,50,476,0,0,12,12,5,0,500,
4652,14-Aug-26,20:36:22,2,1,50,48,0,0,1,1,5,0,50,
4653,14-Aug-26,20:51:14,1,6,150,857,0,0,21.5,21.5,5,0,900,
4653,14-Aug-26,20:51:14,2,1,560,533,0,0,13.5,13.5,5,0,560,
4654,14-Aug-26,21:29:43,1,1,130,124,0,0,3,3,5,0,130,
4654,14-Aug-26,21:29:43,2,2,100,190,0,0,5,5,5,0,200,
4654,14-Aug-26,21:29:43,3,1,350,333,0,0,8.5,8.5,5,0,350,
4655,14-Aug-26,21:42:31,1,1,60,57,0,0,1.5,1.5,5,0,60,
4656,14-Aug-26,21:47:18,1,1,200,190,0,0,5,5,5,0,200,
4656,14-Aug-26,21:47:18,2,4,50,190,0,0,5,5,5,0,0,
4657,14-Aug-26,22:24:13,1,1,500,476,0,0,12,12,5,0,500,
4658,15-Aug-26,11:44:53,1,1,550,524,0,0,13,13,5,0,550,CASH
4658,15-Aug-26,11:44:53,2,1,60,57,0,0,1.5,1.5,5,0,60,CASH
4658,15-Aug-26,11:44:53,3,6,50,286,0,0,7,7,5,0,300,CASH
4659,15-Aug-26,12:31:00,1,1,200,190,0,0,5,5,5,0,200,
4660,15-Aug-26,13:17:06,1,1,50,48,0,0,1,1,5,0,50,
4661,15-Aug-26,13:46:12,1,3,50,143,0,0,3.5,3.5,5,0,150,
4662,15-Aug-26,13:58:52,1,3,150,429,0,0,10.5,10.5,5,0,450,
4663,15-Aug-26,14:02:07,1,1,100,95,0,0,2.5,2.5,5,0,100,
4664,15-Aug-26,14:07:01,1,2,150,286,0,0,7,7,5,0,300,
4668,15-Aug-26,15:06:14,1,1,150,143,0,0,3.5,3.5,5,0,150,
4669,15-Aug-26,15:15:08,1,1,300,286,0,0,7,7,5,0,300,
4669,15-Aug-26,15:15:08,2,1,100,95,0,0,2.5,2.5,5,0,100,
4669,15-Aug-26,15:15:08,3,1,500,476,0,0,12,12,5,0,500,
4669,15-Aug-26,15:15:08,4,1,200,190,0,0,5,5,5,0,200,
4670,15-Aug-26,15:20:13,1,1,500,476,0,0,12,12,5,0,500,
4670,15-Aug-26,15:20:13,2,1,200,190,0,0,5,5,5,0,200,
4671,15-Aug-26,15:22:12,1,9,50,429,0,0,10.5,10.5,5,0,450,
4672,15-Aug-26,15:54:10,1,4,50,190,0,0,5,5,5,0,200,
4673,15-Aug-26,15:59:21,1,1,550,524,0,0,13,13,5,0,550,
4674,15-Aug-26,16:07:53,1,1,500,476,0,0,12,12,5,0,500,
4674,15-Aug-26,16:07:53,2,1,500,476,0,0,12,12,5,0,500,
4674,15-Aug-26,16:07:53,3,1,500,476,0,0,12,12,5,0,500,
4674,15-Aug-26,16:07:53,4,1,350,333,0,0,8.5,8.5,5,0,350,
4674,15-Aug-26,16:07:53,5,1,250,238,0,0,6,6,5,0,250,
4674,15-Aug-26,16:07:53,6,1,550,524,0,0,13,13,5,0,550,
4674,15-Aug-26,16:07:53,7,1,550,524,0,0,13,13,5,0,550,
2488,11-May-26,22:17:03,1,1,100,95,0,0,2.5,2.5,5,0,100,
2489,12-May-26,11:51:27,1,1,250,238,0,0,6,6,5,0,250,\G25
2489,12-May-26,11:51:27,2,1,60,57,0,0,1.5,1.5,5,0,60,\G25
2490,12-May-26,12:39:23,1,1,250,238,0,0,6,6,5,0,250,
2490,12-May-26,12:39:23,2,1,120,114,0,0,3,3,5,0,120,
2490,12-May-26,12:39:23,3,1,120,114,0,0,3,3,5,0,120,
2491,12-May-26,12:44:17,1,6,40,229,0,0,5.5,5.5,5,0,240,
2491,12-May-26,12:44:17,2,1,250,238,0,0,6,6,5,0,250,
2491,12-May-26,12:44:17,3,3,25,71,0,0,2,2,5,0,75,
2492,12-May-26,15:03:16,1,1,80,76,0,0,2,2,5,0,80,
2492,12-May-26,15:03:16,2,1,80,76,0,0,2,2,5,0,80,
2492,12-May-26,15:03:16,3,1,200,190,0,0,5,5,5,0,200,
2492,12-May-26,15:03:16,4,1,150,143,0,0,3.5,3.5,5,0,150,
2492,12-May-26,15:03:16,5,1,150,143,0,0,3.5,3.5,5,0,150,
2492,12-May-26,15:03:16,6,1,200,190,0,0,5,5,5,0,200,
2492,12-May-26,15:03:16,7,1,200,190,0,0,5,5,5,0,200,
2493,12-May-26,15:37:44,1,1,100,95,0,0,2.5,2.5,5,0,100,
2507,12-May-26,21:09:06,1,1,200,190,0,0,5,5,5,0,200,
2508,13-May-26,15:36:30,1,1,350,333,0,0,8.5,8.5,5,0,350,CASH
2508,13-May-26,15:36:30,2,1,350,333,0,0,8.5,8.5,5,0,350,CASH
2508,13-May-26,15:36:30,3,1,100,95,0,0,2.5,2.5,5,0,100,CASH
2509,13-May-26,15:37:17,1,6,150,857,0,0,21.5,21.5,5,0,900,
2510,13-May-26,17:02:44,1,2,90,171,0,0,4.5,4.5,5,0,180,
2510,13-May-26,17:02:44,2,1,70,67,0,0,1.5,1.5,5,0,70,
2511,13-May-26,17:04:42,1,1,60,57,0,0,1.5,1.5,5,0,60,
2511,13-May-26,17:04:42,2,1,40,38,0,0,1,1,5,0,40,
2511,13-May-26,17:04:42,3,3,30,86,0,0,2,2,5,0,90,
2512,13-May-26,17:38:55,1,1,100,95,0,0,2.5,2.5,5,0,100,
2513,13-May-26,17:44:00,1,1,100,95,0,0,2.5,2.5,5,0,100,
2514,13-May-26,18:38:16,1,1,250,238,0,0,6,6,5,0,250,
2515,13-May-26,19:16:22,1,1,100,95,0,0,2.5,2.5,5,0,100,CASH
2515,13-May-26,19:16:22,2,1,120,114,0,0,3,3,5,0,120,CASH
2515,13-May-26,19:16:22,3,1,60,57,0,0,1.5,1.5,5,0,60,CASH
2515,13-May-26,19:16:22,4,1,200,190,0,0,5,5,5,0,200,CASH
2815,29-May-26,12:27:55,1,1,250,238,0,0,6,6,5,0,250,
2815,29-May-26,12:27:55,2,2,100,190,0,0,5,5,5,0,200,
2816,29-May-26,13:33:16,1,1,300,286,0,0,7,7,5,0,300,CASH
2817,29-May-26,13:33:25,1,2,550,1048,0,0,26,26,5,0,1100,
2817,29-May-26,13:33:25,2,1,250,238,0,0,6,6,5,0,250,
2817,29-May-26,13:33:25,3,1,300,286,0,0,7,7,5,0,300,
2818,29-May-26,14:03:09,1,2,60,114,0,0,3,3,5,0,120,
2818,29-May-26,14:03:09,2,1,100,95,0,0,2.5,2.5,5,0,100,
2818,29-May-26,14:03:09,3,1,150,143,0,0,3.5,3.5,5,0,150,
2818,29-May-26,14:03:09,4,1,100,95,0,0,2.5,2.5,5,0,100,
2805,27-May-26,22:21:56,1,4,150,571,0,0,14.5,14.5,5,0,600,
2819,29-May-26,15:37:09,1,1,500,476,0,0,12,12,5,0,500,
2819,29-May-26,15:37:09,2,1,120,114,0,0,3,3,5,0,120,
2820,29-May-26,19:12:57,1,1,200,190,0,0,5,5,5,0,200,
2820,29-May-26,19:12:57,2,1,300,286,0,0,7,7,5,0,300,
2821,29-May-26,19:53:35,1,2,250,476,0,0,12,12,5,0,500,
2821,29-May-26,19:53:35,2,1,150,143,0,0,3.5,3.5,5,0,150,
3235,19-Jun-26,15:48:01,10,1,120,114,0,0,3,3,5,0,120,
3235,19-Jun-26,15:48:01,11,1,120,114,0,0,3,3,5,0,120,
3235,19-Jun-26,15:48:01,12,1,500,476,0,0,12,12,5,0,500,
3236,19-Jun-26,15:50:09,1,2,200,381,0,0,9.5,9.5,5,0,400,
3237,19-Jun-26,15:53:01,1,1,200,190,0,0,5,5,5,0,200,
3237,19-Jun-26,15:53:01,2,1,200,190,0,0,5,5,5,0,200,
3238,19-Jun-26,16:51:34,1,1,60,57,0,0,1.5,1.5,5,0,60,
3239,19-Jun-26,17:11:28,1,1,100,95,0,0,2.5,2.5,5,0,100,
3240,19-Jun-26,17:33:33,1,1,150,143,0,0,3.5,3.5,5,0,150,CASH
3241,19-Jun-26,18:01:47,1,4,60,229,0,0,5.5,5.5,5,0,240,CASH
3242,19-Jun-26,18:03:22,1,1,150,143,0,0,3.5,3.5,5,0,150,
3243,19-Jun-26,18:10:17,1,1,350,333,0,0,8.5,8.5,5,0,350,
3244,19-Jun-26,18:37:58,1,1,60,57,0,0,1.5,1.5,5,0,60,
3245,19-Jun-26,18:53:17,1,2,120,229,0,0,5.5,5.5,5,0,240,
3245,19-Jun-26,18:53:17,2,1,250,238,0,0,6,6,5,0,250,
3246,19-Jun-26,19:04:26,1,1,450,429,0,0,10.5,10.5,5,0,450,
3247,19-Jun-26,19:40:18,1,1,100,95,0,0,2.5,2.5,5,0,100,
4174,24-Jul-26,22:24:27,1,2,350,667,0,0,16.5,16.5,5,0,700,
4180,25-Jul-26,17:40:36,1,1,650,619,0,0,15.5,15.5,5,0,650,
4180,25-Jul-26,17:40:36,2,1,120,114,0,0,3,3,5,0,120,
4181,25-Jul-26,19:13:22,1,2,60,114,0,0,3,3,5,0,120,
4181,25-Jul-26,19:10:37,1,1,60,57,0,0,1.5,1.5,5,0,60,
4181,25-Jul-26,19:10:37,2,1,120,114,0,0,3,3,5,0,120,
4181,25-Jul-26,19:10:37,3,1,100,95,0,0,2.5,2.5,5,0,100,
4181,25-Jul-26,19:10:37,4,1,400,381,0,0,9.5,9.5,5,0,400,
4182,25-Jul-26,19:31:40,1,1,250,238,0,0,6,6,5,0,250,
4183,25-Jul-26,19:34:51,1,2,60,114,0,0,3,3,5,0,120,
4183,25-Jul-26,19:34:51,2,1,100,95,0,0,2.5,2.5,5,0,100,
4184,25-Jul-26,19:45:33,1,1,120,114,0,0,3,3,5,0,120,
4184,25-Jul-26,19:45:33,2,1,60,57,0,0,1.5,1.5,5,0,60,
4184,25-Jul-26,19:45:33,3,1,100,95,0,0,2.5,2.5,5,0,100,
4184,25-Jul-26,19:45:33,4,1,200,190,0,0,5,5,5,0,200,
4185,25-Jul-26,19:58:55,1,5,60,286,0,0,7,7,5,0,300,
4185,25-Jul-26,19:58:55,2,3,40,114,0,0,3,3,5,0,120,
2536,14-May-26,18:35:47,2,1,100,95,0,0,2.5,2.5,5,0,100,CASH
2536,14-May-26,18:35:47,3,1,150,143,0,0,3.5,3.5,5,0,150,CASH
2536,14-May-26,18:35:47,4,1,40,38,0,0,1,1,5,0,40,CASH
2537,14-May-26,18:44:38,1,1,200,190,0,0,5,5,5,0,200,
2538,14-May-26,18:51:41,1,4,150,571,0,0,14.5,14.5,5,0,600,CASH
2539,14-May-26,18:52:21,1,1,400,381,0,0,9.5,9.5,5,0,400,
2539,14-May-26,18:52:21,2,1,100,95,0,0,2.5,2.5,5,0,100,
2539,14-May-26,18:52:21,3,1,150,143,0,0,3.5,3.5,5,0,150,
2539,14-May-26,18:52:21,4,1,150,143,0,0,3.5,3.5,5,0,150,
2540,14-May-26,18:59:52,1,1,150,143,0,0,3.5,3.5,5,0,150,
2541,14-May-26,19:41:09,1,1,150,143,0,0,3.5,3.5,5,0,150,
2541,14-May-26,19:41:09,2,1,150,143,0,0,3.5,3.5,5,0,150,
2541,14-May-26,19:41:09,3,1,150,143,0,0,3.5,3.5,5,0,150,
2541,14-May-26,19:41:09,4,1,70,67,0,0,1.5,1.5,5,0,70,
2541,14-May-26,19:41:09,5,1,70,67,0,0,1.5,1.5,5,0,70,
2542,14-May-26,19:51:29,1,1,110,105,0,0,2.5,2.5,5,0,110,
2543,14-May-26,19:56:15,1,1,350,333,0,0,8.5,8.5,5,0,350,
2822,29-May-26,19:54:00,1,1,600,571,0,0,14.5,14.5,5,0,600,
2822,29-May-26,19:54:00,2,1,500,476,0,0,12,12,5,0,500,
2822,29-May-26,19:54:00,3,1,400,381,0,0,9.5,9.5,5,0,400,
2823,29-May-26,20:02:12,1,2,70,133,0,0,3.5,3.5,5,0,140,
2824,29-May-26,20:18:05,1,2,150,286,0,0,7,7,5,0,300,
2825,29-May-26,20:49:33,1,4,300,1143,0,0,28.5,28.5,5,0,1200,
2826,29-May-26,21:10:04,1,1,500,476,0,0,12,12,5,0,500,
2826,29-May-26,21:10:04,2,1,150,143,0,0,3.5,3.5,5,0,150,
2827,29-May-26,22:06:58,1,1,300,286,0,0,7,7,5,0,300,
2828,29-May-26,22:07:15,1,1,300,286,0,0,7,7,5,0,300,
2829,30-May-26,11:19:31,1,1,70,67,0,0,1.5,1.5,5,0,70,
2830,30-May-26,12:17:09,1,5,100,476,0,0,12,12,5,0,500,
2830,30-May-26,12:17:09,2,1,100,95,0,0,2.5,2.5,5,0,100,
2830,30-May-26,12:17:09,3,6,150,857,0,0,21.5,21.5,5,0,900,
2830,30-May-26,12:17:09,4,3,200,571,0,0,14.5,14.5,5,0,600,
2830,30-May-26,12:17:09,5,1,200,190,0,0,5,5,5,0,200,
2830,30-May-26,12:17:09,6,1,250,238,0,0,6,6,5,0,250,
3266,20-Jun-26,18:42:47,1,2,250,476,0,0,12,12,5,0,500,
3267,20-Jun-26,19:03:54,1,1,500,476,0,0,12,12,5,0,500,
3267,20-Jun-26,19:03:54,2,2,550,1048,0,0,26,26,5,0,1100,
3268,20-Jun-26,19:38:46,1,1,50,48,0,0,1,1,5,0,50,
3269,20-Jun-26,19:41:31,1,1,500,476,0,0,12,12,5,0,500,
3270,20-Jun-26,19:54:58,1,1,600,571,0,0,14.5,14.5,5,0,600,
3271,20-Jun-26,19:58:15,1,1,250,238,0,0,6,6,5,0,250,
3271,20-Jun-26,19:58:15,2,1,150,143,0,0,3.5,3.5,5,0,150,
3272,20-Jun-26,21:06:24,1,6,30,171,0,0,4.5,4.5,5,0,180,
3272,20-Jun-26,21:06:24,2,2,200,381,0,0,9.5,9.5,5,0,400,
3272,20-Jun-26,21:06:24,3,1,150,143,0,0,3.5,3.5,5,0,150,
3272,20-Jun-26,21:06:24,4,1,100,95,0,0,2.5,2.5,5,0,100,
3272,20-Jun-26,21:06:24,5,2,60,114,0,0,3,3,5,0,120,
3272,20-Jun-26,21:06:24,6,1,250,238,0,0,6,6,5,0,250,
3273,21-Jun-26,11:41:24,1,1,100,95,0,0,2.5,2.5,5,0,100,CASH
3273,21-Jun-26,11:41:24,2,1,120,114,0,0,3,3,5,0,120,CASH
3274,21-Jun-26,12:02:56,1,1,150,143,0,0,3.5,3.5,5,0,150,CASH
2544,14-May-26,20:06:48,1,5,100,476,0,0,12,12,5,0,500,CASH
2544,14-May-26,20:06:48,2,1,200,190,0,0,5,5,5,0,200,CASH
2545,14-May-26,20:09:44,1,1,150,143,0,0,3.5,3.5,5,0,150,
2546,14-May-26,21:20:04,1,2,400,762,0,0,19,19,5,0,800,
2546,14-May-26,21:20:04,2,1,200,190,0,0,5,5,5,0,200,
2546,14-May-26,21:20:04,3,3,30,86,0,0,2,2,5,0,90,
2546,14-May-26,21:20:04,4,3,70,200,0,0,5,5,5,0,0,
2546,14-May-26,21:20:04,5,3,150,429,0,0,10.5,10.5,5,0,450,
2546,14-May-26,21:20:04,6,2,250,476,0,0,12,12,5,0,0,
2546,14-May-26,21:20:04,7,2,150,286,0,0,7,7,5,0,300,
2546,14-May-26,21:20:04,8,1,100,95,0,0,2.5,2.5,5,0,100,
2547,14-May-26,21:38:59,1,3,60,171,0,0,4.5,4.5,5,0,180,
2547,14-May-26,21:38:59,2,2,150,286,0,0,7,7,5,0,300,
2547,14-May-26,21:38:59,3,1,180,171,0,0,4.5,4.5,5,0,180,
2547,14-May-26,21:38:59,4,1,100,95,0,0,2.5,2.5,5,0,100,
2548,15-May-26,11:38:18,1,2,250,476,0,0,12,12,5,0,500,
2549,15-May-26,13:26:52,1,1,250,238,0,0,6,6,5,0,250,
2834,30-May-26,15:14:00,1,1,500,476,0,0,12,12,5,0,500,
2835,30-May-26,15:14:10,1,2,250,476,0,0,12,12,5,0,500,
2836,30-May-26,16:02:05,1,1,500,476,0,0,12,12,5,0,500,
2836,30-May-26,16:02:05,2,1,150,143,0,0,3.5,3.5,5,0,150,
2836,30-May-26,16:02:05,3,1,100,95,0,0,2.5,2.5,5,0,100,
2837,30-May-26,16:21:55,1,1,150,143,0,0,3.5,3.5,5,0,150,
2838,30-May-26,18:19:08,1,5,80,381,0,0,9.5,9.5,5,0,400,
2839,30-May-26,18:19:59,1,1,600,571,0,0,14.5,14.5,5,0,600,
2839,30-May-26,18:19:59,2,1,600,571,0,0,14.5,14.5,5,0,600,
2839,30-May-26,18:19:59,3,1,400,381,0,0,9.5,9.5,5,0,400,
2840,30-May-26,19:24:18,1,1,70,67,0,0,1.5,1.5,5,0,70,CASH
2840,30-May-26,19:24:18,2,1,70,67,0,0,1.5,1.5,5,0,70,CASH
2840,30-May-26,19:24:18,3,1,70,67,0,0,1.5,1.5,5,0,70,CASH
2840,30-May-26,19:24:18,4,1,20,19,0,0,0.5,0.5,5,0,20,CASH
2841,30-May-26,19:30:36,1,1,550,524,0,0,13,13,5,0,550,
2842,30-May-26,19:49:03,1,1,150,143,0,0,3.5,3.5,5,0,150,
2842,30-May-26,19:49:03,2,1,150,143,0,0,3.5,3.5,5,0,150,
3290,21-Jun-26,18:14:03,5,4,150,571,0,0,14.5,14.5,5,0,600,PPPP
3291,21-Jun-26,18:42:17,1,2,100,190,0,0,5,5,5,0,200,PPPPP
3291,21-Jun-26,18:42:17,2,2,120,229,0,0,5.5,5.5,5,0,240,PPPPP
3292,21-Jun-26,18:46:08,1,1,150,143,0,0,3.5,3.5,5,0,150,
3293,21-Jun-26,18:46:48,1,1,100,95,0,0,2.5,2.5,5,0,100,SAMSUL HOQUE
3294,21-Jun-26,19:25:21,1,1,250,238,0,0,6,6,5,0,250,
3294,21-Jun-26,19:25:21,2,1,50,48,0,0,1,1,5,0,50,
3294,21-Jun-26,19:25:21,3,1,600,571,0,0,14.5,14.5,5,0,600,
3294,21-Jun-26,19:25:21,4,1,550,524,0,0,13,13,5,0,550,
3295,21-Jun-26,19:26:11,1,2,150,286,0,0,7,7,5,0,300,SAMSUL HOQUE
3296,21-Jun-26,19:28:00,1,1,100,95,0,0,2.5,2.5,5,0,100,
3296,21-Jun-26,19:28:00,2,2,70,133,0,0,3.5,3.5,5,0,140,
3297,21-Jun-26,19:40:24,1,1,100,95,0,0,2.5,2.5,5,0,100,
3298,21-Jun-26,19:56:21,1,1,300,286,0,0,7,7,5,0,300,
3299,21-Jun-26,19:56:39,1,1,300,286,0,0,7,7,5,0,300,
3300,21-Jun-26,20:05:10,1,2,100,190,0,0,5,5,5,0,200,
3300,21-Jun-26,20:05:10,2,1,50,48,0,0,1,1,5,0,50,
4186,25-Jul-26,20:13:14,1,2,40,76,0,0,2,2,5,0,80,
4186,25-Jul-26,20:13:14,2,1,150,143,0,0,3.5,3.5,5,0,150,
4186,25-Jul-26,20:13:14,3,1,250,238,0,0,6,6,5,0,250,
4186,25-Jul-26,20:13:14,4,8,60,457,0,0,11.5,11.5,5,0,480,
4186,25-Jul-26,20:13:14,5,1,100,95,0,0,2.5,2.5,5,0,100,
4186,25-Jul-26,20:13:14,6,1,100,95,0,0,2.5,2.5,5,0,100,
4186,25-Jul-26,20:13:14,7,1,20,19,0,0,0.5,0.5,5,0,20,
4187,25-Jul-26,20:47:10,1,1,300,286,0,0,7,7,5,0,300,
4187,25-Jul-26,20:47:10,2,1,350,333,0,0,8.5,8.5,5,0,350,
4188,25-Jul-26,20:47:57,1,2,100,190,0,0,5,5,5,0,200,
4189,25-Jul-26,20:57:03,1,1,200,190,0,0,5,5,5,0,200,
4189,25-Jul-26,20:57:03,2,2,100,190,0,0,5,5,5,0,200,
4190,25-Jul-26,21:40:16,1,4,150,571,0,0,14.5,14.5,5,0,600,
4190,25-Jul-26,21:40:16,2,1,300,286,0,0,7,7,5,0,300,
4190,25-Jul-26,21:40:16,3,3,60,171,0,0,4.5,4.5,5,0,180,
4191,25-Jul-26,21:50:14,1,4,250,952,0,0,24,24,5,0,1000,
4191,25-Jul-26,21:50:14,2,3,500,1429,0,0,35.5,35.5,5,0,1500,
4674,15-Aug-26,16:07:53,8,1,550,524,0,0,13,13,5,0,550,
4674,15-Aug-26,16:07:53,9,1,100,95,0,0,2.5,2.5,5,0,100,
4674,15-Aug-26,16:07:53,10,1,100,95,0,0,2.5,2.5,5,0,100,
4675,15-Aug-26,16:25:53,1,4,250,952,0,0,24,24,5,0,1000,
4676,15-Aug-26,16:26:41,1,4,250,952,0,0,24,24,5,0,1000,
4677,15-Aug-26,16:35:21,1,1,150,143,0,0,3.5,3.5,5,0,150,
4677,15-Aug-26,16:35:21,2,1,120,114,0,0,3,3,5,0,120,
4678,15-Aug-26,16:36:12,1,1,70,67,0,0,1.5,1.5,5,0,70,
4679,15-Aug-26,17:21:49,1,4,200,762,0,0,19,19,5,0,800,
4679,15-Aug-26,17:21:49,2,1,150,143,0,0,3.5,3.5,5,0,150,
4679,15-Aug-26,17:21:49,3,1,300,286,0,0,7,7,5,0,300,
4679,15-Aug-26,17:21:49,4,5,100,476,0,0,12,12,5,0,500,
4679,15-Aug-26,17:21:49,5,1,450,429,0,0,10.5,10.5,5,0,450,
4680,15-Aug-26,17:39:50,1,4,40,152,0,0,4,4,5,0,160,
4680,15-Aug-26,17:39:50,2,3,400,1143,0,0,28.5,28.5,5,0,1200,
4680,15-Aug-26,17:39:50,3,1,500,476,0,0,12,12,5,0,500,
4681,15-Aug-26,17:56:25,1,1,350,333,0,0,8.5,8.5,5,0,350,
4682,15-Aug-26,18:00:47,1,1,200,190,0,0,5,5,5,0,200,
4683,15-Aug-26,18:43:32,1,1,700,667,0,0,16.5,16.5,5,0,700,
4683,15-Aug-26,18:43:32,2,1,500,476,0,0,12,12,5,0,500,
4684,15-Aug-26,18:47:23,1,6,50,286,0,0,7,7,5,0,300,
4685,15-Aug-26,19:41:37,1,2,50,95,0,0,2.5,2.5,5,0,100,
4686,15-Aug-26,19:48:54,1,1,250,238,0,0,6,6,5,0,250,
4687,15-Aug-26,20:14:43,1,2,150,286,0,0,7,7,5,0,300,
4688,15-Aug-26,20:29:42,1,1,100,95,0,0,2.5,2.5,5,0,100,
4689,15-Aug-26,20:39:15,1,8,100,762,0,0,19,19,5,0,800,
4690,15-Aug-26,21:05:32,1,3,40,114,0,0,3,3,5,0,120,
4691,15-Aug-26,21:06:17,1,1,200,190,0,0,5,5,5,0,200,
4692,15-Aug-26,21:30:02,1,2,250,476,0,0,12,12,5,0,500,
4693,15-Aug-26,22:08:10,1,1,150,143,0,0,3.5,3.5,5,0,150,
4694,15-Aug-26,22:17:32,1,1,250,238,0,0,6,6,5,0,250,
4694,15-Aug-26,22:17:32,2,1,150,143,0,0,3.5,3.5,5,0,150,
4695,15-Aug-26,22:37:29,1,1,100,95,0,0,2.5,2.5,5,0,100,
4695,15-Aug-26,22:37:29,2,1,50,48,0,0,1,1,5,0,50,
2567,16-May-26,12:04:08,1,1,50,48,0,0,1,1,5,0,50,
2568,16-May-26,14:53:47,1,1,250,238,0,0,6,6,5,0,250,
2569,16-May-26,18:12:19,1,2,250,476,0,0,12,12,5,0,500,
2569,16-May-26,18:12:19,2,2,150,286,0,0,7,7,5,0,300,
2569,16-May-26,18:12:19,3,1,350,333,0,0,8.5,8.5,5,0,350,
2569,16-May-26,18:12:19,4,1,300,286,0,0,7,7,5,0,300,
2569,16-May-26,18:12:19,5,1,100,95,0,0,2.5,2.5,5,0,100,
2569,16-May-26,18:12:19,6,1,150,143,0,0,3.5,3.5,5,0,150,
2569,16-May-26,18:12:19,7,3,450,1286,0,0,32,32,5,0,1350,
2569,16-May-26,18:12:19,8,2,500,952,0,0,24,24,5,0,1000,
2570,16-May-26,18:20:05,1,1,100,95,0,0,2.5,2.5,5,0,100,
2570,16-May-26,18:20:05,2,1,150,143,0,0,3.5,3.5,5,0,150,
2571,16-May-26,18:21:57,1,3,150,429,0,0,10.5,10.5,5,0,450,
2572,16-May-26,18:55:00,1,3,40,114,0,0,3,3,5,0,120,
2572,16-May-26,18:55:00,2,2,70,133,0,0,3.5,3.5,5,0,140,
2573,16-May-26,19:23:52,1,1,450,429,0,0,10.5,10.5,5,0,450,
2573,16-May-26,19:23:52,2,1,450,429,0,0,10.5,10.5,5,0,450,
2859,31-May-26,19:10:41,1,1,130,124,0,0,3,3,5,0,130,
2859,31-May-26,19:10:41,2,1,150,143,0,0,3.5,3.5,5,0,150,
2859,31-May-26,19:10:41,3,1,40,38,0,0,1,1,5,0,40,
2860,31-May-26,19:25:27,1,1,40,38,0,0,1,1,5,0,40,
2861,31-May-26,20:50:30,1,1,200,190,0,0,5,5,5,0,200,
2861,31-May-26,20:50:30,2,1,250,238,0,0,6,6,5,0,250,
2862,31-May-26,22:10:01,1,1,270,257,0,0,6.5,6.5,5,0,270,
2863,01-Jun-26,11:33:24,1,2,350,667,0,0,16.5,16.5,5,0,700,
2864,01-Jun-26,11:56:50,1,2,400,762,0,0,19,19,5,0,800,
2864,01-Jun-26,11:56:50,2,4,25,95,0,0,2.5,2.5,5,0,100,
2865,01-Jun-26,16:53:32,1,2,150,286,0,0,7,7,5,0,300,CASH
2865,01-Jun-26,16:53:32,2,1,200,190,0,0,5,5,5,0,200,CASH
2866,01-Jun-26,16:54:39,1,2,70,133,0,0,3.5,3.5,5,0,140,
2867,01-Jun-26,17:05:38,1,1,250,238,0,0,6,6,5,0,250,
2867,01-Jun-26,17:05:38,2,1,130,124,0,0,3,3,5,0,130,
2867,01-Jun-26,17:05:38,3,1,120,114,0,0,3,3,5,0,120,
2868,01-Jun-26,18:48:55,1,1,60,57,0,0,1.5,1.5,5,0,60,
3300,21-Jun-26,20:05:10,3,1,150,143,0,0,3.5,3.5,5,0,150,
3301,21-Jun-26,20:07:05,1,1,650,619,0,0,15.5,15.5,5,0,650,
3302,21-Jun-26,20:07:44,1,2,200,381,0,0,9.5,9.5,5,0,400,SAMSUL HOQUE
3303,21-Jun-26,20:21:13,1,1,150,143,0,0,3.5,3.5,5,0,150,SAMSUL HOQUE
3304,21-Jun-26,20:36:57,1,1,150,143,0,0,3.5,3.5,5,0,150,SAMSUL HOQUE
3305,21-Jun-26,20:50:50,1,5,250,1190,0,0,30,30,5,0,1250,SAMSUL HOQUE
3305,21-Jun-26,20:50:50,2,1,50,48,0,0,1,1,5,0,50,SAMSUL HOQUE
3306,21-Jun-26,21:37:03,1,1,250,238,0,0,6,6,5,0,250,SAMSUL HOQUE
3306,21-Jun-26,21:37:03,2,1,50,48,0,0,1,1,5,0,50,SAMSUL HOQUE
3307,21-Jun-26,21:43:43,1,2,650,1238,0,0,31,31,5,0,1300,SAMSUL HOQUE
3307,21-Jun-26,21:43:43,2,2,150,286,0,0,7,7,5,0,300,SAMSUL HOQUE
3307,21-Jun-26,21:43:43,3,1,400,381,0,0,9.5,9.5,5,0,400,SAMSUL HOQUE
3308,22-Jun-26,11:32:35,1,1,200,190,0,0,5,5,5,0,200,SAMSUL HOQUE
3308,22-Jun-26,11:32:35,2,1,150,143,0,0,3.5,3.5,5,0,150,SAMSUL HOQUE
3308,22-Jun-26,11:32:35,3,1,150,143,0,0,3.5,3.5,5,0,150,SAMSUL HOQUE
3309,22-Jun-26,12:01:12,1,3,200,571,0,0,14.5,14.5,5,0,600,
3310,22-Jun-26,13:04:58,1,1,200,190,0,0,5,5,5,0,200,
4216,26-Jul-26,19:06:25,1,1,500,476,0,0,12,12,5,0,500,
4217,26-Jul-26,19:21:40,1,1,60,57,0,0,1.5,1.5,5,0,60,
4217,26-Jul-26,19:21:40,2,1,250,238,0,0,6,6,5,0,250,
4218,26-Jul-26,19:27:17,1,2,150,286,0,0,7,7,5,0,300,
4219,26-Jul-26,19:33:12,1,2,150,286,0,0,7,7,5,0,300,
4220,26-Jul-26,19:35:41,1,1,150,143,0,0,3.5,3.5,5,0,150,
4221,26-Jul-26,19:56:58,1,5,60,286,0,0,7,7,5,0,300,
4222,26-Jul-26,19:59:55,1,1,60,57,0,0,1.5,1.5,5,0,60,
4223,26-Jul-26,20:02:07,1,1,100,95,0,0,2.5,2.5,5,0,100,
4223,26-Jul-26,20:02:07,2,2,150,286,0,0,7,7,5,0,300,
4223,26-Jul-26,20:02:07,3,1,200,190,0,0,5,5,5,0,200,
4224,26-Jul-26,20:04:16,1,2,450,857,0,0,21.5,21.5,5,0,900,
4225,26-Jul-26,20:16:13,1,4,100,381,0,0,9.5,9.5,5,0,400,
4226,26-Jul-26,20:54:43,1,1,350,333,0,0,8.5,8.5,5,0,350,
4226,26-Jul-26,20:54:43,2,1,200,190,0,0,5,5,5,0,200,
4227,26-Jul-26,21:02:30,1,2,40,76,0,0,2,2,5,0,80,
4227,26-Jul-26,21:02:30,2,4,30,114,0,0,3,3,5,0,120,
4696,16-Aug-26,11:43:30,1,3,100,286,0,0,7,7,5,0,300,
4697,16-Aug-26,12:05:49,1,1,150,143,0,0,3.5,3.5,5,0,150,
4698,16-Aug-26,12:05:58,1,1,150,143,0,0,3.5,3.5,5,0,150,
4698,16-Aug-26,12:05:58,2,1,400,381,0,0,9.5,9.5,5,0,400,
4698,16-Aug-26,12:05:58,3,2,200,381,0,0,9.5,9.5,5,0,400,
4699,16-Aug-26,12:06:46,1,1,500,476,0,0,12,12,5,0,500,
4700,16-Aug-26,13:10:53,1,1,100,95,0,0,2.5,2.5,5,0,100,
4700,16-Aug-26,13:10:53,2,1,350,333,0,0,8.5,8.5,5,0,350,
4700,16-Aug-26,13:10:53,3,6,50,286,0,0,7,7,5,0,300,
4700,16-Aug-26,13:10:53,4,1,20,19,0,0,0.5,0.5,5,0,20,
4701,16-Aug-26,13:53:39,1,1,200,190,0,0,5,5,5,0,200,
4702,16-Aug-26,13:59:10,1,1,300,286,0,0,7,7,5,0,300,
4703,16-Aug-26,14:11:31,1,4,50,190,0,0,5,5,5,0,200,
4704,16-Aug-26,14:20:16,1,1,150,143,0,0,3.5,3.5,5,0,150,
4705,16-Aug-26,15:44:55,1,1,120,114,0,0,3,3,5,0,120,
4706,16-Aug-26,15:45:22,1,1,200,190,0,0,5,5,5,0,200,
4707,16-Aug-26,16:33:30,1,6,50,286,0,0,7,7,5,0,300,
4708,16-Aug-26,16:37:01,1,3,50,143,0,0,3.5,3.5,5,0,150,
4709,16-Aug-26,17:36:11,1,1,100,95,0,0,2.5,2.5,5,0,100,
4710,16-Aug-26,17:41:24,1,1,100,95,0,0,2.5,2.5,5,0,100,
4711,16-Aug-26,17:57:39,1,1,400,381,0,0,9.5,9.5,5,0,400,
4711,16-Aug-26,17:57:39,2,2,150,286,0,0,7,7,5,0,300,
4711,16-Aug-26,17:57:39,3,2,150,286,0,0,7,7,5,0,300,
4711,16-Aug-26,17:57:39,4,1,450,429,0,0,10.5,10.5,5,0,450,
4712,16-Aug-26,18:04:39,1,2,20,38,0,0,1,1,5,0,40,
4712,16-Aug-26,18:04:39,2,1,60,57,0,0,1.5,1.5,5,0,60,
4713,16-Aug-26,18:06:29,1,1,100,95,0,0,2.5,2.5,5,0,100,
4713,16-Aug-26,18:06:29,2,2,150,286,0,0,7,7,5,0,300,
4713,16-Aug-26,18:06:29,3,1,250,238,0,0,6,6,5,0,250,
4713,16-Aug-26,18:06:29,4,2,300,571,0,0,14.5,14.5,5,0,600,
4714,16-Aug-26,18:18:15,1,1,50,48,0,0,1,1,5,0,50,
4715,16-Aug-26,18:28:59,1,2,50,95,0,0,2.5,2.5,5,0,100,
4716,16-Aug-26,18:29:23,1,1,50,48,0,0,1,1,5,0,50,
4717,16-Aug-26,18:29:36,1,1,100,95,0,0,2.5,2.5,5,0,100,
4733,17-Aug-26,12:49:27,1,1,95,90,0,0,2.5,2.5,5,0,95,
4734,17-Aug-26,13:23:59,1,1,150,143,0,0,3.5,3.5,5,0,150,
4734,17-Aug-26,13:23:59,2,1,200,190,0,0,5,5,5,0,200,
4735,17-Aug-26,13:32:51,1,5,300,1429,0,0,35.5,35.5,5,0,1500,
4736,17-Aug-26,13:46:12,1,1,350,333,0,0,8.5,8.5,5,0,350,
4736,17-Aug-26,13:46:12,2,1,150,143,0,0,3.5,3.5,5,0,150,
4737,17-Aug-26,14:03:33,1,6,60,343,0,0,8.5,8.5,5,0,360,
4737,17-Aug-26,14:03:33,2,1,150,143,0,0,3.5,3.5,5,0,150,
4737,17-Aug-26,14:03:33,3,1,250,238,0,0,6,6,5,0,250,
4737,17-Aug-26,14:03:33,4,1,50,48,0,0,1,1,5,0,50,
4738,17-Aug-26,14:13:25,1,2,60,114,0,0,3,3,5,0,120,
4738,17-Aug-26,14:13:25,2,1,600,571,0,0,14.5,14.5,5,0,600,
4739,17-Aug-26,14:42:46,1,2,200,381,0,0,9.5,9.5,5,0,400,
4739,17-Aug-26,14:42:46,2,2,60,114,0,0,3,3,5,0,120,
4739,17-Aug-26,14:42:46,3,1,150,143,0,0,3.5,3.5,5,0,150,
4739,17-Aug-26,14:42:46,4,1,150,143,0,0,3.5,3.5,5,0,150,
4739,17-Aug-26,14:42:46,5,1,100,95,0,0,2.5,2.5,5,0,100,
4740,17-Aug-26,14:44:30,1,1,350,333,0,0,8.5,8.5,5,0,350,
4741,17-Aug-26,17:31:47,1,1,200,190,0,0,5,5,5,0,200,
4741,17-Aug-26,17:31:47,2,3,50,143,0,0,3.5,3.5,5,0,150,
4742,17-Aug-26,18:22:32,1,4,150,571,0,0,14.5,14.5,5,0,600,
4743,17-Aug-26,18:23:31,1,1,150,143,0,0,3.5,3.5,5,0,150,
4744,17-Aug-26,18:33:27,1,4,200,762,0,0,19,19,5,0,800,
4744,17-Aug-26,18:33:27,2,2,120,229,0,0,5.5,5.5,5,0,240,
4744,17-Aug-26,18:33:27,3,1,110,105,0,0,2.5,2.5,5,0,110,
4745,17-Aug-26,18:41:29,1,2,50,95,0,0,2.5,2.5,5,0,100,
4746,17-Aug-26,18:57:47,1,6,40,229,0,0,5.5,5.5,5,0,240,
4747,17-Aug-26,19:14:02,1,3,40,114,0,0,3,3,5,0,120,
4747,17-Aug-26,19:14:02,2,6,40,229,0,0,5.5,5.5,5,0,240,
4748,17-Aug-26,19:33:21,1,3,100,286,0,0,7,7,5,0,300,
4749,17-Aug-26,20:07:29,1,1,360,343,0,0,8.5,8.5,5,0,360,
4749,17-Aug-26,20:07:29,2,1,150,143,0,0,3.5,3.5,5,0,150,
4750,17-Aug-26,20:12:20,1,1,150,143,0,0,3.5,3.5,5,0,150,
4751,17-Aug-26,20:39:53,1,3,500,1429,0,0,35.5,35.5,5,0,1500,
2573,16-May-26,19:23:52,3,1,560,533,0,0,13.5,13.5,5,0,560,
2573,16-May-26,19:23:52,4,1,70,67,0,0,1.5,1.5,5,0,70,
2573,16-May-26,19:23:52,5,1,70,67,0,0,1.5,1.5,5,0,70,
2573,16-May-26,19:23:52,6,1,150,143,0,0,3.5,3.5,5,0,150,
2573,16-May-26,19:23:52,7,1,150,143,0,0,3.5,3.5,5,0,150,
2573,16-May-26,19:23:52,8,1,150,143,0,0,3.5,3.5,5,0,150,
2573,16-May-26,19:23:52,9,1,150,143,0,0,3.5,3.5,5,0,150,
2573,16-May-26,19:23:52,10,1,500,476,0,0,12,12,5,0,500,
2574,16-May-26,19:26:40,1,1,500,476,0,0,12,12,5,0,500,
2575,16-May-26,19:27:06,1,1,50,48,0,0,1,1,5,0,50,
2576,16-May-26,20:27:52,1,1,150,143,0,0,3.5,3.5,5,0,150,
2577,16-May-26,22:00:45,1,2,150,286,0,0,7,7,5,0,300,
2577,16-May-26,22:00:45,2,3,100,286,0,0,7,7,5,0,300,
2578,17-May-26,11:25:58,1,1,250,238,0,0,6,6,5,0,250,
2579,17-May-26,11:53:37,1,1,40,38,0,0,1,1,5,0,40,
2579,17-May-26,11:53:37,2,1,100,95,0,0,2.5,2.5,5,0,100,
2580,17-May-26,13:06:04,1,1,200,190,0,0,5,5,5,0,200,
3074,11-Jun-26,15:34:27,2,1,250,238,0,0,6,6,5,0,250,
3074,11-Jun-26,15:34:27,3,4,30,114,0,0,3,3,5,0,120,
3074,11-Jun-26,15:34:27,4,4,70,267,0,0,6.5,6.5,5,0,280,
3074,11-Jun-26,15:34:27,5,10,25,238,0,0,6,6,5,0,250,
3075,11-Jun-26,15:35:53,1,2,200,381,0,0,9.5,9.5,5,0,400,
3076,11-Jun-26,16:24:51,1,1,150,143,0,0,3.5,3.5,5,0,150,
3076,11-Jun-26,16:24:51,2,2,120,229,0,0,5.5,5.5,5,0,240,
3077,11-Jun-26,16:28:53,1,1,100,95,0,0,2.5,2.5,5,0,100,
3078,11-Jun-26,17:45:33,1,1,150,143,0,0,3.5,3.5,5,0,150,
3079,11-Jun-26,18:12:40,1,2,120,229,0,0,5.5,5.5,5,0,240,
3080,11-Jun-26,18:21:27,1,1,100,95,0,0,2.5,2.5,5,0,100,
3081,11-Jun-26,18:56:21,1,3,100,286,0,0,7,7,5,0,300,CASH
3082,11-Jun-26,19:13:09,1,1,150,143,0,0,3.5,3.5,5,0,150,
3083,11-Jun-26,19:33:02,1,4,250,952,0,0,24,24,5,0,1000,
3083,11-Jun-26,19:33:02,2,2,150,286,0,0,7,7,5,0,300,
3084,11-Jun-26,21:10:03,1,1,600,571,0,0,14.5,14.5,5,0,600,
3085,11-Jun-26,21:22:43,1,1,450,429,0,0,10.5,10.5,5,0,450,
3321,22-Jun-26,17:19:48,4,1,200,190,0,0,5,5,5,0,200,
3321,22-Jun-26,17:19:48,5,1,550,524,0,0,13,13,5,0,550,
3322,22-Jun-26,17:52:43,1,3,100,286,0,0,7,7,5,0,300,
3323,22-Jun-26,17:52:59,1,1,800,762,0,0,19,19,5,0,800,SAMSUL HOQUE
3323,22-Jun-26,17:52:59,2,1,200,190,0,0,5,5,5,0,200,SAMSUL HOQUE
3324,22-Jun-26,17:57:55,1,1,350,333,0,0,8.5,8.5,5,0,350,
3325,22-Jun-26,18:15:37,1,1,300,286,0,0,7,7,5,0,300,SAMSUL HOQUE
3325,22-Jun-26,18:15:37,2,1,250,238,0,0,6,6,5,0,250,SAMSUL HOQUE
3325,22-Jun-26,18:15:37,3,1,450,429,0,0,10.5,10.5,5,0,450,SAMSUL HOQUE
3325,22-Jun-26,18:15:37,4,1,300,286,0,0,7,7,5,0,300,SAMSUL HOQUE
3326,22-Jun-26,18:31:34,1,2,200,381,0,0,9.5,9.5,5,0,400,
3327,22-Jun-26,19:12:13,1,2,100,190,0,0,5,5,5,0,200,
3328,22-Jun-26,19:15:53,1,1,150,143,0,0,3.5,3.5,5,0,150,
3329,22-Jun-26,19:22:23,1,1,150,143,0,0,3.5,3.5,5,0,150,SAMSUL HOQUE
3330,22-Jun-26,19:51:43,1,4,200,762,0,0,19,19,5,0,800,SAMSUL HOQUE
3330,22-Jun-26,19:51:43,2,2,150,286,0,0,7,7,5,0,300,SAMSUL HOQUE
3331,22-Jun-26,20:11:55,1,2,250,476,0,0,12,12,5,0,500,
3086,12-Jun-26,11:25:21,1,2,200,381,0,0,9.5,9.5,5,0,400,
3087,12-Jun-26,12:11:40,1,1,200,190,0,0,5,5,5,0,200,
3087,12-Jun-26,12:11:40,2,1,350,333,0,0,8.5,8.5,5,0,350,
3088,12-Jun-26,13:16:07,1,1,100,95,0,0,2.5,2.5,5,0,100,
3088,12-Jun-26,13:16:07,2,1,100,95,0,0,2.5,2.5,5,0,100,
3089,12-Jun-26,13:16:39,1,2,200,381,0,0,9.5,9.5,5,0,400,
3090,12-Jun-26,14:30:37,1,5,150,714,0,0,18,18,5,0,750,
3091,12-Jun-26,15:06:05,1,1,200,190,0,0,5,5,5,0,200,
3091,12-Jun-26,15:06:05,2,1,100,95,0,0,2.5,2.5,5,0,100,
3091,12-Jun-26,15:06:05,3,1,100,95,0,0,2.5,2.5,5,0,100,
3092,12-Jun-26,15:06:19,1,1,200,190,0,0,5,5,5,0,200,
3092,12-Jun-26,15:06:19,2,1,20,19,0,0,0.5,0.5,5,0,20,
3093,12-Jun-26,15:55:59,1,1,250,238,0,0,6,6,5,0,250,CASH
3093,12-Jun-26,15:55:59,2,1,600,571,0,0,14.5,14.5,5,0,600,CASH
3093,12-Jun-26,15:55:59,3,1,200,190,0,0,5,5,5,0,200,CASH
3093,12-Jun-26,15:55:59,4,1,350,333,0,0,8.5,8.5,5,0,350,CASH
3093,12-Jun-26,15:55:59,5,1,150,143,0,0,3.5,3.5,5,0,150,CASH
3353,24-Jun-26,11:56:28,1,1,70,67,0,0,1.5,1.5,5,0,70,
3354,24-Jun-26,11:56:39,1,1,500,476,0,0,12,12,5,0,500,
3354,24-Jun-26,11:56:39,2,1,150,143,0,0,3.5,3.5,5,0,150,
3355,24-Jun-26,13:05:23,1,1,500,476,0,0,12,12,5,0,500,
3355,24-Jun-26,13:05:23,2,1,100,95,0,0,2.5,2.5,5,0,100,
3356,24-Jun-26,13:24:59,1,1,150,143,0,0,3.5,3.5,5,0,150,
3357,24-Jun-26,13:31:17,1,1,200,190,0,0,5,5,5,0,200,CASH
3358,24-Jun-26,13:31:24,1,3,120,343,0,0,8.5,8.5,5,0,360,
3359,24-Jun-26,14:18:47,1,2,200,381,0,0,9.5,9.5,5,0,400,SAMSUL HOQUE
3360,24-Jun-26,15:00:19,1,1,500,476,0,0,12,12,5,0,500,
3360,24-Jun-26,15:00:19,2,1,100,95,0,0,2.5,2.5,5,0,100,
3361,24-Jun-26,15:45:11,1,3,500,1429,0,0,35.5,35.5,5,0,1500,
3362,24-Jun-26,15:45:21,1,4,250,952,0,0,24,24,5,0,1000,
3362,24-Jun-26,15:45:21,2,1,200,190,0,0,5,5,5,0,200,
3363,24-Jun-26,15:52:05,1,1,100,95,0,0,2.5,2.5,5,0,100,
3364,24-Jun-26,16:00:47,1,3,60,171,0,0,4.5,4.5,5,0,180,
3365,24-Jun-26,16:44:07,1,1,400,381,0,0,9.5,9.5,5,0,400,SAMSUL HOQUE
4228,26-Jul-26,21:03:38,1,4,150,571,0,0,14.5,14.5,5,0,600,
4228,26-Jul-26,21:03:38,2,1,650,619,0,0,15.5,15.5,5,0,650,
4228,26-Jul-26,21:03:38,3,1,250,238,0,0,6,6,5,0,250,
4228,26-Jul-26,21:03:38,4,1,450,429,0,0,10.5,10.5,5,0,450,
4229,26-Jul-26,21:27:48,1,1,100,95,0,0,2.5,2.5,5,0,100,
4230,26-Jul-26,21:30:21,1,1,150,143,0,0,3.5,3.5,5,0,150,
4231,26-Jul-26,21:32:23,1,2,450,857,0,0,21.5,21.5,5,0,900,
4232,26-Jul-26,21:53:28,1,3,150,429,0,0,10.5,10.5,5,0,450,
4232,26-Jul-26,21:53:28,2,1,30,29,0,0,0.5,0.5,5,0,30,
4232,26-Jul-26,21:53:28,3,1,220,210,0,0,5,5,5,0,220,
4233,26-Jul-26,21:59:03,1,1,350,333,0,0,8.5,8.5,5,0,350,
4233,26-Jul-26,21:59:03,2,1,200,190,0,0,5,5,5,0,200,
4234,27-Jul-26,11:15:45,1,1,250,238,0,0,6,6,5,0,250,CASH
4235,27-Jul-26,13:34:34,1,1,150,143,0,0,3.5,3.5,5,0,150,CASH
4236,27-Jul-26,13:35:26,1,1,250,238,0,0,6,6,5,0,250,
4237,27-Jul-26,14:12:30,1,1,650,619,0,0,15.5,15.5,5,0,650,
4237,27-Jul-26,14:12:30,2,1,500,476,0,0,12,12,5,0,500,
3094,12-Jun-26,17:16:33,1,3,200,571,0,0,14.5,14.5,5,0,600,CASH
3094,12-Jun-26,17:16:33,2,2,150,286,0,0,7,7,5,0,300,CASH
3094,12-Jun-26,17:16:33,3,1,350,333,0,0,8.5,8.5,5,0,350,CASH
3094,12-Jun-26,17:16:33,4,3,120,343,0,0,8.5,8.5,5,0,360,CASH
3094,12-Jun-26,17:16:33,5,3,100,286,0,0,7,7,5,0,300,CASH
3094,12-Jun-26,17:16:33,6,3,20,57,0,0,1.5,1.5,5,0,60,CASH
3095,12-Jun-26,17:30:08,1,1,460,438,0,0,11,11,5,0,460,
3095,12-Jun-26,17:30:08,2,1,260,248,0,0,6,6,5,0,260,
3096,12-Jun-26,18:01:44,1,1,200,190,0,0,5,5,5,0,200,
3097,12-Jun-26,18:51:23,1,1,150,143,0,0,3.5,3.5,5,0,150,
3098,12-Jun-26,19:15:54,1,1,350,333,0,0,8.5,8.5,5,0,350,
3099,12-Jun-26,19:19:09,1,2,100,190,0,0,5,5,5,0,200,
3100,12-Jun-26,19:29:33,1,1,100,95,0,0,2.5,2.5,5,0,100,
3101,12-Jun-26,19:42:24,1,1,150,143,0,0,3.5,3.5,5,0,150,
3101,12-Jun-26,19:42:24,2,1,100,95,0,0,2.5,2.5,5,0,100,
3102,12-Jun-26,20:49:45,1,1,200,190,0,0,5,5,5,0,200,
3102,12-Jun-26,20:49:45,2,1,100,95,0,0,2.5,2.5,5,0,100,
3378,24-Jun-26,20:58:38,1,1,200,190,0,0,5,5,5,0,200,SAMSUL HOQUE
3379,24-Jun-26,21:18:49,1,1,450,429,0,0,10.5,10.5,5,0,450,SAMSUL HOQUE
3379,24-Jun-26,21:18:49,2,2,650,1238,0,0,31,31,5,0,1300,SAMSUL HOQUE
3379,24-Jun-26,21:18:49,3,2,500,952,0,0,24,24,5,0,1000,SAMSUL HOQUE
3379,24-Jun-26,21:18:49,4,3,300,857,0,0,21.5,21.5,5,0,900,SAMSUL HOQUE
3380,24-Jun-26,21:48:25,1,1,150,143,0,0,3.5,3.5,5,0,150,
3380,24-Jun-26,21:48:25,2,1,110,105,0,0,2.5,2.5,5,0,110,
3381,24-Jun-26,22:15:31,1,1,100,95,0,0,2.5,2.5,5,0,100,
3381,24-Jun-26,22:15:31,2,1,150,143,0,0,3.5,3.5,5,0,150,
3382,24-Jun-26,22:16:39,1,1,650,619,0,0,15.5,15.5,5,0,650,
3382,24-Jun-26,22:16:39,2,1,500,476,0,0,12,12,5,0,500,
3382,24-Jun-26,22:16:39,3,1,450,429,0,0,10.5,10.5,5,0,450,
3382,24-Jun-26,22:16:39,4,1,100,95,0,0,2.5,2.5,5,0,100,
3383,24-Jun-26,22:28:29,1,1,650,619,0,0,15.5,15.5,5,0,650,
3383,24-Jun-26,22:28:29,2,1,250,238,0,0,6,6,5,0,250,
3383,24-Jun-26,22:28:29,3,2,150,286,0,0,7,7,5,0,300,
3384,25-Jun-26,12:17:31,1,1,100,95,0,0,2.5,2.5,5,0,100,CASH
3447,28-Jun-26,14:34:13,1,1,200,190,0,0,5,5,5,0,200,
3448,28-Jun-26,14:34:40,1,5,200,952,0,0,24,24,5,0,1000,
3449,28-Jun-26,14:46:48,1,2,333,634,0,0,16,16,5,0,666,
3449,28-Jun-26,14:46:48,2,1,334,318,0,0,8,8,5,0,334,
3449,28-Jun-26,14:46:48,3,2,550,1048,0,0,26,26,5,0,1100,
3449,28-Jun-26,14:46:48,4,17,250,4048,0,0,101,101,5,0,4250,
3449,28-Jun-26,14:46:48,5,10,650,6190,0,0,155,155,5,0,6500,
3449,28-Jun-26,14:46:48,6,6,500,2857,0,0,71.5,71.5,5,0,3000,
3450,28-Jun-26,14:48:42,1,3,350,1000,0,0,25,25,5,0,1050,
3450,28-Jun-26,14:48:42,2,1,250,238,0,0,6,6,5,0,250,
3451,28-Jun-26,14:59:12,1,1,80,76,0,0,2,2,5,0,80,
3451,28-Jun-26,14:59:12,2,1,300,286,0,0,7,7,5,0,300,
3451,28-Jun-26,14:59:12,3,4,100,381,0,0,9.5,9.5,5,0,400,
3452,28-Jun-26,16:40:30,1,2,100,190,0,0,5,5,5,0,200,CASH
3453,28-Jun-26,16:41:15,1,1,60,57,0,0,1.5,1.5,5,0,60,
3454,28-Jun-26,16:53:48,1,1,60,57,0,0,1.5,1.5,5,0,60,
3455,28-Jun-26,17:05:57,1,4,60,229,0,0,5.5,5.5,5,0,240,
4237,27-Jul-26,14:12:30,3,1,150,143,0,0,3.5,3.5,5,0,150,
4237,27-Jul-26,14:12:30,4,1,150,143,0,0,3.5,3.5,5,0,150,
4238,27-Jul-26,16:02:46,1,3,150,429,0,0,10.5,10.5,5,0,450,
4239,27-Jul-26,16:05:40,1,1,150,143,0,0,3.5,3.5,5,0,150,
4240,27-Jul-26,16:09:36,1,1,120,114,0,0,3,3,5,0,120,
4240,27-Jul-26,16:09:36,2,1,60,57,0,0,1.5,1.5,5,0,60,
4241,27-Jul-26,17:00:23,1,1,350,333,0,0,8.5,8.5,5,0,350,CASH
4242,27-Jul-26,17:51:40,1,1,60,57,0,0,1.5,1.5,5,0,60,
4242,27-Jul-26,17:51:40,2,1,250,238,0,0,6,6,5,0,250,
4242,27-Jul-26,17:51:40,3,1,100,95,0,0,2.5,2.5,5,0,100,
4242,27-Jul-26,17:51:40,4,1,450,429,0,0,10.5,10.5,5,0,450,
4243,27-Jul-26,18:01:33,1,1,300,286,0,0,7,7,5,0,300,
4244,27-Jul-26,19:29:38,1,2,120,229,0,0,5.5,5.5,5,0,240,
4244,27-Jul-26,19:29:38,2,1,150,143,0,0,3.5,3.5,5,0,150,
4245,27-Jul-26,19:44:53,1,2,120,229,0,0,5.5,5.5,5,0,240,
4246,27-Jul-26,20:03:05,1,2,100,190,0,0,5,5,5,0,200,
4247,27-Jul-26,20:33:08,1,2,40,76,0,0,2,2,5,0,80,
4752,17-Aug-26,20:49:58,1,1,100,95,0,0,2.5,2.5,5,0,100,
4753,18-Aug-26,12:32:31,1,1,150,143,0,0,3.5,3.5,5,0,150,
4753,18-Aug-26,12:32:31,2,1,100,95,0,0,2.5,2.5,5,0,100,
4753,18-Aug-26,12:32:31,3,1,100,95,0,0,2.5,2.5,5,0,100,
4753,18-Aug-26,12:32:31,4,1,60,57,0,0,1.5,1.5,5,0,60,
4754,18-Aug-26,12:40:28,1,13,100,1238,0,0,31,31,5,0,1300,
4754,18-Aug-26,12:40:28,2,6,80,457,0,0,11.5,11.5,5,0,480,
4754,18-Aug-26,12:40:28,3,1,120,114,0,0,3,3,5,0,120,
4754,18-Aug-26,12:40:28,4,3,500,1429,0,0,35.5,35.5,5,0,1500,
4755,18-Aug-26,12:41:40,1,5,50,238,0,0,6,6,5,0,250,
4755,18-Aug-26,12:41:40,2,4,130,495,0,0,12.5,12.5,5,0,520,
4755,18-Aug-26,12:41:40,3,2,150,286,0,0,7,7,5,0,300,
4756,18-Aug-26,17:00:25,1,2,150,286,0,0,7,7,5,0,300,
4757,18-Aug-26,17:00:48,1,5,40,190,0,0,5,5,5,0,200,
4757,18-Aug-26,17:00:48,2,3,70,200,0,0,5,5,5,0,210,
4758,18-Aug-26,17:03:49,1,1,350,333,0,0,8.5,8.5,5,0,350,
4758,18-Aug-26,17:03:49,2,1,150,143,0,0,3.5,3.5,5,0,150,
4759,18-Aug-26,18:20:28,1,7,250,1667,0,0,41.5,41.5,5,0,1750,
4759,18-Aug-26,18:20:28,2,1,150,143,0,0,3.5,3.5,5,0,150,
4759,18-Aug-26,18:20:28,3,1,550,524,0,0,13,13,5,0,550,
4760,18-Aug-26,19:34:59,1,1,650,619,0,0,15.5,15.5,5,0,650,
4761,18-Aug-26,20:09:39,1,1,250,238,0,0,6,6,5,0,250,
4762,18-Aug-26,20:21:13,1,2,130,248,0,0,6,6,5,0,260,
4763,18-Aug-26,20:31:37,1,1,100,95,0,0,2.5,2.5,5,0,100,
4764,19-Aug-26,11:34:52,1,3,150,429,0,0,10.5,10.5,5,0,450,CASH
4764,19-Aug-26,11:34:52,2,1,400,381,0,0,9.5,9.5,5,0,400,CASH
4765,19-Aug-26,11:48:25,1,2,50,95,0,0,2.5,2.5,5,0,100,
4766,19-Aug-26,13:08:29,1,3,150,429,0,0,10.5,10.5,5,0,450,
4766,19-Aug-26,13:08:29,2,1,200,190,0,0,5,5,5,0,200,
4767,19-Aug-26,13:26:04,1,1,150,143,0,0,3.5,3.5,5,0,150,
4768,19-Aug-26,13:26:38,1,1,50,48,0,0,1,1,5,0,50,
4769,19-Aug-26,13:49:49,1,2,250,476,0,0,12,12,5,0,500,
4769,19-Aug-26,13:49:49,2,1,200,190,0,0,5,5,5,0,200,
4770,19-Aug-26,14:40:14,1,1,650,619,0,0,15.5,15.5,5,0,650,
4784,20-Aug-26,12:36:41,1,1,50,48,0,0,1,1,5,0,50,
4785,20-Aug-26,12:36:47,1,1,500,476,0,0,12,12,5,0,500,
4786,20-Aug-26,12:39:32,1,1,150,143,0,0,3.5,3.5,5,0,150,
4787,20-Aug-26,13:16:20,1,1,100,95,0,0,2.5,2.5,5,0,100,
4788,20-Aug-26,13:24:33,1,2,250,476,0,0,12,12,5,0,500,
4789,20-Aug-26,14:07:10,1,1,200,190,0,0,5,5,5,0,200,
4790,20-Aug-26,14:24:47,1,1,100,95,0,0,2.5,2.5,5,0,100,
4791,20-Aug-26,15:47:22,1,1,150,143,0,0,3.5,3.5,5,0,150,
4792,20-Aug-26,16:04:10,1,6,50,286,0,0,7,7,5,0,300,CASH
4792,20-Aug-26,16:04:10,2,2,40,76,0,0,2,2,5,0,80,CASH
4792,20-Aug-26,16:04:10,3,1,120,114,0,0,3,3,5,0,0,CASH
4793,20-Aug-26,16:47:43,1,6,50,286,0,0,7,7,5,0,300,
4793,20-Aug-26,16:47:43,2,5,30,143,0,0,3.5,3.5,5,0,150,
4793,20-Aug-26,16:47:43,3,1,150,143,0,0,3.5,3.5,5,0,150,
4793,20-Aug-26,16:47:43,4,1,300,286,0,0,7,7,5,0,300,
4793,20-Aug-26,16:47:43,5,3,100,286,0,0,7,7,5,0,300,
4793,20-Aug-26,16:47:43,6,2,40,76,0,0,2,2,5,0,80,
4793,20-Aug-26,16:47:43,7,1,20,19,0,0,0.5,0.5,5,0,20,
4794,20-Aug-26,18:40:49,1,2,200,381,0,0,9.5,9.5,5,0,400,
4795,20-Aug-26,18:41:58,1,2,50,95,0,0,2.5,2.5,5,0,100,
4795,20-Aug-26,18:41:58,2,1,50,48,0,0,1,1,5,0,50,
4796,20-Aug-26,18:44:04,1,5,50,238,0,0,6,6,5,0,250,
4796,20-Aug-26,18:44:04,2,2,100,190,0,0,5,5,5,0,200,
4796,20-Aug-26,18:44:04,3,2,50,95,0,0,2.5,2.5,5,0,100,
4796,20-Aug-26,18:44:04,4,1,550,524,0,0,13,13,5,0,550,
4797,20-Aug-26,18:52:59,1,1,150,143,0,0,3.5,3.5,5,0,150,
4797,20-Aug-26,18:52:59,2,1,80,76,0,0,2,2,5,0,80,
4798,20-Aug-26,19:04:02,1,5,50,238,0,0,6,6,5,0,250,
4799,20-Aug-26,20:05:56,1,1,150,143,0,0,3.5,3.5,5,0,150,CASH
4799,20-Aug-26,20:05:56,2,2,50,95,0,0,2.5,2.5,5,0,100,CASH
4799,20-Aug-26,20:05:56,3,1,100,95,0,0,2.5,2.5,5,0,100,CASH
4799,20-Aug-26,20:05:56,4,1,50,48,0,0,1,1,5,0,50,CASH
4800,20-Aug-26,20:46:03,1,1,250,238,0,0,6,6,5,0,250,
4801,20-Aug-26,20:52:29,1,1,250,238,0,0,6,6,5,0,250,
4812,21-Aug-26,18:58:56,1,1,550,524,0,0,13,13,5,0,550,
4812,21-Aug-26,18:58:56,2,1,50,48,0,0,1,1,5,0,50,
4813,21-Aug-26,19:00:56,1,1,100,95,0,0,2.5,2.5,5,0,100,
4814,21-Aug-26,19:41:35,1,4,150,571,0,0,14.5,14.5,5,0,600,
4814,21-Aug-26,19:41:35,2,1,100,95,0,0,2.5,2.5,5,0,100,
4815,21-Aug-26,19:54:48,1,1,100,95,0,0,2.5,2.5,5,0,100,
4815,21-Aug-26,19:54:48,2,1,600,571,0,0,14.5,14.5,5,0,600,
4815,21-Aug-26,19:54:48,3,1,400,381,0,0,9.5,9.5,5,0,400,
4816,21-Aug-26,20:02:07,1,1,240,229,0,0,5.5,5.5,5,0,240,
4817,21-Aug-26,20:05:36,1,3,50,143,0,0,3.5,3.5,5,0,150,
4818,21-Aug-26,20:07:45,1,2,50,95,0,0,2.5,2.5,5,0,100,
4818,21-Aug-26,20:07:45,2,1,100,95,0,0,2.5,2.5,5,0,100,
4819,21-Aug-26,20:13:16,1,1,50,48,0,0,1,1,5,0,50,
4820,21-Aug-26,20:13:25,1,4,150,571,0,0,14.5,14.5,5,0,600,
4820,21-Aug-26,20:13:25,2,1,100,95,0,0,2.5,2.5,5,0,100,
4820,21-Aug-26,20:13:25,3,1,200,190,0,0,5,5,5,0,200,
4821,21-Aug-26,20:23:40,1,1,250,238,0,0,6,6,5,0,250,
4832,22-Aug-26,12:58:30,1,2,550,1048,0,0,26,26,5,0,1100,
4832,22-Aug-26,12:58:30,2,1,200,190,0,0,5,5,5,0,200,
4832,22-Aug-26,12:58:30,3,2,150,286,0,0,7,7,5,0,300,
4832,22-Aug-26,12:58:30,4,1,300,286,0,0,7,7,5,0,300,
4832,22-Aug-26,12:58:30,5,1,650,619,0,0,15.5,15.5,5,0,650,
4832,22-Aug-26,12:58:30,6,3,100,286,0,0,7,7,5,0,300,
4832,22-Aug-26,12:58:30,7,3,40,114,0,0,3,3,5,0,120,
4832,22-Aug-26,12:58:30,8,1,30,29,0,0,0.5,0.5,5,0,30,
4833,22-Aug-26,14:33:58,1,1,300,286,0,0,7,7,5,0,300,
4833,22-Aug-26,14:33:58,2,1,50,48,0,0,1,1,5,0,50,
4834,22-Aug-26,14:34:10,1,2,100,190,0,0,5,5,5,0,200,
4834,22-Aug-26,14:34:10,2,1,100,95,0,0,2.5,2.5,5,0,100,
4835,22-Aug-26,17:12:35,1,2,50,95,0,0,2.5,2.5,5,0,100,
4836,22-Aug-26,17:19:12,1,1,250,238,0,0,6,6,5,0,250,
4836,22-Aug-26,17:19:12,2,1,150,143,0,0,3.5,3.5,5,0,150,
4837,22-Aug-26,17:26:36,1,1,500,476,0,0,12,12,5,0,500,
4837,22-Aug-26,17:26:36,2,1,200,190,0,0,5,5,5,0,200,
3462,28-Jun-26,18:19:31,1,1,300,286,0,0,7,7,5,0,300,
3463,28-Jun-26,18:36:59,1,1,150,143,0,0,3.5,3.5,5,0,150,CASH
3463,28-Jun-26,18:36:59,2,2,100,190,0,0,5,5,5,0,200,CASH
3463,28-Jun-26,18:36:59,3,1,200,190,0,0,5,5,5,0,200,CASH
3464,28-Jun-26,18:46:23,1,2,150,286,0,0,7,7,5,0,300,
3465,28-Jun-26,18:47:45,1,2,120,229,0,0,5.5,5.5,5,0,240,
3465,28-Jun-26,18:47:45,2,1,150,143,0,0,3.5,3.5,5,0,150,
3465,28-Jun-26,18:47:45,3,2,60,114,0,0,3,3,5,0,120,
3465,28-Jun-26,18:47:45,4,1,600,571,0,0,14.5,14.5,5,0,600,
3466,28-Jun-26,18:49:25,1,2,60,114,0,0,3,3,5,0,120,
3466,28-Jun-26,18:49:25,2,1,80,76,0,0,2,2,5,0,80,
3467,28-Jun-26,18:59:44,1,2,200,381,0,0,9.5,9.5,5,0,400,
3468,28-Jun-26,19:00:53,1,2,200,381,0,0,9.5,9.5,5,0,400,
3469,28-Jun-26,19:01:23,1,1,200,190,0,0,5,5,5,0,200,
3469,28-Jun-26,19:01:23,2,1,60,57,0,0,1.5,1.5,5,0,60,
3469,28-Jun-26,19:01:23,3,1,140,133,0,0,3.5,3.5,5,0,140,
3470,28-Jun-26,19:05:12,1,1,150,143,0,0,3.5,3.5,5,0,150,
4271,29-Jul-26,11:18:08,1,1,250,238,0,0,6,6,5,0,250,
4271,29-Jul-26,11:18:08,2,1,250,238,0,0,6,6,5,0,250,
4271,29-Jul-26,11:18:08,3,1,200,190,0,0,5,5,5,0,200,
4271,29-Jul-26,11:18:08,4,1,200,190,0,0,5,5,5,0,200,
4271,29-Jul-26,11:18:08,5,1,30,29,0,0,0.5,0.5,5,0,30,
4271,29-Jul-26,11:18:08,6,1,100,95,0,0,2.5,2.5,5,0,100,
4271,29-Jul-26,11:18:08,7,1,60,57,0,0,1.5,1.5,5,0,60,
4271,29-Jul-26,11:18:08,8,1,60,57,0,0,1.5,1.5,5,0,60,
4272,29-Jul-26,12:22:28,1,1,200,190,0,0,5,5,5,0,200,
4272,29-Jul-26,12:22:28,2,1,250,238,0,0,6,6,5,0,250,
4273,29-Jul-26,13:14:14,1,2,150,286,0,0,7,7,5,0,300,
4274,29-Jul-26,13:53:41,1,1,100,95,0,0,2.5,2.5,5,0,100,
4275,29-Jul-26,14:17:38,1,1,100,95,0,0,2.5,2.5,5,0,100,
4276,29-Jul-26,14:33:47,1,1,60,57,0,0,1.5,1.5,5,0,60,
4277,29-Jul-26,15:48:38,1,1,200,190,0,0,5,5,5,0,200,
4277,29-Jul-26,15:48:38,2,1,100,95,0,0,2.5,2.5,5,0,100,
4278,29-Jul-26,16:34:17,1,1,500,476,0,0,12,12,5,0,500,
4838,22-Aug-26,20:15:52,1,2,50,95,0,0,2.5,2.5,5,0,100,
4839,22-Aug-26,20:16:02,1,4,60,229,0,0,5.5,5.5,5,0,240,
4839,22-Aug-26,20:16:02,2,1,20,19,0,0,0.5,0.5,5,0,20,
4840,22-Aug-26,20:57:33,1,2,350,667,0,0,16.5,16.5,5,0,700,
4840,22-Aug-26,20:57:33,2,1,50,48,0,0,1,1,5,0,50,
4841,22-Aug-26,21:21:36,1,1,120,114,0,0,3,3,5,0,120,
4842,22-Aug-26,21:22:28,1,5,40,190,0,0,5,5,5,0,200,
4842,22-Aug-26,21:22:28,2,2,100,190,0,0,5,5,5,0,200,
4842,22-Aug-26,21:22:28,3,3,60,171,0,0,4.5,4.5,5,0,180,
4843,22-Aug-26,21:44:57,1,1,150,143,0,0,3.5,3.5,5,0,150,
4843,22-Aug-26,21:44:57,2,1,100,95,0,0,2.5,2.5,5,0,100,
4844,22-Aug-26,22:08:56,1,6,150,857,0,0,21.5,21.5,5,0,900,
4844,22-Aug-26,22:08:56,2,1,100,95,0,0,2.5,2.5,5,0,100,
4844,22-Aug-26,22:08:56,3,3,50,143,0,0,3.5,3.5,5,0,150,
4845,22-Aug-26,22:14:49,1,2,150,286,0,0,7,7,5,0,300,
4845,22-Aug-26,22:14:49,2,1,250,238,0,0,6,6,5,0,250,
4845,22-Aug-26,22:14:49,3,1,100,95,0,0,2.5,2.5,5,0,100,
4856,23-Aug-26,12:51:09,2,1,100,95,0,0,2.5,2.5,5,0,100,
4857,23-Aug-26,12:58:56,1,1,250,238,0,0,6,6,5,0,250,
4858,23-Aug-26,14:41:32,1,6,50,286,0,0,7,7,5,0,300,
4859,23-Aug-26,15:04:39,1,2,100,190,0,0,5,5,5,0,200,
4860,23-Aug-26,16:42:16,1,2,50,95,0,0,2.5,2.5,5,0,100,
4860,23-Aug-26,16:42:16,2,1,100,95,0,0,2.5,2.5,5,0,100,
4861,23-Aug-26,16:45:03,1,1,100,95,0,0,2.5,2.5,5,0,100,
4861,23-Aug-26,16:45:03,2,3,50,143,0,0,3.5,3.5,5,0,150,
4862,23-Aug-26,17:14:35,1,1,150,143,0,0,3.5,3.5,5,0,150,
4862,23-Aug-26,17:14:35,2,1,200,190,0,0,5,5,5,0,200,
4863,23-Aug-26,17:45:27,1,2,50,95,0,0,2.5,2.5,5,0,100,
4864,23-Aug-26,18:13:49,1,4,50,190,0,0,5,5,5,0,200,
4865,23-Aug-26,18:21:51,1,2,200,381,0,0,9.5,9.5,5,0,400,
4866,23-Aug-26,18:29:04,1,4,500,1905,0,0,47.5,47.5,5,0,2000,
4867,23-Aug-26,19:00:04,1,1,350,333,0,0,8.5,8.5,5,0,350,
4867,23-Aug-26,19:00:04,2,1,200,190,0,0,5,5,5,0,200,
4868,23-Aug-26,19:03:12,1,1,600,571,0,0,14.5,14.5,5,0,600,
4909,25-Aug-26,11:19:24,1,3,60,171,0,0,4.5,4.5,5,0,180,
4909,25-Aug-26,11:19:24,2,1,100,95,0,0,2.5,2.5,5,0,100,
4909,25-Aug-26,11:19:24,3,1,200,190,0,0,5,5,5,0,200,
4909,25-Aug-26,11:19:24,4,1,150,143,0,0,3.5,3.5,5,0,150,
4909,25-Aug-26,11:19:24,5,1,50,48,0,0,1,1,5,0,50,
4910,25-Aug-26,11:21:42,1,1,350,333,0,0,8.5,8.5,5,0,350,
4911,25-Aug-26,12:08:23,1,2,100,190,0,0,5,5,5,0,200,
4912,25-Aug-26,12:13:59,1,1,50,48,0,0,1,1,5,0,50,
4913,25-Aug-26,13:34:33,1,1,130,124,0,0,3,3,5,0,130,
4914,25-Aug-26,13:42:33,1,5,120,571,0,0,14.5,14.5,5,0,600,
4914,25-Aug-26,13:42:33,2,1,650,619,0,0,15.5,15.5,5,0,650,
4914,25-Aug-26,13:42:33,3,1,150,143,0,0,3.5,3.5,5,0,150,
4915,25-Aug-26,14:50:38,1,1,100,95,0,0,2.5,2.5,5,0,100,
4916,25-Aug-26,15:51:30,1,2,50,95,0,0,2.5,2.5,5,0,100,
4917,25-Aug-26,15:51:40,1,1,350,333,0,0,8.5,8.5,5,0,350,
4917,25-Aug-26,15:51:40,2,1,250,238,0,0,6,6,5,0,250,
4918,25-Aug-26,16:42:05,1,1,200,190,0,0,5,5,5,0,200,
4939,26-Aug-26,12:48:43,2,1,650,619,0,0,15.5,15.5,5,0,650,
4940,26-Aug-26,13:37:12,1,2,50,95,0,0,2.5,2.5,5,0,100,
4941,26-Aug-26,14:02:47,1,1,120,114,0,0,3,3,5,0,120,
4942,26-Aug-26,14:03:34,1,2,250,476,0,0,12,12,5,0,500,
4943,26-Aug-26,15:14:05,1,1,50,48,0,0,1,1,5,0,50,
4944,26-Aug-26,15:27:06,1,8,50,381,0,0,9.5,9.5,5,0,400,
4945,26-Aug-26,16:31:08,1,4,200,762,0,0,19,19,5,0,800,
4945,26-Aug-26,16:31:08,2,1,280,267,0,0,6.5,6.5,5,0,280,
4945,26-Aug-26,16:31:08,3,1,260,248,0,0,6,6,5,0,260,
4945,26-Aug-26,16:31:08,4,1,320,305,0,0,7.5,7.5,5,0,320,
4945,26-Aug-26,16:31:08,5,2,250,476,0,0,12,12,5,0,500,
4945,26-Aug-26,16:31:08,6,1,200,190,0,0,5,5,5,0,200,
4945,26-Aug-26,16:31:08,7,2,150,286,0,0,7,7,5,0,300,
4946,26-Aug-26,17:10:09,1,5,50,238,0,0,6,6,5,0,250,
4947,26-Aug-26,17:18:35,1,1,60,57,0,0,1.5,1.5,5,0,60,
4948,26-Aug-26,17:32:01,1,2,300,571,0,0,14.5,14.5,5,0,600,
4949,26-Aug-26,18:33:22,1,1,100,95,0,0,2.5,2.5,5,0,100,
4963,27-Aug-26,13:25:19,2,3,150,429,0,0,10.5,10.5,5,0,450,
4963,27-Aug-26,13:25:19,3,1,50,48,0,0,1,1,5,0,50,
4962,27-Aug-26,10:45:39,1,1,150,143,0,0,3.5,3.5,5,0,150,CASH
4962,27-Aug-26,10:45:39,2,1,100,95,0,0,2.5,2.5,5,0,100,CASH
4964,27-Aug-26,13:43:33,1,1,50,48,0,0,1,1,5,0,50,
4964,27-Aug-26,13:43:33,2,1,100,95,0,0,2.5,2.5,5,0,100,
4965,27-Aug-26,14:54:59,1,1,100,95,0,0,2.5,2.5,5,0,100,
4966,27-Aug-26,15:27:12,1,2,475,905,0,0,22.5,22.5,5,0,950,
4967,27-Aug-26,15:27:37,1,1,50,48,0,0,1,1,5,0,50,
4968,27-Aug-26,17:50:50,1,2,500,952,0,0,24,24,5,0,1000,
4969,27-Aug-26,18:17:54,1,1,50,48,0,0,1,1,5,0,50,
4970,27-Aug-26,19:58:27,1,1,120,114,0,0,3,3,5,0,120,
4971,27-Aug-26,20:19:13,1,3,200,571,0,0,14.5,14.5,5,0,600,
4972,27-Aug-26,20:59:55,1,1,500,476,0,0,12,12,5,0,500,
4972,27-Aug-26,20:59:55,2,1,250,238,0,0,6,6,5,0,250,
4972,27-Aug-26,20:59:55,3,1,300,286,0,0,7,7,5,0,300,
4972,27-Aug-26,20:59:55,4,1,80,76,0,0,2,2,5,0,80,
3482,28-Jun-26,22:05:31,3,2,120,229,0,0,5.5,5.5,5,0,240,
3482,28-Jun-26,22:05:31,4,1,110,105,0,0,2.5,2.5,5,0,110,
3483,28-Jun-26,22:13:47,1,1,60,57,0,0,1.5,1.5,5,0,60,
3484,29-Jun-26,11:22:08,1,1,200,190,0,0,5,5,5,0,200,CASH
3485,29-Jun-26,11:36:42,1,1,200,190,0,0,5,5,5,0,200,
3485,29-Jun-26,11:36:42,2,1,250,238,0,0,6,6,5,0,250,
3486,29-Jun-26,13:19:36,1,1,650,619,0,0,15.5,15.5,5,0,650,
3487,29-Jun-26,13:56:37,1,2,550,1048,0,0,26,26,5,0,1100,
3487,29-Jun-26,13:56:37,2,1,100,95,0,0,2.5,2.5,5,0,100,
3488,29-Jun-26,13:57:06,1,3,250,714,0,0,18,18,5,0,750,
3488,29-Jun-26,13:57:06,2,2,200,381,0,0,9.5,9.5,5,0,400,
3489,29-Jun-26,14:00:54,1,1,50,48,0,0,1,1,5,0,50,
3490,29-Jun-26,14:56:33,1,1,250,238,0,0,6,6,5,0,250,
3491,29-Jun-26,15:02:43,1,1,150,143,0,0,3.5,3.5,5,0,150,
3492,29-Jun-26,15:30:38,1,2,150,286,0,0,7,7,5,0,300,
3493,29-Jun-26,16:13:04,1,1,60,57,0,0,1.5,1.5,5,0,60,
3494,29-Jun-26,16:14:07,1,1,550,524,0,0,13,13,5,0,550,
4278,29-Jul-26,16:34:17,2,1,250,238,0,0,6,6,5,0,250,
4279,29-Jul-26,18:38:43,1,1,120,114,0,0,3,3,5,0,120,
4279,29-Jul-26,18:38:43,2,1,40,38,0,0,1,1,5,0,40,
4280,29-Jul-26,18:45:35,1,2,100,190,0,0,5,5,5,0,200,
4281,29-Jul-26,19:51:36,1,1,150,143,0,0,3.5,3.5,5,0,150,
4281,29-Jul-26,19:51:36,2,1,500,476,0,0,12,12,5,0,500,
4282,29-Jul-26,19:53:58,1,1,120,114,0,0,3,3,5,0,120,
4283,29-Jul-26,19:54:06,1,4,30,114,0,0,3,3,5,0,120,
4283,29-Jul-26,19:54:06,2,4,60,229,0,0,5.5,5.5,5,0,240,
4284,29-Jul-26,20:29:17,1,3,200,571,0,0,14.5,14.5,5,0,600,
4285,29-Jul-26,20:36:44,1,1,250,238,0,0,6,6,5,0,250,CASH
4286,29-Jul-26,21:59:50,1,3,350,1000,0,0,25,25,5,0,1050,3
4286,29-Jul-26,21:59:50,2,1,250,238,0,0,6,6,5,0,250,3
4286,29-Jul-26,21:59:50,3,1,200,190,0,0,5,5,5,0,200,3
4286,29-Jul-26,21:59:50,4,1,100,95,0,0,2.5,2.5,5,0,100,3
4286,29-Jul-26,21:59:50,5,1,80,76,0,0,2,2,5,0,80,3
4286,29-Jul-26,21:59:50,6,3,50,143,0,0,3.5,3.5,5,0,150,3
4972,27-Aug-26,20:59:55,5,1,350,333,0,0,8.5,8.5,5,0,350,
4973,27-Aug-26,21:11:56,1,1,1200,1143,0,0,28.5,28.5,5,0,1200,
4973,27-Aug-26,21:11:56,2,1,300,286,0,0,7,7,5,0,300,
4974,27-Aug-26,21:40:28,1,2,200,381,0,0,9.5,9.5,5,0,400,
4975,27-Aug-26,21:45:27,1,8,60,457,0,0,11.5,11.5,5,0,480,
4976,27-Aug-26,21:48:15,1,1,150,143,0,0,3.5,3.5,5,0,150,
4977,28-Aug-26,11:48:12,1,2,40,76,0,0,2,2,5,0,80,CASH
4978,28-Aug-26,11:57:42,1,1,200,190,0,0,5,5,5,0,200,
4978,28-Aug-26,11:57:42,2,2,100,190,0,0,5,5,5,0,200,
4979,28-Aug-26,12:40:29,1,1,450,429,0,0,10.5,10.5,5,0,450,
4979,28-Aug-26,12:40:29,2,2,150,286,0,0,7,7,5,0,300,
4980,28-Aug-26,12:42:13,1,1,200,190,0,0,5,5,5,0,200,
4981,28-Aug-26,12:43:03,1,1,200,190,0,0,5,5,5,0,200,
4982,28-Aug-26,12:51:08,1,1,120,114,0,0,3,3,5,0,120,
4982,28-Aug-26,12:51:08,2,1,100,95,0,0,2.5,2.5,5,0,100,
4982,28-Aug-26,12:51:08,3,1,60,57,0,0,1.5,1.5,5,0,60,
4982,28-Aug-26,12:51:08,4,1,150,143,0,0,3.5,3.5,5,0,150,
3503,29-Jun-26,22:10:59,4,1,200,190,0,0,5,5,5,0,200,CASH
3504,30-Jun-26,12:02:31,1,2,60,114,0,0,3,3,5,0,120,
3505,30-Jun-26,13:24:18,1,2,250,476,0,0,12,12,5,0,500,
3505,30-Jun-26,13:24:18,2,1,150,143,0,0,3.5,3.5,5,0,150,
3506,30-Jun-26,13:36:42,1,2,450,857,0,0,21.5,21.5,5,0,900,
3507,30-Jun-26,13:42:05,1,1,200,190,0,0,5,5,5,0,200,
3508,30-Jun-26,14:18:22,1,1,350,333,0,0,8.5,8.5,5,0,350,
3508,30-Jun-26,14:18:22,2,1,400,381,0,0,9.5,9.5,5,0,400,
3508,30-Jun-26,14:18:22,3,1,200,190,0,0,5,5,5,0,200,
3509,30-Jun-26,14:41:24,1,1,250,238,0,0,6,6,5,0,250,
3509,30-Jun-26,14:41:24,2,1,200,190,0,0,5,5,5,0,200,
3510,30-Jun-26,14:41:35,1,1,400,381,0,0,9.5,9.5,5,0,400,
3510,30-Jun-26,14:41:35,2,1,150,143,0,0,3.5,3.5,5,0,150,
3511,30-Jun-26,14:42:12,1,2,100,190,0,0,5,5,5,0,200,
3511,30-Jun-26,14:42:12,2,1,200,190,0,0,5,5,5,0,200,
3512,30-Jun-26,15:20:08,1,1,60,57,0,0,1.5,1.5,5,0,60,
3513,30-Jun-26,15:34:20,1,1,200,190,0,0,5,5,5,0,200,
3536,01-Jul-26,11:17:43,2,1,120,114,0,0,3,3,5,0,120,CASH
3537,01-Jul-26,12:58:31,1,2,130,248,0,0,6,6,5,0,260,CASH
3538,01-Jul-26,13:02:01,1,1,80,76,0,0,2,2,5,0,80,
3539,01-Jul-26,13:15:39,1,3,150,429,0,0,10.5,10.5,5,0,450,
3539,01-Jul-26,13:15:39,2,2,200,381,0,0,9.5,9.5,5,0,400,
3539,01-Jul-26,13:15:39,3,1,200,190,0,0,5,5,5,0,200,
3539,01-Jul-26,13:15:39,4,1,150,143,0,0,3.5,3.5,5,0,150,
3540,01-Jul-26,13:30:18,1,5,100,476,0,0,12,12,5,0,500,
3541,01-Jul-26,13:40:54,1,3,40,114,0,0,3,3,5,0,120,
3542,01-Jul-26,13:46:53,1,1,40,38,0,0,1,1,5,0,40,
3542,01-Jul-26,13:46:53,2,2,30,57,0,0,1.5,1.5,5,0,60,
3542,01-Jul-26,13:46:53,3,2,130,248,0,0,6,6,5,0,260,
3543,01-Jul-26,13:48:35,1,1,350,333,0,0,8.5,8.5,5,0,350,
3544,01-Jul-26,14:02:31,1,2,100,190,0,0,5,5,5,0,200,
3545,01-Jul-26,15:26:35,1,1,150,143,0,0,3.5,3.5,5,0,150,
3545,01-Jul-26,15:26:35,2,1,60,57,0,0,1.5,1.5,5,0,60,
3546,01-Jul-26,16:54:43,1,2,80,152,0,0,4,4,5,0,160,
4286,29-Jul-26,21:59:50,7,3,150,429,0,0,10.5,10.5,5,0,450,3
4286,29-Jul-26,21:59:50,8,1,200,190,0,0,5,5,5,0,200,3
4287,30-Jul-26,11:47:39,1,1,370,352,0,0,9,9,5,0,370,CASH
4288,30-Jul-26,11:59:41,1,2,325,619,0,0,15.5,15.5,5,0,650,
4289,30-Jul-26,12:06:43,1,1,100,95,0,0,2.5,2.5,5,0,100,CASH
4289,30-Jul-26,12:06:43,2,1,60,57,0,0,1.5,1.5,5,0,60,CASH
4290,30-Jul-26,12:14:23,1,1,200,190,0,0,5,5,5,0,200,
4291,30-Jul-26,12:36:36,1,6,250,1429,0,0,35.5,35.5,5,0,1500,
4292,30-Jul-26,12:37:33,1,1,100,95,0,0,2.5,2.5,5,0,100,
4293,30-Jul-26,13:33:40,1,1,100,95,0,0,2.5,2.5,5,0,100,
4293,30-Jul-26,13:33:40,2,1,250,238,0,0,6,6,5,0,250,
4294,30-Jul-26,14:55:56,1,2,650,1238,0,0,31,31,5,0,0,
4294,30-Jul-26,14:55:56,2,2,250,476,0,0,12,12,5,0,500,
4294,30-Jul-26,14:55:56,3,1,550,524,0,0,13,13,5,0,550,
4295,30-Jul-26,18:01:00,1,1,350,333,0,0,8.5,8.5,5,0,350,CASH
4295,30-Jul-26,18:01:00,2,1,150,143,0,0,3.5,3.5,5,0,150,CASH
4295,30-Jul-26,18:01:00,3,1,30,29,0,0,0.5,0.5,5,0,30,CASH
3569,02-Jul-26,11:46:22,1,2,650,1238,0,0,31,31,5,0,1300,CASH
3570,02-Jul-26,12:58:18,1,2,400,762,0,0,19,19,5,0,800,
3571,02-Jul-26,13:03:59,1,2,150,286,0,0,7,7,5,0,300,
3571,02-Jul-26,13:03:59,2,4,250,952,0,0,24,24,5,0,1000,
3572,02-Jul-26,13:07:36,1,1,150,143,0,0,3.5,3.5,5,0,150,
3573,02-Jul-26,13:20:25,1,4,200,762,0,0,19,19,5,0,800,
3574,02-Jul-26,13:51:38,1,1,250,238,0,0,6,6,5,0,250,
3574,02-Jul-26,13:51:38,2,2,120,229,0,0,5.5,5.5,5,0,240,
3575,02-Jul-26,14:45:17,1,1,70,67,0,0,1.5,1.5,5,0,70,
3576,02-Jul-26,15:46:44,1,2,200,381,0,0,9.5,9.5,5,0,400,
3577,02-Jul-26,17:00:05,1,1,100,95,0,0,2.5,2.5,5,0,100,
3578,02-Jul-26,17:03:42,1,1,350,333,0,0,8.5,8.5,5,0,350,
3578,02-Jul-26,17:03:42,2,1,200,190,0,0,5,5,5,0,200,
3579,02-Jul-26,18:50:37,1,1,250,238,0,0,6,6,5,0,250,
3580,02-Jul-26,18:52:32,1,1,60,57,0,0,1.5,1.5,5,0,60,
3581,02-Jul-26,18:54:38,1,1,200,190,0,0,5,5,5,0,200,
3582,02-Jul-26,19:03:40,1,1,150,143,0,0,3.5,3.5,5,0,150,
4983,28-Aug-26,13:55:01,1,2,50,95,0,0,2.5,2.5,5,0,100,
4984,28-Aug-26,14:03:42,1,7,50,333,0,0,8.5,8.5,5,0,350,
4985,28-Aug-26,14:13:26,1,2,30,57,0,0,1.5,1.5,5,0,60,
4986,28-Aug-26,15:21:27,1,1,650,619,0,0,15.5,15.5,5,0,650,
4986,28-Aug-26,15:21:27,2,1,100,95,0,0,2.5,2.5,5,0,100,
4987,28-Aug-26,15:38:49,1,1,150,143,0,0,3.5,3.5,5,0,150,
4979,28-Aug-26,12:09:19,1,1,500,476,0,0,12,12,5,0,500,
4988,28-Aug-26,17:52:01,1,1,60,57,0,0,1.5,1.5,5,0,60,
4989,28-Aug-26,18:26:25,1,1,650,619,0,0,15.5,15.5,5,0,650,
4989,28-Aug-26,18:26:25,2,1,600,571,0,0,14.5,14.5,5,0,600,
4990,28-Aug-26,19:50:56,1,1,650,619,0,0,15.5,15.5,5,0,650,
4990,28-Aug-26,19:50:56,2,1,500,476,0,0,12,12,5,0,500,
4991,28-Aug-26,20:39:00,1,1,600,571,0,0,14.5,14.5,5,0,600,
4991,28-Aug-26,20:39:00,2,2,200,381,0,0,9.5,9.5,5,0,400,
4992,28-Aug-26,22:26:34,1,1,150,143,0,0,3.5,3.5,5,0,150,CASH
4993,29-Aug-26,12:16:39,1,6,50,286,0,0,7,7,5,0,300,CASH
4993,29-Aug-26,12:16:39,2,2,100,190,0,0,5,5,5,0,0,CASH
4994,29-Aug-26,13:27:46,1,2,50,95,0,0,2.5,2.5,5,0,100,
4995,29-Aug-26,15:45:16,1,2,150,286,0,0,7,7,5,0,300,
4995,29-Aug-26,15:45:16,2,1,40,38,0,0,1,1,5,0,40,
4995,29-Aug-26,15:45:16,3,3,50,143,0,0,3.5,3.5,5,0,150,
4995,29-Aug-26,15:45:16,4,1,100,95,0,0,2.5,2.5,5,0,100,
4996,29-Aug-26,15:51:30,1,2,50,95,0,0,2.5,2.5,5,0,100,
4997,29-Aug-26,15:59:02,1,2,100,190,0,0,5,5,5,0,200,
4997,29-Aug-26,15:59:02,2,1,150,143,0,0,3.5,3.5,5,0,150,
4998,29-Aug-26,16:01:32,1,2,500,952,0,0,24,24,5,0,1000,
4998,29-Aug-26,16:01:32,2,2,600,1143,0,0,28.5,28.5,5,0,1200,
4999,29-Aug-26,16:14:52,1,1,200,190,0,0,5,5,5,0,200,
4999,29-Aug-26,16:14:52,2,1,120,114,0,0,3,3,5,0,120,
5000,29-Aug-26,16:24:12,1,1,200,190,0,0,5,5,5,0,200,
5001,29-Aug-26,18:37:22,1,2,60,114,0,0,3,3,5,0,120,
5002,29-Aug-26,18:39:03,1,6,50,286,0,0,7,7,5,0,300,
5003,29-Aug-26,18:48:27,1,2,50,95,0,0,2.5,2.5,5,0,100,
5003,29-Aug-26,18:48:27,2,1,50,48,0,0,1,1,5,0,50,
5004,29-Aug-26,19:12:32,1,2,40,76,0,0,2,2,5,0,80,CASH
5005,29-Aug-26,20:11:32,1,1,300,286,0,0,7,7,5,0,300,
5005,29-Aug-26,20:11:32,2,1,100,95,0,0,2.5,2.5,5,0,100,
5006,29-Aug-26,20:14:15,1,2,650,1238,0,0,31,31,5,0,1300,
5006,29-Aug-26,20:14:15,2,3,150,429,0,0,10.5,10.5,5,0,450,
5007,29-Aug-26,20:34:51,1,1,150,143,0,0,3.5,3.5,5,0,150,
5007,29-Aug-26,20:34:51,2,1,100,95,0,0,2.5,2.5,5,0,100,
5008,29-Aug-26,20:49:34,1,1,200,190,0,0,5,5,5,0,200,
5008,29-Aug-26,20:49:34,2,1,250,238,0,0,6,6,5,0,250,
5009,29-Aug-26,21:15:27,1,1,200,190,0,0,5,5,5,0,200,
5010,29-Aug-26,21:40:08,1,1,50,48,0,0,1,1,5,0,50,
5011,29-Aug-26,22:01:08,1,4,250,952,0,0,24,24,5,0,1000,
5012,29-Aug-26,22:35:43,1,1,250,238,0,0,6,6,5,0,250,
5012,29-Aug-26,22:35:43,2,1,650,619,0,0,15.5,15.5,5,0,650,
5012,29-Aug-26,22:35:43,3,2,50,95,0,0,2.5,2.5,5,0,100,
5013,30-Aug-26,11:15:32,1,2,40,76,0,0,2,2,5,0,80,CASH
5014,30-Aug-26,12:02:51,1,2,40,76,0,0,2,2,5,0,80,
5015,30-Aug-26,12:03:11,1,1,50,48,0,0,1,1,5,0,50,
5016,30-Aug-26,12:10:00,1,2,80,152,0,0,4,4,5,0,160,
5016,30-Aug-26,12:10:00,2,1,150,143,0,0,3.5,3.5,5,0,150,
5016,30-Aug-26,12:10:00,3,1,200,190,0,0,5,5,5,0,200,
5016,30-Aug-26,12:10:00,4,1,250,238,0,0,6,6,5,0,250,
5017,30-Aug-26,12:16:17,1,1,50,48,0,0,1,1,5,0,50,
5018,30-Aug-26,13:04:32,1,1,150,143,0,0,3.5,3.5,5,0,150,
5018,30-Aug-26,13:04:32,2,1,120,114,0,0,3,3,5,0,120,
5019,30-Aug-26,15:03:30,1,1,200,190,0,0,5,5,5,0,200,
5020,30-Aug-26,15:53:20,1,2,150,286,0,0,7,7,5,0,300,
5020,30-Aug-26,15:53:20,2,6,100,571,0,0,14.5,14.5,5,0,600,
5020,30-Aug-26,15:53:20,3,7,50,333,0,0,8.5,8.5,5,0,350,
5021,30-Aug-26,16:32:37,1,1,300,286,0,0,7,7,5,0,300,
5021,30-Aug-26,16:32:37,2,1,100,95,0,0,2.5,2.5,5,0,100,
5021,30-Aug-26,16:32:37,3,5,50,238,0,0,6,6,5,0,250,
5022,30-Aug-26,16:36:45,1,1,350,333,0,0,8.5,8.5,5,0,350,
5023,30-Aug-26,17:35:05,1,1,200,190,0,0,5,5,5,0,200,
5023,30-Aug-26,17:35:05,2,1,600,571,0,0,14.5,14.5,5,0,600,
5024,30-Aug-26,18:22:22,1,2,650,1238,0,0,31,31,5,0,1300,
5025,30-Aug-26,18:29:04,1,1,100,95,0,0,2.5,2.5,5,0,100,
5026,30-Aug-26,18:53:16,1,2,150,286,0,0,7,7,5,0,300,
5027,30-Aug-26,19:06:49,1,1,50,48,0,0,1,1,5,0,50,
5028,30-Aug-26,19:18:55,1,1,200,190,0,0,5,5,5,0,200,CASH
5028,30-Aug-26,19:18:55,2,1,50,48,0,0,1,1,5,0,50,CASH
5029,30-Aug-26,19:21:18,1,2,250,476,0,0,12,12,5,0,500,
5029,30-Aug-26,19:21:18,2,4,150,571,0,0,14.5,14.5,5,0,600,
5030,30-Aug-26,19:22:22,1,3,250,714,0,0,18,18,5,0,750,
5030,30-Aug-26,19:22:22,2,1,500,476,0,0,12,12,5,0,500,
5030,30-Aug-26,19:22:22,3,2,200,381,0,0,9.5,9.5,5,0,400,
5030,30-Aug-26,19:22:22,4,3,150,429,0,0,10.5,10.5,5,0,450,
5030,30-Aug-26,19:22:22,5,1,150,143,0,0,3.5,3.5,5,0,150,
5031,30-Aug-26,19:47:19,1,1,150,143,0,0,3.5,3.5,5,0,150,
5031,30-Aug-26,19:47:19,2,1,50,48,0,0,1,1,5,0,50,
5032,30-Aug-26,19:48:31,1,1,50,48,0,0,1,1,5,0,50,
5032,30-Aug-26,19:48:31,2,1,200,190,0,0,5,5,5,0,200,
5032,30-Aug-26,19:48:31,3,1,100,95,0,0,2.5,2.5,5,0,100,
5033,30-Aug-26,19:58:01,1,1,200,190,0,0,5,5,5,0,200,
5034,30-Aug-26,19:59:08,1,1,150,143,0,0,3.5,3.5,5,0,150,
5034,30-Aug-26,19:59:08,2,1,150,143,0,0,3.5,3.5,5,0,150,
5034,30-Aug-26,19:59:08,3,1,100,95,0,0,2.5,2.5,5,0,100,
5035,30-Aug-26,20:06:11,1,1,200,190,0,0,5,5,5,0,200,
5035,30-Aug-26,20:06:11,2,1,50,48,0,0,1,1,5,0,50,
5036,30-Aug-26,20:07:02,1,1,50,48,0,0,1,1,5,0,50,
5037,30-Aug-26,20:07:28,1,2,50,95,0,0,2.5,2.5,5,0,100,
5038,30-Aug-26,20:13:21,1,5,50,238,0,0,6,6,5,0,250,
5038,30-Aug-26,20:13:21,2,1,100,95,0,0,2.5,2.5,5,0,100,
5039,30-Aug-26,20:50:36,1,1,50,48,0,0,1,1,5,0,50,
5040,30-Aug-26,21:22:32,1,1,50,48,0,0,1,1,5,0,50,
5041,30-Aug-26,22:30:45,1,2,100,190,0,0,5,5,5,0,200,
5041,30-Aug-26,22:30:45,2,2,80,152,0,0,4,4,5,0,160,
5041,30-Aug-26,22:30:45,3,1,100,95,0,0,2.5,2.5,5,0,100,
5050,31-Aug-26,17:24:51,4,1,250,238,0,0,6,6,5,0,250,
5050,31-Aug-26,17:24:51,5,1,400,381,0,0,9.5,9.5,5,0,400,
5051,31-Aug-26,18:43:14,1,1,50,48,0,0,1,1,5,0,50,
5052,31-Aug-26,18:48:21,1,1,350,333,0,0,8.5,8.5,5,0,350,
5053,31-Aug-26,19:05:21,1,1,100,95,0,0,2.5,2.5,5,0,100,
5053,31-Aug-26,19:05:21,2,1,200,190,0,0,5,5,5,0,200,
5054,31-Aug-26,19:16:14,1,3,200,571,0,0,14.5,14.5,5,0,600,
5055,31-Aug-26,19:22:56,1,3,200,571,0,0,14.5,14.5,5,0,600,
5056,31-Aug-26,19:23:56,1,2,50,95,0,0,2.5,2.5,5,0,100,
5057,31-Aug-26,19:37:31,1,1,500,476,0,0,12,12,5,0,500,
5058,31-Aug-26,19:43:50,1,2,50,95,0,0,2.5,2.5,5,0,100,
5059,31-Aug-26,19:46:36,1,2,75,143,0,0,3.5,3.5,5,0,150,
5060,31-Aug-26,19:54:54,1,1,50,48,0,0,1,1,5,0,50,
5061,31-Aug-26,19:57:35,1,1,500,476,0,0,12,12,5,0,500,
5061,31-Aug-26,19:57:35,2,2,50,95,0,0,2.5,2.5,5,0,100,
5062,31-Aug-26,20:04:13,1,2,60,114,0,0,3,3,5,0,120,
5062,31-Aug-26,20:04:13,2,2,100,190,0,0,5,5,5,0,200,
3609,03-Jul-26,20:38:09,1,1,250,238,0,0,6,6,5,0,250,
3610,03-Jul-26,20:55:30,1,1,550,524,0,0,13,13,5,0,550,
3611,03-Jul-26,20:59:31,1,1,450,429,0,0,10.5,10.5,5,0,450,
3612,03-Jul-26,20:59:47,1,3,250,714,0,0,18,18,5,0,750,
3612,03-Jul-26,20:59:47,2,1,100,95,0,0,2.5,2.5,5,0,100,
3613,04-Jul-26,11:25:32,1,1,550,524,0,0,13,13,5,0,550,CASH
3614,04-Jul-26,11:26:06,1,1,350,333,0,0,8.5,8.5,5,0,350,
3614,04-Jul-26,11:26:06,2,2,300,571,0,0,14.5,14.5,5,0,600,
3615,04-Jul-26,13:57:59,1,2,200,381,0,0,9.5,9.5,5,0,400,
3615,04-Jul-26,13:57:59,2,1,250,238,0,0,6,6,5,0,250,
3616,04-Jul-26,14:06:07,1,5,150,714,0,0,18,18,5,0,750,
3616,04-Jul-26,14:06:07,2,1,100,95,0,0,2.5,2.5,5,0,100,
3616,04-Jul-26,14:06:07,3,2,30,57,0,0,1.5,1.5,5,0,60,
3616,04-Jul-26,14:06:07,4,2,60,114,0,0,3,3,5,0,120,
3616,04-Jul-26,14:06:07,5,1,70,67,0,0,1.5,1.5,5,0,70,
3616,04-Jul-26,14:06:07,6,1,150,143,0,0,3.5,3.5,5,0,150,
3617,04-Jul-26,15:10:33,1,1,80,76,0,0,2,2,5,0,80,
5074,01-Sep-26,18:53:51,3,1,250,238,0,0,6,6,5,0,250,
5075,01-Sep-26,18:54:41,1,1,120,114,0,0,3,3,5,0,120,
5075,01-Sep-26,18:54:41,2,1,100,95,0,0,2.5,2.5,5,0,100,
5076,01-Sep-26,19:13:13,1,2,200,381,0,0,9.5,9.5,5,0,400,
5077,01-Sep-26,19:14:12,1,1,400,381,0,0,9.5,9.5,5,0,400,
5077,01-Sep-26,19:14:12,2,1,400,381,0,0,9.5,9.5,5,0,400,
5078,01-Sep-26,20:16:23,1,1,200,190,0,0,5,5,5,0,200,
5079,01-Sep-26,20:17:15,1,2,40,76,0,0,2,2,5,0,80,
5079,01-Sep-26,20:17:15,2,1,20,19,0,0,0.5,0.5,5,0,20,
5080,01-Sep-26,20:18:08,1,2,120,229,0,0,5.5,5.5,5,0,240,
5081,01-Sep-26,20:21:14,1,1,450,429,0,0,10.5,10.5,5,0,450,
5082,01-Sep-26,21:24:28,1,1,100,95,0,0,2.5,2.5,5,0,100,
5083,01-Sep-26,21:29:08,1,2,50,95,0,0,2.5,2.5,5,0,100,
5084,01-Sep-26,21:38:52,1,1,60,57,0,0,1.5,1.5,5,0,60,
5085,01-Sep-26,21:48:47,1,1,100,95,0,0,2.5,2.5,5,0,100,
5086,02-Sep-26,12:09:20,1,1,200,190,0,0,5,5,5,0,200,
5087,02-Sep-26,12:10:03,1,1,300,286,0,0,7,7,5,0,300,
5088,02-Sep-26,13:39:14,1,1,650,619,0,0,15.5,15.5,5,0,650,
5088,02-Sep-26,13:39:14,2,1,130,124,0,0,3,3,5,0,130,
5089,02-Sep-26,14:20:01,1,3,50,143,0,0,3.5,3.5,5,0,150,CASH
5089,02-Sep-26,14:20:01,2,2,100,190,0,0,5,5,5,0,200,CASH
5089,02-Sep-26,14:20:01,3,2,600,1143,0,0,28.5,28.5,5,0,1200,CASH
5089,02-Sep-26,13:55:29,1,1,550,524,0,0,13,13,5,0,550,
5089,02-Sep-26,13:55:29,2,1,500,476,0,0,12,12,5,0,500,
5089,02-Sep-26,13:55:29,3,2,250,476,0,0,12,12,5,0,500,
5089,02-Sep-26,13:55:29,4,1,600,571,0,0,14.5,14.5,5,0,600,
5090,02-Sep-26,16:44:08,1,2,400,762,0,0,19,19,5,0,800,
5090,02-Sep-26,16:44:08,2,1,500,476,0,0,12,12,5,0,500,
5090,02-Sep-26,16:44:08,3,1,200,190,0,0,5,5,5,0,200,
5091,02-Sep-26,17:21:41,1,1,250,238,0,0,6,6,5,0,250,
5092,02-Sep-26,17:23:19,1,3,500,1429,0,0,35.5,35.5,5,0,1500,
5092,02-Sep-26,17:23:19,2,1,100,95,0,0,2.5,2.5,5,0,100,
5093,02-Sep-26,18:17:10,1,1,50,48,0,0,1,1,5,0,50,
5094,02-Sep-26,18:18:21,1,1,300,286,0,0,7,7,5,0,300,
5109,02-Sep-26,21:50:55,1,3,150,429,0,0,10.5,10.5,5,0,450,
5109,02-Sep-26,21:50:55,2,1,250,238,0,0,6,6,5,0,250,
5109,02-Sep-26,21:50:55,3,1,600,571,0,0,14.5,14.5,5,0,600,
5110,02-Sep-26,22:22:31,1,1,150,143,0,0,3.5,3.5,5,0,150,
5111,03-Sep-26,11:18:14,1,2,150,286,0,0,7,7,5,0,300,CASH
5112,03-Sep-26,13:40:59,1,2,500,952,0,0,24,24,5,0,1000,
5113,03-Sep-26,14:44:31,1,2,150,286,0,0,7,7,5,0,300,
5113,03-Sep-26,14:44:31,2,100,1,95,0,0,2.5,2.5,5,0,100,
5114,03-Sep-26,14:45:01,1,1,200,190,0,0,5,5,5,0,200,
5115,03-Sep-26,15:59:07,1,2,100,190,0,0,5,5,5,0,200,CASH
5116,03-Sep-26,16:00:48,1,3,100,286,0,0,7,7,5,0,300,
5117,03-Sep-26,16:21:14,1,2,50,95,0,0,2.5,2.5,5,0,100,
5118,03-Sep-26,16:38:21,1,3,150,429,0,0,10.5,10.5,5,0,450,
5119,03-Sep-26,16:47:14,1,1,150,143,0,0,3.5,3.5,5,0,150,
5120,03-Sep-26,17:27:17,1,1,250,238,0,0,6,6,5,0,250,CASH
5120,03-Sep-26,17:27:17,2,1,150,143,0,0,3.5,3.5,5,0,150,CASH
5120,03-Sep-26,17:27:17,3,2,100,190,0,0,5,5,5,0,200,CASH
5121,03-Sep-26,17:28:09,1,1,100,95,0,0,2.5,2.5,5,0,100,
5122,03-Sep-26,18:35:33,1,1,60,57,0,0,1.5,1.5,5,0,60,
5123,03-Sep-26,19:04:03,1,1,200,190,0,0,5,5,5,0,200,CASH
5124,03-Sep-26,19:04:49,1,3,150,429,0,0,10.5,10.5,5,0,450,
5124,03-Sep-26,19:04:49,2,1,200,190,0,0,5,5,5,0,200,
5124,03-Sep-26,19:04:49,3,2,150,286,0,0,7,7,5,0,300,
5124,03-Sep-26,19:04:49,4,2,250,476,0,0,12,12,5,0,500,
5124,03-Sep-26,19:04:49,5,2,400,762,0,0,19,19,5,0,800,
5124,03-Sep-26,19:04:49,6,1,200,190,0,0,5,5,5,0,200,
5125,03-Sep-26,19:25:50,1,3,200,571,0,0,14.5,14.5,5,0,600,
5126,03-Sep-26,20:11:00,1,1,500,476,0,0,12,12,5,0,500,
5127,03-Sep-26,20:22:03,1,3,250,714,0,0,18,18,5,0,750,
5127,03-Sep-26,20:22:03,2,3,150,429,0,0,10.5,10.5,5,0,450,
5128,03-Sep-26,20:46:37,1,1,650,619,0,0,15.5,15.5,5,0,650,
5128,03-Sep-26,20:46:37,2,1,200,190,0,0,5,5,5,0,200,
5128,03-Sep-26,20:46:37,3,2,250,476,0,0,12,12,5,0,500,
5128,03-Sep-26,20:46:37,4,1,400,381,0,0,9.5,9.5,5,0,400,
3671,05-Jul-26,21:08:34,2,1,250,238,0,0,6,6,5,0,250,
3672,05-Jul-26,21:09:37,1,1,200,190,0,0,5,5,5,0,200,
3672,05-Jul-26,21:09:37,2,1,100,95,0,0,2.5,2.5,5,0,100,
3673,05-Jul-26,21:16:31,1,1,200,190,0,0,5,5,5,0,200,
3674,05-Jul-26,21:25:11,1,1,80,76,0,0,2,2,5,0,80,
3674,05-Jul-26,21:25:11,2,3,100,286,0,0,7,7,5,0,300,
3674,05-Jul-26,21:25:11,3,1,150,143,0,0,3.5,3.5,5,0,150,
3675,05-Jul-26,21:33:33,1,3,200,571,0,0,14.5,14.5,5,0,600,
3675,05-Jul-26,21:33:33,2,1,250,238,0,0,6,6,5,0,250,
3675,05-Jul-26,21:33:33,3,1,150,143,0,0,3.5,3.5,5,0,150,
3676,05-Jul-26,21:41:44,1,1,550,524,0,0,13,13,5,0,550,
3676,05-Jul-26,21:41:44,2,1,250,238,0,0,6,6,5,0,250,
3677,05-Jul-26,21:43:58,1,1,500,476,0,0,12,12,5,0,500,
3678,05-Jul-26,21:52:29,1,1,150,143,0,0,3.5,3.5,5,0,150,
3679,06-Jul-26,11:33:52,1,2,150,286,0,0,7,7,5,0,300,CASH
3680,06-Jul-26,11:38:36,1,1,100,95,0,0,2.5,2.5,5,0,100,
3680,06-Jul-26,11:38:36,2,1,150,143,0,0,3.5,3.5,5,0,150,
5128,03-Sep-26,20:46:37,5,1,60,57,0,0,1.5,1.5,5,0,60,
5129,03-Sep-26,20:57:12,1,3,60,171,0,0,4.5,4.5,5,0,180,
5130,03-Sep-26,20:57:37,1,1,200,190,0,0,5,5,5,0,200,
3742,08-Jul-26,19:37:13,2,5,100,476,0,0,12,12,5,0,500,
3743,08-Jul-26,19:38:16,1,2,30,57,0,0,1.5,1.5,5,0,60,
3743,08-Jul-26,19:38:16,2,2,120,229,0,0,5.5,5.5,5,0,240,
3744,08-Jul-26,19:47:26,1,1,50,48,0,0,1,1,5,0,50,
3745,08-Jul-26,19:55:02,1,1,650,619,0,0,15.5,15.5,5,0,650,
3745,08-Jul-26,19:55:02,2,1,400,381,0,0,9.5,9.5,5,0,400,
3746,08-Jul-26,20:19:00,1,1,250,238,0,0,6,6,5,0,250,
3747,08-Jul-26,20:22:23,1,1,200,190,0,0,5,5,5,0,200,
3747,08-Jul-26,20:22:23,2,1,150,143,0,0,3.5,3.5,5,0,150,
3747,08-Jul-26,20:22:23,3,1,120,114,0,0,3,3,5,0,120,
3747,08-Jul-26,20:22:23,4,2,60,114,0,0,3,3,5,0,120,
3748,08-Jul-26,20:45:17,1,2,150,286,0,0,7,7,5,0,300,
3749,08-Jul-26,20:55:44,1,10,150,1429,0,0,35.5,35.5,5,0,1500,
3750,08-Jul-26,21:00:47,1,1,120,114,0,0,3,3,5,0,120,
3751,08-Jul-26,21:02:50,1,1,1250,1190,0,0,30,30,5,0,1250,
3752,08-Jul-26,21:44:47,1,1,100,95,0,0,2.5,2.5,5,0,100,
3753,08-Jul-26,21:55:39,1,1,100,95,0,0,2.5,2.5,5,0,100,
3754,09-Jul-26,13:06:44,1,1,200,190,0,0,5,5,5,0,200,CASH
3754,09-Jul-26,13:06:44,2,1,250,238,0,0,6,6,5,0,250,CASH
3754,09-Jul-26,13:06:44,3,1,100,95,0,0,2.5,2.5,5,0,100,CASH
3754,09-Jul-26,13:06:44,4,1,650,619,0,0,15.5,15.5,5,0,650,CASH
3755,09-Jul-26,14:58:44,1,2,100,190,0,0,5,5,5,0,200,
3756,09-Jul-26,15:01:34,1,1,150,143,0,0,3.5,3.5,5,0,150,
3757,09-Jul-26,15:01:54,1,1,100,95,0,0,2.5,2.5,5,0,100,
3758,09-Jul-26,15:04:52,1,1,100,95,0,0,2.5,2.5,5,0,100,
3759,09-Jul-26,15:25:11,1,1,150,143,0,0,3.5,3.5,5,0,150,
3759,09-Jul-26,15:25:11,2,1,350,333,0,0,8.5,8.5,5,0,350,
3760,09-Jul-26,15:27:20,1,2,120,229,0,0,5.5,5.5,5,0,240,
3761,09-Jul-26,16:29:37,1,11,60,629,0,0,15.5,15.5,5,0,660,
3762,09-Jul-26,16:31:51,1,1,550,524,0,0,13,13,5,0,550,
3763,09-Jul-26,17:50:35,1,1,150,143,0,0,3.5,3.5,5,0,150,
3764,09-Jul-26,18:20:53,1,1,500,476,0,0,12,12,5,0,500,
3764,09-Jul-26,18:20:53,2,2,300,571,0,0,14.5,14.5,5,0,600,
3764,09-Jul-26,18:20:53,3,1,100,95,0,0,2.5,2.5,5,0,100,
3765,09-Jul-26,18:22:28,1,2,200,381,0,0,9.5,9.5,5,0,400,
3765,09-Jul-26,18:22:28,2,3,300,857,0,0,21.5,21.5,5,0,900,
3765,09-Jul-26,18:22:28,3,4,120,457,0,0,11.5,11.5,5,0,480,
3765,09-Jul-26,18:22:28,4,4,350,1333,0,0,33.5,33.5,5,0,1400,
3766,09-Jul-26,19:00:04,1,1,400,381,0,0,9.5,9.5,5,0,400,
3767,09-Jul-26,19:29:15,1,1,570,543,0,0,13.5,13.5,5,0,570,
3767,09-Jul-26,19:29:15,2,1,100,95,0,0,2.5,2.5,5,0,100,
3768,09-Jul-26,19:34:58,1,3,150,429,0,0,10.5,10.5,5,0,450,
3769,09-Jul-26,20:08:01,1,1,100,95,0,0,2.5,2.5,5,0,100,
3770,09-Jul-26,20:19:08,1,1,300,286,0,0,7,7,5,0,300,
3770,09-Jul-26,20:19:08,2,1,100,95,0,0,2.5,2.5,5,0,100,
3771,09-Jul-26,20:23:24,1,2,550,1048,0,0,26,26,5,0,1100,
3771,09-Jul-26,20:23:24,2,1,650,619,0,0,15.5,15.5,5,0,650,
3772,09-Jul-26,20:26:28,1,2,70,133,0,0,3.5,3.5,5,0,140,
3772,09-Jul-26,20:26:28,2,1,450,429,0,0,10.5,10.5,5,0,450,
3772,09-Jul-26,20:26:28,3,1,320,305,0,0,7.5,7.5,5,0,320,
3772,09-Jul-26,20:26:28,4,1,550,524,0,0,13,13,5,0,550,
3794,10-Jul-26,17:36:06,1,4,40,152,0,0,4,4,5,0,160,
3794,10-Jul-26,17:36:06,2,1,140,133,0,0,3.5,3.5,5,0,140,
3795,10-Jul-26,18:52:28,1,1,150,143,0,0,3.5,3.5,5,0,150,
3795,10-Jul-26,18:52:28,2,1,350,333,0,0,8.5,8.5,5,0,350,
3796,10-Jul-26,18:53:10,1,1,120,114,0,0,3,3,5,0,120,
3796,10-Jul-26,18:53:10,2,1,130,124,0,0,3,3,5,0,130,
3797,10-Jul-26,18:57:30,1,1,150,143,0,0,3.5,3.5,5,0,150,
3798,10-Jul-26,19:06:30,1,1,250,238,0,0,6,6,5,0,250,
3798,10-Jul-26,19:06:30,2,1,100,95,0,0,2.5,2.5,5,0,100,
3799,10-Jul-26,19:29:25,1,3,60,171,0,0,4.5,4.5,5,0,180,
3800,10-Jul-26,19:42:47,1,1,200,190,0,0,5,5,5,0,200,
3800,10-Jul-26,19:42:47,2,1,200,190,0,0,5,5,5,0,200,
3801,10-Jul-26,19:57:42,1,6,120,686,0,0,17,17,5,0,720,
3801,10-Jul-26,19:57:42,2,1,150,143,0,0,3.5,3.5,5,0,150,
3801,10-Jul-26,19:57:42,3,4,130,495,0,0,12.5,12.5,5,0,520,
3802,10-Jul-26,20:11:37,1,2,200,381,0,0,9.5,9.5,5,0,400,
3802,10-Jul-26,20:11:37,2,1,300,286,0,0,7,7,5,0,300,
3812,11-Jul-26,11:14:42,1,1,200,190,0,0,5,5,5,0,200,
3813,11-Jul-26,11:38:58,1,1,100,95,0,0,2.5,2.5,5,0,100,
3814,11-Jul-26,12:35:49,1,1,100,95,0,0,2.5,2.5,5,0,100,
3815,11-Jul-26,14:23:25,1,2,200,381,0,0,9.5,9.5,5,0,400,
3816,11-Jul-26,14:31:31,1,1,250,238,0,0,6,6,5,0,250,
3816,11-Jul-26,14:31:31,2,1,150,143,0,0,3.5,3.5,5,0,150,
3817,11-Jul-26,15:13:23,1,5,250,1190,0,0,30,30,5,0,1250,
3817,11-Jul-26,15:13:23,2,4,60,229,0,0,5.5,5.5,5,0,240,
3817,11-Jul-26,15:13:23,3,8,100,762,0,0,19,19,5,0,800,
3818,11-Jul-26,16:34:27,1,1,300,286,0,0,7,7,5,0,300,
3818,11-Jul-26,16:34:27,2,1,60,57,0,0,1.5,1.5,5,0,60,
3819,11-Jul-26,17:01:15,1,2,60,114,0,0,3,3,5,0,120,
3819,11-Jul-26,17:01:15,2,2,100,190,0,0,5,5,5,0,200,
3819,11-Jul-26,17:01:15,3,1,150,143,0,0,3.5,3.5,5,0,150,
3820,11-Jul-26,17:04:01,1,3,250,714,0,0,18,18,5,0,750,
3820,11-Jul-26,17:04:01,2,1,450,429,0,0,10.5,10.5,5,0,450,
3820,11-Jul-26,17:04:01,3,6,100,571,0,0,14.5,14.5,5,0,600,
3850,12-Jul-26,13:21:33,1,1,100,95,0,0,2.5,2.5,5,0,100,
3850,12-Jul-26,13:21:33,2,1,100,95,0,0,2.5,2.5,5,0,100,
3850,12-Jul-26,13:21:33,3,1,100,95,0,0,2.5,2.5,5,0,100,
3850,12-Jul-26,13:21:33,4,1,60,57,0,0,1.5,1.5,5,0,60,
3850,12-Jul-26,13:21:33,5,1,50,48,0,0,1,1,5,0,50,
3851,12-Jul-26,13:22:52,1,1,100,95,0,0,2.5,2.5,5,0,100,
3852,12-Jul-26,13:23:32,1,1,60,57,0,0,1.5,1.5,5,0,60,
3852,12-Jul-26,13:23:32,2,1,50,48,0,0,1,1,5,0,50,
3853,12-Jul-26,14:20:57,1,1,500,476,0,0,12,12,5,0,500,
3853,12-Jul-26,14:20:57,2,1,150,143,0,0,3.5,3.5,5,0,150,
3853,12-Jul-26,14:20:57,3,1,100,95,0,0,2.5,2.5,5,0,100,
3853,12-Jul-26,14:20:57,4,1,100,95,0,0,2.5,2.5,5,0,100,
3854,12-Jul-26,14:23:35,1,1,350,333,0,0,8.5,8.5,5,0,350,
3854,12-Jul-26,14:23:35,2,1,300,286,0,0,7,7,5,0,300,
3854,12-Jul-26,14:23:35,3,1,150,143,0,0,3.5,3.5,5,0,150,
3854,12-Jul-26,14:23:35,4,1,150,143,0,0,3.5,3.5,5,0,150,
3855,12-Jul-26,14:28:05,1,1,60,57,0,0,1.5,1.5,5,0,60,
3899,13-Jul-26,11:46:06,1,1,400,381,0,0,9.5,9.5,5,0,400,CASH
3900,13-Jul-26,12:04:15,1,1,400,381,0,0,9.5,9.5,5,0,400,
3901,13-Jul-26,12:10:41,1,1,150,143,0,0,3.5,3.5,5,0,150,
3901,13-Jul-26,12:10:41,2,1,150,143,0,0,3.5,3.5,5,0,150,
3902,13-Jul-26,13:06:49,1,1,60,57,0,0,1.5,1.5,5,0,60,
3903,13-Jul-26,13:07:41,1,1,60,57,0,0,1.5,1.5,5,0,60,
3904,13-Jul-26,14:27:56,1,1,300,286,0,0,7,7,5,0,300,
3904,13-Jul-26,14:27:56,2,4,250,952,0,0,24,24,5,0,1000,
3904,13-Jul-26,14:27:56,3,1,100,95,0,0,2.5,2.5,5,0,100,
3904,13-Jul-26,14:27:56,4,1,150,143,0,0,3.5,3.5,5,0,150,
3905,13-Jul-26,14:43:44,1,3,150,429,0,0,10.5,10.5,5,0,450,
3906,13-Jul-26,16:33:36,1,1,60,57,0,0,1.5,1.5,5,0,60,
3907,13-Jul-26,17:36:19,1,1,350,333,0,0,8.5,8.5,5,0,350,CASH
3907,13-Jul-26,17:36:19,2,1,250,238,0,0,6,6,5,0,250,CASH
3908,13-Jul-26,17:58:10,1,7,60,400,0,0,10,10,5,0,420,
3909,13-Jul-26,18:24:53,1,1,550,524,0,0,13,13,5,0,550,
3909,13-Jul-26,18:24:53,2,1,60,57,0,0,1.5,1.5,5,0,60,
40,16-Jan-26,19:48:44,3,1,200,190,0,0,5,5,5,0,200,
40,16-Jan-26,19:48:44,4,1,600,571,0,0,14.5,14.5,5,0,600,
41,16-Jan-26,20:32:02,1,1,350,333,0,0,8.5,8.5,5,0,350,
42,16-Jan-26,20:38:33,1,2,120,229,0,0,5.5,5.5,5,0,240,
43,16-Jan-26,20:42:47,1,1,150,143,0,0,3.5,3.5,5,0,150,
43,16-Jan-26,20:42:47,2,3,100,286,0,0,7,7,5,0,300,
43,16-Jan-26,20:42:47,3,1,150,143,0,0,3.5,3.5,5,0,150,
44,16-Jan-26,22:06:57,1,1,150,143,0,0,3.5,3.5,5,0,150,CASH
45,17-Jan-26,13:01:48,1,1,30,29,0,0,0.5,0.5,5,0,30,CASH
46,17-Jan-26,13:11:50,1,1,200,190,0,0,5,5,5,0,200,
47,17-Jan-26,14:27:27,1,1,100,95,0,0,2.5,2.5,5,0,100,
47,17-Jan-26,14:27:27,2,3,150,429,0,0,10.5,10.5,5,0,450,
48,17-Jan-26,14:53:32,1,1,800,762,0,0,19,19,5,0,800,
49,17-Jan-26,15:42:50,1,1,150,143,0,0,3.5,3.5,5,0,150,
50,17-Jan-26,16:54:40,1,2,150,286,0,0,7,7,5,0,300,
50,17-Jan-26,16:54:40,2,1,100,95,0,0,2.5,2.5,5,0,100,
51,17-Jan-26,16:55:07,1,2,150,286,0,0,7,7,5,0,300,
1,15-Jan-26,15:48:00,1,1,300,286,0,0,7,7,5,0,300,CASH
2,15-Jan-26,15:48:12,1,1,350,333,0,0,8.5,8.5,5,0,350,
3,15-Jan-26,15:48:41,1,1,40,38,0,0,1,1,5,0,40,
